日期,股票代码,名称,涨跌额,收盘价,总市值
2022/9/6,'600519,贵州茅台,10,1845,2.32E+12
2022/9/5,'600519,贵州茅台,-40,1835,2.31E+12
2022/9/2,'600519,贵州茅台,-5.89,1875,2.36E+12
2022/9/1,'600519,贵州茅台,-43.11,1880.89,2.36E+12
2022/8/31,'600519,贵州茅台,54,1924,2.42E+12
2022/8/30,'600519,贵州茅台,-8.82,1870,2.35E+12
2022/8/29,'600519,贵州茅台,-19.18,1878.82,2.36E+12
2022/8/26,'600519,贵州茅台,13,1898,2.38E+12
2022/8/25,'600519,贵州茅台,30.8,1885,2.37E+12
2022/8/24,'600519,贵州茅台,-15.81,1854.2,2.33E+12
2022/8/23,'600519,贵州茅台,-23.97,1870.01,2.35E+12
2022/8/22,'600519,贵州茅台,-1.03,1893.98,2.38E+12
2022/8/19,'600519,贵州茅台,-0.49,1895.01,2.38E+12
2022/8/18,'600519,贵州茅台,-22.5,1895.5,2.38E+12
2022/8/17,'600519,贵州茅台,0.16,1918,2.41E+12
2022/8/16,'600519,贵州茅台,-2.05,1917.84,2.41E+12
2022/8/15,'600519,贵州茅台,-8.11,1919.89,2.41E+12
2022/8/12,'600519,贵州茅台,21.1,1928,2.42E+12
2022/8/11,'600519,贵州茅台,30.9,1906.9,2.40E+12
2022/8/10,'600519,贵州茅台,-34,1876,2.36E+12
2022/8/9,'600519,贵州茅台,-1.53,1910,2.40E+12
2022/8/8,'600519,贵州茅台,-12.43,1911.53,2.40E+12
2022/8/5,'600519,贵州茅台,7.95,1923.96,2.42E+12
2022/8/4,'600519,贵州茅台,31.01,1916.01,2.41E+12
2022/8/3,'600519,贵州茅台,5.02,1885,2.37E+12
2022/8/2,'600519,贵州茅台,-10.32,1879.98,2.36E+12
2022/8/1,'600519,贵州茅台,-8.14,1890.3,2.37E+12
2022/7/29,'600519,贵州茅台,0.44,1898.44,2.38E+12
2022/7/28,'600519,贵州茅台,-21.6,1898,2.38E+12
2022/7/27,'600519,贵州茅台,-30.61,1919.6,2.41E+12
2022/7/26,'600519,贵州茅台,5.56,1950.21,2.45E+12
2022/7/25,'600519,贵州茅台,-2.35,1944.65,2.44E+12
2022/7/22,'600519,贵州茅台,8,1947,2.45E+12
2022/7/21,'600519,贵州茅台,-11.1,1939,2.44E+12
2022/7/20,'600519,贵州茅台,7,1950.1,2.45E+12
2022/7/19,'600519,贵州茅台,-8.56,1943.1,2.44E+12
2022/7/18,'600519,贵州茅台,2.16,1951.66,2.45E+12
2022/7/15,'600519,贵州茅台,-3.5,1949.5,2.45E+12
2022/7/14,'600519,贵州茅台,-5.89,1953,2.45E+12
2022/7/13,'600519,贵州茅台,10.48,1958.89,2.46E+12
2022/7/12,'600519,贵州茅台,-15.19,1948.41,2.45E+12
2022/7/11,'600519,贵州茅台,-35.4,1963.6,2.47E+12
2022/7/8,'600519,贵州茅台,9,1999,2.51E+12
2022/7/7,'600519,贵州茅台,-12,1990,2.50E+12
2022/7/6,'600519,贵州茅台,-31.01,2002,2.51E+12
2022/7/5,'600519,贵州茅台,15.01,2033.01,2.55E+12
2022/7/4,'600519,贵州茅台,-11.05,2018,2.54E+12
2022/7/1,'600519,贵州茅台,-15.95,2029.05,2.55E+12
2022/6/30,'600519,XD贵州茅,36.67,2045,2.57E+12
2022/6/29,'600519,贵州茅台,-6,2030,2.55E+12
2022/6/28,'600519,贵州茅台,25.45,2036,2.56E+12
2022/6/27,'600519,贵州茅台,1.54,2010.55,2.53E+12
2022/6/24,'600519,贵州茅台,51.91,2009.01,2.52E+12
2022/6/23,'600519,贵州茅台,21.1,1957.1,2.46E+12
2022/6/22,'600519,贵州茅台,-9.74,1936,2.43E+12
2022/6/21,'600519,贵州茅台,3.72,1945.74,2.44E+12
2022/6/20,'600519,贵州茅台,-8.98,1942.02,2.44E+12
2022/6/17,'600519,贵州茅台,74,1951,2.45E+12
2022/6/16,'600519,贵州茅台,1.9,1877,2.36E+12
2022/6/15,'600519,贵州茅台,4.1,1875.1,2.36E+12
2022/6/14,'600519,贵州茅台,15,1871,2.35E+12
2022/6/13,'600519,贵州茅台,-44.6,1856,2.33E+12
2022/6/10,'600519,贵州茅台,47.6,1900.6,2.39E+12
2022/6/9,'600519,贵州茅台,-12.6,1853,2.33E+12
2022/6/8,'600519,贵州茅台,47.7,1865.6,2.34E+12
2022/6/7,'600519,贵州茅台,29.9,1817.9,2.28E+12
2022/6/6,'600519,贵州茅台,2,1788,2.25E+12
2022/6/2,'600519,贵州茅台,-2.25,1786,2.24E+12
2022/6/1,'600519,贵州茅台,-15.78,1788.25,2.25E+12
2022/5/31,'600519,贵州茅台,25.62,1804.03,2.27E+12
2022/5/30,'600519,贵州茅台,23.25,1778.41,2.23E+12
2022/5/27,'600519,贵州茅台,12.36,1755.16,2.20E+12
2022/5/26,'600519,贵州茅台,-12.71,1742.8,2.19E+12
2022/5/25,'600519,贵州茅台,-4.49,1755.51,2.21E+12
2022/5/24,'600519,贵州茅台,-21,1760,2.21E+12
2022/5/23,'600519,贵州茅台,-19.01,1781,2.24E+12
2022/5/20,'600519,贵州茅台,44.01,1800.01,2.26E+12
2022/5/19,'600519,贵州茅台,-5,1756,2.21E+12
2022/5/18,'600519,贵州茅台,-7,1761,2.21E+12
2022/5/17,'600519,贵州茅台,10,1768,2.22E+12
2022/5/16,'600519,贵州茅台,-20.24,1758,2.21E+12
2022/5/13,'600519,贵州茅台,15.57,1778.24,2.23E+12
2022/5/12,'600519,贵州茅台,-5.33,1762.67,2.21E+12
2022/5/11,'600519,贵州茅台,1.81,1768,2.22E+12
2022/5/10,'600519,贵州茅台,14.19,1766.19,2.22E+12
2022/5/9,'600519,贵州茅台,-41,1752,2.20E+12
2022/5/6,'600519,贵州茅台,-44,1793,2.25E+12
2022/5/5,'600519,贵州茅台,8.62,1837,2.31E+12
2022/4/29,'600519,贵州茅台,-6.62,1828.38,2.30E+12
2022/4/28,'600519,贵州茅台,40.08,1835,2.31E+12
2022/4/27,'600519,贵州茅台,62.44,1794.92,2.25E+12
2022/4/26,'600519,贵州茅台,24.48,1732.48,2.18E+12
2022/4/25,'600519,贵州茅台,-65,1708,2.15E+12
2022/4/22,'600519,贵州茅台,-6.98,1773,2.23E+12
2022/4/21,'600519,贵州茅台,-17.02,1779.98,2.24E+12
2022/4/20,'600519,贵州茅台,6.7,1797,2.26E+12
2022/4/19,'600519,贵州茅台,-0.52,1790.3,2.25E+12
2022/4/18,'600519,贵州茅台,-15.17,1790.82,2.25E+12
2022/4/15,'600519,贵州茅台,-3.01,1805.99,2.27E+12
2022/4/14,'600519,贵州茅台,40,1809,2.27E+12
2022/4/13,'600519,贵州茅台,-13,1769,2.22E+12
2022/4/12,'600519,贵州茅台,62,1782,2.24E+12
2022/4/11,'600519,贵州茅台,-64,1720,2.16E+12
2022/4/8,'600519,贵州茅台,19,1784,2.24E+12
2022/4/7,'600519,贵州茅台,0,1765,2.22E+12
2022/4/6,'600519,贵州茅台,-15.01,1765,2.22E+12
2022/4/1,'600519,贵州茅台,61.01,1780.01,2.24E+12
2022/3/31,'600519,贵州茅台,-11.1,1719,2.16E+12
2022/3/30,'600519,贵州茅台,63.1,1730.1,2.17E+12
2022/3/29,'600519,贵州茅台,6.2,1667,2.09E+12
2022/3/28,'600519,贵州茅台,-29.2,1660.8,2.09E+12
2022/3/25,'600519,贵州茅台,-30.93,1690,2.12E+12
2022/3/24,'600519,贵州茅台,-31.26,1720.93,2.16E+12
2022/3/23,'600519,贵州茅台,57.19,1752.19,2.20E+12
2022/3/22,'600519,贵州茅台,-9.3,1695,2.13E+12
2022/3/21,'600519,贵州茅台,-3.49,1704.3,2.14E+12
2022/3/18,'600519,贵州茅台,-12.36,1707.79,2.15E+12
2022/3/17,'600519,贵州茅台,45.2,1720.15,2.16E+12
2022/3/16,'600519,贵州茅台,71.95,1674.95,2.10E+12
2022/3/15,'600519,贵州茅台,-97,1603,2.01E+12
2022/3/14,'600519,贵州茅台,-69.01,1700,2.14E+12
2022/3/11,'600519,贵州茅台,-25.42,1769.01,2.22E+12
2022/3/10,'600519,贵州茅台,15.25,1794.43,2.25E+12
2022/3/9,'600519,贵州茅台,25.98,1779.18,2.24E+12
2022/3/8,'600519,贵州茅台,46.2,1753.2,2.20E+12
2022/3/7,'600519,贵州茅台,-73.5,1707,2.14E+12
2022/3/4,'600519,贵州茅台,-19.5,1780.5,2.24E+12
2022/3/3,'600519,贵州茅台,-44.88,1800,2.26E+12
2022/3/2,'600519,贵州茅台,-13.6,1844.88,2.32E+12
2022/3/1,'600519,贵州茅台,68.08,1858.48,2.33E+12
2022/2/28,'600519,贵州茅台,-8.66,1790.4,2.25E+12
2022/2/25,'600519,贵州茅台,34.95,1799.06,2.26E+12
2022/2/24,'600519,贵州茅台,-62.9,1764.11,2.22E+12
2022/2/23,'600519,贵州茅台,19.14,1827.01,2.30E+12
2022/2/22,'600519,贵州茅台,-69.12,1807.87,2.27E+12
2022/2/21,'600519,贵州茅台,-30.01,1876.99,2.36E+12
2022/2/18,'600519,贵州茅台,20.01,1907,2.40E+12
2022/2/17,'600519,贵州茅台,-5.56,1886.99,2.37E+12
2022/2/16,'600519,贵州茅台,1.93,1892.55,2.38E+12
2022/2/15,'600519,贵州茅台,21.95,1890.62,2.37E+12
2022/2/14,'600519,贵州茅台,18.7,1868.67,2.35E+12
2022/2/11,'600519,贵州茅台,-23.03,1849.97,2.32E+12
2022/2/10,'600519,贵州茅台,-22.98,1873,2.35E+12
2022/2/9,'600519,贵州茅台,56.98,1895.98,2.38E+12
2022/2/8,'600519,贵州茅台,-28.96,1839,2.31E+12
2022/2/7,'600519,贵州茅台,-19.04,1867.96,2.35E+12
2022/1/28,'600519,贵州茅台,-78,1887,2.37E+12
2022/1/27,'600519,贵州茅台,10,1965,2.47E+12
2022/1/26,'600519,贵州茅台,12,1955,2.46E+12
2022/1/25,'600519,贵州茅台,-7.2,1943,2.44E+12
2022/1/24,'600519,贵州茅台,-34.79,1950.2,2.45E+12
2022/1/21,'600519,贵州茅台,15.47,1984.99,2.49E+12
2022/1/20,'600519,贵州茅台,57.52,1969.52,2.47E+12
2022/1/19,'600519,贵州茅台,19.73,1912,2.40E+12
2022/1/18,'600519,贵州茅台,30.66,1892.27,2.38E+12
2022/1/17,'600519,贵州茅台,-5.39,1861.61,2.34E+12
2022/1/14,'600519,贵州茅台,-10.39,1867,2.35E+12
2022/1/13,'600519,贵州茅台,-89.61,1877.39,2.36E+12
2022/1/12,'600519,贵州茅台,26.45,1967,2.47E+12
2022/1/11,'600519,贵州茅台,-25.45,1940.55,2.44E+12
2022/1/10,'600519,贵州茅台,24,1966,2.47E+12
2022/1/7,'600519,贵州茅台,-40.22,1942,2.44E+12
2022/1/6,'600519,贵州茅台,-41.78,1982.22,2.49E+12
2022/1/5,'600519,贵州茅台,-27.23,2024,2.54E+12
2022/1/4,'600519,贵州茅台,1.23,2051.23,2.58E+12
2021/12/31,'600519,贵州茅台,-25,2050,2.58E+12
2021/12/30,'600519,贵州茅台,34,2075,2.61E+12
2021/12/29,'600519,贵州茅台,-97.18,2041,2.56E+12
2021/12/28,'600519,贵州茅台,6.36,2138.18,2.69E+12
2021/12/27,'600519,贵州茅台,-62.27,2131.82,2.68E+12
2021/12/24,'600519,贵州茅台,74.09,2194.09,2.76E+12
2021/12/23,'600519,贵州茅台,72,2120,2.66E+12
2021/12/22,'600519,贵州茅台,9.8,2048,2.57E+12
2021/12/21,'600519,贵州茅台,-20.76,2038.2,2.56E+12
2021/12/20,'600519,贵州茅台,8.26,2058.96,2.59E+12
2021/12/17,'600519,贵州茅台,-68.29,2050.7,2.58E+12
2021/12/16,'600519,贵州茅台,-16.01,2118.99,2.66E+12
2021/12/15,'600519,贵州茅台,-15,2135,2.68E+12
2021/12/14,'600519,贵州茅台,31.8,2150,2.70E+12
2021/12/13,'600519,贵州茅台,28.2,2118.2,2.66E+12
2021/12/10,'600519,贵州茅台,3.45,2090,2.63E+12
2021/12/9,'600519,贵州茅台,43.55,2086.55,2.62E+12
2021/12/8,'600519,贵州茅台,87.13,2043,2.57E+12
2021/12/7,'600519,贵州茅台,-11.43,1955.87,2.46E+12
2021/12/6,'600519,贵州茅台,-4.58,1967.3,2.47E+12
2021/12/3,'600519,贵州茅台,37.88,1971.88,2.48E+12
2021/12/2,'600519,贵州茅台,1.01,1934,2.43E+12
2021/12/1,'600519,贵州茅台,2.22,1932.99,2.43E+12
2021/11/30,'600519,贵州茅台,-54.23,1930.77,2.43E+12
2021/11/29,'600519,贵州茅台,43.99,1985,2.49E+12
2021/11/26,'600519,贵州茅台,-15.02,1941.01,2.44E+12
2021/11/25,'600519,贵州茅台,15.03,1956.03,2.46E+12
2021/11/24,'600519,贵州茅台,44.57,1941,2.44E+12
2021/11/23,'600519,贵州茅台,42.16,1896.43,2.38E+12
2021/11/22,'600519,贵州茅台,25.86,1854.27,2.33E+12
2021/11/19,'600519,贵州茅台,36.41,1828.41,2.30E+12
2021/11/18,'600519,贵州茅台,-3,1792,2.25E+12
2021/11/17,'600519,贵州茅台,-13,1795,2.25E+12
2021/11/16,'600519,贵州茅台,46.86,1808,2.27E+12
2021/11/15,'600519,贵州茅台,-12.64,1761.14,2.21E+12
2021/11/12,'600519,贵州茅台,4.18,1773.78,2.23E+12
2021/11/11,'600519,贵州茅台,15.61,1769.6,2.22E+12
2021/11/10,'600519,贵州茅台,-36.02,1753.99,2.20E+12
2021/11/9,'600519,贵州茅台,-30.09,1790.01,2.25E+12
2021/11/8,'600519,贵州茅台,0.16,1820.1,2.29E+12
2021/11/5,'600519,贵州茅台,15.74,1819.94,2.29E+12
2021/11/4,'600519,贵州茅台,39.2,1804.2,2.27E+12
2021/11/3,'600519,贵州茅台,-39.64,1765,2.22E+12
2021/11/2,'600519,贵州茅台,1.64,1804.64,2.27E+12
2021/11/1,'600519,贵州茅台,-23.08,1803,2.26E+12
2021/10/29,'600519,贵州茅台,0.59,1826.08,2.29E+12
2021/10/28,'600519,贵州茅台,6.49,1825.49,2.29E+12
2021/10/27,'600519,贵州茅台,-42.05,1819,2.29E+12
2021/10/26,'600519,贵州茅台,-11.98,1861.05,2.34E+12
2021/10/25,'600519,贵州茅台,-27.97,1873.03,2.35E+12
2021/10/22,'600519,贵州茅台,57,1901,2.39E+12
2021/10/21,'600519,贵州茅台,3,1844,2.32E+12
2021/10/20,'600519,贵州茅台,28.82,1841,2.31E+12
2021/10/19,'600519,贵州茅台,12.18,1812.18,2.28E+12
2021/10/18,'600519,贵州茅台,-116.97,1800,2.26E+12
2021/10/15,'600519,贵州茅台,5.97,1916.97,2.41E+12
2021/10/14,'600519,贵州茅台,-18.9,1911,2.40E+12
2021/10/13,'600519,贵州茅台,58.91,1929.9,2.42E+12
2021/10/12,'600519,贵州茅台,3.87,1870.99,2.35E+12
2021/10/11,'600519,贵州茅台,27.52,1867.12,2.35E+12
2021/10/8,'600519,贵州茅台,9.6,1839.6,2.31E+12
2021/9/30,'600519,贵州茅台,10,1830,2.30E+12
2021/9/29,'600519,贵州茅台,-2.06,1820,2.29E+12
2021/9/28,'600519,贵州茅台,-32.94,1822.06,2.29E+12
2021/9/27,'600519,贵州茅台,161,1855,2.33E+12
2021/9/24,'600519,贵州茅台,59,1694,2.13E+12
2021/9/23,'600519,贵州茅台,-2.69,1635,2.05E+12
2021/9/22,'600519,贵州茅台,-48.31,1637.69,2.06E+12
2021/9/17,'600519,贵州茅台,47.93,1686,2.12E+12
2021/9/16,'600519,贵州茅台,22.33,1638.07,2.06E+12
2021/9/15,'600519,贵州茅台,-41.26,1615.74,2.03E+12
2021/9/14,'600519,贵州茅台,3,1657,2.08E+12
2021/9/13,'600519,贵州茅台,-8.58,1654,2.08E+12
2021/9/10,'600519,贵州茅台,28.5,1662.58,2.09E+12
2021/9/9,'600519,贵州茅台,0.98,1634.08,2.05E+12
2021/9/8,'600519,贵州茅台,-35.9,1633.1,2.05E+12
2021/9/7,'600519,贵州茅台,-1.67,1669,2.10E+12
2021/9/6,'600519,贵州茅台,12.45,1670.67,2.10E+12
2021/9/3,'600519,贵州茅台,39.42,1658.22,2.08E+12
2021/9/2,'600519,贵州茅台,-3.21,1618.8,2.03E+12
2021/9/1,'600519,贵州茅台,64.01,1622.01,2.04E+12
2021/8/31,'600519,贵州茅台,-28,1558,1.96E+12
2021/8/30,'600519,贵州茅台,-10.03,1586,1.99E+12
2021/8/27,'600519,贵州茅台,1.03,1596.03,2.00E+12
2021/8/26,'600519,贵州茅台,-70.02,1595,2.00E+12
2021/8/25,'600519,贵州茅台,39.84,1665.02,2.09E+12
2021/8/24,'600519,贵州茅台,54.99,1625.18,2.04E+12
2021/8/23,'600519,贵州茅台,22.19,1570.19,1.97E+12
2021/8/20,'600519,贵州茅台,-71.97,1548,1.94E+12
2021/8/19,'600519,贵州茅台,-0.03,1619.97,2.04E+12
2021/8/18,'600519,贵州茅台,-15,1620,2.04E+12
2021/8/17,'600519,贵州茅台,-64.2,1635,2.05E+12
2021/8/16,'600519,贵州茅台,-0.84,1699.2,2.13E+12
2021/8/13,'600519,贵州茅台,10.04,1700.04,2.14E+12
2021/8/12,'600519,贵州茅台,-60.5,1690,2.12E+12
2021/8/11,'600519,贵州茅台,-48.5,1750.5,2.20E+12
2021/8/10,'600519,贵州茅台,105.2,1799,2.26E+12
2021/8/9,'600519,贵州茅台,22.8,1693.8,2.13E+12
2021/8/6,'600519,贵州茅台,-28,1671,2.10E+12
2021/8/5,'600519,贵州茅台,-25,1699,2.13E+12
2021/8/4,'600519,贵州茅台,-25.3,1724,2.17E+12
2021/8/3,'600519,贵州茅台,-5.7,1749.3,2.20E+12
2021/8/2,'600519,贵州茅台,76.01,1755,2.20E+12
2021/7/30,'600519,贵州茅台,-70.8,1678.99,2.11E+12
2021/7/29,'600519,贵州茅台,-19.11,1749.79,2.20E+12
2021/7/28,'600519,贵州茅台,56.01,1768.9,2.22E+12
2021/7/27,'600519,贵州茅台,-91.22,1712.89,2.15E+12
2021/7/26,'600519,贵州茅台,-95.89,1804.11,2.27E+12
2021/7/23,'600519,贵州茅台,-40.01,1900,2.39E+12
2021/7/22,'600519,贵州茅台,-28.99,1940.01,2.44E+12
2021/7/21,'600519,贵州茅台,-11,1969,2.47E+12
2021/7/20,'600519,贵州茅台,5,1980,2.49E+12
2021/7/19,'600519,贵州茅台,19.1,1975,2.48E+12
2021/7/16,'600519,贵州茅台,-42.09,1955.9,2.46E+12
2021/7/15,'600519,贵州茅台,35.99,1997.99,2.51E+12
2021/7/14,'600519,贵州茅台,-20.9,1962,2.46E+12
2021/7/13,'600519,贵州茅台,21.9,1982.9,2.49E+12
2021/7/12,'600519,贵州茅台,-11.11,1961,2.46E+12
2021/7/9,'600519,贵州茅台,-12.89,1972.11,2.48E+12
2021/7/8,'600519,贵州茅台,-19,1985,2.49E+12
2021/7/7,'600519,贵州茅台,-8.9,2004,2.52E+12
2021/7/6,'600519,贵州茅台,18.9,2012.9,2.53E+12
2021/7/5,'600519,贵州茅台,-19,1994,2.50E+12
2021/7/2,'600519,贵州茅台,-92,2013,2.53E+12
2021/7/1,'600519,贵州茅台,48.3,2105,2.64E+12
2021/6/30,'600519,贵州茅台,-5.3,2056.7,2.58E+12
2021/6/29,'600519,贵州茅台,-41.01,2062,2.59E+12
2021/6/28,'600519,贵州茅台,11.01,2103.01,2.64E+12
2021/6/25,'600519,XD贵州茅,43.24,2092,2.63E+12
2021/6/24,'600519,贵州茅台,30.05,2068.05,2.60E+12
2021/6/23,'600519,贵州茅台,-36.97,2038,2.56E+12
2021/6/22,'600519,贵州茅台,-6.67,2074.97,2.61E+12
2021/6/21,'600519,贵州茅台,-9.3,2081.64,2.61E+12
2021/6/18,'600519,贵州茅台,-65.97,2090.94,2.63E+12
2021/6/17,'600519,贵州茅台,-1.09,2156.91,2.71E+12
2021/6/16,'600519,贵州茅台,-35,2158,2.71E+12
2021/6/15,'600519,贵州茅台,14.19,2193,2.75E+12
2021/6/11,'600519,贵州茅台,-59.67,2178.81,2.74E+12
2021/6/10,'600519,贵州茅台,38.98,2238.48,2.81E+12
2021/6/9,'600519,贵州茅台,8.5,2199.5,2.76E+12
2021/6/8,'600519,贵州茅台,-80,2191,2.75E+12
2021/6/7,'600519,贵州茅台,19.5,2271,2.85E+12
2021/6/4,'600519,贵州茅台,29.28,2251.5,2.83E+12
2021/6/3,'600519,贵州茅台,0.22,2222.22,2.79E+12
2021/6/2,'600519,贵州茅台,-18.95,2222,2.79E+12
2021/6/1,'600519,贵州茅台,22.95,2240.95,2.82E+12
2021/5/31,'600519,贵州茅台,-12,2218,2.79E+12
2021/5/28,'600519,贵州茅台,-15,2230,2.80E+12
2021/5/27,'600519,贵州茅台,25,2245,2.82E+12
2021/5/26,'600519,贵州茅台,25.5,2220,2.79E+12
2021/5/25,'600519,贵州茅台,123.21,2194.5,2.76E+12
2021/5/24,'600519,贵州茅台,29.19,2071.29,2.60E+12
2021/5/21,'600519,贵州茅台,-16.78,2042.1,2.57E+12
2021/5/20,'600519,贵州茅台,9.88,2058.88,2.59E+12
2021/5/19,'600519,贵州茅台,-10.31,2049,2.57E+12
2021/5/18,'600519,贵州茅台,1.35,2059.31,2.59E+12
2021/5/17,'600519,贵州茅台,48.11,2057.96,2.59E+12
2021/5/14,'600519,贵州茅台,38.35,2009.85,2.52E+12
2021/5/13,'600519,贵州茅台,-12.5,1971.5,2.48E+12
2021/5/12,'600519,贵州茅台,25,1984,2.49E+12
2021/5/11,'600519,贵州茅台,79.97,1959,2.46E+12
2021/5/10,'600519,贵州茅台,-23.97,1879.03,2.36E+12
2021/5/7,'600519,贵州茅台,-56,1903,2.39E+12
2021/5/6,'600519,贵州茅台,-47.78,1959,2.46E+12
2021/4/30,'600519,贵州茅台,-19.58,2006.78,2.52E+12
2021/4/29,'600519,贵州茅台,-15.64,2026.36,2.55E+12
2021/4/28,'600519,贵州茅台,-52.44,2042,2.57E+12
2021/4/27,'600519,贵州茅台,16.62,2094.44,2.63E+12
2021/4/26,'600519,贵州茅台,-31.12,2077.82,2.61E+12
2021/4/23,'600519,贵州茅台,53.44,2108.94,2.65E+12
2021/4/22,'600519,贵州茅台,-24.5,2055.5,2.58E+12
2021/4/21,'600519,贵州茅台,-14.8,2080,2.61E+12
2021/4/20,'600519,贵州茅台,6.8,2094.8,2.63E+12
2021/4/19,'600519,贵州茅台,33.02,2088,2.62E+12
2021/4/16,'600519,贵州茅台,39.38,2054.98,2.58E+12
2021/4/15,'600519,贵州茅台,-31.4,2015.6,2.53E+12
2021/4/14,'600519,贵州茅台,26,2047,2.57E+12
2021/4/13,'600519,贵州茅台,12.11,2021,2.54E+12
2021/4/12,'600519,贵州茅台,-11.11,2008.89,2.52E+12
2021/4/9,'600519,贵州茅台,-50,2020,2.54E+12
2021/4/8,'600519,贵州茅台,9,2070,2.60E+12
2021/4/7,'600519,贵州茅台,-65.03,2061,2.59E+12
2021/4/6,'600519,贵州茅台,-35.97,2126.03,2.67E+12
2021/4/2,'600519,贵州茅台,117.5,2162,2.72E+12
2021/4/1,'600519,贵州茅台,35.5,2044.5,2.57E+12
2021/3/31,'600519,贵州茅台,-47.05,2009,2.52E+12
2021/3/30,'600519,贵州茅台,21.95,2056.05,2.58E+12
2021/3/29,'600519,贵州茅台,21.1,2034.1,2.56E+12
2021/3/26,'600519,贵州茅台,42,2013,2.53E+12
2021/3/25,'600519,贵州茅台,-18,1971,2.48E+12
2021/3/24,'600519,贵州茅台,-7,1989,2.50E+12
2021/3/23,'600519,贵州茅台,6.01,1996,2.51E+12
2021/3/22,'600519,贵州茅台,-20.01,1989.99,2.50E+12
2021/3/19,'600519,贵州茅台,-59.7,2010,2.52E+12
2021/3/18,'600519,贵州茅台,39.34,2069.7,2.60E+12
2021/3/17,'600519,贵州茅台,19.86,2030.36,2.55E+12
2021/3/16,'600519,贵州茅台,35.05,2010.5,2.53E+12
2021/3/15,'600519,贵州茅台,-50.55,1975.45,2.48E+12
2021/3/12,'600519,贵州茅台,-22,2026,2.55E+12
2021/3/11,'600519,贵州茅台,77.99,2048,2.57E+12
2021/3/10,'600519,贵州茅台,33.02,1970.01,2.47E+12
2021/3/9,'600519,贵州茅台,-23.01,1936.99,2.43E+12
2021/3/8,'600519,贵州茅台,-100.11,1960,2.46E+12
2021/3/5,'600519,贵州茅台,27.11,2060.11,2.59E+12
2021/3/4,'600519,贵州茅台,-107,2033,2.55E+12
2021/3/3,'600519,贵州茅台,82,2140,2.69E+12
2021/3/2,'600519,贵州茅台,-100,2058,2.59E+12
2021/3/1,'600519,贵州茅台,35.22,2158,2.71E+12
2021/2/26,'600519,贵州茅台,-27.22,2122.78,2.67E+12
2021/2/25,'600519,贵州茅台,-39,2150,2.70E+12
2021/2/24,'600519,贵州茅台,-118,2189,2.75E+12
2021/2/23,'600519,贵州茅台,18.98,2307,2.90E+12
2021/2/22,'600519,贵州茅台,-171.98,2288.02,2.87E+12
2021/2/19,'600519,贵州茅台,-11,2460,3.09E+12
2021/2/18,'600519,贵州茅台,-130,2471,3.10E+12
2021/2/10,'600519,贵州茅台,144.57,2601,3.27E+12
2021/2/9,'600519,贵州茅台,87.63,2456.43,3.09E+12
2021/2/8,'600519,贵州茅台,55.8,2368.8,2.98E+12
2021/2/5,'600519,贵州茅台,-7.85,2313,2.91E+12
2021/2/4,'600519,贵州茅台,130.94,2320.85,2.92E+12
2021/2/3,'600519,贵州茅台,44.91,2189.91,2.75E+12
2021/2/2,'600519,贵州茅台,35.68,2145,2.69E+12
2021/2/1,'600519,贵州茅台,-6.86,2109.32,2.65E+12
2021/1/29,'600519,贵州茅台,28.18,2116.18,2.66E+12
2021/1/28,'600519,贵州茅台,-1,2088,2.62E+12
2021/1/27,'600519,贵州茅台,-52.89,2089,2.62E+12
2021/1/26,'600519,贵州茅台,-33.11,2141.89,2.69E+12
2021/1/25,'600519,贵州茅台,95.05,2175,2.73E+12
2021/1/22,'600519,贵州茅台,9.95,2079.95,2.61E+12
2021/1/21,'600519,贵州茅台,29.37,2070,2.60E+12
2021/1/20,'600519,贵州茅台,31.22,2040.63,2.56E+12
2021/1/19,'600519,贵州茅台,-53.59,2009.41,2.52E+12
2021/1/18,'600519,贵州茅台,-19,2063,2.59E+12
2021/1/15,'600519,贵州茅台,-52,2082,2.62E+12
2021/1/14,'600519,贵州茅台,-30,2134,2.68E+12
2021/1/13,'600519,贵州茅台,3.1,2164,2.72E+12
2021/1/12,'600519,贵州茅台,61.17,2160.9,2.71E+12
2021/1/11,'600519,贵州茅台,9.73,2099.73,2.64E+12
2021/1/8,'600519,贵州茅台,-50,2090,2.63E+12
2021/1/7,'600519,贵州茅台,40,2140,2.69E+12
2021/1/6,'600519,贵州茅台,40.55,2100,2.64E+12
2021/1/5,'600519,贵州茅台,62.45,2059.45,2.59E+12
2021/1/4,'600519,贵州茅台,-1,1997,2.51E+12
2020/12/31,'600519,贵州茅台,65,1998,2.51E+12
2020/12/30,'600519,贵州茅台,66,1933,2.43E+12
2020/12/29,'600519,贵州茅台,-6,1867,2.35E+12
2020/12/28,'600519,贵州茅台,43,1873,2.35E+12
2020/12/25,'600519,贵州茅台,-0.34,1830,2.30E+12
2020/12/24,'600519,贵州茅台,-11.31,1830.34,2.30E+12
2020/12/23,'600519,贵州茅台,-39.35,1841.65,2.31E+12
2020/12/22,'600519,贵州茅台,38.5,1881,2.36E+12
2020/12/21,'600519,贵州茅台,-2.5,1842.5,2.31E+12
2020/12/18,'600519,贵州茅台,-20.51,1845,2.32E+12
2020/12/17,'600519,贵州茅台,25.51,1865.51,2.34E+12
2020/12/16,'600519,贵州茅台,23.99,1840,2.31E+12
2020/12/15,'600519,贵州茅台,-12.99,1816.01,2.28E+12
2020/12/14,'600519,贵州茅台,9,1829,2.30E+12
2020/12/11,'600519,贵州茅台,-12.9,1820,2.29E+12
2020/12/10,'600519,贵州茅台,-7.1,1832.9,2.30E+12
2020/12/9,'600519,贵州茅台,-10,1840,2.31E+12
2020/12/8,'600519,贵州茅台,37.6,1850,2.32E+12
2020/12/7,'600519,贵州茅台,19.29,1812.4,2.28E+12
2020/12/4,'600519,贵州茅台,44.11,1793.11,2.25E+12
2020/12/3,'600519,贵州茅台,10.99,1749,2.20E+12
2020/12/2,'600519,贵州茅台,1.01,1738.01,2.18E+12
2020/12/1,'600519,贵州茅台,23.09,1737,2.18E+12
2020/11/30,'600519,贵州茅台,-23.99,1713.91,2.15E+12
2020/11/27,'600519,贵州茅台,3.51,1737.9,2.18E+12
2020/11/26,'600519,贵州茅台,7.51,1734.39,2.18E+12
2020/11/25,'600519,贵州茅台,-36.62,1726.88,2.17E+12
2020/11/24,'600519,贵州茅台,-26.71,1763.5,2.22E+12
2020/11/23,'600519,贵州茅台,70.25,1790.21,2.25E+12
2020/11/20,'600519,贵州茅台,-0.23,1719.96,2.16E+12
2020/11/19,'600519,贵州茅台,26.54,1720.19,2.16E+12
2020/11/18,'600519,贵州茅台,-22.15,1693.65,2.13E+12
2020/11/17,'600519,贵州茅台,-14.25,1715.8,2.16E+12
2020/11/16,'600519,贵州茅台,25.05,1730.05,2.17E+12
2020/11/13,'600519,贵州茅台,-29.79,1705,2.14E+12
2020/11/12,'600519,贵州茅台,3.44,1734.79,2.18E+12
2020/11/11,'600519,贵州茅台,-13.65,1731.35,2.17E+12
2020/11/10,'600519,贵州茅台,2.43,1745,2.19E+12
2020/11/9,'600519,贵州茅台,41.95,1742.57,2.19E+12
2020/11/6,'600519,贵州茅台,-21.28,1700.62,2.14E+12
2020/11/5,'600519,贵州茅台,22.32,1721.9,2.16E+12
2020/11/4,'600519,贵州茅台,4.58,1699.58,2.14E+12
2020/11/3,'600519,贵州茅台,20.99,1695,2.13E+12
2020/11/2,'600519,贵州茅台,3.99,1674.01,2.10E+12
2020/10/30,'600519,贵州茅台,-5.98,1670.02,2.10E+12
2020/10/29,'600519,贵州茅台,11.19,1676,2.11E+12
2020/10/28,'600519,贵州茅台,39.81,1664.81,2.09E+12
2020/10/27,'600519,贵州茅台,-18,1625,2.04E+12
2020/10/26,'600519,贵州茅台,-72.33,1643,2.06E+12
2020/10/23,'600519,贵州茅台,-27.17,1715.33,2.15E+12
2020/10/22,'600519,贵州茅台,9.17,1742.5,2.19E+12
2020/10/21,'600519,贵州茅台,-0.67,1733.33,2.18E+12
2020/10/20,'600519,贵州茅台,35,1734,2.18E+12
2020/10/19,'600519,贵州茅台,-13,1699,2.13E+12
2020/10/16,'600519,贵州茅台,-13,1712,2.15E+12
2020/10/15,'600519,贵州茅台,-4,1725,2.17E+12
2020/10/14,'600519,贵州茅台,-10,1729,2.17E+12
2020/10/13,'600519,贵州茅台,-11.61,1739,2.18E+12
2020/10/12,'600519,贵州茅台,54.61,1750.61,2.20E+12
2020/10/9,'600519,贵州茅台,27.5,1696,2.13E+12
2020/9/30,'600519,贵州茅台,16.2,1668.5,2.10E+12
2020/9/29,'600519,贵州茅台,-8.7,1652.3,2.08E+12
2020/9/28,'600519,贵州茅台,25.89,1661,2.09E+12
2020/9/25,'600519,贵州茅台,5.79,1635.11,2.05E+12
2020/9/24,'600519,贵州茅台,-20.66,1629.32,2.05E+12
2020/9/23,'600519,贵州茅台,-15.71,1649.98,2.07E+12
2020/9/22,'600519,贵州茅台,-1.11,1665.69,2.09E+12
2020/9/21,'600519,贵州茅台,-28.2,1666.8,2.09E+12
2020/9/18,'600519,贵州茅台,24.48,1695,2.13E+12
2020/9/17,'600519,贵州茅台,-54.58,1670.52,2.10E+12
2020/9/16,'600519,贵州茅台,-34.9,1725.1,2.17E+12
2020/9/15,'600519,贵州茅台,-6,1760,2.21E+12
2020/9/14,'600519,贵州茅台,33,1766,2.22E+12
2020/9/11,'600519,贵州茅台,27.2,1733,2.18E+12
2020/9/10,'600519,贵州茅台,17.8,1705.8,2.14E+12
2020/9/9,'600519,贵州茅台,-23.4,1688,2.12E+12
2020/9/8,'600519,贵州茅台,-12.1,1711.4,2.15E+12
2020/9/7,'600519,贵州茅台,-46.5,1723.5,2.17E+12
2020/9/4,'600519,贵州茅台,-23,1770,2.22E+12
2020/9/3,'600519,贵州茅台,-2,1793,2.25E+12
2020/9/2,'600519,贵州茅台,-6.98,1795,2.25E+12
2020/9/1,'600519,贵州茅台,15.48,1801.98,2.26E+12
2020/8/31,'600519,贵州茅台,29.5,1786.5,2.24E+12
2020/8/28,'600519,贵州茅台,26,1757,2.21E+12
2020/8/27,'600519,贵州茅台,4,1731,2.17E+12
2020/8/26,'600519,贵州茅台,0,1727,2.17E+12
2020/8/25,'600519,贵州茅台,30.65,1727,2.17E+12
2020/8/24,'600519,贵州茅台,20.35,1696.35,2.13E+12
2020/8/21,'600519,贵州茅台,12,1676,2.11E+12
2020/8/20,'600519,贵州茅台,-23,1664,2.09E+12
2020/8/19,'600519,贵州茅台,-18,1687,2.12E+12
2020/8/18,'600519,贵州茅台,15,1705,2.14E+12
2020/8/17,'600519,贵州茅台,29,1690,2.12E+12
2020/8/14,'600519,贵州茅台,26,1661,2.09E+12
2020/8/13,'600519,贵州茅台,8.05,1635,2.05E+12
2020/8/12,'600519,贵州茅台,-15.56,1626.95,2.04E+12
2020/8/11,'600519,贵州茅台,8.52,1642.51,2.06E+12
2020/8/10,'600519,贵州茅台,2.99,1633.99,2.05E+12
2020/8/7,'600519,贵州茅台,-6.96,1631,2.05E+12
2020/8/6,'600519,贵州茅台,-30.04,1637.96,2.06E+12
2020/8/5,'600519,贵州茅台,-1.99,1668,2.10E+12
2020/8/4,'600519,贵州茅台,1.99,1669.99,2.10E+12
2020/8/3,'600519,贵州茅台,-10.18,1668,2.10E+12
2020/7/31,'600519,贵州茅台,-1.82,1678.18,2.11E+12
2020/7/30,'600519,贵州茅台,8,1680,2.11E+12
2020/7/29,'600519,贵州茅台,2,1672,2.10E+12
2020/7/28,'600519,贵州茅台,47.45,1670,2.10E+12
2020/7/27,'600519,贵州茅台,27.25,1622.55,2.04E+12
2020/7/24,'600519,贵州茅台,-80.7,1595.3,2.00E+12
2020/7/23,'600519,贵州茅台,-2.08,1676,2.11E+12
2020/7/22,'600519,贵州茅台,10.08,1678.08,2.11E+12
2020/7/21,'600519,贵州茅台,31.04,1668,2.10E+12
2020/7/20,'600519,贵州茅台,-11.09,1636.96,2.06E+12
2020/7/17,'600519,贵州茅台,34.05,1648.05,2.07E+12
2020/7/16,'600519,贵州茅台,-138.53,1614,2.03E+12
2020/7/15,'600519,贵州茅台,-9.47,1752.53,2.20E+12
2020/7/14,'600519,贵州茅台,-19.99,1762,2.21E+12
2020/7/13,'600519,贵州茅台,68.14,1781.99,2.24E+12
2020/7/10,'600519,贵州茅台,7.85,1713.85,2.15E+12
2020/7/9,'600519,贵州茅台,24.66,1706,2.14E+12
2020/7/8,'600519,贵州茅台,-6.66,1681.34,2.11E+12
2020/7/7,'600519,贵州茅台,88,1688,2.12E+12
2020/7/6,'600519,贵州茅台,58.21,1600,2.01E+12
2020/7/3,'600519,贵州茅台,-2.21,1541.79,1.94E+12
2020/7/2,'600519,贵州茅台,49.73,1544,1.94E+12
2020/7/1,'600519,贵州茅台,31.39,1494.27,1.88E+12
2020/6/30,'600519,贵州茅台,-0.29,1462.88,1.84E+12
2020/6/29,'600519,贵州茅台,3.16,1463.17,1.84E+12
2020/6/24,'600519,XD贵州茅,2.53,1460.01,1.83E+12
2020/6/23,'600519,贵州茅台,35.5,1474.5,1.85E+12
2020/6/22,'600519,贵州茅台,-0.84,1439,1.81E+12
2020/6/19,'600519,贵州茅台,26.84,1439.84,1.81E+12
2020/6/18,'600519,贵州茅台,8,1413,1.78E+12
2020/6/17,'600519,贵州茅台,1.12,1405,1.76E+12
2020/6/16,'600519,贵州茅台,20.88,1403.88,1.76E+12
2020/6/15,'600519,贵州茅台,-33.37,1383,1.74E+12
2020/6/12,'600519,贵州茅台,15.91,1416.37,1.78E+12
2020/6/11,'600519,贵州茅台,-23.2,1400.46,1.76E+12
2020/6/10,'600519,贵州茅台,7.11,1423.66,1.79E+12
2020/6/9,'600519,贵州茅台,10.45,1416.55,1.78E+12
2020/6/8,'600519,贵州茅台,-18.9,1406.1,1.77E+12
2020/6/5,'600519,贵州茅台,17.01,1425,1.79E+12
2020/6/4,'600519,贵州茅台,8.69,1407.99,1.77E+12
2020/6/3,'600519,贵州茅台,-11.41,1399.3,1.76E+12
2020/6/2,'600519,贵州茅台,-8.79,1410.71,1.77E+12
2020/6/1,'600519,贵州茅台,52.9,1419.5,1.78E+12
2020/5/29,'600519,贵州茅台,22.6,1366.6,1.72E+12
2020/5/28,'600519,贵州茅台,6,1344,1.69E+12
2020/5/27,'600519,贵州茅台,-20,1338,1.68E+12
2020/5/26,'600519,贵州茅台,-4.9,1358,1.71E+12
2020/5/25,'600519,贵州茅台,34.7,1362.9,1.71E+12
2020/5/22,'600519,贵州茅台,-37.9,1328.2,1.67E+12
2020/5/21,'600519,贵州茅台,15.1,1366.1,1.72E+12
2020/5/20,'600519,贵州茅台,4.89,1351,1.70E+12
2020/5/19,'600519,贵州茅台,-0.1,1346.11,1.69E+12
2020/5/18,'600519,贵州茅台,33.21,1346.21,1.69E+12
2020/5/15,'600519,贵州茅台,-13.59,1313,1.65E+12
2020/5/14,'600519,贵州茅台,-9.36,1326.59,1.67E+12
2020/5/13,'600519,贵州茅台,2.95,1335.95,1.68E+12
2020/5/12,'600519,贵州茅台,9.99,1333,1.67E+12
2020/5/11,'600519,贵州茅台,8.4,1323.01,1.66E+12
2020/5/8,'600519,贵州茅台,2.61,1314.61,1.65E+12
2020/5/7,'600519,贵州茅台,12,1312,1.65E+12
2020/5/6,'600519,贵州茅台,34.3,1300,1.63E+12
2020/4/30,'600519,贵州茅台,-9.2,1265.7,1.59E+12
2020/4/29,'600519,贵州茅台,-4.23,1274.9,1.60E+12
2020/4/28,'600519,贵州茅台,3.13,1279.13,1.61E+12
2020/4/27,'600519,贵州茅台,25.44,1276,1.60E+12
2020/4/24,'600519,贵州茅台,-1.7,1250.56,1.57E+12
2020/4/23,'600519,贵州茅台,7.76,1252.26,1.57E+12
2020/4/22,'600519,贵州茅台,44.5,1244.5,1.56E+12
2020/4/21,'600519,贵州茅台,-27.3,1200,1.51E+12
2020/4/20,'600519,贵州茅台,1.3,1227.3,1.54E+12
2020/4/17,'600519,贵州茅台,28.9,1226,1.54E+12
2020/4/16,'600519,贵州茅台,7.5,1197.1,1.50E+12
2020/4/15,'600519,贵州茅台,4.5,1189.6,1.49E+12
2020/4/14,'600519,贵州茅台,22.8,1185.1,1.49E+12
2020/4/13,'600519,贵州茅台,-2.7,1162.3,1.46E+12
2020/4/10,'600519,贵州茅台,6.5,1165,1.46E+12
2020/4/9,'600519,贵州茅台,-1.26,1158.5,1.46E+12
2020/4/8,'600519,贵州茅台,-0.19,1159.76,1.46E+12
2020/4/7,'600519,贵州茅台,20.16,1159.95,1.46E+12
2020/4/3,'600519,贵州茅台,-5.21,1139.79,1.43E+12
2020/4/2,'600519,贵州茅台,42,1145,1.44E+12
2020/4/1,'600519,贵州茅台,-8,1103,1.39E+12
2020/3/31,'600519,贵州茅台,39,1111,1.40E+12
2020/3/30,'600519,贵州茅台,-3.5,1072,1.35E+12
2020/3/27,'600519,贵州茅台,10.58,1075.5,1.35E+12
2020/3/26,'600519,贵州茅台,-15.18,1064.92,1.34E+12
2020/3/25,'600519,贵州茅台,24.1,1080.1,1.36E+12
2020/3/24,'600519,贵州茅台,37,1056,1.33E+12
2020/3/23,'600519,贵州茅台,-16.28,1019,1.28E+12
2020/3/20,'600519,贵州茅台,39.28,1035.28,1.30E+12
2020/3/19,'600519,贵州茅台,-11.99,996,1.25E+12
2020/3/18,'600519,贵州茅台,-37.11,1007.99,1.27E+12
2020/3/17,'600519,贵州茅台,-21.9,1045.1,1.31E+12
2020/3/16,'600519,贵州茅台,-45.03,1067,1.34E+12
2020/3/13,'600519,贵州茅台,-26.47,1112.03,1.40E+12
2020/3/12,'600519,贵州茅台,-20.02,1138.5,1.43E+12
2020/3/11,'600519,贵州茅台,2.52,1158.52,1.46E+12
2020/3/10,'600519,贵州茅台,41.99,1156,1.45E+12
2020/3/9,'600519,贵州茅台,-41.49,1114.01,1.40E+12
2020/3/6,'600519,贵州茅台,-15.5,1155.5,1.45E+12
2020/3/5,'600519,贵州茅台,42.08,1171,1.47E+12
2020/3/4,'600519,贵州茅台,15.92,1128.92,1.42E+12
2020/3/3,'600519,贵州茅台,26.99,1113,1.40E+12
2020/3/2,'600519,贵州茅台,29.01,1086.01,1.36E+12
2020/2/28,'600519,贵州茅台,-30.39,1057,1.33E+12
2020/2/27,'600519,贵州茅台,13.69,1087.39,1.37E+12
2020/2/26,'600519,贵州茅台,-1.11,1073.7,1.35E+12
2020/2/25,'600519,贵州茅台,-12.37,1074.81,1.35E+12
2020/2/24,'600519,贵州茅台,-25.7,1087.18,1.37E+12
2020/2/21,'600519,贵州茅台,-5.12,1112.88,1.40E+12
2020/2/20,'600519,贵州茅台,21.5,1118,1.40E+12
2020/2/19,'600519,贵州茅台,12.5,1096.5,1.38E+12
2020/2/18,'600519,贵州茅台,-9.82,1084,1.36E+12
2020/2/17,'600519,贵州茅台,5.82,1093.82,1.37E+12
2020/2/14,'600519,贵州茅台,-3,1088,1.37E+12
2020/2/13,'600519,贵州茅台,-6.27,1091,1.37E+12
2020/2/12,'600519,贵州茅台,-0.73,1097.27,1.38E+12
2020/2/11,'600519,贵州茅台,31.51,1098,1.38E+12
2020/2/10,'600519,贵州茅台,-9.51,1066.49,1.34E+12
2020/2/7,'600519,贵州茅台,5,1076,1.35E+12
2020/2/6,'600519,贵州茅台,21.01,1071,1.35E+12
2020/2/5,'600519,贵州茅台,11.98,1049.99,1.32E+12
2020/2/4,'600519,贵州茅台,34.09,1038.01,1.30E+12
2020/2/3,'600519,贵州茅台,-48.88,1003.92,1.26E+12
2020/1/23,'600519,贵州茅台,-22.71,1052.8,1.32E+12
2020/1/22,'600519,贵州茅台,0.21,1075.51,1.35E+12
2020/1/21,'600519,贵州茅台,-15.7,1075.3,1.35E+12
2020/1/20,'600519,贵州茅台,-16.5,1091,1.37E+12
2020/1/17,'600519,贵州茅台,0.5,1107.5,1.39E+12
2020/1/16,'600519,贵州茅台,-5.13,1107,1.39E+12
2020/1/15,'600519,贵州茅台,4.73,1112.13,1.40E+12
2020/1/14,'600519,贵州茅台,-16.87,1107.4,1.39E+12
2020/1/13,'600519,贵州茅台,11.77,1124.27,1.41E+12
2020/1/10,'600519,贵州茅台,9.8,1112.5,1.40E+12
2020/1/9,'600519,贵州茅台,14.56,1102.7,1.39E+12
2020/1/8,'600519,贵州茅台,-6.39,1088.14,1.37E+12
2020/1/7,'600519,贵州茅台,16.54,1094.53,1.37E+12
2020/1/6,'600519,贵州茅台,-0.57,1077.99,1.35E+12
2020/1/3,'600519,贵州茅台,-51.44,1078.56,1.35E+12
2020/1/2,'600519,贵州茅台,-53,1130,1.42E+12
2019/12/31,'600519,贵州茅台,-2.8,1183,1.49E+12
2019/12/30,'600519,贵州茅台,22.8,1185.8,1.49E+12
2019/12/27,'600519,贵州茅台,27.9,1163,1.46E+12
2019/12/26,'600519,贵州茅台,1.4,1135.1,1.43E+12
2019/12/25,'600519,贵州茅台,-14.3,1133.7,1.42E+12
2019/12/24,'600519,贵州茅台,-1.3,1148,1.44E+12
2019/12/23,'600519,贵州茅台,3,1149.3,1.44E+12
2019/12/20,'600519,贵州茅台,-11.1,1146.3,1.44E+12
2019/12/19,'600519,贵州茅台,-10.6,1157.4,1.45E+12
2019/12/18,'600519,贵州茅台,-1.98,1168,1.47E+12
2019/12/17,'600519,贵州茅台,22.06,1169.98,1.47E+12
2019/12/16,'600519,贵州茅台,-15.08,1147.92,1.44E+12
2019/12/13,'600519,贵州茅台,26,1163,1.46E+12
2019/12/12,'600519,贵州茅台,-21.98,1137,1.43E+12
2019/12/11,'600519,贵州茅台,-5.42,1158.98,1.46E+12
2019/12/10,'600519,贵州茅台,5.7,1164.4,1.46E+12
2019/12/9,'600519,贵州茅台,-11.3,1158.7,1.46E+12
2019/12/6,'600519,贵州茅台,40.2,1170,1.47E+12
2019/12/5,'600519,贵州茅台,7.47,1129.8,1.42E+12
2019/12/4,'600519,贵州茅台,4.33,1122.33,1.41E+12
2019/12/3,'600519,贵州茅台,-15,1118,1.40E+12
2019/12/2,'600519,贵州茅台,4,1133,1.42E+12
2019/11/29,'600519,贵州茅台,-46.8,1129,1.42E+12
2019/11/28,'600519,贵州茅台,-14.15,1175.8,1.48E+12
2019/11/27,'600519,贵州茅台,4.95,1189.95,1.49E+12
2019/11/26,'600519,贵州茅台,2.94,1185,1.49E+12
2019/11/25,'600519,贵州茅台,-11.94,1182.06,1.48E+12
2019/11/22,'600519,贵州茅台,-37.3,1194,1.50E+12
2019/11/21,'600519,贵州茅台,-2.45,1231.3,1.55E+12
2019/11/20,'600519,贵州茅台,1.43,1233.75,1.55E+12
2019/11/19,'600519,贵州茅台,5.04,1232.32,1.55E+12
2019/11/18,'600519,贵州茅台,2.38,1227.28,1.54E+12
2019/11/15,'600519,贵州茅台,-5.1,1224.9,1.54E+12
2019/11/14,'600519,贵州茅台,6,1230,1.55E+12
2019/11/13,'600519,贵州茅台,22.4,1224,1.54E+12
2019/11/12,'600519,贵州茅台,2.6,1201.6,1.51E+12
2019/11/11,'600519,贵州茅台,-6,1199,1.51E+12
2019/11/8,'600519,贵州茅台,3.63,1205,1.51E+12
2019/11/7,'600519,贵州茅台,8.37,1201.37,1.51E+12
2019/11/6,'600519,贵州茅台,-6,1193,1.50E+12
2019/11/5,'600519,贵州茅台,-0.59,1199,1.51E+12
2019/11/4,'600519,贵州茅台,14.59,1199.59,1.51E+12
2019/11/1,'600519,贵州茅台,4.99,1185,1.49E+12
2019/10/31,'600519,贵州茅台,-3.79,1180.01,1.48E+12
2019/10/30,'600519,贵州茅台,-9.2,1183.8,1.49E+12
2019/10/29,'600519,贵州茅台,14.71,1193,1.50E+12
2019/10/28,'600519,贵州茅台,6.94,1178.29,1.48E+12
2019/10/25,'600519,贵州茅台,21.08,1171.35,1.47E+12
2019/10/24,'600519,贵州茅台,-8.64,1150.27,1.44E+12
2019/10/23,'600519,贵州茅台,-11.89,1158.91,1.46E+12
2019/10/22,'600519,贵州茅台,2.3,1170.8,1.47E+12
2019/10/21,'600519,贵州茅台,-7.29,1168.5,1.47E+12
2019/10/18,'600519,贵州茅台,-7.54,1175.79,1.48E+12
2019/10/17,'600519,贵州茅台,13.33,1183.33,1.49E+12
2019/10/16,'600519,贵州茅台,-41,1170,1.47E+12
2019/10/15,'600519,贵州茅台,31,1211,1.52E+12
2019/10/14,'600519,贵州茅台,5.4,1180,1.48E+12
2019/10/11,'600519,贵州茅台,19.6,1174.6,1.48E+12
2019/10/10,'600519,贵州茅台,8.19,1155,1.45E+12
2019/10/9,'600519,贵州茅台,-20.29,1146.81,1.44E+12
2019/10/8,'600519,贵州茅台,17.1,1167.1,1.47E+12
2019/9/30,'600519,贵州茅台,-24.75,1150,1.44E+12
2019/9/27,'600519,贵州茅台,7.75,1174.75,1.48E+12
2019/9/26,'600519,贵州茅台,-7,1167,1.47E+12
2019/9/25,'600519,贵州茅台,-10,1174,1.47E+12
2019/9/24,'600519,贵州茅台,35,1184,1.49E+12
2019/9/23,'600519,贵州茅台,-8.42,1149,1.44E+12
2019/9/20,'600519,贵州茅台,12.42,1157.42,1.45E+12
2019/9/19,'600519,贵州茅台,-3.9,1145,1.44E+12
2019/9/18,'600519,贵州茅台,54.89,1148.9,1.44E+12
2019/9/17,'600519,贵州茅台,-4.99,1094.01,1.37E+12
2019/9/16,'600519,贵州茅台,0,1099,1.38E+12
2019/9/12,'600519,贵州茅台,29.48,1099,1.38E+12
2019/9/11,'600519,贵州茅台,-54.33,1069.52,1.34E+12
2019/9/10,'600519,贵州茅台,-12.67,1123.85,1.41E+12
2019/9/9,'600519,贵州茅台,-5.97,1136.52,1.43E+12
2019/9/6,'600519,贵州茅台,-1.51,1142.49,1.44E+12
2019/9/5,'600519,贵州茅台,18.99,1144,1.44E+12
2019/9/4,'600519,贵州茅台,-14.99,1125.01,1.41E+12
2019/9/3,'600519,贵州茅台,1.24,1140,1.43E+12
2019/9/2,'600519,贵州茅台,-3.24,1138.76,1.43E+12
2019/8/30,'600519,贵州茅台,28.9,1142,1.43E+12
2019/8/29,'600519,贵州茅台,12.99,1113.1,1.40E+12
2019/8/28,'600519,贵州茅台,-8.89,1100.11,1.38E+12
2019/8/27,'600519,贵州茅台,6.05,1109,1.39E+12
2019/8/26,'600519,贵州茅台,-27.15,1102.95,1.39E+12
2019/8/23,'600519,贵州茅台,26.1,1130.1,1.42E+12
2019/8/22,'600519,贵州茅台,38,1104,1.39E+12
2019/8/21,'600519,贵州茅台,-4,1066,1.34E+12
2019/8/20,'600519,贵州茅台,14.12,1070,1.34E+12
2019/8/19,'600519,贵州茅台,1.28,1055.88,1.33E+12
2019/8/16,'600519,贵州茅台,9.7,1054.6,1.32E+12
2019/8/15,'600519,贵州茅台,1.57,1044.9,1.31E+12
2019/8/14,'600519,贵州茅台,25.38,1043.33,1.31E+12
2019/8/13,'600519,贵州茅台,-0.68,1017.95,1.28E+12
2019/8/12,'600519,贵州茅台,56.6,1018.63,1.28E+12
2019/8/9,'600519,贵州茅台,-9.65,962.03,1.21E+12
2019/8/8,'600519,贵州茅台,26.68,971.68,1.22E+12
2019/8/7,'600519,贵州茅台,-1.3,945,1.19E+12
2019/8/6,'600519,贵州茅台,3.87,946.3,1.19E+12
2019/8/5,'600519,贵州茅台,-12.02,942.43,1.18E+12
2019/8/2,'600519,贵州茅台,-4.85,954.45,1.20E+12
2019/8/1,'600519,贵州茅台,-13.3,959.3,1.21E+12
2019/7/31,'600519,贵州茅台,-6.33,972.6,1.22E+12
2019/7/30,'600519,贵州茅台,2.52,978.93,1.23E+12
2019/7/29,'600519,贵州茅台,11.38,976.41,1.23E+12
2019/7/26,'600519,贵州茅台,2.03,965.03,1.21E+12
2019/7/25,'600519,贵州茅台,16.64,963,1.21E+12
2019/7/24,'600519,贵州茅台,-7.62,946.36,1.19E+12
2019/7/23,'600519,贵州茅台,-3.04,953.98,1.20E+12
2019/7/22,'600519,贵州茅台,1.15,957.02,1.20E+12
2019/7/19,'600519,贵州茅台,8.37,955.87,1.20E+12
2019/7/18,'600519,贵州茅台,-16,947.5,1.19E+12
2019/7/17,'600519,贵州茅台,-4.5,963.5,1.21E+12
2019/7/16,'600519,贵州茅台,-7.93,968,1.22E+12
2019/7/15,'600519,贵州茅台,-10.16,975.93,1.23E+12
2019/7/12,'600519,贵州茅台,4.59,986.09,1.24E+12
2019/7/11,'600519,贵州茅台,-1.02,981.5,1.23E+12
2019/7/10,'600519,贵州茅台,6.46,982.52,1.23E+12
2019/7/9,'600519,贵州茅台,-8.8,976.06,1.23E+12
2019/7/8,'600519,贵州茅台,-14.96,984.86,1.24E+12
2019/7/5,'600519,贵州茅台,18.62,999.82,1.26E+12
2019/7/4,'600519,贵州茅台,-6.7,981.2,1.23E+12
2019/7/3,'600519,贵州茅台,-37.1,987.9,1.24E+12
2019/7/2,'600519,贵州茅台,-6.86,1025,1.29E+12
2019/7/1,'600519,贵州茅台,47.86,1031.86,1.30E+12
2019/6/28,'600519,XD贵州茅,2.19,984,1.24E+12
2019/6/27,'600519,贵州茅台,16.49,996.35,1.25E+12
2019/6/26,'600519,贵州茅台,-3.12,979.86,1.23E+12
2019/6/25,'600519,贵州茅台,-4.12,982.98,1.23E+12
2019/6/24,'600519,贵州茅台,10.8,987.1,1.24E+12
2019/6/21,'600519,贵州茅台,1.3,976.3,1.23E+12
2019/6/20,'600519,贵州茅台,42.99,975,1.22E+12
2019/6/19,'600519,贵州茅台,15.01,932.01,1.17E+12
2019/6/18,'600519,贵州茅台,5.4,917,1.15E+12
2019/6/17,'600519,贵州茅台,-1.4,911.6,1.15E+12
2019/6/14,'600519,贵州茅台,3,913,1.15E+12
2019/6/13,'600519,贵州茅台,3.3,910,1.14E+12
2019/6/12,'600519,贵州茅台,-4.19,906.7,1.14E+12
2019/6/11,'600519,贵州茅台,39.81,910.89,1.14E+12
2019/6/10,'600519,贵州茅台,8.95,871.08,1.09E+12
2019/6/6,'600519,贵州茅台,-9.47,862.13,1.08E+12
2019/6/5,'600519,贵州茅台,-3.7,871.6,1.09E+12
2019/6/4,'600519,贵州茅台,-16.7,875.3,1.10E+12
2019/6/3,'600519,贵州茅台,2,892,1.12E+12
2019/5/31,'600519,贵州茅台,-15.3,890,1.12E+12
2019/5/30,'600519,贵州茅台,-6.61,905.3,1.14E+12
2019/5/29,'600519,贵州茅台,23.91,911.91,1.15E+12
2019/5/28,'600519,贵州茅台,9,888,1.12E+12
2019/5/27,'600519,贵州茅台,0.5,879,1.10E+12
2019/5/24,'600519,贵州茅台,17.5,878.5,1.10E+12
2019/5/23,'600519,贵州茅台,-27,861,1.08E+12
2019/5/22,'600519,贵州茅台,-7,888,1.12E+12
2019/5/21,'600519,贵州茅台,10.04,895,1.12E+12
2019/5/20,'600519,贵州茅台,-21.83,884.96,1.11E+12
2019/5/17,'600519,贵州茅台,-23.12,906.79,1.14E+12
2019/5/16,'600519,贵州茅台,2.91,929.91,1.17E+12
2019/5/15,'600519,贵州茅台,40.43,927,1.16E+12
2019/5/14,'600519,贵州茅台,-5.43,886.57,1.11E+12
2019/5/13,'600519,贵州茅台,-15.12,892,1.12E+12
2019/5/10,'600519,贵州茅台,48.31,907.12,1.14E+12
2019/5/9,'600519,贵州茅台,-25.59,858.81,1.08E+12
2019/5/8,'600519,贵州茅台,-5.6,884.4,1.11E+12
2019/5/7,'600519,贵州茅台,-16,890,1.12E+12
2019/5/6,'600519,贵州茅台,-68,906,1.14E+12
2019/4/30,'600519,贵州茅台,2.03,974,1.22E+12
2019/4/29,'600519,贵州茅台,26.97,971.97,1.22E+12
2019/4/26,'600519,贵州茅台,-7.37,945,1.19E+12
2019/4/25,'600519,贵州茅台,-17.63,952.37,1.20E+12
2019/4/24,'600519,贵州茅台,-4.95,970,1.22E+12
2019/4/23,'600519,贵州茅台,25.75,974.95,1.22E+12
2019/4/22,'600519,贵州茅台,-3.36,949.2,1.19E+12
2019/4/19,'600519,贵州茅台,7.06,952.56,1.20E+12
2019/4/18,'600519,贵州茅台,-6.5,945.5,1.19E+12
2019/4/17,'600519,贵州茅台,12.1,952,1.20E+12
2019/4/16,'600519,贵州茅台,32.9,939.9,1.18E+12
2019/4/15,'600519,贵州茅台,-7,907,1.14E+12
2019/4/12,'600519,贵州茅台,-11.2,914,1.15E+12
2019/4/11,'600519,贵州茅台,-22.79,925.2,1.16E+12
2019/4/10,'600519,贵州茅台,42.99,947.99,1.19E+12
2019/4/9,'600519,贵州茅台,4.8,905,1.14E+12
2019/4/8,'600519,贵州茅台,35.2,900.2,1.13E+12
2019/4/4,'600519,贵州茅台,20.5,865,1.09E+12
2019/4/3,'600519,贵州茅台,-5.5,844.5,1.06E+12
2019/4/2,'600519,贵州茅台,-9,850,1.07E+12
2019/4/1,'600519,贵州茅台,5.01,859,1.08E+12
2019/3/29,'600519,贵州茅台,47.19,853.99,1.07E+12
2019/3/28,'600519,贵州茅台,18.3,806.8,1.01E+12
2019/3/27,'600519,贵州茅台,15.5,788.5,9.91E+11
2019/3/26,'600519,贵州茅台,-2.6,773,9.71E+11
2019/3/25,'600519,贵州茅台,-18.4,775.6,9.74E+11
2019/3/22,'600519,贵州茅台,8.25,794,9.97E+11
2019/3/21,'600519,贵州茅台,-7.05,785.75,9.87E+11
2019/3/20,'600519,贵州茅台,0.19,792.8,9.96E+11
2019/3/19,'600519,贵州茅台,-17.48,792.61,9.96E+11
2019/3/18,'600519,贵州茅台,32.79,810.09,1.02E+12
2019/3/15,'600519,贵州茅台,-0.7,777.3,9.76E+11
2019/3/14,'600519,贵州茅台,24,778,9.77E+11
2019/3/13,'600519,贵州茅台,8.99,754,9.47E+11
2019/3/12,'600519,贵州茅台,-13.53,745.01,9.36E+11
2019/3/11,'600519,贵州茅台,21.04,758.54,9.53E+11
2019/3/8,'600519,贵州茅台,-11.1,737.5,9.26E+11
2019/3/7,'600519,贵州茅台,-19.4,748.6,9.40E+11
2019/3/6,'600519,贵州茅台,-11.78,768,9.65E+11
2019/3/5,'600519,贵州茅台,-2.08,779.78,9.80E+11
2019/3/4,'600519,贵州茅台,-7.44,781.86,9.82E+11
2019/3/1,'600519,贵州茅台,34.29,789.3,9.92E+11
2019/2/28,'600519,贵州茅台,14.31,755.01,9.48E+11
2019/2/27,'600519,贵州茅台,13.35,740.7,9.30E+11
2019/2/26,'600519,贵州茅台,-14.98,727.35,9.14E+11
2019/2/25,'600519,贵州茅台,16.32,742.33,9.33E+11
2019/2/22,'600519,贵州茅台,5.76,726.01,9.12E+11
2019/2/21,'600519,贵州茅台,-1.75,720.25,9.05E+11
2019/2/20,'600519,贵州茅台,-8.76,722,9.07E+11
2019/2/19,'600519,贵州茅台,-9.24,730.76,9.18E+11
2019/2/18,'600519,贵州茅台,15.22,740,9.30E+11
2019/2/15,'600519,贵州茅台,-12.38,724.78,9.10E+11
2019/2/14,'600519,贵州茅台,1.91,737.16,9.26E+11
2019/2/13,'600519,贵州茅台,17.33,735.25,9.24E+11
2019/2/12,'600519,贵州茅台,-7.38,717.92,9.02E+11
2019/2/11,'600519,贵州茅台,32.63,725.3,9.11E+11
2019/2/1,'600519,贵州茅台,3.07,692.67,8.70E+11
2019/1/31,'600519,贵州茅台,13.6,689.6,8.66E+11
2019/1/30,'600519,贵州茅台,-9,676,8.49E+11
2019/1/29,'600519,贵州茅台,8,685,8.60E+11
2019/1/28,'600519,贵州茅台,-2.7,677,8.50E+11
2019/1/25,'600519,贵州茅台,7.2,679.7,8.54E+11
2019/1/24,'600519,贵州茅台,6.84,672.5,8.45E+11
2019/1/23,'600519,贵州茅台,-5.34,665.66,8.36E+11
2019/1/22,'600519,贵州茅台,-15.98,671,8.43E+11
2019/1/21,'600519,贵州茅台,3.37,686.98,8.63E+11
2019/1/18,'600519,贵州茅台,24.36,683.61,8.59E+11
2019/1/17,'600519,贵州茅台,-1.85,659.25,8.28E+11
2019/1/16,'600519,贵州茅台,1.12,661.1,8.30E+11
2019/1/15,'600519,贵州茅台,35.38,659.98,8.29E+11
2019/1/14,'600519,贵州茅台,-11.28,624.6,7.85E+11
2019/1/11,'600519,贵州茅台,17.11,635.88,7.99E+11
2019/1/10,'600519,贵州茅台,2.65,618.77,7.77E+11
2019/1/9,'600519,贵州茅台,11.33,616.12,7.74E+11
2019/1/8,'600519,贵州茅台,-0.7,604.79,7.60E+11
2019/1/7,'600519,贵州茅台,3.49,605.49,7.61E+11
2019/1/4,'600519,贵州茅台,12,602,7.56E+11
2019/1/3,'600519,贵州茅台,-8.98,590,7.41E+11
2019/1/2,'600519,贵州茅台,8.97,598.98,7.52E+11
2018/12/28,'600519,贵州茅台,27.01,590.01,7.41E+11
2018/12/27,'600519,贵州茅台,2.92,563,7.07E+11
2018/12/26,'600519,贵州茅台,-5.71,560.08,7.04E+11
2018/12/25,'600519,贵州茅台,-2.21,565.79,7.11E+11
2018/12/24,'600519,贵州茅台,0.59,568,7.14E+11
2018/12/21,'600519,贵州茅台,-7.09,567.41,7.13E+11
2018/12/20,'600519,贵州茅台,-3.3,574.5,7.22E+11
2018/12/19,'600519,贵州茅台,-13.14,577.8,7.26E+11
2018/12/18,'600519,贵州茅台,0.42,590.94,7.42E+11
2018/12/17,'600519,贵州茅台,-2.44,590.52,7.42E+11
2018/12/14,'600519,贵州茅台,-8.79,592.96,7.45E+11
2018/12/13,'600519,贵州茅台,12.75,601.75,7.56E+11
2018/12/12,'600519,贵州茅台,6.01,589,7.40E+11
2018/12/11,'600519,贵州茅台,5.76,582.99,7.32E+11
2018/12/10,'600519,贵州茅台,-9.77,577.23,7.25E+11
2018/12/7,'600519,贵州茅台,-4.8,587,7.37E+11
2018/12/6,'600519,贵州茅台,-18.3,591.8,7.43E+11
2018/12/5,'600519,贵州茅台,7.87,610.1,7.66E+11
2018/12/4,'600519,贵州茅台,1.03,602.23,7.57E+11
2018/12/3,'600519,贵州茅台,36.2,601.2,7.55E+11
2018/11/30,'600519,贵州茅台,13.4,565,7.10E+11
2018/11/29,'600519,贵州茅台,-5.4,551.6,6.93E+11
2018/11/28,'600519,贵州茅台,8.9,557,7.00E+11
2018/11/27,'600519,贵州茅台,-4.01,548.1,6.89E+11
2018/11/26,'600519,贵州茅台,-4.79,552.11,6.94E+11
2018/11/23,'600519,贵州茅台,-7.6,556.9,7.00E+11
2018/11/22,'600519,贵州茅台,-0.2,564.5,7.09E+11
2018/11/21,'600519,贵州茅台,3.1,564.7,7.09E+11
2018/11/20,'600519,贵州茅台,-7.42,561.6,7.05E+11
2018/11/19,'600519,贵州茅台,9.02,569.02,7.15E+11
2018/11/16,'600519,贵州茅台,0.3,560,7.03E+11
2018/11/15,'600519,贵州茅台,4.6,559.7,7.03E+11
2018/11/14,'600519,贵州茅台,-14.9,555.1,6.97E+11
2018/11/13,'600519,贵州茅台,18,570,7.16E+11
2018/11/12,'600519,贵州茅台,-10,552,6.93E+11
2018/11/9,'600519,贵州茅台,-8.34,562,7.06E+11
2018/11/8,'600519,贵州茅台,3.94,570.34,7.16E+11
2018/11/7,'600519,贵州茅台,0.4,566.4,7.12E+11
2018/11/6,'600519,贵州茅台,-9.8,566,7.11E+11
2018/11/5,'600519,贵州茅台,-24.1,575.8,7.23E+11
2018/11/2,'600519,贵州茅台,36.9,599.9,7.54E+11
2018/11/1,'600519,贵州茅台,14.1,563,7.07E+11
2018/10/31,'600519,贵州茅台,24.9,548.9,6.90E+11
2018/10/30,'600519,贵州茅台,-25.09,524,6.58E+11
2018/10/29,'600519,贵州茅台,-61.01,549.09,6.90E+11
2018/10/26,'600519,贵州茅台,-8.9,610.1,7.66E+11
2018/10/25,'600519,贵州茅台,-17.99,619,7.78E+11
2018/10/24,'600519,贵州茅台,-4.75,636.99,8.00E+11
2018/10/23,'600519,贵州茅台,-51.26,641.74,8.06E+11
2018/10/22,'600519,贵州茅台,23,693,8.71E+11
2018/10/19,'600519,贵州茅台,24.06,670,8.42E+11
2018/10/18,'600519,贵州茅台,-19.78,645.94,8.11E+11
2018/10/17,'600519,贵州茅台,-1.42,665.72,8.36E+11
2018/10/16,'600519,贵州茅台,0.24,667.14,8.38E+11
2018/10/15,'600519,贵州茅台,-1.1,666.9,8.38E+11
2018/10/12,'600519,贵州茅台,23.01,668,8.39E+11
2018/10/11,'600519,贵州茅台,-25.93,644.99,8.10E+11
2018/10/10,'600519,贵州茅台,-24.08,670.92,8.43E+11
2018/10/9,'600519,贵州茅台,8.85,695,8.73E+11
2018/10/8,'600519,贵州茅台,-43.85,686.15,8.62E+11
2018/9/28,'600519,贵州茅台,6,730,9.17E+11
2018/9/27,'600519,贵州茅台,-0.93,724,9.09E+11
2018/9/26,'600519,贵州茅台,27.91,724.93,9.11E+11
2018/9/25,'600519,贵州茅台,-2.99,697.02,8.76E+11
2018/9/21,'600519,贵州茅台,21.46,700.01,8.79E+11
2018/9/20,'600519,贵州茅台,-2.87,678.55,8.52E+11
2018/9/19,'600519,贵州茅台,14.72,681.42,8.56E+11
2018/9/18,'600519,贵州茅台,20.89,666.7,8.38E+11
2018/9/17,'600519,贵州茅台,2.91,645.81,8.11E+11
2018/9/14,'600519,贵州茅台,10.92,642.9,8.08E+11
2018/9/13,'600519,贵州茅台,1.98,631.98,7.94E+11
2018/9/12,'600519,贵州茅台,-16,630,7.91E+11
2018/9/11,'600519,贵州茅台,1.2,646,8.12E+11
2018/9/10,'600519,贵州茅台,-6.17,644.8,8.10E+11
2018/9/7,'600519,贵州茅台,6.97,650.97,8.18E+11
2018/9/6,'600519,贵州茅台,-13.79,644,8.09E+11
2018/9/5,'600519,贵州茅台,-17.25,657.79,8.26E+11
2018/9/4,'600519,贵州茅台,8.83,675.04,8.48E+11
2018/9/3,'600519,贵州茅台,7.02,666.21,8.37E+11
2018/8/31,'600519,贵州茅台,-21.21,659.19,8.28E+11
2018/8/30,'600519,贵州茅台,-5.45,680.4,8.55E+11
2018/8/29,'600519,贵州茅台,4.85,685.85,8.62E+11
2018/8/28,'600519,贵州茅台,-6.3,681,8.55E+11
2018/8/27,'600519,贵州茅台,27,687.3,8.63E+11
2018/8/24,'600519,贵州茅台,-9.91,660.3,8.29E+11
2018/8/23,'600519,贵州茅台,2.51,670.21,8.42E+11
2018/8/22,'600519,贵州茅台,-3.79,667.7,8.39E+11
2018/8/21,'600519,贵州茅台,26.7,671.49,8.44E+11
2018/8/20,'600519,贵州茅台,9.93,644.79,8.10E+11
2018/8/17,'600519,贵州茅台,-13.58,634.86,7.98E+11
2018/8/16,'600519,贵州茅台,-14.36,648.44,8.15E+11
2018/8/15,'600519,贵州茅台,-17.33,662.8,8.33E+11
2018/8/14,'600519,贵州茅台,0.91,680.13,8.54E+11
2018/8/13,'600519,贵州茅台,-7.96,679.22,8.53E+11
2018/8/10,'600519,贵州茅台,-4.7,687.18,8.63E+11
2018/8/9,'600519,贵州茅台,15.66,691.88,8.69E+11
2018/8/8,'600519,贵州茅台,-10.06,676.22,8.49E+11
2018/8/7,'600519,贵州茅台,16.6,686.28,8.62E+11
2018/8/6,'600519,贵州茅台,-9.31,669.68,8.41E+11
2018/8/3,'600519,贵州茅台,-16.85,678.99,8.53E+11
2018/8/2,'600519,贵州茅台,-19.1,695.84,8.74E+11
2018/8/1,'600519,贵州茅台,-11.5,714.94,8.98E+11
2018/7/31,'600519,贵州茅台,7.23,726.44,9.13E+11
2018/7/30,'600519,贵州茅台,-19.35,719.21,9.03E+11
2018/7/27,'600519,贵州茅台,2.94,738.56,9.28E+11
2018/7/26,'600519,贵州茅台,-8.19,735.62,9.24E+11
2018/7/25,'600519,贵州茅台,-1.59,743.81,9.34E+11
2018/7/24,'600519,贵州茅台,13.33,745.4,9.36E+11
2018/7/23,'600519,贵州茅台,-9.06,732.07,9.20E+11
2018/7/20,'600519,贵州茅台,0.18,741.13,9.31E+11
2018/7/19,'600519,贵州茅台,3.51,740.95,9.31E+11
2018/7/18,'600519,贵州茅台,-4.99,737.44,9.26E+11
2018/7/17,'600519,贵州茅台,-12.25,742.43,9.33E+11
2018/7/16,'600519,贵州茅台,7.69,754.68,9.48E+11
2018/7/13,'600519,贵州茅台,9.45,746.99,9.38E+11
2018/7/12,'600519,贵州茅台,17.96,737.54,9.26E+11
2018/7/11,'600519,贵州茅台,-6.18,719.58,9.04E+11
2018/7/10,'600519,贵州茅台,-1.48,725.76,9.12E+11
2018/7/9,'600519,贵州茅台,13.12,727.24,9.14E+11
2018/7/6,'600519,贵州茅台,11.73,714.12,8.97E+11
2018/7/5,'600519,贵州茅台,11.48,702.39,8.82E+11
2018/7/4,'600519,贵州茅台,-4.01,690.91,8.68E+11
2018/7/3,'600519,贵州茅台,-16.63,694.92,8.73E+11
2018/7/2,'600519,贵州茅台,-19.91,711.55,8.94E+11
2018/6/29,'600519,贵州茅台,20.53,731.46,9.19E+11
2018/6/28,'600519,贵州茅台,-11.51,710.93,8.93E+11
2018/6/27,'600519,贵州茅台,-32.36,722.44,9.08E+11
2018/6/26,'600519,贵州茅台,-10.76,754.8,9.48E+11
2018/6/25,'600519,贵州茅台,-0.97,765.56,9.62E+11
2018/6/22,'600519,贵州茅台,7.21,766.53,9.63E+11
2018/6/21,'600519,贵州茅台,-4.27,759.32,9.54E+11
2018/6/20,'600519,贵州茅台,25.59,763.59,9.59E+11
2018/6/19,'600519,贵州茅台,-35.33,738,9.27E+11
2018/6/15,'600519,XD贵州茅,-1.8,773.33,9.71E+11
2018/6/14,'600519,贵州茅台,-4.2,786.13,9.88E+11
2018/6/13,'600519,贵州茅台,-8.86,790.33,9.93E+11
2018/6/12,'600519,贵州茅台,23.46,799.19,1.00E+12
2018/6/11,'600519,贵州茅台,-2.22,775.73,9.74E+11
2018/6/8,'600519,贵州茅台,-3.02,777.95,9.77E+11
2018/6/7,'600519,贵州茅台,-4.78,780.97,9.81E+11
2018/6/6,'600519,贵州茅台,-2.3,785.75,9.87E+11
2018/6/5,'600519,贵州茅台,6.08,788.05,9.90E+11
2018/6/4,'600519,贵州茅台,36.86,781.97,9.82E+11
2018/6/1,'600519,贵州茅台,-6.02,745.11,9.36E+11
2018/5/31,'600519,贵州茅台,25.26,751.13,9.44E+11
2018/5/30,'600519,贵州茅台,-5.56,725.87,9.12E+11
2018/5/29,'600519,贵州茅台,-8.97,731.43,9.19E+11
2018/5/28,'600519,贵州茅台,23.54,740.4,9.30E+11
2018/5/25,'600519,贵州茅台,1.46,716.86,9.01E+11
2018/5/24,'600519,贵州茅台,-8.38,715.4,8.99E+11
2018/5/23,'600519,贵州茅台,-15.79,723.78,9.09E+11
2018/5/22,'600519,贵州茅台,4.75,739.57,9.29E+11
2018/5/21,'600519,贵州茅台,-4.5,734.82,9.23E+11
2018/5/18,'600519,贵州茅台,11.94,739.32,9.29E+11
2018/5/17,'600519,贵州茅台,-7.14,727.38,9.14E+11
2018/5/16,'600519,贵州茅台,-8.54,734.52,9.23E+11
2018/5/15,'600519,贵州茅台,0.65,743.06,9.33E+11
2018/5/14,'600519,贵州茅台,24.39,742.41,9.33E+11
2018/5/11,'600519,贵州茅台,3.83,718.02,9.02E+11
2018/5/10,'600519,贵州茅台,12.24,714.19,8.97E+11
2018/5/9,'600519,贵州茅台,-6.88,701.95,8.82E+11
2018/5/8,'600519,贵州茅台,10.66,708.83,8.90E+11
2018/5/7,'600519,贵州茅台,35.3,698.17,8.77E+11
2018/5/4,'600519,贵州茅台,-8.01,662.87,8.33E+11
2018/5/3,'600519,贵州茅台,3.05,670.88,8.43E+11
2018/5/2,'600519,贵州茅台,5.3,667.83,8.39E+11
2018/4/27,'600519,贵州茅台,-15.7,662.53,8.32E+11
2018/4/26,'600519,贵州茅台,-12.74,678.23,8.52E+11
2018/4/25,'600519,贵州茅台,1.09,690.97,8.68E+11
2018/4/24,'600519,贵州茅台,15.87,689.88,8.67E+11
2018/4/23,'600519,贵州茅台,3.75,674.01,8.47E+11
2018/4/20,'600519,贵州茅台,-9.7,670.26,8.42E+11
2018/4/19,'600519,贵州茅台,24.32,679.96,8.54E+11
2018/4/18,'600519,贵州茅台,-10.56,655.64,8.24E+11
2018/4/17,'600519,贵州茅台,-15.18,666.2,8.37E+11
2018/4/16,'600519,贵州茅台,-5.48,681.38,8.56E+11
2018/4/13,'600519,贵州茅台,-7.34,686.86,8.63E+11
2018/4/12,'600519,贵州茅台,-11.16,694.2,8.72E+11
2018/4/11,'600519,贵州茅台,-2.66,705.36,8.86E+11
2018/4/10,'600519,贵州茅台,9.72,708.02,8.89E+11
2018/4/9,'600519,贵州茅台,4.29,698.3,8.77E+11
2018/4/4,'600519,贵州茅台,16.1,694.01,8.72E+11
2018/4/3,'600519,贵州茅台,-2.15,677.91,8.52E+11
2018/4/2,'600519,贵州茅台,-3.56,680.06,8.54E+11
2018/3/30,'600519,贵州茅台,-5.48,683.62,8.59E+11
2018/3/29,'600519,贵州茅台,7.05,689.1,8.66E+11
2018/3/28,'600519,贵州茅台,-32.69,682.05,8.57E+11
2018/3/27,'600519,贵州茅台,1.25,714.74,8.98E+11
2018/3/26,'600519,贵州茅台,2.43,713.49,8.96E+11
2018/3/23,'600519,贵州茅台,-15.02,711.06,8.93E+11
2018/3/22,'600519,贵州茅台,-15.92,726.08,9.12E+11
2018/3/21,'600519,贵州茅台,-5.73,742,9.32E+11
2018/3/20,'600519,贵州茅台,-5.75,747.73,9.39E+11
2018/3/19,'600519,贵州茅台,13.63,753.48,9.47E+11
2018/3/16,'600519,贵州茅台,-6.62,739.85,9.29E+11
2018/3/15,'600519,贵州茅台,19.59,746.47,9.38E+11
2018/3/14,'600519,贵州茅台,16.53,726.88,9.13E+11
2018/3/13,'600519,贵州茅台,-13.6,710.35,8.92E+11
2018/3/12,'600519,贵州茅台,-4.25,723.95,9.09E+11
2018/3/9,'600519,贵州茅台,5.44,728.2,9.15E+11
2018/3/8,'600519,贵州茅台,12.72,722.76,9.08E+11
2018/3/7,'600519,贵州茅台,-8.22,710.04,8.92E+11
2018/3/6,'600519,贵州茅台,-1.85,718.26,9.02E+11
2018/3/5,'600519,贵州茅台,-16.3,720.11,9.05E+11
2018/3/2,'600519,贵州茅台,-5.56,736.41,9.25E+11
2018/3/1,'600519,贵州茅台,16.35,741.97,9.32E+11
2018/2/28,'600519,贵州茅台,-12.36,725.62,9.12E+11
2018/2/27,'600519,贵州茅台,-5.53,737.98,9.27E+11
2018/2/26,'600519,贵州茅台,1.03,743.51,9.34E+11
2018/2/23,'600519,贵州茅台,0.03,742.48,9.33E+11
2018/2/22,'600519,贵州茅台,24,742.45,9.33E+11
2018/2/14,'600519,贵州茅台,6.47,718.45,9.03E+11
2018/2/13,'600519,贵州茅台,14.5,711.98,8.94E+11
2018/2/12,'600519,贵州茅台,14.05,697.48,8.76E+11
2018/2/9,'600519,贵州茅台,-17.56,683.43,8.59E+11
2018/2/8,'600519,贵州茅台,17.56,700.99,8.81E+11
2018/2/7,'600519,贵州茅台,-25.43,683.43,8.59E+11
2018/2/6,'600519,贵州茅台,-9.37,708.86,8.90E+11
2018/2/5,'600519,贵州茅台,-22.17,718.23,9.02E+11
2018/2/2,'600519,贵州茅台,-17.33,740.4,9.30E+11
2018/2/1,'600519,贵州茅台,-6.81,757.73,9.52E+11
2018/1/31,'600519,贵州茅台,22.46,764.54,9.60E+11
2018/1/30,'600519,贵州茅台,5.76,742.08,9.32E+11
2018/1/29,'600519,贵州茅台,-40.9,736.32,9.25E+11
2018/1/26,'600519,贵州茅台,8.06,777.22,9.76E+11
2018/1/25,'600519,贵州茅台,4.7,769.16,9.66E+11
2018/1/24,'600519,贵州茅台,-9.32,764.46,9.60E+11
2018/1/23,'600519,贵州茅台,0.14,773.78,9.72E+11
2018/1/22,'600519,贵州茅台,23.46,773.64,9.72E+11
2018/1/19,'600519,贵州茅台,-0.56,750.18,9.42E+11
2018/1/18,'600519,贵州茅台,2.81,750.74,9.43E+11
2018/1/17,'600519,贵州茅台,-25.01,747.93,9.40E+11
2018/1/16,'600519,贵州茅台,-12.43,772.94,9.71E+11
2018/1/15,'600519,贵州茅台,-3.05,785.37,9.87E+11
2018/1/12,'600519,贵州茅台,13.61,788.42,9.90E+11
2018/1/11,'600519,贵州茅台,-10.9,774.81,9.73E+11
2018/1/10,'600519,贵州茅台,3.19,785.71,9.87E+11
2018/1/9,'600519,贵州茅台,30.39,782.52,9.83E+11
2018/1/8,'600519,贵州茅台,13.77,752.13,9.45E+11
2018/1/5,'600519,贵州茅台,1.29,738.36,9.28E+11
2018/1/4,'600519,贵州茅台,21.21,737.07,9.26E+11
2018/1/3,'600519,贵州茅台,12.01,715.86,8.99E+11
2018/1/2,'600519,贵州茅台,6.36,703.85,8.84E+11
2017/12/29,'600519,贵州茅台,-21.2,697.49,8.76E+11
2017/12/28,'600519,贵州茅台,54.51,718.69,9.03E+11
2017/12/27,'600519,贵州茅台,-16.63,664.18,8.34E+11
2017/12/26,'600519,贵州茅台,-7.31,680.81,8.55E+11
2017/12/25,'600519,贵州茅台,5.2,688.12,8.64E+11
2017/12/22,'600519,贵州茅台,1.18,682.92,8.58E+11
2017/12/21,'600519,贵州茅台,-3.17,681.74,8.56E+11
2017/12/20,'600519,贵州茅台,17.82,684.91,8.60E+11
2017/12/19,'600519,贵州茅台,1.32,667.09,8.38E+11
2017/12/18,'600519,贵州茅台,11.98,665.77,8.36E+11
2017/12/15,'600519,贵州茅台,-10.76,653.79,8.21E+11
2017/12/14,'600519,贵州茅台,-3.66,664.55,8.35E+11
2017/12/13,'600519,贵州茅台,16.89,668.21,8.39E+11
2017/12/12,'600519,贵州茅台,0.33,651.32,8.18E+11
2017/12/11,'600519,贵州茅台,23.71,650.99,8.18E+11
2017/12/8,'600519,贵州茅台,10.59,627.28,7.88E+11
2017/12/7,'600519,贵州茅台,-8.32,616.69,7.75E+11
2017/12/6,'600519,贵州茅台,-7.95,625.01,7.85E+11
2017/12/5,'600519,贵州茅台,-4.83,632.96,7.95E+11
2017/12/4,'600519,贵州茅台,15.44,637.79,8.01E+11
2017/12/1,'600519,贵州茅台,-8.65,622.35,7.82E+11
2017/11/30,'600519,贵州茅台,-7.12,631,7.93E+11
2017/11/29,'600519,贵州茅台,-10.11,638.12,8.02E+11
2017/11/28,'600519,贵州茅台,26.94,648.23,8.14E+11
2017/11/27,'600519,贵州茅台,-8.75,621.29,7.80E+11
2017/11/24,'600519,贵州茅台,-3.69,630.04,7.91E+11
2017/11/23,'600519,贵州茅台,-16.79,633.73,7.96E+11
2017/11/22,'600519,贵州茅台,-26.73,650.52,8.17E+11
2017/11/21,'600519,贵州茅台,-1.9,677.25,8.51E+11
2017/11/20,'600519,贵州茅台,-11.1,679.15,8.53E+11
2017/11/17,'600519,贵州茅台,-28.86,690.25,8.67E+11
2017/11/16,'600519,贵州茅台,31.03,719.11,9.03E+11
2017/11/15,'600519,贵州茅台,9.33,688.08,8.64E+11
2017/11/14,'600519,贵州茅台,-9.13,678.75,8.53E+11
2017/11/13,'600519,贵州茅台,9.93,687.88,8.64E+11
2017/11/10,'600519,贵州茅台,27.88,677.95,8.52E+11
2017/11/9,'600519,贵州茅台,-0.31,650.07,8.17E+11
2017/11/8,'600519,贵州茅台,8.31,650.38,8.17E+11
2017/11/7,'600519,贵州茅台,-10.99,642.07,8.07E+11
2017/11/6,'600519,贵州茅台,13.89,653.06,8.20E+11
2017/11/3,'600519,贵州茅台,12.25,639.17,8.03E+11
2017/11/2,'600519,贵州茅台,3.91,626.92,7.88E+11
2017/11/1,'600519,贵州茅台,4.98,623.01,7.83E+11
2017/10/31,'600519,贵州茅台,-4.05,618.03,7.76E+11
2017/10/30,'600519,贵州茅台,-27.55,622.08,7.81E+11
2017/10/27,'600519,贵州茅台,44.54,649.63,8.16E+11
2017/10/26,'600519,贵州茅台,39.42,605.09,7.60E+11
2017/10/25,'600519,贵州茅台,-1.66,565.67,7.11E+11
2017/10/24,'600519,贵州茅台,-6.08,567.33,7.13E+11
2017/10/23,'600519,贵州茅台,-0.92,573.41,7.20E+11
2017/10/20,'600519,贵州茅台,-8.27,574.33,7.21E+11
2017/10/19,'600519,贵州茅台,21.88,582.6,7.32E+11
2017/10/18,'600519,贵州茅台,3.99,560.72,7.04E+11
2017/10/17,'600519,贵州茅台,-3.96,556.73,6.99E+11
2017/10/16,'600519,贵州茅台,4.54,560.69,7.04E+11
2017/10/13,'600519,贵州茅台,12.06,556.15,6.99E+11
2017/10/12,'600519,贵州茅台,-1.45,544.09,6.83E+11
2017/10/11,'600519,贵州茅台,5.48,545.54,6.85E+11
2017/10/10,'600519,贵州茅台,12.29,540.06,6.78E+11
2017/10/9,'600519,贵州茅台,10.13,527.77,6.63E+11
2017/9/29,'600519,贵州茅台,-0.82,517.64,6.50E+11
2017/9/28,'600519,贵州茅台,10.25,518.46,6.51E+11
2017/9/27,'600519,贵州茅台,-1.08,508.21,6.38E+11
2017/9/26,'600519,贵州茅台,2.05,509.29,6.40E+11
2017/9/25,'600519,贵州茅台,7.31,507.24,6.37E+11
2017/9/22,'600519,贵州茅台,1.16,499.93,6.28E+11
2017/9/21,'600519,贵州茅台,2.57,498.77,6.27E+11
2017/9/20,'600519,贵州茅台,-0.75,496.2,6.23E+11
2017/9/19,'600519,贵州茅台,-2.02,496.95,6.24E+11
2017/9/18,'600519,贵州茅台,9.13,498.97,6.27E+11
2017/9/15,'600519,贵州茅台,-0.87,489.84,6.15E+11
2017/9/14,'600519,贵州茅台,-0.92,490.71,6.16E+11
2017/9/13,'600519,贵州茅台,6.72,491.63,6.18E+11
2017/9/12,'600519,贵州茅台,6.59,484.91,6.09E+11
2017/9/11,'600519,贵州茅台,3.95,478.32,6.01E+11
2017/9/8,'600519,贵州茅台,-6.9,474.37,5.96E+11
2017/9/7,'600519,贵州茅台,-3.71,481.27,6.05E+11
2017/9/6,'600519,贵州茅台,-5.01,484.98,6.09E+11
2017/9/5,'600519,贵州茅台,-2.43,489.99,6.16E+11
2017/9/4,'600519,贵州茅台,-2.76,492.42,6.19E+11
2017/9/1,'600519,贵州茅台,4.03,495.18,6.22E+11
2017/8/31,'600519,贵州茅台,-1.82,491.15,6.17E+11
2017/8/30,'600519,贵州茅台,3.53,492.97,6.19E+11
2017/8/29,'600519,贵州茅台,-2.6,489.44,6.15E+11
2017/8/28,'600519,贵州茅台,-0.95,492.04,6.18E+11
2017/8/25,'600519,贵州茅台,0.18,492.99,6.19E+11
2017/8/24,'600519,贵州茅台,-1.2,492.81,6.19E+11
2017/8/23,'600519,贵州茅台,6.79,494.01,6.21E+11
2017/8/22,'600519,贵州茅台,-2.51,487.22,6.12E+11
2017/8/21,'600519,贵州茅台,0.08,489.73,6.15E+11
2017/8/18,'600519,贵州茅台,-3.04,489.65,6.15E+11
2017/8/17,'600519,贵州茅台,-3.8,492.69,6.19E+11
2017/8/16,'600519,贵州茅台,0.52,496.49,6.24E+11
2017/8/15,'600519,贵州茅台,-3.86,495.97,6.23E+11
2017/8/14,'600519,贵州茅台,15.77,499.83,6.28E+11
2017/8/11,'600519,贵州茅台,-7.57,484.06,6.08E+11
2017/8/10,'600519,贵州茅台,0.78,491.63,6.18E+11
2017/8/9,'600519,贵州茅台,8.27,490.85,6.17E+11
2017/8/8,'600519,贵州茅台,1.02,482.58,6.06E+11
2017/8/7,'600519,贵州茅台,7.92,481.56,6.05E+11
2017/8/4,'600519,贵州茅台,-3.58,473.64,5.95E+11
2017/8/3,'600519,贵州茅台,-5.62,477.22,5.99E+11
2017/8/2,'600519,贵州茅台,2.6,482.84,6.07E+11
2017/8/1,'600519,贵州茅台,-0.98,480.24,6.03E+11
2017/7/31,'600519,贵州茅台,-2.7,481.22,6.05E+11
2017/7/28,'600519,贵州茅台,10.05,483.92,6.08E+11
2017/7/27,'600519,贵州茅台,2.24,473.87,5.95E+11
2017/7/26,'600519,贵州茅台,-6.33,471.63,5.92E+11
2017/7/25,'600519,贵州茅台,0.16,477.96,6.00E+11
2017/7/24,'600519,贵州茅台,4.6,477.8,6.00E+11
2017/7/21,'600519,贵州茅台,6.73,473.2,5.94E+11
2017/7/20,'600519,贵州茅台,9.61,466.47,5.86E+11
2017/7/19,'600519,贵州茅台,4.31,456.86,5.74E+11
2017/7/18,'600519,贵州茅台,2.48,452.55,5.68E+11
2017/7/17,'600519,贵州茅台,-6.34,450.07,5.65E+11
2017/7/14,'600519,贵州茅台,0.25,456.41,5.73E+11
2017/7/13,'600519,贵州茅台,-1.31,456.16,5.73E+11
2017/7/12,'600519,贵州茅台,-5.66,457.47,5.75E+11
2017/7/11,'600519,贵州茅台,8.66,463.13,5.82E+11
2017/7/10,'600519,贵州茅台,8.5,454.47,5.71E+11
2017/7/7,'600519,XD贵州茅,-3.22,445.97,5.60E+11
2017/7/6,'600519,贵州茅台,-4.15,455.98,5.73E+11
2017/7/5,'600519,贵州茅台,8.21,460.13,5.78E+11
2017/7/4,'600519,贵州茅台,-8.45,451.92,5.68E+11
2017/7/3,'600519,贵州茅台,-11.48,460.37,5.78E+11
2017/6/30,'600519,贵州茅台,-1.16,471.85,5.93E+11
2017/6/29,'600519,贵州茅台,-2.29,473.01,5.94E+11
2017/6/28,'600519,贵州茅台,-8.8,475.3,5.97E+11
2017/6/27,'600519,贵州茅台,-0.58,484.1,6.08E+11
2017/6/26,'600519,贵州茅台,11.95,484.68,6.09E+11
2017/6/23,'600519,贵州茅台,-0.02,472.73,5.94E+11
2017/6/22,'600519,贵州茅台,0.04,472.75,5.94E+11
2017/6/21,'600519,贵州茅台,6.41,472.71,5.94E+11
2017/6/20,'600519,贵州茅台,-3.87,466.3,5.86E+11
2017/6/19,'600519,贵州茅台,7.54,470.17,5.91E+11
2017/6/16,'600519,贵州茅台,-1.67,462.63,5.81E+11
2017/6/15,'600519,贵州茅台,-10.09,464.3,5.83E+11
2017/6/14,'600519,贵州茅台,1.35,474.39,5.96E+11
2017/6/13,'600519,贵州茅台,0.16,473.04,5.94E+11
2017/6/12,'600519,贵州茅台,7.14,472.88,5.94E+11
2017/6/9,'600519,贵州茅台,1.43,465.74,5.85E+11
2017/6/8,'600519,贵州茅台,4.94,464.31,5.83E+11
2017/6/7,'600519,贵州茅台,10.55,459.37,5.77E+11
2017/6/6,'600519,贵州茅台,4.41,448.82,5.64E+11
2017/6/5,'600519,贵州茅台,-2.9,444.41,5.58E+11
2017/6/2,'600519,贵州茅台,-1.97,447.31,5.62E+11
2017/6/1,'600519,贵州茅台,6.34,449.28,5.64E+11
2017/5/31,'600519,贵州茅台,-8.98,442.94,5.56E+11
2017/5/26,'600519,贵州茅台,1.32,451.92,5.68E+11
2017/5/25,'600519,贵州茅台,0.28,450.6,5.66E+11
2017/5/24,'600519,贵州茅台,-3.88,450.32,5.66E+11
2017/5/23,'600519,贵州茅台,12.42,454.2,5.71E+11
2017/5/22,'600519,贵州茅台,0.96,441.78,5.55E+11
2017/5/19,'600519,贵州茅台,11.28,440.82,5.54E+11
2017/5/18,'600519,贵州茅台,2.94,429.54,5.40E+11
2017/5/17,'600519,贵州茅台,-3.52,426.6,5.36E+11
2017/5/16,'600519,贵州茅台,10.57,430.12,5.40E+11
2017/5/15,'600519,贵州茅台,6.08,419.55,5.27E+11
2017/5/12,'600519,贵州茅台,1.31,413.47,5.19E+11
2017/5/11,'600519,贵州茅台,2.07,412.16,5.18E+11
2017/5/10,'600519,贵州茅台,1.33,410.09,5.15E+11
2017/5/9,'600519,贵州茅台,3.28,408.76,5.13E+11
2017/5/8,'600519,贵州茅台,-10.71,405.48,5.09E+11
2017/5/5,'600519,贵州茅台,0.19,416.19,5.23E+11
2017/5/4,'600519,贵州茅台,-1.61,416,5.23E+11
2017/5/3,'600519,贵州茅台,5.53,417.61,5.25E+11
2017/5/2,'600519,贵州茅台,-1.4,412.08,5.18E+11
2017/4/28,'600519,贵州茅台,-7.96,413.48,5.19E+11
2017/4/27,'600519,贵州茅台,3.48,421.44,5.29E+11
2017/4/26,'600519,贵州茅台,-0.93,417.96,5.25E+11
2017/4/25,'600519,贵州茅台,20.34,418.89,5.26E+11
2017/4/24,'600519,贵州茅台,-1.98,398.55,5.01E+11
2017/4/21,'600519,贵州茅台,-14.78,400.53,5.03E+11
2017/4/20,'600519,贵州茅台,9.57,415.31,5.22E+11
2017/4/19,'600519,贵州茅台,1.09,405.74,5.10E+11
2017/4/18,'600519,贵州茅台,8.86,404.65,5.08E+11
2017/4/17,'600519,贵州茅台,0.34,395.79,4.97E+11
2017/4/14,'600519,贵州茅台,-2.94,395.45,4.97E+11
2017/4/13,'600519,贵州茅台,8.16,398.39,5.00E+11
2017/4/12,'600519,贵州茅台,4.94,390.23,4.90E+11
2017/4/11,'600519,贵州茅台,-3.91,385.29,4.84E+11
2017/4/10,'600519,贵州茅台,-3.67,389.2,4.89E+11
2017/4/7,'600519,贵州茅台,0.96,392.87,4.94E+11
2017/4/6,'600519,贵州茅台,2.25,391.91,4.92E+11
2017/4/5,'600519,贵州茅台,3.3,389.66,4.89E+11
2017/3/31,'600519,贵州茅台,0.22,386.36,4.85E+11
2017/3/30,'600519,贵州茅台,2.49,386.14,4.85E+11
2017/3/29,'600519,贵州茅台,3.39,383.65,4.82E+11
2017/3/28,'600519,贵州茅台,1.44,380.26,4.78E+11
2017/3/27,'600519,贵州茅台,-8,378.82,4.76E+11
2017/3/24,'600519,贵州茅台,-2.97,386.82,4.86E+11
2017/3/23,'600519,贵州茅台,-4.69,389.79,4.90E+11
2017/3/22,'600519,贵州茅台,0.47,394.48,4.96E+11
2017/3/21,'600519,贵州茅台,7.6,394.01,4.95E+11
2017/3/20,'600519,贵州茅台,7.93,386.41,4.85E+11
2017/3/17,'600519,贵州茅台,3.71,378.48,4.75E+11
2017/3/16,'600519,贵州茅台,0.09,374.77,4.71E+11
2017/3/15,'600519,贵州茅台,5.18,374.68,4.71E+11
2017/3/14,'600519,贵州茅台,-2.05,369.5,4.64E+11
2017/3/13,'600519,贵州茅台,1.7,371.55,4.67E+11
2017/3/10,'600519,贵州茅台,-0.05,369.85,4.65E+11
2017/3/9,'600519,贵州茅台,2.62,369.9,4.65E+11
2017/3/8,'600519,贵州茅台,0.08,367.28,4.61E+11
2017/3/7,'600519,贵州茅台,8.24,367.2,4.61E+11
2017/3/6,'600519,贵州茅台,2.42,358.96,4.51E+11
2017/3/3,'600519,贵州茅台,-0.28,356.54,4.48E+11
2017/3/2,'600519,贵州茅台,0.21,356.82,4.48E+11
2017/3/1,'600519,贵州茅台,1.95,356.61,4.48E+11
2017/2/28,'600519,贵州茅台,-2.54,354.66,4.46E+11
2017/2/27,'600519,贵州茅台,-5.42,357.2,4.49E+11
2017/2/24,'600519,贵州茅台,0.92,362.62,4.56E+11
2017/2/23,'600519,贵州茅台,-0.19,361.7,4.54E+11
2017/2/22,'600519,贵州茅台,3.15,361.89,4.55E+11
2017/2/21,'600519,贵州茅台,-2.55,358.74,4.51E+11
2017/2/20,'600519,贵州茅台,10.73,361.29,4.54E+11
2017/2/17,'600519,贵州茅台,2.47,350.56,4.40E+11
2017/2/16,'600519,贵州茅台,-0.44,348.09,4.37E+11
2017/2/15,'600519,贵州茅台,-1.68,348.53,4.38E+11
2017/2/14,'600519,贵州茅台,0.46,350.21,4.40E+11
2017/2/13,'600519,贵州茅台,4.67,349.75,4.39E+11
2017/2/10,'600519,贵州茅台,-2.53,345.08,4.33E+11
2017/2/9,'600519,贵州茅台,3.4,347.61,4.37E+11
2017/2/8,'600519,贵州茅台,0.63,344.21,4.32E+11
2017/2/7,'600519,贵州茅台,-3.27,343.58,4.32E+11
2017/2/6,'600519,贵州茅台,0,346.85,4.36E+11
2017/2/3,'600519,贵州茅台,2.43,346.85,4.36E+11
2017/1/26,'600519,贵州茅台,-3.21,344.42,4.33E+11
2017/1/25,'600519,贵州茅台,-2.68,347.63,4.37E+11
2017/1/24,'600519,贵州茅台,-0.91,350.31,4.40E+11
2017/1/23,'600519,贵州茅台,-3.77,351.22,4.41E+11
2017/1/20,'600519,贵州茅台,0.27,354.99,4.46E+11
2017/1/19,'600519,贵州茅台,-0.36,354.72,4.46E+11
2017/1/18,'600519,贵州茅台,5.95,355.08,4.46E+11
2017/1/17,'600519,贵州茅台,7.66,349.13,4.39E+11
2017/1/16,'600519,贵州茅台,-3.4,341.47,4.29E+11
2017/1/13,'600519,贵州茅台,-2.18,344.87,4.33E+11
2017/1/12,'600519,贵州茅台,1.6,347.05,4.36E+11
2017/1/11,'600519,贵州茅台,-3.55,345.45,4.34E+11
2017/1/10,'600519,贵州茅台,0.49,349,4.38E+11
2017/1/9,'600519,贵州茅台,-2.25,348.51,4.38E+11
2017/1/6,'600519,贵州茅台,4.02,350.76,4.41E+11
2017/1/5,'600519,贵州茅台,-5.17,346.74,4.36E+11
2017/1/4,'600519,贵州茅台,17.35,351.91,4.42E+11
2017/1/3,'600519,贵州茅台,0.41,334.56,4.20E+11
2016/12/30,'600519,贵州茅台,6.84,334.15,4.20E+11
2016/12/29,'600519,贵州茅台,3.59,327.31,4.11E+11
2016/12/28,'600519,贵州茅台,-2.44,323.72,4.07E+11
2016/12/27,'600519,贵州茅台,1.68,326.16,4.10E+11
2016/12/26,'600519,贵州茅台,4.45,324.48,4.08E+11
2016/12/23,'600519,贵州茅台,-5.17,320.03,4.02E+11
2016/12/22,'600519,贵州茅台,-3.46,325.2,4.09E+11
2016/12/21,'600519,贵州茅台,2.18,328.66,4.13E+11
2016/12/20,'600519,贵州茅台,0.52,326.48,4.10E+11
2016/12/19,'600519,贵州茅台,-1.62,325.96,4.09E+11
2016/12/16,'600519,贵州茅台,-0.47,327.58,4.12E+11
2016/12/15,'600519,贵州茅台,-4.22,328.05,4.12E+11
2016/12/14,'600519,贵州茅台,-0.74,332.27,4.17E+11
2016/12/13,'600519,贵州茅台,6.15,333.01,4.18E+11
2016/12/12,'600519,贵州茅台,-10.9,326.86,4.11E+11
2016/12/9,'600519,贵州茅台,0.05,337.76,4.24E+11
2016/12/8,'600519,贵州茅台,10.26,337.71,4.24E+11
2016/12/7,'600519,贵州茅台,1.03,327.45,4.11E+11
2016/12/6,'600519,贵州茅台,10.49,326.42,4.10E+11
2016/12/5,'600519,贵州茅台,-5.84,315.93,3.97E+11
2016/12/2,'600519,贵州茅台,0.75,321.77,4.04E+11
2016/12/1,'600519,贵州茅台,1.94,321.02,4.03E+11
2016/11/30,'600519,贵州茅台,-4.88,319.08,4.01E+11
2016/11/29,'600519,贵州茅台,4.46,323.96,4.07E+11
2016/11/28,'600519,贵州茅台,2.61,319.5,4.01E+11
2016/11/25,'600519,贵州茅台,-0.04,316.89,3.98E+11
2016/11/24,'600519,贵州茅台,3.98,316.93,3.98E+11
2016/11/23,'600519,贵州茅台,4.08,312.95,3.93E+11
2016/11/22,'600519,贵州茅台,-0.63,308.87,3.88E+11
2016/11/21,'600519,贵州茅台,-0.5,309.5,3.89E+11
2016/11/18,'600519,贵州茅台,-1.04,310,3.89E+11
2016/11/17,'600519,贵州茅台,-2.11,311.04,3.91E+11
2016/11/16,'600519,贵州茅台,-0.86,313.15,3.93E+11
2016/11/15,'600519,贵州茅台,3.02,314.01,3.94E+11
2016/11/14,'600519,贵州茅台,-4.09,310.99,3.91E+11
2016/11/11,'600519,贵州茅台,-4.05,315.08,3.96E+11
2016/11/10,'600519,贵州茅台,2.32,319.13,4.01E+11
2016/11/9,'600519,贵州茅台,-3.19,316.81,3.98E+11
2016/11/8,'600519,贵州茅台,4.67,320,4.02E+11
2016/11/7,'600519,贵州茅台,0.51,315.33,3.96E+11
2016/11/4,'600519,贵州茅台,-1.04,314.82,3.95E+11
2016/11/3,'600519,贵州茅台,0.68,315.86,3.97E+11
2016/11/2,'600519,贵州茅台,-1.5,315.18,3.96E+11
2016/11/1,'600519,贵州茅台,-1.27,316.68,3.98E+11
2016/10/31,'600519,贵州茅台,0.9,317.95,3.99E+11
2016/10/28,'600519,贵州茅台,0.18,317.05,3.98E+11
2016/10/27,'600519,贵州茅台,3.19,316.87,3.98E+11
2016/10/26,'600519,贵州茅台,0.74,313.68,3.94E+11
2016/10/25,'600519,贵州茅台,6.01,312.94,3.93E+11
2016/10/24,'600519,贵州茅台,2.74,306.93,3.86E+11
2016/10/21,'600519,贵州茅台,-1.29,304.19,3.82E+11
2016/10/20,'600519,贵州茅台,-0.97,305.48,3.84E+11
2016/10/19,'600519,贵州茅台,-0.71,306.45,3.85E+11
2016/10/18,'600519,贵州茅台,4.71,307.16,3.86E+11
2016/10/17,'600519,贵州茅台,-3.15,302.45,3.80E+11
2016/10/14,'600519,贵州茅台,1.71,305.6,3.84E+11
2016/10/13,'600519,贵州茅台,-1.93,303.89,3.82E+11
2016/10/12,'600519,贵州茅台,-3.1,305.82,3.84E+11
2016/10/11,'600519,贵州茅台,5.96,308.92,3.88E+11
2016/10/10,'600519,贵州茅台,5.05,302.96,3.81E+11
2016/9/30,'600519,贵州茅台,6.93,297.91,3.74E+11
2016/9/29,'600519,贵州茅台,2.57,290.98,3.66E+11
2016/9/28,'600519,贵州茅台,-2.76,288.41,3.62E+11
2016/9/27,'600519,贵州茅台,2.44,291.17,3.66E+11
2016/9/26,'600519,贵州茅台,-8.95,288.73,3.63E+11
2016/9/23,'600519,贵州茅台,0.7,297.68,3.74E+11
2016/9/22,'600519,贵州茅台,2.93,296.98,3.73E+11
2016/9/21,'600519,贵州茅台,-0.91,294.05,3.69E+11
2016/9/20,'600519,贵州茅台,-5.17,294.96,3.71E+11
2016/9/19,'600519,贵州茅台,0.56,300.13,3.77E+11
2016/9/14,'600519,贵州茅台,-0.86,299.57,3.76E+11
2016/9/13,'600519,贵州茅台,2.37,300.43,3.77E+11
2016/9/12,'600519,贵州茅台,-6.57,298.06,3.74E+11
2016/9/9,'600519,贵州茅台,-1.19,304.63,3.83E+11
2016/9/8,'600519,贵州茅台,-0.78,305.82,3.84E+11
2016/9/7,'600519,贵州茅台,-3.34,306.6,3.85E+11
2016/9/6,'600519,贵州茅台,1.44,309.94,3.89E+11
2016/9/5,'600519,贵州茅台,2.72,308.5,3.88E+11
2016/9/2,'600519,贵州茅台,-2.93,305.78,3.84E+11
2016/9/1,'600519,贵州茅台,-1.48,308.71,3.88E+11
2016/8/31,'600519,贵州茅台,4.33,310.19,3.90E+11
2016/8/30,'600519,贵州茅台,-1.67,305.86,3.84E+11
2016/8/29,'600519,贵州茅台,6.08,307.53,3.86E+11
2016/8/26,'600519,贵州茅台,-1.56,301.45,3.79E+11
2016/8/25,'600519,贵州茅台,-2.27,303.01,3.81E+11
2016/8/24,'600519,贵州茅台,-1.6,305.28,3.83E+11
2016/8/23,'600519,贵州茅台,-0.44,306.88,3.86E+11
2016/8/22,'600519,贵州茅台,0.84,307.32,3.86E+11
2016/8/19,'600519,贵州茅台,0.05,306.48,3.85E+11
2016/8/18,'600519,贵州茅台,-1.73,306.43,3.85E+11
2016/8/17,'600519,贵州茅台,-1.36,308.16,3.87E+11
2016/8/16,'600519,贵州茅台,-9.26,309.52,3.89E+11
2016/8/15,'600519,贵州茅台,1.81,318.78,4.00E+11
2016/8/12,'600519,贵州茅台,0.2,316.97,3.98E+11
2016/8/11,'600519,贵州茅台,2.96,316.77,3.98E+11
2016/8/10,'600519,贵州茅台,-1.94,313.81,3.94E+11
2016/8/9,'600519,贵州茅台,7.65,315.75,3.97E+11
2016/8/8,'600519,贵州茅台,2.17,308.1,3.87E+11
2016/8/5,'600519,贵州茅台,-0.37,305.93,3.84E+11
2016/8/4,'600519,贵州茅台,-0.52,306.3,3.85E+11
2016/8/3,'600519,贵州茅台,0.61,306.82,3.85E+11
2016/8/2,'600519,贵州茅台,-0.75,306.21,3.85E+11
2016/8/1,'600519,贵州茅台,-6.19,306.96,3.86E+11
2016/7/29,'600519,贵州茅台,-2.9,313.15,3.93E+11
2016/7/28,'600519,贵州茅台,2.04,316.05,3.97E+11
2016/7/27,'600519,贵州茅台,-5.03,314.01,3.94E+11
2016/7/26,'600519,贵州茅台,7.78,319.04,4.01E+11
2016/7/25,'600519,贵州茅台,3.34,311.26,3.91E+11
2016/7/22,'600519,贵州茅台,-6.46,307.92,3.87E+11
2016/7/21,'600519,贵州茅台,5.82,314.38,3.95E+11
2016/7/20,'600519,贵州茅台,0.45,308.56,3.88E+11
2016/7/19,'600519,贵州茅台,-8.1,308.11,3.87E+11
2016/7/18,'600519,贵州茅台,-1.31,316.21,3.97E+11
2016/7/15,'600519,贵州茅台,0.43,317.52,3.99E+11
2016/7/14,'600519,贵州茅台,-0.1,317.09,3.98E+11
2016/7/13,'600519,贵州茅台,-7.54,317.19,3.98E+11
2016/7/12,'600519,贵州茅台,9.59,324.73,4.08E+11
2016/7/11,'600519,贵州茅台,5.23,315.14,3.96E+11
2016/7/8,'600519,贵州茅台,-7,309.91,3.89E+11
2016/7/7,'600519,贵州茅台,-0.28,316.91,3.98E+11
2016/7/6,'600519,贵州茅台,16.61,317.19,3.98E+11
2016/7/5,'600519,贵州茅台,6.68,300.58,3.78E+11
2016/7/4,'600519,贵州茅台,7.73,293.9,3.69E+11
2016/7/1,'600519,XD贵州茅,0.42,286.17,3.59E+11
2016/6/30,'600519,贵州茅台,3.74,291.92,3.67E+11
2016/6/29,'600519,贵州茅台,-0.03,288.18,3.62E+11
2016/6/28,'600519,贵州茅台,0.53,288.21,3.62E+11
2016/6/27,'600519,贵州茅台,13.91,287.68,3.61E+11
2016/6/24,'600519,贵州茅台,-2.67,273.77,3.44E+11
2016/6/23,'600519,贵州茅台,-2,276.44,3.47E+11
2016/6/22,'600519,贵州茅台,4.63,278.44,3.50E+11
2016/6/21,'600519,贵州茅台,-2.3,273.81,3.44E+11
2016/6/20,'600519,贵州茅台,-2.15,276.11,3.47E+11
2016/6/17,'600519,贵州茅台,4.24,278.26,3.50E+11
2016/6/16,'600519,贵州茅台,-2.47,274.02,3.44E+11
2016/6/15,'600519,贵州茅台,3.74,276.49,3.47E+11
2016/6/14,'600519,贵州茅台,5.69,272.75,3.43E+11
2016/6/13,'600519,贵州茅台,-7.22,267.06,3.35E+11
2016/6/8,'600519,贵州茅台,-3.57,274.28,3.45E+11
2016/6/7,'600519,贵州茅台,1.8,277.85,3.49E+11
2016/6/6,'600519,贵州茅台,-7.84,276.05,3.47E+11
2016/6/3,'600519,贵州茅台,16.15,283.89,3.57E+11
2016/6/2,'600519,贵州茅台,3.95,267.74,3.36E+11
2016/6/1,'600519,贵州茅台,-0.68,263.79,3.31E+11
2016/5/31,'600519,贵州茅台,8.34,264.47,3.32E+11
2016/5/30,'600519,贵州茅台,3.69,256.13,3.22E+11
2016/5/27,'600519,贵州茅台,-0.27,252.44,3.17E+11
2016/5/26,'600519,贵州茅台,0.85,252.71,3.17E+11
2016/5/25,'600519,贵州茅台,-0.08,251.86,3.16E+11
2016/5/24,'600519,贵州茅台,-2.26,251.94,3.16E+11
2016/5/23,'600519,贵州茅台,2.94,254.2,3.19E+11
2016/5/20,'600519,贵州茅台,5.49,251.26,3.16E+11
2016/5/19,'600519,贵州茅台,1.33,245.77,3.09E+11
2016/5/18,'600519,贵州茅台,-5.59,244.44,3.07E+11
2016/5/17,'600519,贵州茅台,-1.6,250.03,3.14E+11
2016/5/16,'600519,贵州茅台,0.67,251.63,3.16E+11
2016/5/13,'600519,贵州茅台,-5,250.96,3.15E+11
2016/5/12,'600519,贵州茅台,-0.91,255.96,3.22E+11
2016/5/11,'600519,贵州茅台,4.79,256.87,3.23E+11
2016/5/10,'600519,贵州茅台,1.26,252.08,3.17E+11
2016/5/9,'600519,贵州茅台,-1.4,250.82,3.15E+11
2016/5/6,'600519,贵州茅台,-5.55,252.22,3.17E+11
2016/5/5,'600519,贵州茅台,1.56,257.77,3.24E+11
2016/5/4,'600519,贵州茅台,-3.79,256.21,3.22E+11
2016/5/3,'600519,贵州茅台,8.8,260,3.27E+11
2016/4/29,'600519,贵州茅台,4.76,251.2,3.16E+11
2016/4/28,'600519,贵州茅台,1.56,246.44,3.10E+11
2016/4/27,'600519,贵州茅台,1.02,244.88,3.08E+11
2016/4/26,'600519,贵州茅台,-0.66,243.86,3.06E+11
2016/4/25,'600519,贵州茅台,-2.88,244.52,3.07E+11
2016/4/22,'600519,贵州茅台,7.03,247.4,3.11E+11
2016/4/21,'600519,贵州茅台,1.93,240.37,3.02E+11
2016/4/20,'600519,贵州茅台,-4.74,238.44,3.00E+11
2016/4/19,'600519,贵州茅台,-0.5,243.18,3.05E+11
2016/4/18,'600519,贵州茅台,-1.22,243.68,3.06E+11
2016/4/15,'600519,贵州茅台,2.14,244.9,3.08E+11
2016/4/14,'600519,贵州茅台,0.52,242.76,3.05E+11
2016/4/13,'600519,贵州茅台,-2.68,242.24,3.04E+11
2016/4/12,'600519,贵州茅台,1.2,244.92,3.08E+11
2016/4/11,'600519,贵州茅台,-6.14,243.72,3.06E+11
2016/4/8,'600519,贵州茅台,-4.25,249.86,3.14E+11
2016/4/7,'600519,贵州茅台,-3.1,254.11,3.19E+11
2016/4/6,'600519,贵州茅台,11.69,257.21,3.23E+11
2016/4/5,'600519,贵州茅台,0.43,245.52,3.08E+11
2016/4/1,'600519,贵州茅台,-2.55,245.09,3.08E+11
2016/3/31,'600519,贵州茅台,-1.02,247.64,3.11E+11
2016/3/30,'600519,贵州茅台,0.55,248.66,3.12E+11
2016/3/29,'600519,贵州茅台,-1.47,248.11,3.12E+11
2016/3/28,'600519,贵州茅台,4.6,249.58,3.14E+11
2016/3/25,'600519,贵州茅台,2.32,244.98,3.08E+11
2016/3/24,'600519,贵州茅台,7.69,242.66,3.05E+11
2016/3/23,'600519,贵州茅台,0.48,234.97,2.95E+11
2016/3/22,'600519,贵州茅台,2.51,234.49,2.95E+11
2016/3/21,'600519,贵州茅台,5.98,231.98,2.91E+11
2016/3/18,'600519,贵州茅台,-3.56,226,2.84E+11
2016/3/17,'600519,贵州茅台,0.95,229.56,2.88E+11
2016/3/16,'600519,贵州茅台,-3.31,228.61,2.87E+11
2016/3/15,'600519,贵州茅台,7.35,231.92,2.91E+11
2016/3/14,'600519,贵州茅台,-3.48,224.57,2.82E+11
2016/3/11,'600519,贵州茅台,-0.01,228.05,2.86E+11
2016/3/10,'600519,贵州茅台,0.62,228.06,2.86E+11
2016/3/9,'600519,贵州茅台,-1.77,227.44,2.86E+11
2016/3/8,'600519,贵州茅台,-4.43,229.21,2.88E+11
2016/3/7,'600519,贵州茅台,-5.14,233.64,2.93E+11
2016/3/4,'600519,贵州茅台,10.97,238.78,3.00E+11
2016/3/3,'600519,贵州茅台,3.59,227.81,2.86E+11
2016/3/2,'600519,贵州茅台,5.8,224.22,2.82E+11
2016/3/1,'600519,贵州茅台,3.51,218.42,2.74E+11
2016/2/29,'600519,贵州茅台,-1.93,214.91,2.70E+11
2016/2/26,'600519,贵州茅台,4.43,216.84,2.72E+11
2016/2/25,'600519,贵州茅台,-5.33,212.41,2.67E+11
2016/2/24,'600519,贵州茅台,5.33,217.74,2.74E+11
2016/2/23,'600519,贵州茅台,4.61,212.41,2.67E+11
2016/2/22,'600519,贵州茅台,4.69,207.8,2.61E+11
2016/2/19,'600519,贵州茅台,1.4,203.11,2.55E+11
2016/2/18,'600519,贵州茅台,-0.59,201.71,2.53E+11
2016/2/17,'600519,贵州茅台,-1.62,202.3,2.54E+11
2016/2/16,'600519,贵州茅台,3.51,203.92,2.56E+11
2016/2/15,'600519,贵州茅台,-3.46,200.41,2.52E+11
2016/2/5,'600519,贵州茅台,-1.12,203.87,2.56E+11
2016/2/4,'600519,贵州茅台,1.33,204.99,2.58E+11
2016/2/3,'600519,贵州茅台,-0.89,203.66,2.56E+11
2016/2/2,'600519,贵州茅台,3.26,204.55,2.57E+11
2016/2/1,'600519,贵州茅台,0.64,201.29,2.53E+11
2016/1/29,'600519,贵州茅台,4.01,200.65,2.52E+11
2016/1/28,'600519,贵州茅台,-3.29,196.64,2.47E+11
2016/1/27,'600519,贵州茅台,0.92,199.93,2.51E+11
2016/1/26,'600519,贵州茅台,-3.76,199.01,2.50E+11
2016/1/25,'600519,贵州茅台,0.03,202.77,2.55E+11
2016/1/22,'600519,贵州茅台,2.48,202.74,2.55E+11
2016/1/21,'600519,贵州茅台,-2.06,200.26,2.52E+11
2016/1/20,'600519,贵州茅台,-7.92,202.32,2.54E+11
2016/1/19,'600519,贵州茅台,10.81,210.24,2.64E+11
2016/1/18,'600519,贵州茅台,0.43,199.43,2.51E+11
2016/1/15,'600519,贵州茅台,-5.82,199,2.50E+11
2016/1/14,'600519,贵州茅台,5.04,204.82,2.57E+11
2016/1/13,'600519,贵州茅台,2.99,199.78,2.51E+11
2016/1/12,'600519,贵州茅台,-3.07,196.79,2.47E+11
2016/1/11,'600519,贵州茅台,-4.77,199.86,2.51E+11
2016/1/8,'600519,贵州茅台,2.4,204.63,2.57E+11
2016/1/7,'600519,贵州茅台,-9.95,202.23,2.54E+11
2016/1/6,'600519,贵州茅台,-0.64,212.18,2.67E+11
2016/1/5,'600519,贵州茅台,2.8,212.82,2.67E+11
2016/1/4,'600519,贵州茅台,-8.17,210.02,2.64E+11
2015/12/31,'600519,贵州茅台,-0.67,218.19,2.74E+11
2015/12/30,'600519,贵州茅台,-0.97,218.86,2.75E+11
2015/12/29,'600519,贵州茅台,0.71,219.83,2.76E+11
2015/12/28,'600519,贵州茅台,-5.38,219.12,2.75E+11
2015/12/25,'600519,贵州茅台,-0.28,224.5,2.82E+11
2015/12/24,'600519,贵州茅台,1.78,224.78,2.82E+11
2015/12/23,'600519,贵州茅台,-2.03,223,2.80E+11
2015/12/22,'600519,贵州茅台,-2,225.03,2.83E+11
2015/12/21,'600519,贵州茅台,10.15,227.03,2.85E+11
2015/12/18,'600519,贵州茅台,1.02,216.88,2.72E+11
2015/12/17,'600519,贵州茅台,1.95,215.86,2.71E+11
2015/12/16,'600519,贵州茅台,-0.6,213.91,2.69E+11
2015/12/15,'600519,贵州茅台,0.41,214.51,2.69E+11
2015/12/14,'600519,贵州茅台,2.69,214.1,2.69E+11
2015/12/11,'600519,贵州茅台,-1.55,211.41,2.66E+11
2015/12/10,'600519,贵州茅台,-1.51,212.96,2.68E+11
2015/12/9,'600519,贵州茅台,2.53,214.47,2.69E+11
2015/12/8,'600519,贵州茅台,-2.57,211.94,2.66E+11
2015/12/7,'600519,贵州茅台,-0.8,214.51,2.69E+11
2015/12/4,'600519,贵州茅台,-4.89,215.31,2.70E+11
2015/12/3,'600519,贵州茅台,-1.38,220.2,2.77E+11
2015/12/2,'600519,贵州茅台,7.78,221.58,2.78E+11
2015/12/1,'600519,贵州茅台,-0.51,213.8,2.69E+11
2015/11/30,'600519,贵州茅台,6.57,214.31,2.69E+11
2015/11/27,'600519,贵州茅台,-5.1,207.74,2.61E+11
2015/11/26,'600519,贵州茅台,-0.14,212.84,2.67E+11
2015/11/25,'600519,贵州茅台,1.29,212.98,2.68E+11
2015/11/24,'600519,贵州茅台,-0.93,211.69,2.66E+11
2015/11/23,'600519,贵州茅台,-1.1,212.62,2.67E+11
2015/11/20,'600519,贵州茅台,-1.31,213.72,2.68E+11
2015/11/19,'600519,贵州茅台,0.37,215.03,2.70E+11
2015/11/18,'600519,贵州茅台,0.3,214.66,2.70E+11
2015/11/17,'600519,贵州茅台,0.58,214.36,2.69E+11
2015/11/16,'600519,贵州茅台,-1.33,213.78,2.69E+11
2015/11/13,'600519,贵州茅台,-4.9,215.11,2.70E+11
2015/11/12,'600519,贵州茅台,-0.14,220.01,2.76E+11
2015/11/11,'600519,贵州茅台,-2.23,220.15,2.77E+11
2015/11/10,'600519,贵州茅台,1.55,222.38,2.79E+11
2015/11/9,'600519,贵州茅台,2.41,220.83,2.77E+11
2015/11/6,'600519,贵州茅台,1.86,218.42,2.74E+11
2015/11/5,'600519,贵州茅台,1.58,216.56,2.72E+11
2015/11/4,'600519,贵州茅台,5.27,214.98,2.70E+11
2015/11/3,'600519,贵州茅台,-2.85,209.71,2.63E+11
2015/11/2,'600519,贵州茅台,-1.3,212.56,2.67E+11
2015/10/30,'600519,贵州茅台,0.86,213.86,2.69E+11
2015/10/29,'600519,贵州茅台,0.56,213,2.68E+11
2015/10/28,'600519,贵州茅台,-2.81,212.44,2.67E+11
2015/10/27,'600519,贵州茅台,-2.48,215.25,2.70E+11
2015/10/26,'600519,贵州茅台,6.75,217.73,2.74E+11
2015/10/23,'600519,贵州茅台,8.45,210.98,2.65E+11
2015/10/22,'600519,贵州茅台,2.22,202.53,2.54E+11
2015/10/21,'600519,贵州茅台,-1.66,200.31,2.52E+11
2015/10/20,'600519,贵州茅台,-0.75,201.97,2.54E+11
2015/10/19,'600519,贵州茅台,1.98,202.72,2.55E+11
2015/10/16,'600519,贵州茅台,0.75,200.74,2.52E+11
2015/10/15,'600519,贵州茅台,2.16,199.99,2.51E+11
2015/10/14,'600519,贵州茅台,-0.91,197.83,2.49E+11
2015/10/13,'600519,贵州茅台,0.65,198.74,2.50E+11
2015/10/12,'600519,贵州茅台,1.14,198.09,2.49E+11
2015/10/9,'600519,贵州茅台,-0.57,196.95,2.47E+11
2015/10/8,'600519,贵州茅台,7.21,197.52,2.48E+11
2015/9/30,'600519,贵州茅台,0.14,190.31,2.39E+11
2015/9/29,'600519,贵州茅台,-1.21,190.17,2.39E+11
2015/9/28,'600519,贵州茅台,-2.08,191.38,2.40E+11
2015/9/25,'600519,贵州茅台,-0.54,193.46,2.43E+11
2015/9/24,'600519,贵州茅台,-0.72,194,2.44E+11
2015/9/23,'600519,贵州茅台,-4.55,194.72,2.45E+11
2015/9/22,'600519,贵州茅台,-0.03,199.27,2.50E+11
2015/9/21,'600519,贵州茅台,-0.13,199.3,2.50E+11
2015/9/18,'600519,贵州茅台,1.43,199.43,2.51E+11
2015/9/17,'600519,贵州茅台,-6.55,198,2.49E+11
2015/9/16,'600519,贵州茅台,2.55,204.55,2.57E+11
2015/9/15,'600519,贵州茅台,-0.53,202,2.54E+11
2015/9/14,'600519,贵州茅台,9.62,202.53,2.54E+11
2015/9/11,'600519,贵州茅台,-0.3,192.91,2.42E+11
2015/9/10,'600519,贵州茅台,1.35,193.21,2.43E+11
2015/9/9,'600519,贵州茅台,2.54,191.86,2.41E+11
2015/9/8,'600519,贵州茅台,0.61,189.32,2.38E+11
2015/9/7,'600519,贵州茅台,-5.9,188.71,2.37E+11
2015/9/2,'600519,贵州茅台,0.24,194.61,2.44E+11
2015/9/1,'600519,贵州茅台,-1,194.37,2.44E+11
2015/8/31,'600519,贵州茅台,2.72,195.37,2.45E+11
2015/8/28,'600519,贵州茅台,-4.42,192.65,2.42E+11
2015/8/27,'600519,贵州茅台,13.19,197.07,2.48E+11
2015/8/26,'600519,贵州茅台,7.29,183.88,2.31E+11
2015/8/25,'600519,贵州茅台,6.95,176.59,2.22E+11
2015/8/24,'600519,贵州茅台,-16.69,169.64,2.13E+11
2015/8/21,'600519,贵州茅台,-8.74,186.33,2.34E+11
2015/8/20,'600519,贵州茅台,-6.55,195.07,2.45E+11
2015/8/19,'600519,贵州茅台,0.56,201.62,2.53E+11
2015/8/18,'600519,贵州茅台,-5.16,201.06,2.53E+11
2015/8/17,'600519,贵州茅台,-3.76,206.22,2.59E+11
2015/8/14,'600519,贵州茅台,0.47,209.98,2.64E+11
2015/8/13,'600519,贵州茅台,0.04,209.51,2.63E+11
2015/8/12,'600519,贵州茅台,-1.28,209.47,2.63E+11
2015/8/11,'600519,贵州茅台,-1.55,210.75,2.65E+11
2015/8/10,'600519,贵州茅台,5.37,212.3,2.67E+11
2015/8/7,'600519,贵州茅台,1.97,206.93,2.60E+11
2015/8/6,'600519,贵州茅台,-2.23,204.96,2.57E+11
2015/8/5,'600519,贵州茅台,-4.78,207.19,2.60E+11
2015/8/4,'600519,贵州茅台,2.41,211.97,2.66E+11
2015/8/3,'600519,贵州茅台,2.73,209.56,2.63E+11
2015/7/31,'600519,贵州茅台,0.87,206.83,2.60E+11
2015/7/30,'600519,贵州茅台,-1.78,205.96,2.59E+11
2015/7/29,'600519,贵州茅台,1.91,207.74,2.61E+11
2015/7/28,'600519,贵州茅台,4.31,205.83,2.59E+11
2015/7/27,'600519,贵州茅台,-17.69,201.52,2.53E+11
2015/7/24,'600519,贵州茅台,-0.33,219.21,2.75E+11
2015/7/23,'600519,贵州茅台,2.41,219.54,2.76E+11
2015/7/22,'600519,贵州茅台,-4.53,217.13,2.73E+11
2015/7/21,'600519,贵州茅台,-3.45,221.66,2.78E+11
2015/7/20,'600519,贵州茅台,-3.18,225.11,2.83E+11
2015/7/17,'600519,DR贵州茅,3.55,228.29,2.87E+11
2015/7/16,'600519,贵州茅台,0.33,251.59,2.87E+11
2015/7/15,'600519,贵州茅台,2.21,251.26,2.87E+11
2015/7/14,'600519,贵州茅台,-8.7,249.05,2.84E+11
2015/7/13,'600519,贵州茅台,-7.84,257.75,2.94E+11
2015/7/10,'600519,贵州茅台,7.65,265.59,3.03E+11
2015/7/9,'600519,贵州茅台,21.08,257.94,2.95E+11
2015/7/8,'600519,贵州茅台,-7.32,236.86,2.70E+11
2015/7/7,'600519,贵州茅台,-9.86,244.18,2.79E+11
2015/7/6,'600519,贵州茅台,4.23,254.04,2.90E+11
2015/7/3,'600519,贵州茅台,-10.49,249.81,2.85E+11
2015/7/2,'600519,贵州茅台,2.81,260.3,2.97E+11
2015/7/1,'600519,贵州茅台,-0.16,257.49,2.94E+11
2015/6/30,'600519,贵州茅台,11.01,257.65,2.94E+11
2015/6/29,'600519,贵州茅台,4.19,246.64,2.82E+11
2015/6/26,'600519,贵州茅台,-9.34,242.45,2.77E+11
2015/6/25,'600519,贵州茅台,-9.42,251.79,2.88E+11
2015/6/24,'600519,贵州茅台,8.96,261.21,2.98E+11
2015/6/23,'600519,贵州茅台,16.94,252.25,2.88E+11
2015/6/19,'600519,贵州茅台,-8.66,235.31,2.69E+11
2015/6/18,'600519,贵州茅台,-11.12,243.97,2.79E+11
2015/6/17,'600519,贵州茅台,1.14,255.09,2.91E+11
2015/6/16,'600519,贵州茅台,-6.94,253.95,2.90E+11
2015/6/15,'600519,贵州茅台,-5.11,260.89,2.98E+11
2015/6/12,'600519,贵州茅台,5.94,266,3.04E+11
2015/6/11,'600519,贵州茅台,-0.99,260.06,2.97E+11
2015/6/10,'600519,贵州茅台,2.02,261.05,2.98E+11
2015/6/9,'600519,贵州茅台,-5.61,259.03,2.96E+11
2015/6/8,'600519,贵州茅台,10.8,264.64,3.02E+11
2015/6/5,'600519,贵州茅台,-4.37,253.84,2.90E+11
2015/6/4,'600519,贵州茅台,-4.58,258.21,2.95E+11
2015/6/3,'600519,贵州茅台,-3.83,262.79,3.00E+11
2015/6/2,'600519,贵州茅台,-4.84,266.62,3.04E+11
2015/6/1,'600519,贵州茅台,7.63,271.46,3.10E+11
2015/5/29,'600519,贵州茅台,2.72,263.83,3.01E+11
2015/5/28,'600519,贵州茅台,-15.79,261.11,2.98E+11
2015/5/27,'600519,贵州茅台,-8.64,276.9,3.16E+11
2015/5/26,'600519,贵州茅台,-1.29,285.54,3.26E+11
2015/5/25,'600519,贵州茅台,10.97,286.83,3.28E+11
2015/5/22,'600519,贵州茅台,17.27,275.86,3.15E+11
2015/5/21,'600519,贵州茅台,4.64,258.59,2.95E+11
2015/5/20,'600519,贵州茅台,3.91,253.95,2.90E+11
2015/5/19,'600519,贵州茅台,8.9,250.04,2.86E+11
2015/5/18,'600519,贵州茅台,-4.03,241.14,2.75E+11
2015/5/15,'600519,贵州茅台,-6.24,245.17,2.80E+11
2015/5/14,'600519,贵州茅台,-4.99,251.41,2.87E+11
2015/5/13,'600519,贵州茅台,1.98,256.4,2.93E+11
2015/5/12,'600519,贵州茅台,-3.02,254.42,2.91E+11
2015/5/11,'600519,贵州茅台,3.27,257.44,2.94E+11
2015/5/8,'600519,贵州茅台,9.24,254.17,2.90E+11
2015/5/7,'600519,贵州茅台,2.25,244.93,2.80E+11
2015/5/6,'600519,贵州茅台,1.73,242.68,2.77E+11
2015/5/5,'600519,贵州茅台,-14.02,240.95,2.75E+11
2015/5/4,'600519,贵州茅台,2.74,254.97,2.91E+11
2015/4/30,'600519,贵州茅台,2.45,252.23,2.88E+11
2015/4/29,'600519,贵州茅台,1.89,249.78,2.85E+11
2015/4/28,'600519,贵州茅台,-7.9,247.89,2.83E+11
2015/4/27,'600519,贵州茅台,-2.7,255.79,2.92E+11
2015/4/24,'600519,贵州茅台,2.45,258.49,2.95E+11
2015/4/23,'600519,贵州茅台,-7.85,256.04,2.92E+11
2015/4/22,'600519,贵州茅台,6.46,263.89,3.01E+11
2015/4/21,'600519,贵州茅台,23.4,257.43,2.94E+11
2015/4/20,'600519,贵州茅台,1.47,234.03,2.67E+11
2015/4/17,'600519,贵州茅台,6.29,232.56,2.66E+11
2015/4/16,'600519,贵州茅台,20.57,226.27,2.58E+11
2015/4/15,'600519,贵州茅台,-0.3,205.7,2.35E+11
2015/4/14,'600519,贵州茅台,2.1,206,2.35E+11
2015/4/13,'600519,贵州茅台,3.68,203.9,2.33E+11
2015/4/10,'600519,贵州茅台,0.22,200.22,2.29E+11
2015/4/9,'600519,贵州茅台,-4.5,200,2.28E+11
2015/4/8,'600519,贵州茅台,3.83,204.5,2.34E+11
2015/4/7,'600519,贵州茅台,3.86,200.67,2.29E+11
2015/4/3,'600519,贵州茅台,2.23,196.81,2.25E+11
2015/4/2,'600519,贵州茅台,-0.76,194.58,2.22E+11
2015/4/1,'600519,贵州茅台,-0.62,195.34,2.23E+11
2015/3/31,'600519,贵州茅台,-0.81,195.96,2.24E+11
2015/3/30,'600519,贵州茅台,2.22,196.77,2.25E+11
2015/3/27,'600519,贵州茅台,-4.01,194.55,2.22E+11
2015/3/26,'600519,贵州茅台,5.78,198.56,2.27E+11
2015/3/25,'600519,贵州茅台,-2.91,192.78,2.20E+11
2015/3/24,'600519,贵州茅台,0.61,195.69,2.23E+11
2015/3/23,'600519,贵州茅台,1.93,195.08,2.23E+11
2015/3/20,'600519,贵州茅台,-2.13,193.15,2.21E+11
2015/3/19,'600519,贵州茅台,-4.17,195.28,2.23E+11
2015/3/18,'600519,贵州茅台,2.68,199.45,2.28E+11
2015/3/17,'600519,贵州茅台,3.01,196.77,2.25E+11
2015/3/16,'600519,贵州茅台,3.85,193.76,2.21E+11
2015/3/13,'600519,贵州茅台,-2.84,189.91,2.17E+11
2015/3/12,'600519,贵州茅台,0.77,192.75,2.20E+11
2015/3/11,'600519,贵州茅台,4.15,191.98,2.19E+11
2015/3/10,'600519,贵州茅台,-3.73,187.83,2.15E+11
2015/3/9,'600519,贵州茅台,7.94,191.56,2.19E+11
2015/3/6,'600519,贵州茅台,-1.9,183.62,2.10E+11
2015/3/5,'600519,贵州茅台,-1.67,185.52,2.12E+11
2015/3/4,'600519,贵州茅台,1.24,187.19,2.14E+11
2015/3/3,'600519,贵州茅台,-4.78,185.95,2.12E+11
2015/3/2,'600519,贵州茅台,-0.32,190.73,2.18E+11
2015/2/27,'600519,贵州茅台,4.41,191.05,2.18E+11
2015/2/26,'600519,贵州茅台,2.68,186.64,2.13E+11
2015/2/25,'600519,贵州茅台,1.74,183.96,2.10E+11
2015/2/17,'600519,贵州茅台,-1.09,182.22,2.08E+11
2015/2/16,'600519,贵州茅台,0.82,183.31,2.09E+11
2015/2/13,'600519,贵州茅台,-1.08,182.49,2.08E+11
2015/2/12,'600519,贵州茅台,0.42,183.57,2.10E+11
2015/2/11,'600519,贵州茅台,0.27,183.15,2.09E+11
2015/2/10,'600519,贵州茅台,-1.42,182.88,2.09E+11
2015/2/9,'600519,贵州茅台,9.7,184.3,2.10E+11
2015/2/6,'600519,贵州茅台,0.55,174.6,1.99E+11
2015/2/5,'600519,贵州茅台,-3.2,174.05,1.99E+11
2015/2/4,'600519,贵州茅台,-1.12,177.25,2.02E+11
2015/2/3,'600519,贵州茅台,3.55,178.37,2.04E+11
2015/2/2,'600519,贵州茅台,-2.36,174.82,2.00E+11
2015/1/30,'600519,贵州茅台,1.03,177.18,2.02E+11
2015/1/29,'600519,贵州茅台,-1.32,176.15,2.01E+11
2015/1/28,'600519,贵州茅台,-2.64,177.47,2.03E+11
2015/1/27,'600519,贵州茅台,-2.69,180.11,2.06E+11
2015/1/26,'600519,贵州茅台,1.78,182.8,2.09E+11
2015/1/23,'600519,贵州茅台,-0.21,181.02,2.07E+11
2015/1/22,'600519,贵州茅台,-1.13,181.23,2.07E+11
2015/1/21,'600519,贵州茅台,4.28,182.36,2.08E+11
2015/1/20,'600519,贵州茅台,2.6,178.08,2.03E+11
2015/1/19,'600519,贵州茅台,-10.63,175.48,2.00E+11
2015/1/16,'600519,贵州茅台,0.04,186.11,2.13E+11
2015/1/15,'600519,贵州茅台,2.89,186.07,2.12E+11
2015/1/14,'600519,贵州茅台,-1.7,183.18,2.09E+11
2015/1/13,'600519,贵州茅台,-1.55,184.88,2.11E+11
2015/1/12,'600519,贵州茅台,-3.88,186.43,2.13E+11
2015/1/9,'600519,贵州茅台,-1.45,190.31,2.17E+11
2015/1/8,'600519,贵州茅台,-1.18,191.76,2.19E+11
2015/1/7,'600519,贵州茅台,-4.89,192.94,2.20E+11
2015/1/6,'600519,贵州茅台,-4.69,197.83,2.26E+11
2015/1/5,'600519,贵州茅台,12.9,202.52,2.31E+11
2014/12/31,'600519,贵州茅台,2.78,189.62,2.17E+11
2014/12/30,'600519,贵州茅台,3.36,186.84,2.13E+11
2014/12/29,'600519,贵州茅台,-4.09,183.48,2.10E+11
2014/12/26,'600519,贵州茅台,1.74,187.57,2.14E+11
2014/12/25,'600519,贵州茅台,2.77,185.83,2.12E+11
2014/12/24,'600519,贵州茅台,-5.8,183.06,2.09E+11
2014/12/23,'600519,贵州茅台,4.76,188.86,2.16E+11
2014/12/22,'600519,贵州茅台,3.28,184.1,2.10E+11
2014/12/19,'600519,贵州茅台,1.48,180.82,2.06E+11
2014/12/18,'600519,贵州茅台,0.27,179.34,2.05E+11
2014/12/17,'600519,贵州茅台,-1.56,179.07,2.04E+11
2014/12/16,'600519,贵州茅台,-3.41,180.63,2.06E+11
2014/12/15,'600519,贵州茅台,7.45,184.04,2.10E+11
2014/12/12,'600519,贵州茅台,0.7,176.59,2.02E+11
2014/12/11,'600519,贵州茅台,-4.03,175.89,2.01E+11
2014/12/10,'600519,贵州茅台,7.06,179.92,2.05E+11
2014/12/9,'600519,贵州茅台,-0.11,172.86,1.97E+11
2014/12/8,'600519,贵州茅台,2.05,172.97,1.98E+11
2014/12/5,'600519,贵州茅台,-3.21,170.92,1.95E+11
2014/12/4,'600519,贵州茅台,9.3,174.13,1.99E+11
2014/12/3,'600519,贵州茅台,3.69,164.83,1.88E+11
2014/12/2,'600519,贵州茅台,1.08,161.14,1.84E+11
2014/12/1,'600519,贵州茅台,4.22,160.06,1.83E+11
2014/11/28,'600519,贵州茅台,-0.84,155.84,1.78E+11
2014/11/27,'600519,贵州茅台,0.73,156.68,1.79E+11
2014/11/26,'600519,贵州茅台,1.31,155.95,1.78E+11
2014/11/25,'600519,贵州茅台,0.69,154.64,1.77E+11
2014/11/24,'600519,贵州茅台,0.82,153.95,1.76E+11
2014/11/21,'600519,贵州茅台,2.45,153.13,1.75E+11
2014/11/20,'600519,贵州茅台,-2.39,150.68,1.72E+11
2014/11/19,'600519,贵州茅台,-2.58,153.07,1.75E+11
2014/11/18,'600519,贵州茅台,-4.4,155.65,1.78E+11
2014/11/17,'600519,贵州茅台,2.76,160.05,1.83E+11
2014/11/14,'600519,贵州茅台,5.71,157.29,1.80E+11
2014/11/13,'600519,贵州茅台,-1.31,151.58,1.73E+11
2014/11/12,'600519,贵州茅台,-0.46,152.89,1.75E+11
2014/11/11,'600519,贵州茅台,-0.42,153.35,1.75E+11
2014/11/10,'600519,贵州茅台,5.73,153.77,1.76E+11
2014/11/7,'600519,贵州茅台,0.89,148.04,1.69E+11
2014/11/6,'600519,贵州茅台,1,147.15,1.68E+11
2014/11/5,'600519,贵州茅台,-5.24,146.15,1.67E+11
2014/11/4,'600519,贵州茅台,-4.19,151.39,1.73E+11
2014/11/3,'600519,贵州茅台,-1.1,155.58,1.78E+11
2014/10/31,'600519,贵州茅台,1.26,156.68,1.79E+11
2014/10/30,'600519,贵州茅台,-2.88,155.42,1.77E+11
2014/10/29,'600519,贵州茅台,-0.44,158.3,1.81E+11
2014/10/28,'600519,贵州茅台,1.24,158.74,1.81E+11
2014/10/27,'600519,贵州茅台,-1.38,157.5,1.80E+11
2014/10/24,'600519,贵州茅台,-0.17,158.88,1.81E+11
2014/10/23,'600519,贵州茅台,-0.03,159.05,1.82E+11
2014/10/22,'600519,贵州茅台,0.62,159.08,1.82E+11
2014/10/21,'600519,贵州茅台,1.54,158.46,1.81E+11
2014/10/20,'600519,贵州茅台,-1.46,156.92,1.79E+11
2014/10/17,'600519,贵州茅台,1.06,158.38,1.81E+11
2014/10/16,'600519,贵州茅台,0,157.32,1.80E+11
2014/10/15,'600519,贵州茅台,2.41,157.32,1.80E+11
2014/10/14,'600519,贵州茅台,-1.19,154.91,1.77E+11
2014/10/13,'600519,贵州茅台,-2.92,156.1,1.78E+11
2014/10/10,'600519,贵州茅台,-0.99,159.02,1.82E+11
2014/10/9,'600519,贵州茅台,-0.72,160.01,1.83E+11
2014/10/8,'600519,贵州茅台,-1.4,160.73,1.84E+11
2014/9/30,'600519,贵州茅台,-0.34,162.13,1.85E+11
2014/9/29,'600519,贵州茅台,0.16,162.47,1.86E+11
2014/9/26,'600519,贵州茅台,0.12,162.31,1.85E+11
2014/9/25,'600519,贵州茅台,2,162.19,1.85E+11
2014/9/24,'600519,贵州茅台,2.71,160.19,1.83E+11
2014/9/23,'600519,贵州茅台,0.54,157.48,1.80E+11
2014/9/22,'600519,贵州茅台,-3.91,156.94,1.79E+11
2014/9/19,'600519,贵州茅台,1.6,160.85,1.84E+11
2014/9/18,'600519,贵州茅台,1.02,159.25,1.82E+11
2014/9/17,'600519,贵州茅台,0.77,158.23,1.81E+11
2014/9/16,'600519,贵州茅台,-1.95,157.46,1.80E+11
2014/9/15,'600519,贵州茅台,-3.04,159.41,1.82E+11
2014/9/12,'600519,贵州茅台,0.47,162.45,1.86E+11
2014/9/11,'600519,贵州茅台,-1.93,161.98,1.85E+11
2014/9/10,'600519,贵州茅台,-0.17,163.91,1.87E+11
2014/9/9,'600519,贵州茅台,-3.43,164.08,1.87E+11
2014/9/5,'600519,贵州茅台,2.45,167.51,1.91E+11
2014/9/4,'600519,贵州茅台,0.24,165.06,1.88E+11
2014/9/3,'600519,贵州茅台,2.26,164.82,1.88E+11
2014/9/2,'600519,贵州茅台,4.11,162.56,1.86E+11
2014/9/1,'600519,贵州茅台,0.22,158.45,1.81E+11
2014/8/29,'600519,贵州茅台,2.21,158.23,1.81E+11
2014/8/28,'600519,贵州茅台,-0.35,156.02,1.78E+11
2014/8/27,'600519,贵州茅台,-1.35,156.37,1.79E+11
2014/8/26,'600519,贵州茅台,-1.03,157.72,1.80E+11
2014/8/25,'600519,贵州茅台,-0.52,158.75,1.81E+11
2014/8/22,'600519,贵州茅台,-0.7,159.27,1.82E+11
2014/8/21,'600519,贵州茅台,-2.03,159.97,1.83E+11
2014/8/20,'600519,贵州茅台,3.32,162,1.85E+11
2014/8/19,'600519,贵州茅台,-1.07,158.68,1.81E+11
2014/8/18,'600519,贵州茅台,-1.79,159.75,1.82E+11
2014/8/15,'600519,贵州茅台,0.08,161.54,1.84E+11
2014/8/14,'600519,贵州茅台,-1.03,161.46,1.84E+11
2014/8/13,'600519,贵州茅台,0.45,162.49,1.86E+11
2014/8/12,'600519,贵州茅台,-1.03,162.04,1.85E+11
2014/8/11,'600519,贵州茅台,0.93,163.07,1.86E+11
2014/8/8,'600519,贵州茅台,1.54,162.14,1.85E+11
2014/8/7,'600519,贵州茅台,-2.72,160.6,1.83E+11
2014/8/6,'600519,贵州茅台,-2.93,163.32,1.87E+11
2014/8/5,'600519,贵州茅台,1.85,166.25,1.90E+11
2014/8/4,'600519,贵州茅台,1.42,164.4,1.88E+11
2014/8/1,'600519,贵州茅台,2.71,162.98,1.86E+11
2014/7/31,'600519,贵州茅台,1.76,160.27,1.83E+11
2014/7/30,'600519,贵州茅台,-2.55,158.51,1.81E+11
2014/7/29,'600519,贵州茅台,-3.19,161.06,1.84E+11
2014/7/28,'600519,贵州茅台,0.37,164.25,1.88E+11
2014/7/25,'600519,贵州茅台,0.35,163.88,1.87E+11
2014/7/24,'600519,贵州茅台,-0.36,163.53,1.87E+11
2014/7/23,'600519,贵州茅台,0.69,163.89,1.87E+11
2014/7/22,'600519,贵州茅台,2.22,163.2,1.86E+11
2014/7/21,'600519,贵州茅台,0,160.98,1.84E+11
2014/7/18,'600519,贵州茅台,7.23,160.98,1.84E+11
2014/7/17,'600519,贵州茅台,-0.82,153.75,1.76E+11
2014/7/16,'600519,贵州茅台,0.76,154.57,1.77E+11
2014/7/15,'600519,贵州茅台,4.04,153.81,1.76E+11
2014/7/14,'600519,贵州茅台,7.9,149.77,1.71E+11
2014/7/11,'600519,贵州茅台,0.83,141.87,1.62E+11
2014/7/10,'600519,贵州茅台,-0.2,141.04,1.61E+11
2014/7/9,'600519,贵州茅台,-0.94,141.24,1.61E+11
2014/7/8,'600519,贵州茅台,-1.98,142.18,1.62E+11
2014/7/7,'600519,贵州茅台,0.84,144.16,1.65E+11
2014/7/4,'600519,贵州茅台,0.06,143.32,1.64E+11
2014/7/3,'600519,贵州茅台,1.18,143.26,1.64E+11
2014/7/2,'600519,贵州茅台,0.31,142.08,1.62E+11
2014/7/1,'600519,贵州茅台,-0.21,141.77,1.62E+11
2014/6/30,'600519,贵州茅台,1.6,141.98,1.62E+11
2014/6/27,'600519,贵州茅台,-1.26,140.38,1.60E+11
2014/6/26,'600519,贵州茅台,-0.59,141.64,1.62E+11
2014/6/25,'600519,DR贵州茅,-2.49,142.23,1.62E+11
2014/6/24,'600519,贵州茅台,7.26,163.57,1.70E+11
2014/6/23,'600519,贵州茅台,3.13,156.31,1.62E+11
2014/6/20,'600519,贵州茅台,0.45,153.18,1.59E+11
2014/6/19,'600519,贵州茅台,-0.85,152.73,1.59E+11
2014/6/18,'600519,贵州茅台,0.39,153.58,1.59E+11
2014/6/17,'600519,贵州茅台,-1.23,153.19,1.59E+11
2014/6/16,'600519,贵州茅台,1.61,154.42,1.60E+11
2014/6/13,'600519,贵州茅台,0.18,152.81,1.59E+11
2014/6/12,'600519,贵州茅台,-1.31,152.63,1.58E+11
2014/6/11,'600519,贵州茅台,-0.86,153.94,1.60E+11
2014/6/10,'600519,贵州茅台,1.57,154.8,1.61E+11
2014/6/9,'600519,贵州茅台,-0.36,153.23,1.59E+11
2014/6/6,'600519,贵州茅台,-1.18,153.59,1.59E+11
2014/6/5,'600519,贵州茅台,3.62,154.77,1.61E+11
2014/6/4,'600519,贵州茅台,-1.62,151.15,1.57E+11
2014/6/3,'600519,贵州茅台,-0.45,152.77,1.59E+11
2014/5/30,'600519,贵州茅台,-1.07,153.22,1.59E+11
2014/5/29,'600519,贵州茅台,0.35,154.29,1.60E+11
2014/5/28,'600519,贵州茅台,0.74,153.94,1.60E+11
2014/5/27,'600519,贵州茅台,-0.37,153.2,1.59E+11
2014/5/26,'600519,贵州茅台,1.27,153.57,1.59E+11
2014/5/23,'600519,贵州茅台,2.25,152.3,1.58E+11
2014/5/22,'600519,贵州茅台,-0.95,150.05,1.56E+11
2014/5/21,'600519,贵州茅台,6.02,151,1.57E+11
2014/5/20,'600519,贵州茅台,-3,144.98,1.51E+11
2014/5/19,'600519,贵州茅台,-7.18,147.98,1.54E+11
2014/5/16,'600519,贵州茅台,-0.99,155.16,1.61E+11
2014/5/15,'600519,贵州茅台,0.88,156.15,1.62E+11
2014/5/14,'600519,贵州茅台,-5.47,155.27,1.61E+11
2014/5/13,'600519,贵州茅台,-0.17,160.74,1.67E+11
2014/5/12,'600519,贵州茅台,0.29,160.91,1.67E+11
2014/5/9,'600519,贵州茅台,-0.05,160.62,1.67E+11
2014/5/8,'600519,贵州茅台,0.01,160.67,1.67E+11
2014/5/7,'600519,贵州茅台,-0.13,160.66,1.67E+11
2014/5/6,'600519,贵州茅台,0.54,160.79,1.67E+11
2014/5/5,'600519,贵州茅台,-3.63,160.25,1.66E+11
2014/4/30,'600519,贵州茅台,0.29,163.88,1.70E+11
2014/4/29,'600519,贵州茅台,0.8,163.59,1.70E+11
2014/4/28,'600519,贵州茅台,-1.9,162.79,1.69E+11
2014/4/25,'600519,贵州茅台,-11.07,164.69,1.71E+11
2014/4/24,'600519,贵州茅台,-0.3,175.76,1.82E+11
2014/4/23,'600519,贵州茅台,3.93,176.06,1.83E+11
2014/4/22,'600519,贵州茅台,0.08,172.13,1.79E+11
2014/4/21,'600519,贵州茅台,-3.26,172.05,1.79E+11
2014/4/18,'600519,贵州茅台,0.11,175.31,1.82E+11
2014/4/17,'600519,贵州茅台,4.18,175.2,1.82E+11
2014/4/16,'600519,贵州茅台,-3.47,171.02,1.78E+11
2014/4/15,'600519,贵州茅台,0.13,174.49,1.81E+11
2014/4/14,'600519,贵州茅台,-1.72,174.36,1.81E+11
2014/4/11,'600519,贵州茅台,6.57,176.08,1.83E+11
2014/4/10,'600519,贵州茅台,6.16,169.51,1.76E+11
2014/4/9,'600519,贵州茅台,-1.19,163.35,1.70E+11
2014/4/8,'600519,贵州茅台,0.48,164.54,1.71E+11
2014/4/4,'600519,贵州茅台,-1.25,164.06,1.70E+11
2014/4/3,'600519,贵州茅台,-0.33,165.31,1.72E+11
2014/4/2,'600519,贵州茅台,3.15,165.64,1.72E+11
2014/4/1,'600519,贵州茅台,7.79,162.49,1.69E+11
2014/3/31,'600519,贵州茅台,2.06,154.7,1.61E+11
2014/3/28,'600519,贵州茅台,-5.02,152.64,1.58E+11
2014/3/27,'600519,贵州茅台,-0.83,157.66,1.64E+11
2014/3/26,'600519,贵州茅台,-8.32,158.49,1.65E+11
2014/3/25,'600519,贵州茅台,-4.48,166.81,1.73E+11
2014/3/24,'600519,贵州茅台,-0.11,171.29,1.78E+11
2014/3/21,'600519,贵州茅台,2.22,171.4,1.78E+11
2014/3/20,'600519,贵州茅台,-5.19,169.18,1.76E+11
2014/3/19,'600519,贵州茅台,3.05,174.37,1.81E+11
2014/3/18,'600519,贵州茅台,4.85,171.32,1.78E+11
2014/3/17,'600519,贵州茅台,2.6,166.47,1.73E+11
2014/3/14,'600519,贵州茅台,-1,163.87,1.70E+11
2014/3/13,'600519,贵州茅台,6.34,164.87,1.71E+11
2014/3/12,'600519,贵州茅台,-3.65,158.53,1.65E+11
2014/3/11,'600519,贵州茅台,5.24,162.18,1.68E+11
2014/3/10,'600519,贵州茅台,-8.55,156.94,1.63E+11
2014/3/7,'600519,贵州茅台,3.49,165.49,1.72E+11
2014/3/6,'600519,贵州茅台,2.16,162,1.68E+11
2014/3/5,'600519,贵州茅台,6.44,159.84,1.66E+11
2014/3/4,'600519,贵州茅台,-1.53,153.4,1.59E+11
2014/3/3,'600519,贵州茅台,4.91,154.93,1.61E+11
2014/2/28,'600519,贵州茅台,5.07,150.02,1.56E+11
2014/2/27,'600519,贵州茅台,2.92,144.95,1.50E+11
2014/2/26,'600519,贵州茅台,-0.34,142.03,1.47E+11
2014/2/25,'600519,贵州茅台,-5.25,142.37,1.48E+11
2014/2/24,'600519,贵州茅台,-1.46,147.62,1.53E+11
2014/2/21,'600519,贵州茅台,0.09,149.08,1.55E+11
2014/2/20,'600519,贵州茅台,-0.54,148.99,1.55E+11
2014/2/19,'600519,贵州茅台,2.52,149.53,1.55E+11
2014/2/18,'600519,贵州茅台,-2.97,147.01,1.53E+11
2014/2/17,'600519,贵州茅台,7.08,149.98,1.56E+11
2014/2/14,'600519,贵州茅台,7.23,142.9,1.48E+11
2014/2/13,'600519,贵州茅台,1.52,135.67,1.41E+11
2014/2/12,'600519,贵州茅台,0.11,134.15,1.39E+11
2014/2/11,'600519,贵州茅台,1.18,134.04,1.39E+11
2014/2/10,'600519,贵州茅台,-1.03,132.86,1.38E+11
2014/2/7,'600519,贵州茅台,1.69,133.89,1.39E+11
2014/1/30,'600519,贵州茅台,-4.81,132.2,1.37E+11
2014/1/29,'600519,贵州茅台,-2.21,137.01,1.42E+11
2014/1/28,'600519,贵州茅台,-1.53,139.22,1.45E+11
2014/1/27,'600519,贵州茅台,5.25,140.75,1.46E+11
2014/1/24,'600519,贵州茅台,1.41,135.5,1.41E+11
2014/1/23,'600519,贵州茅台,-0.08,134.09,1.39E+11
2014/1/22,'600519,贵州茅台,7.18,134.17,1.39E+11
2014/1/21,'600519,贵州茅台,0.2,126.99,1.32E+11
2014/1/20,'600519,贵州茅台,6.49,126.79,1.32E+11
2014/1/17,'600519,贵州茅台,-1.69,120.3,1.25E+11
2014/1/16,'600519,贵州茅台,3.23,121.99,1.27E+11
2014/1/15,'600519,贵州茅台,-2.55,118.76,1.23E+11
2014/1/14,'600519,贵州茅台,1.42,121.31,1.26E+11
2014/1/13,'600519,贵州茅台,0.62,119.89,1.24E+11
2014/1/10,'600519,贵州茅台,-0.07,119.27,1.24E+11
2014/1/9,'600519,贵州茅台,-0.06,119.34,1.24E+11
2014/1/8,'600519,贵州茅台,-1.16,119.4,1.24E+11
2014/1/7,'600519,贵州茅台,-0.17,120.56,1.25E+11
2014/1/6,'600519,贵州茅台,-3.25,120.73,1.25E+11
2014/1/3,'600519,贵州茅台,-2,123.98,1.29E+11
2014/1/2,'600519,贵州茅台,-2.4,125.98,1.31E+11
2013/12/31,'600519,贵州茅台,3.92,128.38,1.33E+11
2013/12/30,'600519,贵州茅台,-1.74,124.46,1.29E+11
2013/12/27,'600519,贵州茅台,1.46,126.2,1.31E+11
2013/12/26,'600519,贵州茅台,-1.52,124.74,1.30E+11
2013/12/25,'600519,贵州茅台,-0.35,126.26,1.31E+11
2013/12/24,'600519,贵州茅台,0.1,126.61,1.31E+11
2013/12/23,'600519,贵州茅台,-0.14,126.51,1.31E+11
2013/12/20,'600519,贵州茅台,-4.5,126.65,1.31E+11
2013/12/19,'600519,贵州茅台,-1.34,131.15,1.36E+11
2013/12/18,'600519,贵州茅台,-0.72,132.49,1.38E+11
2013/12/17,'600519,贵州茅台,0.24,133.21,1.38E+11
2013/12/16,'600519,贵州茅台,-3.43,132.97,1.38E+11
2013/12/13,'600519,贵州茅台,0,136.4,1.42E+11
2013/12/12,'600519,贵州茅台,0.01,136.4,1.42E+11
2013/12/11,'600519,贵州茅台,-0.56,136.39,1.42E+11
2013/12/10,'600519,贵州茅台,-0.99,136.95,1.42E+11
2013/12/9,'600519,贵州茅台,-0.81,137.94,1.43E+11
2013/12/6,'600519,贵州茅台,1.76,138.75,1.44E+11
2013/12/5,'600519,贵州茅台,-1.49,136.99,1.42E+11
2013/12/4,'600519,贵州茅台,0.9,138.48,1.44E+11
2013/12/3,'600519,贵州茅台,0.8,137.58,1.43E+11
2013/12/2,'600519,贵州茅台,-4.66,136.78,1.42E+11
2013/11/29,'600519,贵州茅台,-0.39,141.44,1.47E+11
2013/11/28,'600519,贵州茅台,1.88,141.83,1.47E+11
2013/11/27,'600519,贵州茅台,-0.03,139.95,1.45E+11
2013/11/26,'600519,贵州茅台,-0.95,139.98,1.45E+11
2013/11/25,'600519,贵州茅台,2.46,140.93,1.46E+11
2013/11/22,'600519,贵州茅台,-0.19,138.47,1.44E+11
2013/11/21,'600519,贵州茅台,-3.4,138.66,1.44E+11
2013/11/20,'600519,贵州茅台,-0.76,142.06,1.47E+11
2013/11/19,'600519,贵州茅台,-0.67,142.82,1.48E+11
2013/11/18,'600519,贵州茅台,0.05,143.49,1.49E+11
2013/11/15,'600519,贵州茅台,-0.63,143.44,1.49E+11
2013/11/14,'600519,贵州茅台,-0.65,144.07,1.50E+11
2013/11/13,'600519,贵州茅台,-0.12,144.72,1.50E+11
2013/11/12,'600519,贵州茅台,5.29,144.84,1.50E+11
2013/11/11,'600519,贵州茅台,3.41,139.55,1.45E+11
2013/11/8,'600519,贵州茅台,-2.83,136.14,1.41E+11
2013/11/7,'600519,贵州茅台,-0.68,138.97,1.44E+11
2013/11/6,'600519,贵州茅台,1.54,139.65,1.45E+11
2013/11/5,'600519,贵州茅台,1.77,138.11,1.43E+11
2013/11/4,'600519,贵州茅台,1.16,136.34,1.42E+11
2013/11/1,'600519,贵州茅台,0.07,135.18,1.40E+11
2013/10/31,'600519,贵州茅台,2.52,135.11,1.40E+11
2013/10/30,'600519,贵州茅台,-0.21,132.59,1.38E+11
2013/10/29,'600519,贵州茅台,-1.17,132.8,1.38E+11
2013/10/28,'600519,贵州茅台,-2.76,133.97,1.39E+11
2013/10/25,'600519,贵州茅台,-6.98,136.73,1.42E+11
2013/10/24,'600519,贵州茅台,0.02,143.71,1.49E+11
2013/10/23,'600519,贵州茅台,0.27,143.69,1.49E+11
2013/10/22,'600519,贵州茅台,-1.67,143.42,1.49E+11
2013/10/21,'600519,贵州茅台,2.11,145.09,1.51E+11
2013/10/18,'600519,贵州茅台,-1.21,142.98,1.48E+11
2013/10/17,'600519,贵州茅台,-0.05,144.19,1.50E+11
2013/10/16,'600519,贵州茅台,-0.01,144.24,1.50E+11
2013/10/15,'600519,贵州茅台,4.6,144.25,1.50E+11
2013/10/14,'600519,贵州茅台,2.13,139.65,1.45E+11
2013/10/11,'600519,贵州茅台,0.48,137.52,1.43E+11
2013/10/10,'600519,贵州茅台,0.05,137.04,1.42E+11
2013/10/9,'600519,贵州茅台,0.32,136.99,1.42E+11
2013/10/8,'600519,贵州茅台,0.73,136.67,1.42E+11
2013/9/30,'600519,贵州茅台,1.88,135.94,1.41E+11
2013/9/27,'600519,贵州茅台,-1.36,134.06,1.39E+11
2013/9/26,'600519,贵州茅台,0.26,135.42,1.41E+11
2013/9/25,'600519,贵州茅台,-1.64,135.16,1.40E+11
2013/9/24,'600519,贵州茅台,-4.01,136.8,1.42E+11
2013/9/23,'600519,贵州茅台,-1.09,140.81,1.46E+11
2013/9/18,'600519,贵州茅台,0.6,141.9,1.47E+11
2013/9/17,'600519,贵州茅台,-8.35,141.3,1.47E+11
2013/9/16,'600519,贵州茅台,-2.37,149.65,1.55E+11
2013/9/13,'600519,贵州茅台,0.29,152.02,1.58E+11
2013/9/12,'600519,贵州茅台,-0.84,151.73,1.58E+11
2013/9/11,'600519,贵州茅台,0.95,152.57,1.58E+11
2013/9/10,'600519,贵州茅台,0.67,151.62,1.57E+11
2013/9/9,'600519,贵州茅台,0.67,150.95,1.57E+11
2013/9/6,'600519,贵州茅台,0.01,150.28,1.56E+11
2013/9/5,'600519,贵州茅台,-1.83,150.27,1.56E+11
2013/9/4,'600519,贵州茅台,0.44,152.1,1.58E+11
2013/9/3,'600519,贵州茅台,-0.26,151.66,1.57E+11
2013/9/2,'600519,贵州茅台,-16.86,151.92,1.58E+11
2013/8/30,'600519,贵州茅台,0.3,168.78,1.75E+11
2013/8/29,'600519,贵州茅台,-1.42,168.48,1.75E+11
2013/8/28,'600519,贵州茅台,-3.25,169.9,1.76E+11
2013/8/27,'600519,贵州茅台,-0.79,173.15,1.80E+11
2013/8/26,'600519,贵州茅台,0.95,173.94,1.81E+11
2013/8/23,'600519,贵州茅台,-2.09,172.99,1.80E+11
2013/8/22,'600519,贵州茅台,0.39,175.08,1.82E+11
2013/8/21,'600519,贵州茅台,1.08,174.69,1.81E+11
2013/8/20,'600519,贵州茅台,-1.56,173.61,1.80E+11
2013/8/19,'600519,贵州茅台,0.77,175.17,1.82E+11
2013/8/16,'600519,贵州茅台,-3.06,174.4,1.81E+11
2013/8/15,'600519,贵州茅台,-1.23,177.46,1.84E+11
2013/8/14,'600519,贵州茅台,-1.26,178.69,1.86E+11
2013/8/13,'600519,贵州茅台,1.64,179.95,1.87E+11
2013/8/12,'600519,贵州茅台,5.48,178.31,1.85E+11
2013/8/9,'600519,贵州茅台,-2.33,172.83,1.79E+11
2013/8/8,'600519,贵州茅台,-1.22,175.16,1.82E+11
2013/8/7,'600519,贵州茅台,1.15,176.38,1.83E+11
2013/8/6,'600519,贵州茅台,-0.27,175.23,1.82E+11
2013/8/5,'600519,贵州茅台,-0.53,175.5,1.82E+11
2013/8/2,'600519,贵州茅台,4.14,176.03,1.83E+11
2013/8/1,'600519,贵州茅台,3.39,171.89,1.78E+11
2013/7/31,'600519,贵州茅台,0.07,168.5,1.75E+11
2013/7/30,'600519,贵州茅台,-2.89,168.43,1.75E+11
2013/7/29,'600519,贵州茅台,-3.65,171.32,1.78E+11
2013/7/26,'600519,贵州茅台,-3.77,174.97,1.82E+11
2013/7/25,'600519,贵州茅台,4.12,178.74,1.86E+11
2013/7/24,'600519,贵州茅台,-4.97,174.62,1.81E+11
2013/7/23,'600519,贵州茅台,4.71,179.59,1.86E+11
2013/7/22,'600519,贵州茅台,-1.13,174.88,1.82E+11
2013/7/19,'600519,贵州茅台,-9.06,176.01,1.83E+11
2013/7/18,'600519,贵州茅台,-1.85,185.07,1.92E+11
2013/7/17,'600519,贵州茅台,-4.03,186.92,1.94E+11
2013/7/16,'600519,贵州茅台,3,190.95,1.98E+11
2013/7/15,'600519,贵州茅台,-0.86,187.95,1.95E+11
2013/7/12,'600519,贵州茅台,-7.16,188.81,1.96E+11
2013/7/11,'600519,贵州茅台,2.13,195.97,2.03E+11
2013/7/10,'600519,贵州茅台,1.79,193.84,2.01E+11
2013/7/9,'600519,贵州茅台,-3.11,192.05,1.99E+11
2013/7/8,'600519,贵州茅台,-1.96,195.16,2.03E+11
2013/7/5,'600519,贵州茅台,0.5,197.12,2.05E+11
2013/7/4,'600519,贵州茅台,-1.35,196.62,2.04E+11
2013/7/3,'600519,贵州茅台,0.02,197.97,2.06E+11
2013/7/2,'600519,贵州茅台,3.66,197.95,2.06E+11
2013/7/1,'600519,贵州茅台,1.92,194.29,2.02E+11
2013/6/28,'600519,贵州茅台,2.79,192.37,2.00E+11
2013/6/27,'600519,贵州茅台,0.86,189.58,1.97E+11
2013/6/26,'600519,贵州茅台,-1.12,188.72,1.96E+11
2013/6/25,'600519,贵州茅台,4.22,189.84,1.97E+11
2013/6/24,'600519,贵州茅台,-5.55,185.62,1.93E+11
2013/6/21,'600519,贵州茅台,-0.57,191.17,1.98E+11
2013/6/20,'600519,贵州茅台,-3.09,191.74,1.99E+11
2013/6/19,'600519,贵州茅台,3.18,194.83,2.02E+11
2013/6/18,'600519,贵州茅台,2.17,191.65,1.99E+11
2013/6/17,'600519,贵州茅台,-4.54,189.48,1.97E+11
2013/6/14,'600519,贵州茅台,-0.69,194.02,2.01E+11
2013/6/13,'600519,贵州茅台,-1.55,194.71,2.02E+11
2013/6/7,'600519,XD贵州茅,1.02,196.26,2.04E+11
2013/6/6,'600519,贵州茅台,0.49,201.66,2.09E+11
2013/6/5,'600519,贵州茅台,-0.53,201.17,2.09E+11
2013/6/4,'600519,贵州茅台,-0.38,201.7,2.09E+11
2013/6/3,'600519,贵州茅台,4.98,202.08,2.10E+11
2013/5/31,'600519,贵州茅台,-3.15,197.1,2.05E+11
2013/5/30,'600519,贵州茅台,-1.24,200.25,2.08E+11
2013/5/29,'600519,贵州茅台,-0.65,201.49,2.09E+11
2013/5/28,'600519,贵州茅台,0.51,202.14,2.10E+11
2013/5/27,'600519,贵州茅台,0.7,201.63,2.09E+11
2013/5/24,'600519,贵州茅台,-1.51,200.93,2.09E+11
2013/5/23,'600519,贵州茅台,2.97,202.44,2.10E+11
2013/5/22,'600519,贵州茅台,4.45,199.47,2.07E+11
2013/5/21,'600519,贵州茅台,0.02,195.02,2.02E+11
2013/5/20,'600519,贵州茅台,-0.91,195,2.02E+11
2013/5/17,'600519,贵州茅台,1.06,195.91,2.03E+11
2013/5/16,'600519,贵州茅台,0.19,194.85,2.02E+11
2013/5/15,'600519,贵州茅台,3.47,194.66,2.02E+11
2013/5/14,'600519,贵州茅台,-6.49,191.19,1.98E+11
2013/5/13,'600519,贵州茅台,0.57,197.68,2.05E+11
2013/5/10,'600519,贵州茅台,-0.07,197.11,2.05E+11
2013/5/9,'600519,贵州茅台,8.29,197.18,2.05E+11
2013/5/8,'600519,贵州茅台,1.2,188.89,1.96E+11
2013/5/7,'600519,贵州茅台,9.89,187.69,1.95E+11
2013/5/6,'600519,贵州茅台,5.35,177.8,1.85E+11
2013/5/3,'600519,贵州茅台,1.34,172.45,1.79E+11
2013/5/2,'600519,贵州茅台,-2.88,171.11,1.78E+11
2013/4/26,'600519,贵州茅台,-2.71,173.99,1.81E+11
2013/4/25,'600519,贵州茅台,1.83,176.7,1.83E+11
2013/4/24,'600519,贵州茅台,3.06,174.87,1.82E+11
2013/4/23,'600519,贵州茅台,-1.9,171.81,1.78E+11
2013/4/22,'600519,贵州茅台,-5.52,173.71,1.80E+11
2013/4/19,'600519,贵州茅台,0.08,179.23,1.86E+11
2013/4/18,'600519,贵州茅台,0.66,179.15,1.86E+11
2013/4/17,'600519,贵州茅台,5.33,178.49,1.85E+11
2013/4/16,'600519,贵州茅台,0.42,173.16,1.80E+11
2013/4/15,'600519,贵州茅台,0.51,172.74,1.79E+11
2013/4/12,'600519,贵州茅台,3.31,172.23,1.79E+11
2013/4/11,'600519,贵州茅台,-1.04,168.92,1.75E+11
2013/4/10,'600519,贵州茅台,6.36,169.96,1.76E+11
2013/4/9,'600519,贵州茅台,-0.72,163.6,1.70E+11
2013/4/8,'600519,贵州茅台,0.47,164.32,1.71E+11
2013/4/3,'600519,贵州茅台,0.14,163.85,1.70E+11
2013/4/2,'600519,贵州茅台,-1.24,163.71,1.70E+11
2013/4/1,'600519,贵州茅台,-3.91,164.95,1.71E+11
2013/3/29,'600519,贵州茅台,2.04,168.86,1.75E+11
2013/3/28,'600519,贵州茅台,0.03,166.82,1.73E+11
2013/3/27,'600519,贵州茅台,-3.09,166.79,1.73E+11
2013/3/26,'600519,贵州茅台,0.85,169.88,1.76E+11
2013/3/25,'600519,贵州茅台,-0.02,169.03,1.75E+11
2013/3/22,'600519,贵州茅台,2.27,169.05,1.76E+11
2013/3/21,'600519,贵州茅台,-3.13,166.78,1.73E+11
2013/3/20,'600519,贵州茅台,4.73,169.91,1.76E+11
2013/3/19,'600519,贵州茅台,-4.27,165.18,1.71E+11
2013/3/18,'600519,贵州茅台,-7.52,169.45,1.76E+11
2013/3/15,'600519,贵州茅台,-1.97,176.97,1.84E+11
2013/3/14,'600519,贵州茅台,-4.89,178.94,1.86E+11
2013/3/13,'600519,贵州茅台,1.65,183.83,1.91E+11
2013/3/12,'600519,贵州茅台,-3.02,182.18,1.89E+11
2013/3/11,'600519,贵州茅台,1.07,185.2,1.92E+11
2013/3/8,'600519,贵州茅台,0.27,184.13,1.91E+11
2013/3/7,'600519,贵州茅台,6.64,183.86,1.91E+11
2013/3/6,'600519,贵州茅台,2.22,177.22,1.84E+11
2013/3/5,'600519,贵州茅台,0.28,175,1.82E+11
2013/3/4,'600519,贵州茅台,0.9,174.72,1.81E+11
2013/3/1,'600519,贵州茅台,-1.18,173.82,1.80E+11
2013/2/28,'600519,贵州茅台,-1.77,175,1.82E+11
2013/2/27,'600519,贵州茅台,-0.6,176.77,1.84E+11
2013/2/26,'600519,贵州茅台,-3.72,177.37,1.84E+11
2013/2/25,'600519,贵州茅台,-4.5,181.09,1.88E+11
2013/2/22,'600519,贵州茅台,5.57,185.59,1.93E+11
2013/2/21,'600519,贵州茅台,2.12,180.02,1.87E+11
2013/2/20,'600519,贵州茅台,-0.02,177.9,1.85E+11
2013/2/19,'600519,贵州茅台,-1.77,177.92,1.85E+11
2013/2/18,'600519,贵州茅台,-8.17,179.69,1.87E+11
2013/2/8,'600519,贵州茅台,2.69,187.86,1.95E+11
2013/2/7,'600519,贵州茅台,1.24,185.17,1.92E+11
2013/2/6,'600519,贵州茅台,-0.5,183.93,1.91E+11
2013/2/5,'600519,贵州茅台,9.3,184.43,1.91E+11
2013/2/4,'600519,贵州茅台,-3.85,175.13,1.82E+11
2013/2/1,'600519,贵州茅台,0.08,178.98,1.86E+11
2013/1/31,'600519,贵州茅台,-1.22,178.9,1.86E+11
2013/1/30,'600519,贵州茅台,1.96,180.12,1.87E+11
2013/1/29,'600519,贵州茅台,-0.34,178.16,1.85E+11
2013/1/28,'600519,贵州茅台,-10.55,178.5,1.85E+11
2013/1/25,'600519,贵州茅台,-6.91,189.05,1.96E+11
2013/1/24,'600519,贵州茅台,-3.02,195.96,2.03E+11
2013/1/23,'600519,贵州茅台,0.15,198.98,2.07E+11
2013/1/22,'600519,贵州茅台,1.52,198.83,2.06E+11
2013/1/21,'600519,贵州茅台,-6.45,197.31,2.05E+11
2013/1/18,'600519,贵州茅台,-1.37,203.76,2.12E+11
2013/1/17,'600519,贵州茅台,-0.87,205.13,2.13E+11
2013/1/16,'600519,贵州茅台,-4.85,206,2.14E+11
2013/1/15,'600519,贵州茅台,1.43,210.85,2.19E+11
2013/1/14,'600519,贵州茅台,-1.84,209.42,2.17E+11
2013/1/11,'600519,贵州茅台,-3.24,211.26,2.19E+11
2013/1/10,'600519,贵州茅台,-1.95,214.5,2.23E+11
2013/1/9,'600519,贵州茅台,5.61,216.45,2.25E+11
2013/1/8,'600519,贵州茅台,6.55,210.84,2.19E+11
2013/1/7,'600519,贵州茅台,-2.65,204.29,2.12E+11
2013/1/4,'600519,贵州茅台,-2.08,206.94,2.15E+11
2012/12/31,'600519,贵州茅台,-3.28,209.02,2.17E+11
2012/12/28,'600519,贵州茅台,4.72,212.3,2.20E+11
2012/12/27,'600519,贵州茅台,2.33,207.58,2.16E+11
2012/12/26,'600519,贵州茅台,0.53,205.25,2.13E+11
2012/12/25,'600519,贵州茅台,0.14,204.72,2.13E+11
2012/12/24,'600519,贵州茅台,-12.02,204.58,2.12E+11
2012/12/21,'600519,贵州茅台,-1.8,216.6,2.25E+11
2012/12/20,'600519,贵州茅台,-1.05,218.4,2.27E+11
2012/12/19,'600519,贵州茅台,4.92,219.45,2.28E+11
2012/12/18,'600519,贵州茅台,3.44,214.53,2.23E+11
2012/12/17,'600519,贵州茅台,3.17,211.09,2.19E+11
2012/12/14,'600519,贵州茅台,2.22,207.92,2.16E+11
2012/12/13,'600519,贵州茅台,-6.16,205.7,2.14E+11
2012/12/12,'600519,贵州茅台,9.55,211.86,2.20E+11
2012/12/11,'600519,贵州茅台,3.52,202.31,2.10E+11
2012/12/10,'600519,贵州茅台,None,0,2.06E+11
2012/12/7,'600519,贵州茅台,4.58,198.79,2.06E+11
2012/12/6,'600519,贵州茅台,-2.43,194.21,2.02E+11
2012/12/5,'600519,贵州茅台,-0.31,196.64,2.04E+11
2012/12/4,'600519,贵州茅台,-3.24,196.95,2.04E+11
2012/12/3,'600519,贵州茅台,-15.82,200.19,2.08E+11
2012/11/30,'600519,贵州茅台,-3.27,216.01,2.24E+11
2012/11/29,'600519,贵州茅台,0.89,219.28,2.28E+11
2012/11/28,'600519,贵州茅台,-1.37,218.39,2.27E+11
2012/11/27,'600519,贵州茅台,2.71,219.76,2.28E+11
2012/11/26,'600519,贵州茅台,-5.18,217.05,2.25E+11
2012/11/23,'600519,贵州茅台,4.94,222.23,2.31E+11
2012/11/22,'600519,贵州茅台,-1.36,217.29,2.26E+11
2012/11/21,'600519,贵州茅台,2.69,218.65,2.27E+11
2012/11/20,'600519,贵州茅台,1.91,215.96,2.24E+11
2012/11/19,'600519,贵州茅台,-10.35,214.05,2.22E+11
2012/11/16,'600519,贵州茅台,-2.85,224.4,2.33E+11
2012/11/15,'600519,贵州茅台,-3.4,227.25,2.36E+11
2012/11/14,'600519,贵州茅台,2.59,230.65,2.39E+11
2012/11/13,'600519,贵州茅台,-3.4,228.06,2.37E+11
2012/11/12,'600519,贵州茅台,-3.35,231.46,2.40E+11
2012/11/9,'600519,贵州茅台,0.71,234.81,2.44E+11
2012/11/8,'600519,贵州茅台,-3.37,234.1,2.43E+11
2012/11/7,'600519,贵州茅台,1.54,237.47,2.47E+11
2012/11/6,'600519,贵州茅台,-6.99,235.93,2.45E+11
2012/11/5,'600519,贵州茅台,-5.44,242.92,2.52E+11
2012/11/2,'600519,贵州茅台,-1.04,248.36,2.58E+11
2012/11/1,'600519,贵州茅台,2.06,249.4,2.59E+11
2012/10/31,'600519,贵州茅台,2.76,247.34,2.57E+11
2012/10/30,'600519,贵州茅台,2.76,244.58,2.54E+11
2012/10/29,'600519,贵州茅台,0.73,241.82,2.51E+11
2012/10/26,'600519,贵州茅台,-4.98,241.09,2.50E+11
2012/10/25,'600519,贵州茅台,-0.21,246.07,2.55E+11
2012/10/24,'600519,贵州茅台,1.58,246.28,2.56E+11
2012/10/23,'600519,贵州茅台,-5.84,244.7,2.54E+11
2012/10/22,'600519,贵州茅台,-2.46,250.54,2.60E+11
2012/10/19,'600519,贵州茅台,1.78,253,2.63E+11
2012/10/18,'600519,贵州茅台,2.44,251.22,2.61E+11
2012/10/17,'600519,贵州茅台,-1.03,248.78,2.58E+11
2012/10/16,'600519,贵州茅台,4.1,249.81,2.59E+11
2012/10/15,'600519,贵州茅台,2.2,245.71,2.55E+11
2012/10/12,'600519,贵州茅台,1.58,243.51,2.53E+11
2012/10/11,'600519,贵州茅台,-1.89,241.93,2.51E+11
2012/10/10,'600519,贵州茅台,-0.33,243.82,2.53E+11
2012/10/9,'600519,贵州茅台,4.21,244.15,2.53E+11
2012/10/8,'600519,贵州茅台,-5.86,239.94,2.49E+11
2012/9/28,'600519,贵州茅台,5.11,245.8,2.55E+11
2012/9/27,'600519,贵州茅台,4.82,240.69,2.50E+11
2012/9/26,'600519,贵州茅台,-2.64,235.87,2.45E+11
2012/9/25,'600519,贵州茅台,6.15,238.51,2.48E+11
2012/9/24,'600519,贵州茅台,1.77,232.36,2.41E+11
2012/9/21,'600519,贵州茅台,1.55,230.59,2.39E+11
2012/9/20,'600519,贵州茅台,-2.52,229.04,2.38E+11
2012/9/19,'600519,贵州茅台,-8.77,231.56,2.40E+11
2012/9/18,'600519,贵州茅台,-0.97,240.33,2.50E+11
2012/9/17,'600519,贵州茅台,-3.46,241.3,2.51E+11
2012/9/14,'600519,贵州茅台,4.78,244.76,2.54E+11
2012/9/13,'600519,贵州茅台,-0.28,239.98,2.49E+11
2012/9/12,'600519,贵州茅台,0.53,240.26,2.49E+11
2012/9/11,'600519,贵州茅台,-1.95,239.73,2.49E+11
2012/9/10,'600519,贵州茅台,0.08,241.68,2.51E+11
2012/9/7,'600519,贵州茅台,9.85,241.6,2.51E+11
2012/9/6,'600519,贵州茅台,-2.31,231.75,2.41E+11
2012/9/5,'600519,贵州茅台,0.63,234.06,2.43E+11
2012/9/4,'600519,贵州茅台,13.67,233.43,2.42E+11
2012/9/3,'600519,贵州茅台,None,0,2.28E+11
2012/8/31,'600519,贵州茅台,1.88,219.76,2.28E+11
2012/8/30,'600519,贵州茅台,-1.28,217.88,2.26E+11
2012/8/29,'600519,贵州茅台,-6.37,219.16,2.28E+11
2012/8/28,'600519,贵州茅台,-2.97,225.53,2.34E+11
2012/8/27,'600519,贵州茅台,-3.38,228.5,2.37E+11
2012/8/24,'600519,贵州茅台,3.61,231.88,2.41E+11
2012/8/23,'600519,贵州茅台,-3.91,228.27,2.37E+11
2012/8/22,'600519,贵州茅台,-3.61,232.18,2.41E+11
2012/8/21,'600519,贵州茅台,3.14,235.79,2.45E+11
2012/8/20,'600519,贵州茅台,3.03,232.65,2.42E+11
2012/8/17,'600519,贵州茅台,-9.66,229.62,2.38E+11
2012/8/16,'600519,贵州茅台,-4.85,239.28,2.48E+11
2012/8/15,'600519,贵州茅台,-3.37,244.13,2.53E+11
2012/8/14,'600519,贵州茅台,-0.5,247.5,2.57E+11
2012/8/13,'600519,贵州茅台,-0.21,248,2.57E+11
2012/8/10,'600519,贵州茅台,-12.71,248.21,2.58E+11
2012/8/9,'600519,贵州茅台,8.12,260.92,2.71E+11
2012/8/8,'600519,贵州茅台,0.9,252.8,2.62E+11
2012/8/7,'600519,贵州茅台,3.07,251.9,2.62E+11
2012/8/6,'600519,贵州茅台,1.87,248.83,2.58E+11
2012/8/3,'600519,贵州茅台,4.8,246.96,2.56E+11
2012/8/2,'600519,贵州茅台,-0.89,242.16,2.51E+11
2012/8/1,'600519,贵州茅台,-3.39,243.05,2.52E+11
2012/7/31,'600519,贵州茅台,-3.4,246.44,2.56E+11
2012/7/30,'600519,贵州茅台,0.39,249.84,2.59E+11
2012/7/27,'600519,贵州茅台,-0.99,249.45,2.59E+11
2012/7/26,'600519,贵州茅台,-5.11,250.44,2.60E+11
2012/7/25,'600519,贵州茅台,6.17,255.55,2.65E+11
2012/7/24,'600519,贵州茅台,6.8,249.38,2.59E+11
2012/7/23,'600519,贵州茅台,-0.5,242.58,2.52E+11
2012/7/20,'600519,贵州茅台,-3.13,243.08,2.52E+11
2012/7/19,'600519,贵州茅台,1.25,246.21,2.56E+11
2012/7/18,'600519,贵州茅台,-8.8,244.96,2.54E+11
2012/7/17,'600519,贵州茅台,-8.49,253.76,2.63E+11
2012/7/16,'600519,贵州茅台,-0.45,262.25,2.72E+11
2012/7/13,'600519,贵州茅台,6.64,262.7,2.73E+11
2012/7/12,'600519,贵州茅台,-1.95,256.06,2.66E+11
2012/7/11,'600519,贵州茅台,7.61,258.01,2.68E+11
2012/7/10,'600519,贵州茅台,-4.33,250.4,2.60E+11
2012/7/9,'600519,贵州茅台,-5.26,254.73,2.64E+11
2012/7/6,'600519,贵州茅台,8.33,259.99,2.70E+11
2012/7/5,'600519,XD贵州茅,-3,251.66,2.61E+11
2012/7/4,'600519,贵州茅台,3.72,258.66,2.69E+11
2012/7/3,'600519,贵州茅台,13.09,254.94,2.65E+11
2012/7/2,'600519,贵州茅台,2.7,241.85,2.51E+11
2012/6/29,'600519,贵州茅台,3.01,239.15,2.48E+11
2012/6/28,'600519,贵州茅台,-5.76,236.14,2.45E+11
2012/6/27,'600519,贵州茅台,4.05,241.9,2.51E+11
2012/6/26,'600519,贵州茅台,0.25,237.85,2.47E+11
2012/6/25,'600519,贵州茅台,-2.18,237.6,2.47E+11
2012/6/21,'600519,贵州茅台,-3.78,239.78,2.49E+11
2012/6/20,'600519,贵州茅台,-0.14,243.56,2.53E+11
2012/6/19,'600519,贵州茅台,-2.76,243.7,2.53E+11
2012/6/18,'600519,贵州茅台,3.08,246.46,2.56E+11
2012/6/15,'600519,贵州茅台,-1.21,243.38,2.53E+11
2012/6/14,'600519,贵州茅台,5.6,244.59,2.54E+11
2012/6/13,'600519,贵州茅台,5.14,238.99,2.48E+11
2012/6/12,'600519,贵州茅台,-1.7,233.85,2.43E+11
2012/6/11,'600519,贵州茅台,-3.43,235.55,2.45E+11
2012/6/8,'600519,贵州茅台,1,238.98,2.48E+11
2012/6/7,'600519,贵州茅台,1.4,237.98,2.47E+11
2012/6/6,'600519,贵州茅台,-4.22,236.58,2.46E+11
2012/6/5,'600519,贵州茅台,4.27,240.8,2.50E+11
2012/6/4,'600519,贵州茅台,-3.84,236.53,2.46E+11
2012/6/1,'600519,贵州茅台,3.69,240.37,2.50E+11
2012/5/31,'600519,贵州茅台,8.02,236.68,2.46E+11
2012/5/30,'600519,贵州茅台,3.17,228.66,2.37E+11
2012/5/29,'600519,贵州茅台,None,0,2.34E+11
2012/5/28,'600519,贵州茅台,6.91,225.49,2.34E+11
2012/5/25,'600519,贵州茅台,-1.66,218.58,2.27E+11
2012/5/24,'600519,贵州茅台,-10.23,220.24,2.29E+11
2012/5/23,'600519,贵州茅台,1.19,230.47,2.39E+11
2012/5/22,'600519,贵州茅台,6.09,229.28,2.38E+11
2012/5/21,'600519,贵州茅台,5.27,223.19,2.32E+11
2012/5/18,'600519,贵州茅台,-1.99,217.92,2.26E+11
2012/5/17,'600519,贵州茅台,-0.11,219.91,2.28E+11
2012/5/16,'600519,贵州茅台,-3.09,220.02,2.28E+11
2012/5/15,'600519,贵州茅台,0.93,223.11,2.32E+11
2012/5/14,'600519,贵州茅台,-5.51,222.18,2.31E+11
2012/5/11,'600519,贵州茅台,-0.01,227.69,2.36E+11
2012/5/10,'600519,贵州茅台,-3.13,227.7,2.36E+11
2012/5/9,'600519,贵州茅台,-3.28,230.83,2.40E+11
2012/5/8,'600519,贵州茅台,-0.4,234.11,2.43E+11
2012/5/7,'600519,贵州茅台,0.51,234.51,2.43E+11
2012/5/4,'600519,贵州茅台,7.31,234,2.43E+11
2012/5/3,'600519,贵州茅台,0.71,226.69,2.35E+11
2012/5/2,'600519,贵州茅台,1.42,225.98,2.35E+11
2012/4/27,'600519,贵州茅台,7.87,224.56,2.33E+11
2012/4/26,'600519,贵州茅台,3.77,216.69,2.25E+11
2012/4/25,'600519,贵州茅台,1.4,212.92,2.21E+11
2012/4/24,'600519,贵州茅台,-0.32,211.52,2.20E+11
2012/4/23,'600519,贵州茅台,-0.66,211.84,2.20E+11
2012/4/20,'600519,贵州茅台,3.02,212.5,2.21E+11
2012/4/19,'600519,贵州茅台,-4.38,209.48,2.17E+11
2012/4/18,'600519,贵州茅台,3.68,213.86,2.22E+11
2012/4/17,'600519,贵州茅台,-2.65,210.18,2.18E+11
2012/4/16,'600519,贵州茅台,-0.2,212.83,2.21E+11
2012/4/13,'600519,贵州茅台,0.61,213.03,2.21E+11
2012/4/12,'600519,贵州茅台,3.57,212.42,2.21E+11
2012/4/11,'600519,贵州茅台,0.74,208.85,2.17E+11
2012/4/10,'600519,贵州茅台,-1.15,208.11,2.16E+11
2012/4/9,'600519,贵州茅台,1.29,209.26,2.17E+11
2012/4/6,'600519,贵州茅台,1.97,207.97,2.16E+11
2012/4/5,'600519,贵州茅台,9.04,206,2.14E+11
2012/3/30,'600519,贵州茅台,-4.19,196.96,2.04E+11
2012/3/29,'600519,贵州茅台,-0.25,201.15,2.09E+11
2012/3/28,'600519,贵州茅台,-0.1,201.4,2.09E+11
2012/3/27,'600519,贵州茅台,-13.7,201.5,2.09E+11
2012/3/26,'600519,贵州茅台,3.18,215.2,2.23E+11
2012/3/23,'600519,贵州茅台,6.67,212.02,2.20E+11
2012/3/22,'600519,贵州茅台,0.25,205.35,2.13E+11
2012/3/21,'600519,贵州茅台,-2.65,205.1,2.13E+11
2012/3/20,'600519,贵州茅台,0.11,207.75,2.16E+11
2012/3/19,'600519,贵州茅台,0.05,207.64,2.16E+11
2012/3/16,'600519,贵州茅台,8.66,207.59,2.16E+11
2012/3/15,'600519,贵州茅台,0.26,198.93,2.07E+11
2012/3/14,'600519,贵州茅台,-2.99,198.67,2.06E+11
2012/3/13,'600519,贵州茅台,1.12,201.66,2.09E+11
2012/3/12,'600519,贵州茅台,0.61,200.54,2.08E+11
2012/3/9,'600519,贵州茅台,5.49,199.93,2.08E+11
2012/3/8,'600519,贵州茅台,1.31,194.44,2.02E+11
2012/3/7,'600519,贵州茅台,-2.92,193.13,2.01E+11
2012/3/6,'600519,贵州茅台,-3.79,196.05,2.04E+11
2012/3/5,'600519,贵州茅台,-1.06,199.84,2.07E+11
2012/3/2,'600519,贵州茅台,-1.68,200.9,2.09E+11
2012/3/1,'600519,贵州茅台,-1.88,202.58,2.10E+11
2012/2/29,'600519,贵州茅台,3.72,204.46,2.12E+11
2012/2/28,'600519,贵州茅台,2.24,200.74,2.08E+11
2012/2/27,'600519,贵州茅台,0.42,198.5,2.06E+11
2012/2/24,'600519,贵州茅台,3.77,198.08,2.06E+11
2012/2/23,'600519,贵州茅台,1.55,194.31,2.02E+11
2012/2/22,'600519,贵州茅台,0.81,192.76,2.00E+11
2012/2/21,'600519,贵州茅台,1.09,191.95,1.99E+11
2012/2/20,'600519,贵州茅台,-0.58,190.86,1.98E+11
2012/2/17,'600519,贵州茅台,-0.28,191.44,1.99E+11
2012/2/16,'600519,贵州茅台,-3.08,191.72,1.99E+11
2012/2/15,'600519,贵州茅台,0.98,194.8,2.02E+11
2012/2/14,'600519,贵州茅台,0.4,193.82,2.01E+11
2012/2/13,'600519,贵州茅台,2.91,193.42,2.01E+11
2012/2/10,'600519,贵州茅台,-0.24,190.51,1.98E+11
2012/2/9,'600519,贵州茅台,2.46,190.75,1.98E+11
2012/2/8,'600519,贵州茅台,2.43,188.29,1.95E+11
2012/2/7,'600519,贵州茅台,-2.68,185.86,1.93E+11
2012/2/6,'600519,贵州茅台,2.06,188.54,1.96E+11
2012/2/3,'600519,贵州茅台,0.05,186.48,1.94E+11
2012/2/2,'600519,贵州茅台,0.28,186.43,1.94E+11
2012/2/1,'600519,贵州茅台,-0.26,186.15,1.93E+11
2012/1/31,'600519,贵州茅台,2.61,186.41,1.94E+11
2012/1/30,'600519,贵州茅台,-2.17,183.8,1.91E+11
2012/1/20,'600519,贵州茅台,5.27,185.97,1.93E+11
2012/1/19,'600519,贵州茅台,3.32,180.7,1.88E+11
2012/1/18,'600519,贵州茅台,-3.06,177.38,1.84E+11
2012/1/17,'600519,贵州茅台,3.03,180.44,1.87E+11
2012/1/16,'600519,贵州茅台,-11.28,177.41,1.84E+11
2012/1/13,'600519,贵州茅台,-1.66,188.69,1.96E+11
2012/1/12,'600519,贵州茅台,0.67,190.35,1.98E+11
2012/1/11,'600519,贵州茅台,-4.8,189.68,1.97E+11
2012/1/10,'600519,贵州茅台,6.47,194.48,2.02E+11
2012/1/9,'600519,贵州茅台,1.37,188.01,1.95E+11
2012/1/6,'600519,贵州茅台,3.49,186.64,1.94E+11
2012/1/5,'600519,贵州茅台,-2.12,183.15,1.90E+11
2012/1/4,'600519,贵州茅台,-8.03,185.27,1.92E+11
2011/12/30,'600519,贵州茅台,1.09,193.3,2.01E+11
2011/12/29,'600519,贵州茅台,1.98,192.21,2.00E+11
2011/12/28,'600519,贵州茅台,1.2,190.23,1.97E+11
2011/12/27,'600519,贵州茅台,-4.09,189.03,1.96E+11
2011/12/26,'600519,贵州茅台,-7.64,193.12,2.00E+11
2011/12/23,'600519,贵州茅台,1.09,200.76,2.08E+11
2011/12/22,'600519,贵州茅台,2.44,199.67,2.07E+11
2011/12/21,'600519,贵州茅台,-3.01,197.23,2.05E+11
2011/12/20,'600519,贵州茅台,-0.76,200.24,2.08E+11
2011/12/19,'600519,贵州茅台,-0.78,201,2.09E+11
2011/12/16,'600519,贵州茅台,4.8,201.78,2.09E+11
2011/12/15,'600519,贵州茅台,-0.86,196.98,2.05E+11
2011/12/14,'600519,贵州茅台,1.59,197.84,2.05E+11
2011/12/13,'600519,贵州茅台,-1.29,196.25,2.04E+11
2011/12/12,'600519,贵州茅台,-2.28,197.54,2.05E+11
2011/12/9,'600519,贵州茅台,-3.18,199.82,2.07E+11
2011/12/8,'600519,贵州茅台,-2.7,203,2.11E+11
2011/12/7,'600519,贵州茅台,2.03,205.7,2.14E+11
2011/12/6,'600519,贵州茅台,-3.05,203.67,2.11E+11
2011/12/5,'600519,贵州茅台,-7.31,206.72,2.15E+11
2011/12/2,'600519,贵州茅台,1.19,214.03,2.22E+11
2011/12/1,'600519,贵州茅台,2.78,212.84,2.21E+11
2011/11/30,'600519,贵州茅台,-2.5,210.06,2.18E+11
2011/11/29,'600519,贵州茅台,-1.31,212.56,2.21E+11
2011/11/28,'600519,贵州茅台,3.89,213.87,2.22E+11
2011/11/25,'600519,贵州茅台,2.29,209.98,2.18E+11
2011/11/24,'600519,贵州茅台,-1.42,207.69,2.16E+11
2011/11/23,'600519,贵州茅台,3.04,209.11,2.17E+11
2011/11/22,'600519,贵州茅台,5.2,206.07,2.14E+11
2011/11/21,'600519,贵州茅台,0.3,200.87,2.09E+11
2011/11/18,'600519,贵州茅台,-1.27,200.57,2.08E+11
2011/11/17,'600519,贵州茅台,1.07,201.84,2.10E+11
2011/11/16,'600519,贵州茅台,-3.16,200.77,2.08E+11
2011/11/15,'600519,贵州茅台,-3.33,203.93,2.12E+11
2011/11/14,'600519,贵州茅台,3.29,207.26,2.15E+11
2011/11/11,'600519,贵州茅台,-1.04,203.97,2.12E+11
2011/11/10,'600519,贵州茅台,0.89,205.01,2.13E+11
2011/11/9,'600519,贵州茅台,-0.63,204.12,2.12E+11
2011/11/8,'600519,贵州茅台,-2.05,204.75,2.13E+11
2011/11/7,'600519,贵州茅台,-0.96,206.8,2.15E+11
2011/11/4,'600519,贵州茅台,0.48,207.76,2.16E+11
2011/11/3,'600519,贵州茅台,-2.29,207.28,2.15E+11
2011/11/2,'600519,贵州茅台,2.38,209.57,2.18E+11
2011/11/1,'600519,贵州茅台,2.98,207.19,2.15E+11
2011/10/31,'600519,贵州茅台,-0.8,204.21,2.12E+11
2011/10/28,'600519,贵州茅台,3.01,205.01,2.13E+11
2011/10/27,'600519,贵州茅台,0.14,202,2.10E+11
2011/10/26,'600519,贵州茅台,1.24,201.86,2.10E+11
2011/10/25,'600519,贵州茅台,0.07,200.62,2.08E+11
2011/10/24,'600519,贵州茅台,6.16,200.55,2.08E+11
2011/10/21,'600519,贵州茅台,3.29,194.39,2.02E+11
2011/10/20,'600519,贵州茅台,-7.02,191.1,1.98E+11
2011/10/19,'600519,贵州茅台,1.7,198.12,2.06E+11
2011/10/18,'600519,贵州茅台,-0.72,196.42,2.04E+11
2011/10/17,'600519,贵州茅台,5.7,197.14,2.05E+11
2011/10/14,'600519,贵州茅台,-0.63,191.44,1.99E+11
2011/10/13,'600519,贵州茅台,0.03,192.07,1.99E+11
2011/10/12,'600519,贵州茅台,5.07,192.04,1.99E+11
2011/10/11,'600519,贵州茅台,-1.03,186.97,1.94E+11
2011/10/10,'600519,贵州茅台,-2.59,188,1.95E+11
2011/9/30,'600519,贵州茅台,3.5,190.59,1.98E+11
2011/9/29,'600519,贵州茅台,-0.03,187.09,1.94E+11
2011/9/28,'600519,贵州茅台,-2.34,187.12,1.94E+11
2011/9/27,'600519,贵州茅台,1.34,189.46,1.97E+11
2011/9/26,'600519,贵州茅台,-5.93,188.12,1.95E+11
2011/9/23,'600519,贵州茅台,-3.61,194.05,2.01E+11
2011/9/22,'600519,贵州茅台,-6.7,197.66,2.05E+11
2011/9/21,'600519,贵州茅台,3.52,204.36,2.12E+11
2011/9/20,'600519,贵州茅台,-1.88,200.84,2.09E+11
2011/9/19,'600519,贵州茅台,-0.2,202.72,2.10E+11
2011/9/16,'600519,贵州茅台,4.43,202.92,2.11E+11
2011/9/15,'600519,贵州茅台,0.54,198.49,2.06E+11
2011/9/14,'600519,贵州茅台,-3.68,197.95,2.06E+11
2011/9/13,'600519,贵州茅台,-5.45,201.63,2.09E+11
2011/9/9,'600519,贵州茅台,1.21,207.08,2.15E+11
2011/9/8,'600519,贵州茅台,-1.72,205.87,2.14E+11
2011/9/7,'600519,贵州茅台,4.58,207.59,2.16E+11
2011/9/6,'600519,贵州茅台,-4.26,203.01,2.11E+11
2011/9/5,'600519,贵州茅台,-4.59,207.27,2.15E+11
2011/9/2,'600519,贵州茅台,0.38,211.86,2.20E+11
2011/9/1,'600519,贵州茅台,-3.29,211.48,2.20E+11
2011/8/31,'600519,贵州茅台,-0.05,214.77,2.23E+11
2011/8/30,'600519,贵州茅台,-0.45,214.82,2.23E+11
2011/8/29,'600519,贵州茅台,2.39,215.27,2.23E+11
2011/8/26,'600519,贵州茅台,5.46,212.88,2.21E+11
2011/8/25,'600519,贵州茅台,1.62,207.42,2.15E+11
2011/8/24,'600519,贵州茅台,0.87,205.8,2.14E+11
2011/8/23,'600519,贵州茅台,0.62,204.93,2.13E+11
2011/8/22,'600519,贵州茅台,-5.59,204.31,2.12E+11
2011/8/19,'600519,贵州茅台,1.7,209.9,2.18E+11
2011/8/18,'600519,贵州茅台,-1.65,208.2,2.16E+11
2011/8/17,'600519,贵州茅台,0.16,209.85,2.18E+11
2011/8/16,'600519,贵州茅台,-3.61,209.69,2.18E+11
2011/8/15,'600519,贵州茅台,-3.47,213.3,2.21E+11
2011/8/12,'600519,贵州茅台,2.07,216.77,2.25E+11
2011/8/11,'600519,贵州茅台,9,214.7,2.23E+11
2011/8/10,'600519,贵州茅台,4.6,205.7,2.14E+11
2011/8/9,'600519,贵州茅台,1.44,201.1,2.09E+11
2011/8/8,'600519,贵州茅台,-3.47,199.66,2.07E+11
2011/8/5,'600519,贵州茅台,-1.85,203.13,2.11E+11
2011/8/4,'600519,贵州茅台,3.19,204.98,2.13E+11
2011/8/3,'600519,贵州茅台,0.68,201.79,2.09E+11
2011/8/2,'600519,贵州茅台,-2.27,201.11,2.09E+11
2011/8/1,'600519,贵州茅台,-3.31,203.38,2.11E+11
2011/7/29,'600519,贵州茅台,-1.06,206.69,2.15E+11
2011/7/28,'600519,贵州茅台,3.43,207.75,2.16E+11
2011/7/27,'600519,贵州茅台,0.76,204.32,2.12E+11
2011/7/26,'600519,贵州茅台,-0.09,203.56,2.11E+11
2011/7/25,'600519,贵州茅台,-2.63,203.65,2.11E+11
2011/7/22,'600519,贵州茅台,2.85,206.28,2.14E+11
2011/7/21,'600519,贵州茅台,3.54,203.43,2.11E+11
2011/7/20,'600519,贵州茅台,1.05,199.89,2.08E+11
2011/7/19,'600519,贵州茅台,-0.12,198.84,2.06E+11
2011/7/18,'600519,贵州茅台,3.81,198.96,2.07E+11
2011/7/15,'600519,贵州茅台,1.9,195.15,2.03E+11
2011/7/14,'600519,贵州茅台,-1.34,193.25,2.01E+11
2011/7/13,'600519,贵州茅台,0.85,194.59,2.02E+11
2011/7/12,'600519,贵州茅台,-3.09,193.74,2.01E+11
2011/7/11,'600519,贵州茅台,2.75,196.83,2.04E+11
2011/7/8,'600519,贵州茅台,-0.03,194.08,2.01E+11
2011/7/7,'600519,贵州茅台,3.04,194.11,2.02E+11
2011/7/6,'600519,贵州茅台,-0.36,191.07,1.98E+11
2011/7/5,'600519,贵州茅台,-1.59,191.43,1.99E+11
2011/7/4,'600519,贵州茅台,1.39,193.02,2.00E+11
2011/7/1,'600519,DR贵州茅,0.42,191.63,1.99E+11
2011/6/30,'600519,贵州茅台,1.69,212.63,2.01E+11
2011/6/29,'600519,贵州茅台,0.49,210.94,1.99E+11
2011/6/28,'600519,贵州茅台,2.18,210.45,1.99E+11
2011/6/27,'600519,贵州茅台,1.83,208.27,1.97E+11
2011/6/24,'600519,贵州茅台,-1.55,206.44,1.95E+11
2011/6/23,'600519,贵州茅台,2.06,207.99,1.96E+11
2011/6/22,'600519,贵州茅台,2.63,205.93,1.94E+11
2011/6/21,'600519,贵州茅台,-0.16,203.3,1.92E+11
2011/6/20,'600519,贵州茅台,-5.17,203.46,1.92E+11
2011/6/17,'600519,贵州茅台,5.61,208.63,1.97E+11
2011/6/16,'600519,贵州茅台,-0.19,203.02,1.92E+11
2011/6/15,'600519,贵州茅台,-1.25,203.21,1.92E+11
2011/6/14,'600519,贵州茅台,2.97,204.46,1.93E+11
2011/6/13,'600519,贵州茅台,-1.07,201.49,1.90E+11
2011/6/10,'600519,贵州茅台,0.74,202.56,1.91E+11
2011/6/9,'600519,贵州茅台,-6.92,201.82,1.90E+11
2011/6/8,'600519,贵州茅台,0.87,208.74,1.97E+11
2011/6/7,'600519,贵州茅台,-3.74,207.87,1.96E+11
2011/6/3,'600519,贵州茅台,5.02,211.61,2.00E+11
2011/6/2,'600519,贵州茅台,-3.3,206.59,1.95E+11
2011/6/1,'600519,贵州茅台,6.09,209.89,1.98E+11
2011/5/31,'600519,贵州茅台,1.27,203.8,1.92E+11
2011/5/30,'600519,贵州茅台,8.79,202.53,1.91E+11
2011/5/27,'600519,贵州茅台,-4.95,193.74,1.83E+11
2011/5/26,'600519,贵州茅台,4.08,198.69,1.88E+11
2011/5/25,'600519,贵州茅台,None,0,1.84E+11
2011/5/24,'600519,贵州茅台,-2.42,194.61,1.84E+11
2011/5/23,'600519,贵州茅台,-3.8,197.03,1.86E+11
2011/5/20,'600519,贵州茅台,0.95,200.83,1.90E+11
2011/5/19,'600519,贵州茅台,4.93,199.88,1.89E+11
2011/5/18,'600519,贵州茅台,7.32,194.95,1.84E+11
2011/5/17,'600519,贵州茅台,-0.04,187.63,1.77E+11
2011/5/16,'600519,贵州茅台,0.01,187.67,1.77E+11
2011/5/13,'600519,贵州茅台,0.34,187.66,1.77E+11
2011/5/12,'600519,贵州茅台,2.05,187.32,1.77E+11
2011/5/11,'600519,贵州茅台,1.68,185.27,1.75E+11
2011/5/10,'600519,贵州茅台,-0.57,183.59,1.73E+11
2011/5/9,'600519,贵州茅台,-1.65,184.16,1.74E+11
2011/5/6,'600519,贵州茅台,0.86,185.81,1.75E+11
2011/5/5,'600519,贵州茅台,1.45,184.95,1.75E+11
2011/5/4,'600519,贵州茅台,-2.36,183.5,1.73E+11
2011/5/3,'600519,贵州茅台,3.55,185.86,1.75E+11
2011/4/29,'600519,贵州茅台,3.89,182.31,1.72E+11
2011/4/28,'600519,贵州茅台,-2.73,178.42,1.68E+11
2011/4/27,'600519,贵州茅台,-0.02,181.15,1.71E+11
2011/4/26,'600519,贵州茅台,-1.89,181.17,1.71E+11
2011/4/25,'600519,贵州茅台,6.91,183.06,1.73E+11
2011/4/22,'600519,贵州茅台,1.29,176.15,1.66E+11
2011/4/21,'600519,贵州茅台,0.06,174.86,1.65E+11
2011/4/20,'600519,贵州茅台,1.42,174.8,1.65E+11
2011/4/19,'600519,贵州茅台,0.32,173.38,1.64E+11
2011/4/18,'600519,贵州茅台,0.68,173.06,1.63E+11
2011/4/15,'600519,贵州茅台,-3.36,172.38,1.63E+11
2011/4/14,'600519,贵州茅台,-2.59,175.74,1.66E+11
2011/4/13,'600519,贵州茅台,0.91,178.33,1.68E+11
2011/4/12,'600519,贵州茅台,-0.07,177.42,1.67E+11
2011/4/11,'600519,贵州茅台,1.83,177.49,1.68E+11
2011/4/8,'600519,贵州茅台,0.72,175.66,1.66E+11
2011/4/7,'600519,贵州茅台,-2.04,174.94,1.65E+11
2011/4/6,'600519,贵州茅台,-2.48,176.98,1.67E+11
2011/4/1,'600519,贵州茅台,-0.39,179.46,1.69E+11
2011/3/31,'600519,贵州茅台,1.14,179.85,1.70E+11
2011/3/30,'600519,贵州茅台,-0.24,178.71,1.69E+11
2011/3/29,'600519,贵州茅台,-1.96,178.95,1.69E+11
2011/3/28,'600519,贵州茅台,-2.52,180.91,1.71E+11
2011/3/25,'600519,贵州茅台,-0.12,183.43,1.73E+11
2011/3/24,'600519,贵州茅台,-2.99,183.55,1.73E+11
2011/3/23,'600519,贵州茅台,0.79,186.54,1.76E+11
2011/3/22,'600519,贵州茅台,-1.38,185.75,1.75E+11
2011/3/21,'600519,贵州茅台,-4.02,187.13,1.77E+11
2011/3/18,'600519,贵州茅台,2.12,191.15,1.80E+11
2011/3/17,'600519,贵州茅台,7.19,189.03,1.78E+11
2011/3/16,'600519,贵州茅台,2.57,181.84,1.72E+11
2011/3/15,'600519,贵州茅台,-3.61,179.27,1.69E+11
2011/3/14,'600519,贵州茅台,2.84,182.88,1.73E+11
2011/3/11,'600519,贵州茅台,-1.96,180.04,1.70E+11
2011/3/10,'600519,贵州茅台,4.01,182,1.72E+11
2011/3/9,'600519,贵州茅台,1.27,177.99,1.68E+11
2011/3/8,'600519,贵州茅台,-0.66,176.72,1.67E+11
2011/3/7,'600519,贵州茅台,1.45,177.38,1.67E+11
2011/3/4,'600519,贵州茅台,0.93,175.93,1.66E+11
2011/3/3,'600519,贵州茅台,-2.21,175,1.65E+11
2011/3/2,'600519,贵州茅台,-1.43,177.21,1.67E+11
2011/3/1,'600519,贵州茅台,-0.04,178.64,1.69E+11
2011/2/28,'600519,贵州茅台,-0.94,178.68,1.69E+11
2011/2/25,'600519,贵州茅台,-2.53,179.62,1.70E+11
2011/2/24,'600519,贵州茅台,-0.61,182.15,1.72E+11
2011/2/23,'600519,贵州茅台,0.88,182.76,1.72E+11
2011/2/22,'600519,贵州茅台,-1.6,181.88,1.72E+11
2011/2/21,'600519,贵州茅台,1.5,183.48,1.73E+11
2011/2/18,'600519,贵州茅台,0.72,181.98,1.72E+11
2011/2/17,'600519,贵州茅台,-2.42,181.26,1.71E+11
2011/2/16,'600519,贵州茅台,-1.56,183.68,1.73E+11
2011/2/15,'600519,贵州茅台,-1.87,185.24,1.75E+11
2011/2/14,'600519,贵州茅台,2.18,187.11,1.77E+11
2011/2/11,'600519,贵州茅台,-0.1,184.93,1.75E+11
2011/2/10,'600519,贵州茅台,7.07,185.03,1.75E+11
2011/2/9,'600519,贵州茅台,-2.32,177.96,1.68E+11
2011/2/1,'600519,贵州茅台,2.29,180.28,1.70E+11
2011/1/31,'600519,贵州茅台,4.65,177.99,1.68E+11
2011/1/28,'600519,贵州茅台,0.28,173.34,1.64E+11
2011/1/27,'600519,贵州茅台,0.92,173.06,1.63E+11
2011/1/26,'600519,贵州茅台,1.44,172.14,1.62E+11
2011/1/25,'600519,贵州茅台,-0.82,170.7,1.61E+11
2011/1/24,'600519,贵州茅台,-4.37,171.52,1.62E+11
2011/1/21,'600519,贵州茅台,-4.18,175.89,1.66E+11
2011/1/20,'600519,贵州茅台,-2.76,180.07,1.70E+11
2011/1/19,'600519,贵州茅台,0.27,182.83,1.73E+11
2011/1/18,'600519,贵州茅台,6.97,182.56,1.72E+11
2011/1/17,'600519,贵州茅台,-4.6,175.59,1.66E+11
2011/1/14,'600519,贵州茅台,0.7,180.19,1.70E+11
2011/1/13,'600519,贵州茅台,5.02,179.49,1.69E+11
2011/1/12,'600519,贵州茅台,0.91,174.47,1.65E+11
2011/1/11,'600519,贵州茅台,-0.75,173.56,1.64E+11
2011/1/10,'600519,贵州茅台,-5.41,174.31,1.65E+11
2011/1/7,'600519,贵州茅台,-0.52,179.72,1.70E+11
2011/1/6,'600519,贵州茅台,-0.84,180.24,1.70E+11
2011/1/5,'600519,贵州茅台,-4.42,181.08,1.71E+11
2011/1/4,'600519,贵州茅台,1.58,185.5,1.75E+11
2010/12/31,'600519,贵州茅台,1.99,183.92,1.74E+11
2010/12/30,'600519,贵州茅台,-4.07,181.93,1.72E+11
2010/12/29,'600519,贵州茅台,2.74,186,1.76E+11
2010/12/28,'600519,贵州茅台,0.27,183.26,1.73E+11
2010/12/27,'600519,贵州茅台,-5.73,182.99,1.73E+11
2010/12/24,'600519,贵州茅台,-1.99,188.72,1.78E+11
2010/12/23,'600519,贵州茅台,-0.24,190.71,1.80E+11
2010/12/22,'600519,贵州茅台,-3.05,190.95,1.80E+11
2010/12/21,'600519,贵州茅台,-3.38,194,1.83E+11
2010/12/20,'600519,贵州茅台,-7.04,197.38,1.86E+11
2010/12/17,'600519,贵州茅台,-2.56,204.42,1.93E+11
2010/12/16,'600519,贵州茅台,6.28,206.98,1.95E+11
2010/12/15,'600519,贵州茅台,2.79,200.7,1.89E+11
2010/12/14,'600519,贵州茅台,0.92,197.91,1.87E+11
2010/12/13,'600519,贵州茅台,-0.73,196.99,1.86E+11
2010/12/10,'600519,贵州茅台,2.46,197.72,1.87E+11
2010/12/9,'600519,贵州茅台,-0.92,195.26,1.84E+11
2010/12/8,'600519,贵州茅台,-1.38,196.18,1.85E+11
2010/12/7,'600519,贵州茅台,4.54,197.56,1.86E+11
2010/12/6,'600519,贵州茅台,-6.77,193.02,1.82E+11
2010/12/3,'600519,贵州茅台,1.62,199.79,1.89E+11
2010/12/2,'600519,贵州茅台,-4.23,198.17,1.87E+11
2010/12/1,'600519,贵州茅台,-2.41,202.4,1.91E+11
2010/11/30,'600519,贵州茅台,-11.62,204.81,1.93E+11
2010/11/29,'600519,贵州茅台,9.19,216.43,2.04E+11
2010/11/26,'600519,贵州茅台,4.27,207.24,1.96E+11
2010/11/25,'600519,贵州茅台,3.05,202.97,1.92E+11
2010/11/24,'600519,贵州茅台,10.88,199.92,1.89E+11
2010/11/23,'600519,贵州茅台,10.53,189.04,1.78E+11
2010/11/22,'600519,贵州茅台,3.35,178.51,1.68E+11
2010/11/19,'600519,贵州茅台,5.67,175.16,1.65E+11
2010/11/18,'600519,贵州茅台,4.49,169.49,1.60E+11
2010/11/17,'600519,贵州茅台,-12.19,165,1.56E+11
2010/11/16,'600519,贵州茅台,-6.5,177.19,1.67E+11
2010/11/15,'600519,贵州茅台,6.16,183.69,1.73E+11
2010/11/12,'600519,贵州茅台,1.61,177.53,1.68E+11
2010/11/11,'600519,贵州茅台,-3.81,175.92,1.66E+11
2010/11/10,'600519,贵州茅台,13.87,179.73,1.70E+11
2010/11/9,'600519,贵州茅台,2.37,165.86,1.57E+11
2010/11/8,'600519,贵州茅台,-0.49,163.49,1.54E+11
2010/11/5,'600519,贵州茅台,-1.07,163.98,1.55E+11
2010/11/4,'600519,贵州茅台,1.7,165.05,1.56E+11
2010/11/3,'600519,贵州茅台,0.68,163.35,1.54E+11
2010/11/2,'600519,贵州茅台,-1.09,162.67,1.54E+11
2010/11/1,'600519,贵州茅台,0.61,163.76,1.55E+11
2010/10/29,'600519,贵州茅台,-3.89,163.15,1.54E+11
2010/10/28,'600519,贵州茅台,-1.11,167.04,1.58E+11
2010/10/27,'600519,贵州茅台,-0.86,168.15,1.59E+11
2010/10/26,'600519,贵州茅台,-3.99,169.01,1.60E+11
2010/10/25,'600519,贵州茅台,4.89,173,1.63E+11
2010/10/22,'600519,贵州茅台,0.64,168.11,1.59E+11
2010/10/21,'600519,贵州茅台,0.06,167.47,1.58E+11
2010/10/20,'600519,贵州茅台,4.14,167.41,1.58E+11
2010/10/19,'600519,贵州茅台,0.85,163.27,1.54E+11
2010/10/18,'600519,贵州茅台,2.44,162.42,1.53E+11
2010/10/15,'600519,贵州茅台,1.54,159.98,1.51E+11
2010/10/14,'600519,贵州茅台,-2.56,158.44,1.50E+11
2010/10/13,'600519,贵州茅台,-5.6,161,1.52E+11
2010/10/12,'600519,贵州茅台,-1.2,166.6,1.57E+11
2010/10/11,'600519,贵州茅台,-5.73,167.8,1.58E+11
2010/10/8,'600519,贵州茅台,4.8,173.53,1.64E+11
2010/9/30,'600519,贵州茅台,1.57,168.73,1.59E+11
2010/9/29,'600519,贵州茅台,-3.62,167.16,1.58E+11
2010/9/28,'600519,贵州茅台,1.95,170.78,1.61E+11
2010/9/27,'600519,贵州茅台,2.75,168.83,1.59E+11
2010/9/21,'600519,贵州茅台,1.43,166.08,1.57E+11
2010/9/20,'600519,贵州茅台,2.84,164.65,1.55E+11
2010/9/17,'600519,贵州茅台,2.47,161.81,1.53E+11
2010/9/16,'600519,贵州茅台,-3.11,159.34,1.50E+11
2010/9/15,'600519,贵州茅台,-4.84,162.45,1.53E+11
2010/9/14,'600519,贵州茅台,-1.49,167.29,1.58E+11
2010/9/13,'600519,贵州茅台,-0.71,168.78,1.59E+11
2010/9/10,'600519,贵州茅台,2.6,169.49,1.60E+11
2010/9/9,'600519,贵州茅台,0.41,166.89,1.58E+11
2010/9/8,'600519,贵州茅台,1.21,166.48,1.57E+11
2010/9/7,'600519,贵州茅台,-1.45,165.27,1.56E+11
2010/9/6,'600519,贵州茅台,4.1,166.72,1.57E+11
2010/9/3,'600519,贵州茅台,2.63,162.62,1.53E+11
2010/9/2,'600519,贵州茅台,3.11,159.99,1.51E+11
2010/9/1,'600519,贵州茅台,-2.35,156.88,1.48E+11
2010/8/31,'600519,贵州茅台,-0.59,159.23,1.50E+11
2010/8/30,'600519,贵州茅台,8.76,159.82,1.51E+11
2010/8/27,'600519,贵州茅台,0.69,151.06,1.43E+11
2010/8/26,'600519,贵州茅台,0.58,150.37,1.42E+11
2010/8/25,'600519,贵州茅台,-1.63,149.79,1.41E+11
2010/8/24,'600519,贵州茅台,0.7,151.42,1.43E+11
2010/8/23,'600519,贵州茅台,1.83,150.72,1.42E+11
2010/8/20,'600519,贵州茅台,-2.37,148.89,1.41E+11
2010/8/19,'600519,贵州茅台,-1.58,151.26,1.43E+11
2010/8/18,'600519,贵州茅台,-2.25,152.84,1.44E+11
2010/8/17,'600519,贵州茅台,2.19,155.09,1.46E+11
2010/8/16,'600519,贵州茅台,2.51,152.9,1.44E+11
2010/8/13,'600519,贵州茅台,1.47,150.39,1.42E+11
2010/8/12,'600519,贵州茅台,1.07,148.92,1.41E+11
2010/8/11,'600519,贵州茅台,1.09,147.85,1.40E+11
2010/8/10,'600519,贵州茅台,-4.85,146.76,1.39E+11
2010/8/9,'600519,贵州茅台,3.41,151.61,1.43E+11
2010/8/6,'600519,贵州茅台,0.04,148.2,1.40E+11
2010/8/5,'600519,贵州茅台,4.14,148.16,1.40E+11
2010/8/4,'600519,贵州茅台,1.76,144.02,1.36E+11
2010/8/3,'600519,贵州茅台,-1.29,142.26,1.34E+11
2010/8/2,'600519,贵州茅台,4.88,143.55,1.35E+11
2010/7/30,'600519,贵州茅台,-0.75,138.67,1.31E+11
2010/7/29,'600519,贵州茅台,-3.52,139.42,1.32E+11
2010/7/28,'600519,贵州茅台,0.94,142.94,1.35E+11
2010/7/27,'600519,贵州茅台,1.04,142,1.34E+11
2010/7/26,'600519,贵州茅台,0.25,140.96,1.33E+11
2010/7/23,'600519,贵州茅台,2.75,140.71,1.33E+11
2010/7/22,'600519,贵州茅台,0.08,137.96,1.30E+11
2010/7/21,'600519,贵州茅台,1.37,137.88,1.30E+11
2010/7/20,'600519,贵州茅台,0.71,136.51,1.29E+11
2010/7/19,'600519,贵州茅台,1.99,135.8,1.28E+11
2010/7/16,'600519,贵州茅台,1.98,133.81,1.26E+11
2010/7/15,'600519,贵州茅台,1.59,131.83,1.24E+11
2010/7/14,'600519,贵州茅台,0.69,130.24,1.23E+11
2010/7/13,'600519,贵州茅台,-1.16,129.55,1.22E+11
2010/7/12,'600519,贵州茅台,-0.35,130.71,1.23E+11
2010/7/9,'600519,贵州茅台,2.74,131.06,1.24E+11
2010/7/8,'600519,贵州茅台,1,128.32,1.21E+11
2010/7/7,'600519,贵州茅台,-0.28,127.32,1.20E+11
2010/7/6,'600519,贵州茅台,1.79,127.6,1.20E+11
2010/7/5,'600519,XD贵州茅,-0.69,125.81,1.19E+11
2010/7/2,'600519,贵州茅台,0.66,127.68,1.21E+11
2010/7/1,'600519,贵州茅台,-0.34,127.02,1.20E+11
2010/6/30,'600519,贵州茅台,1.09,127.36,1.20E+11
2010/6/29,'600519,贵州茅台,-1.74,126.27,1.19E+11
2010/6/28,'600519,贵州茅台,-2.51,128.01,1.21E+11
2010/6/25,'600519,贵州茅台,0.55,130.52,1.23E+11
2010/6/24,'600519,贵州茅台,-1.73,129.97,1.23E+11
2010/6/23,'600519,贵州茅台,-0.49,131.7,1.24E+11
2010/6/22,'600519,贵州茅台,-2.25,132.19,1.25E+11
2010/6/21,'600519,贵州茅台,2.18,134.44,1.27E+11
2010/6/18,'600519,贵州茅台,-4.22,132.26,1.25E+11
2010/6/17,'600519,贵州茅台,-2.23,136.48,1.29E+11
2010/6/11,'600519,贵州茅台,-2.64,138.71,1.31E+11
2010/6/10,'600519,贵州茅台,-0.07,141.35,1.33E+11
2010/6/9,'600519,贵州茅台,1.3,141.42,1.33E+11
2010/6/8,'600519,贵州茅台,-0.94,140.12,1.32E+11
2010/6/7,'600519,贵州茅台,2.94,141.06,1.33E+11
2010/6/4,'600519,贵州茅台,3.09,138.12,1.30E+11
2010/6/3,'600519,贵州茅台,0.87,135.03,1.27E+11
2010/6/2,'600519,贵州茅台,1.53,134.16,1.27E+11
2010/6/1,'600519,贵州茅台,0.75,132.63,1.25E+11
2010/5/31,'600519,贵州茅台,-0.06,131.88,1.24E+11
2010/5/28,'600519,贵州茅台,None,0,1.25E+11
2010/5/27,'600519,贵州茅台,None,0,1.25E+11
2010/5/26,'600519,贵州茅台,0.69,131.94,1.25E+11
2010/5/25,'600519,贵州茅台,-4.72,131.25,1.24E+11
2010/5/24,'600519,贵州茅台,1.76,135.97,1.28E+11
2010/5/21,'600519,贵州茅台,2.73,134.21,1.27E+11
2010/5/20,'600519,贵州茅台,1.65,131.48,1.24E+11
2010/5/19,'600519,贵州茅台,-0.28,129.83,1.23E+11
2010/5/18,'600519,贵州茅台,0.31,130.11,1.23E+11
2010/5/17,'600519,贵州茅台,-5.15,129.8,1.23E+11
2010/5/14,'600519,贵州茅台,0.08,134.95,1.27E+11
2010/5/13,'600519,贵州茅台,1.69,134.87,1.27E+11
2010/5/12,'600519,贵州茅台,-0.48,133.18,1.26E+11
2010/5/11,'600519,贵州茅台,0.12,133.66,1.26E+11
2010/5/10,'600519,贵州茅台,3.53,133.54,1.26E+11
2010/5/7,'600519,贵州茅台,2.66,130.01,1.23E+11
2010/5/6,'600519,贵州茅台,-3.44,127.35,1.20E+11
2010/5/5,'600519,贵州茅台,2.15,130.79,1.23E+11
2010/5/4,'600519,贵州茅台,-0.39,128.64,1.21E+11
2010/4/30,'600519,贵州茅台,-5.22,129.03,1.22E+11
2010/4/29,'600519,贵州茅台,2.12,134.25,1.27E+11
2010/4/28,'600519,贵州茅台,-0.82,132.13,1.25E+11
2010/4/27,'600519,贵州茅台,-3.98,132.95,1.25E+11
2010/4/26,'600519,贵州茅台,-6.9,136.93,1.29E+11
2010/4/23,'600519,贵州茅台,-4.73,143.83,1.36E+11
2010/4/22,'600519,贵州茅台,0.54,148.56,1.40E+11
2010/4/21,'600519,贵州茅台,4.5,148.02,1.40E+11
2010/4/20,'600519,贵州茅台,-2.64,143.52,1.35E+11
2010/4/19,'600519,贵州茅台,-1.82,146.16,1.38E+11
2010/4/16,'600519,贵州茅台,0.5,147.98,1.40E+11
2010/4/15,'600519,贵州茅台,-3.04,147.48,1.39E+11
2010/4/14,'600519,贵州茅台,0.64,150.52,1.42E+11
2010/4/13,'600519,贵州茅台,2.59,149.88,1.41E+11
2010/4/12,'600519,贵州茅台,-1.85,147.29,1.39E+11
2010/4/9,'600519,贵州茅台,-1.37,149.14,1.41E+11
2010/4/8,'600519,贵州茅台,-1.62,150.51,1.42E+11
2010/4/7,'600519,贵州茅台,0.29,152.13,1.44E+11
2010/4/6,'600519,贵州茅台,-0.79,151.84,1.43E+11
2010/4/2,'600519,贵州茅台,-7.43,152.63,1.44E+11
2010/4/1,'600519,贵州茅台,1.3,160.06,1.51E+11
2010/3/31,'600519,贵州茅台,-1.25,158.76,1.50E+11
2010/3/30,'600519,贵州茅台,-1.71,160.01,1.51E+11
2010/3/29,'600519,贵州茅台,2.06,161.72,1.53E+11
2010/3/26,'600519,贵州茅台,1.76,159.66,1.51E+11
2010/3/25,'600519,贵州茅台,-1.25,157.9,1.49E+11
2010/3/24,'600519,贵州茅台,1.87,159.15,1.50E+11
2010/3/23,'600519,贵州茅台,-0.72,157.28,1.48E+11
2010/3/22,'600519,贵州茅台,-0.76,158,1.49E+11
2010/3/19,'600519,贵州茅台,0.35,158.76,1.50E+11
2010/3/18,'600519,贵州茅台,-2.1,158.41,1.50E+11
2010/3/17,'600519,贵州茅台,1.57,160.51,1.51E+11
2010/3/16,'600519,贵州茅台,0.24,158.94,1.50E+11
2010/3/15,'600519,贵州茅台,-3.22,158.7,1.50E+11
2010/3/12,'600519,贵州茅台,-1.09,161.92,1.53E+11
2010/3/11,'600519,贵州茅台,-0.65,163.01,1.54E+11
2010/3/10,'600519,贵州茅台,0.49,163.66,1.54E+11
2010/3/9,'600519,贵州茅台,-0.01,163.17,1.54E+11
2010/3/8,'600519,贵州茅台,-1.23,163.18,1.54E+11
2010/3/5,'600519,贵州茅台,-0.73,164.41,1.55E+11
2010/3/4,'600519,贵州茅台,-0.52,165.14,1.56E+11
2010/3/3,'600519,贵州茅台,0.06,165.66,1.56E+11
2010/3/2,'600519,贵州茅台,-0.64,165.6,1.56E+11
2010/3/1,'600519,贵州茅台,-0.6,166.24,1.57E+11
2010/2/26,'600519,贵州茅台,-1.41,166.84,1.57E+11
2010/2/25,'600519,贵州茅台,0.33,168.25,1.59E+11
2010/2/24,'600519,贵州茅台,1.17,167.92,1.58E+11
2010/2/23,'600519,贵州茅台,-2.33,166.75,1.57E+11
2010/2/22,'600519,贵州茅台,-4.01,169.08,1.60E+11
2010/2/12,'600519,贵州茅台,-0.29,173.09,1.63E+11
2010/2/11,'600519,贵州茅台,1.55,173.38,1.64E+11
2010/2/10,'600519,贵州茅台,0.72,171.83,1.62E+11
2010/2/9,'600519,贵州茅台,-0.12,171.11,1.61E+11
2010/2/8,'600519,贵州茅台,-0.02,171.23,1.62E+11
2010/2/5,'600519,贵州茅台,2.65,171.25,1.62E+11
2010/2/4,'600519,贵州茅台,2.67,168.6,1.59E+11
2010/2/3,'600519,贵州茅台,-0.59,165.93,1.57E+11
2010/2/2,'600519,贵州茅台,-2.37,166.52,1.57E+11
2010/2/1,'600519,贵州茅台,0.35,168.89,1.59E+11
2010/1/29,'600519,贵州茅台,-0.66,168.54,1.59E+11
2010/1/28,'600519,贵州茅台,5.22,169.2,1.60E+11
2010/1/27,'600519,贵州茅台,-2.72,163.98,1.55E+11
2010/1/26,'600519,贵州茅台,0.66,166.7,1.57E+11
2010/1/25,'600519,贵州茅台,1.91,166.04,1.57E+11
2010/1/22,'600519,贵州茅台,-2.6,164.13,1.55E+11
2010/1/21,'600519,贵州茅台,0.81,166.73,1.57E+11
2010/1/20,'600519,贵州茅台,-3.85,165.92,1.57E+11
2010/1/19,'600519,贵州茅台,-1.21,169.77,1.60E+11
2010/1/18,'600519,贵州茅台,1.11,170.98,1.61E+11
2010/1/15,'600519,贵州茅台,1.33,169.87,1.60E+11
2010/1/14,'600519,贵州茅台,7.1,168.54,1.59E+11
2010/1/13,'600519,贵州茅台,-4.21,161.44,1.52E+11
2010/1/12,'600519,贵州茅台,4.36,165.65,1.56E+11
2010/1/11,'600519,贵州茅台,-0.71,161.29,1.52E+11
2010/1/8,'600519,贵州茅台,-1.72,162,1.53E+11
2010/1/7,'600519,贵州茅台,-3.04,163.72,1.55E+11
2010/1/6,'600519,贵州茅台,-2.68,166.76,1.57E+11
2010/1/5,'600519,贵州茅台,-0.5,169.44,1.60E+11
2010/1/4,'600519,贵州茅台,0.12,169.94,1.60E+11
2009/12/31,'600519,贵州茅台,0.74,169.82,1.60E+11
2009/12/30,'600519,贵州茅台,-2.12,169.08,1.60E+11
2009/12/29,'600519,贵州茅台,0.8,171.2,1.62E+11
2009/12/28,'600519,贵州茅台,-0.04,170.4,1.61E+11
2009/12/25,'600519,贵州茅台,-2.01,170.44,1.61E+11
2009/12/24,'600519,贵州茅台,4.77,172.45,1.63E+11
2009/12/23,'600519,贵州茅台,0.81,167.68,1.58E+11
2009/12/22,'600519,贵州茅台,-0.9,166.87,1.57E+11
2009/12/21,'600519,贵州茅台,2.51,167.77,1.58E+11
2009/12/18,'600519,贵州茅台,-1.08,165.26,1.56E+11
2009/12/17,'600519,贵州茅台,-3.06,166.34,1.57E+11
2009/12/16,'600519,贵州茅台,-3.52,169.4,1.60E+11
2009/12/15,'600519,贵州茅台,-1.46,172.92,1.63E+11
2009/12/14,'600519,贵州茅台,-0.53,174.38,1.65E+11
2009/12/11,'600519,贵州茅台,0.49,174.91,1.65E+11
2009/12/10,'600519,贵州茅台,1.61,174.42,1.65E+11
2009/12/9,'600519,贵州茅台,-1.75,172.81,1.63E+11
2009/12/8,'600519,贵州茅台,-1.97,174.56,1.65E+11
2009/12/7,'600519,贵州茅台,5.63,176.53,1.67E+11
2009/12/4,'600519,贵州茅台,-3,170.9,1.61E+11
2009/12/3,'600519,贵州茅台,-2.24,173.9,1.64E+11
2009/12/2,'600519,贵州茅台,-1.1,176.14,1.66E+11
2009/12/1,'600519,贵州茅台,3.33,177.24,1.67E+11
2009/11/30,'600519,贵州茅台,8.7,173.91,1.64E+11
2009/11/27,'600519,贵州茅台,-3.28,165.21,1.56E+11
2009/11/26,'600519,贵州茅台,-5.57,168.49,1.59E+11
2009/11/25,'600519,贵州茅台,4.22,174.06,1.64E+11
2009/11/24,'600519,贵州茅台,-1.94,169.84,1.60E+11
2009/11/23,'600519,贵州茅台,2.92,171.78,1.62E+11
2009/11/20,'600519,贵州茅台,-1.25,168.86,1.59E+11
2009/11/19,'600519,贵州茅台,-0.85,170.11,1.61E+11
2009/11/18,'600519,贵州茅台,-3.04,170.96,1.61E+11
2009/11/17,'600519,贵州茅台,0.12,174,1.64E+11
2009/11/16,'600519,贵州茅台,5.31,173.88,1.64E+11
2009/11/13,'600519,贵州茅台,2.07,168.57,1.59E+11
2009/11/12,'600519,贵州茅台,3.08,166.5,1.57E+11
2009/11/11,'600519,贵州茅台,3.07,163.42,1.54E+11
2009/11/10,'600519,贵州茅台,0.46,160.35,1.51E+11
2009/11/9,'600519,贵州茅台,-1.15,159.89,1.51E+11
2009/11/6,'600519,贵州茅台,-1.29,161.04,1.52E+11
2009/11/5,'600519,贵州茅台,-0.2,162.33,1.53E+11
2009/11/4,'600519,贵州茅台,2.65,162.53,1.53E+11
2009/11/3,'600519,贵州茅台,-0.13,159.88,1.51E+11
2009/11/2,'600519,贵州茅台,2.4,160.01,1.51E+11
2009/10/30,'600519,贵州茅台,1.25,157.61,1.49E+11
2009/10/29,'600519,贵州茅台,-1.07,156.36,1.48E+11
2009/10/28,'600519,贵州茅台,1.44,157.43,1.49E+11
2009/10/27,'600519,贵州茅台,-0.6,155.99,1.47E+11
2009/10/26,'600519,贵州茅台,-2.72,156.59,1.48E+11
2009/10/23,'600519,贵州茅台,0.39,159.31,1.50E+11
2009/10/22,'600519,贵州茅台,-1.97,158.92,1.50E+11
2009/10/21,'600519,贵州茅台,-4.54,160.89,1.52E+11
2009/10/20,'600519,贵州茅台,2.94,165.43,1.56E+11
2009/10/19,'600519,贵州茅台,2.51,162.49,1.53E+11
2009/10/16,'600519,贵州茅台,-1.16,159.98,1.51E+11
2009/10/15,'600519,贵州茅台,-3.14,161.14,1.52E+11
2009/10/14,'600519,贵州茅台,-1.61,164.28,1.55E+11
2009/10/13,'600519,贵州茅台,-1.13,165.89,1.57E+11
2009/10/12,'600519,贵州茅台,-1.34,167.02,1.58E+11
2009/10/9,'600519,贵州茅台,3.5,168.36,1.59E+11
2009/9/30,'600519,贵州茅台,2.62,164.86,1.56E+11
2009/9/29,'600519,贵州茅台,-1.86,162.24,1.53E+11
2009/9/28,'600519,贵州茅台,-0.39,164.1,1.55E+11
2009/9/25,'600519,贵州茅台,2.87,164.49,1.55E+11
2009/9/24,'600519,贵州茅台,-3.57,161.62,1.53E+11
2009/9/23,'600519,贵州茅台,-4.4,165.19,1.56E+11
2009/9/22,'600519,贵州茅台,4.17,169.59,1.60E+11
2009/9/21,'600519,贵州茅台,2.64,165.42,1.56E+11
2009/9/18,'600519,贵州茅台,-1.99,162.78,1.54E+11
2009/9/17,'600519,贵州茅台,0.01,164.77,1.56E+11
2009/9/16,'600519,贵州茅台,-0.79,164.76,1.56E+11
2009/9/15,'600519,贵州茅台,-1.53,165.55,1.56E+11
2009/9/14,'600519,贵州茅台,0.31,167.08,1.58E+11
2009/9/11,'600519,贵州茅台,0.82,166.77,1.57E+11
2009/9/10,'600519,贵州茅台,1.61,165.95,1.57E+11
2009/9/9,'600519,贵州茅台,-2.11,164.34,1.55E+11
2009/9/8,'600519,贵州茅台,4.56,166.45,1.57E+11
2009/9/7,'600519,贵州茅台,6.52,161.89,1.53E+11
2009/9/4,'600519,贵州茅台,0.26,155.37,1.47E+11
2009/9/3,'600519,贵州茅台,4.29,155.11,1.46E+11
2009/9/2,'600519,贵州茅台,-0.73,150.82,1.42E+11
2009/9/1,'600519,贵州茅台,1.56,151.55,1.43E+11
2009/8/31,'600519,贵州茅台,-9.28,149.99,1.42E+11
2009/8/28,'600519,贵州茅台,-2.07,159.27,1.50E+11
2009/8/27,'600519,贵州茅台,2.15,161.34,1.52E+11
2009/8/26,'600519,贵州茅台,3.28,159.19,1.50E+11
2009/8/25,'600519,贵州茅台,-2.5,155.91,1.47E+11
2009/8/24,'600519,贵州茅台,1.9,158.41,1.50E+11
2009/8/21,'600519,贵州茅台,4.52,156.51,1.48E+11
2009/8/20,'600519,贵州茅台,2.38,151.99,1.43E+11
2009/8/19,'600519,贵州茅台,-0.54,149.61,1.41E+11
2009/8/18,'600519,贵州茅台,0.61,150.15,1.42E+11
2009/8/17,'600519,贵州茅台,-8.24,149.54,1.41E+11
2009/8/14,'600519,贵州茅台,-5.16,157.78,1.49E+11
2009/8/13,'600519,贵州茅台,-3.32,162.94,1.54E+11
2009/8/12,'600519,贵州茅台,-3.74,166.26,1.57E+11
2009/8/11,'600519,贵州茅台,6.5,170,1.60E+11
2009/8/10,'600519,贵州茅台,-0.38,163.5,1.54E+11
2009/8/7,'600519,贵州茅台,-1.19,163.88,1.55E+11
2009/8/6,'600519,贵州茅台,1.3,165.07,1.56E+11
2009/8/5,'600519,贵州茅台,9.64,163.77,1.55E+11
2009/8/4,'600519,贵州茅台,-1.58,154.13,1.45E+11
2009/8/3,'600519,贵州茅台,5.69,155.71,1.47E+11
2009/7/31,'600519,贵州茅台,0.19,150.02,1.42E+11
2009/7/30,'600519,贵州茅台,1.82,149.83,1.41E+11
2009/7/29,'600519,贵州茅台,-5.19,148.01,1.40E+11
2009/7/28,'600519,贵州茅台,0.09,153.2,1.45E+11
2009/7/27,'600519,贵州茅台,6.11,153.11,1.45E+11
2009/7/24,'600519,贵州茅台,0.72,147,1.39E+11
2009/7/23,'600519,贵州茅台,-1.13,146.28,1.38E+11
2009/7/22,'600519,贵州茅台,0.09,147.41,1.39E+11
2009/7/21,'600519,贵州茅台,-0.79,147.32,1.39E+11
2009/7/20,'600519,贵州茅台,0.2,148.11,1.40E+11
2009/7/17,'600519,贵州茅台,-0.54,147.91,1.40E+11
2009/7/16,'600519,贵州茅台,-1.58,148.45,1.40E+11
2009/7/15,'600519,贵州茅台,-3.27,150.03,1.42E+11
2009/7/14,'600519,贵州茅台,0.03,153.3,1.45E+11
2009/7/13,'600519,贵州茅台,1.1,153.27,1.45E+11
2009/7/10,'600519,贵州茅台,4.95,152.17,1.44E+11
2009/7/9,'600519,贵州茅台,3.29,147.22,1.39E+11
2009/7/8,'600519,贵州茅台,-1.61,143.93,1.36E+11
2009/7/7,'600519,贵州茅台,1.62,145.54,1.37E+11
2009/7/6,'600519,贵州茅台,-2,143.92,1.36E+11
2009/7/3,'600519,贵州茅台,-2.03,145.92,1.38E+11
2009/7/2,'600519,贵州茅台,2.3,147.95,1.40E+11
2009/7/1,'600519,XD贵州茅,-1.2,145.65,1.37E+11
2009/6/30,'600519,贵州茅台,0.29,148.01,1.40E+11
2009/6/29,'600519,贵州茅台,10.72,147.72,1.39E+11
2009/6/26,'600519,贵州茅台,1.11,137,1.29E+11
2009/6/25,'600519,贵州茅台,3.9,135.89,1.28E+11
2009/6/24,'600519,贵州茅台,-1.38,131.99,1.25E+11
2009/6/23,'600519,贵州茅台,0.4,133.37,1.26E+11
2009/6/22,'600519,贵州茅台,-3.95,132.97,1.25E+11
2009/6/19,'600519,贵州茅台,-0.95,136.92,1.29E+11
2009/6/18,'600519,贵州茅台,0.22,137.87,1.30E+11
2009/6/17,'600519,贵州茅台,1.96,137.65,1.30E+11
2009/6/16,'600519,贵州茅台,-0.55,135.69,1.28E+11
2009/6/15,'600519,贵州茅台,5.63,136.24,1.29E+11
2009/6/12,'600519,贵州茅台,-2.68,130.61,1.23E+11
2009/6/11,'600519,贵州茅台,1.99,133.29,1.26E+11
2009/6/10,'600519,贵州茅台,0.06,131.3,1.24E+11
2009/6/9,'600519,贵州茅台,3.64,131.24,1.24E+11
2009/6/8,'600519,贵州茅台,1.54,127.6,1.20E+11
2009/6/5,'600519,贵州茅台,6.8,126.06,1.19E+11
2009/6/4,'600519,贵州茅台,-0.46,119.26,1.13E+11
2009/6/3,'600519,贵州茅台,-0.16,119.72,1.13E+11
2009/6/2,'600519,贵州茅台,2.12,119.88,1.13E+11
2009/6/1,'600519,贵州茅台,2.99,117.76,1.11E+11
2009/5/27,'600519,贵州茅台,1.82,114.77,1.08E+11
2009/5/26,'600519,贵州茅台,-0.41,112.95,1.07E+11
2009/5/25,'600519,贵州茅台,-1.06,113.36,1.07E+11
2009/5/22,'600519,贵州茅台,None,0,1.08E+11
2009/5/21,'600519,贵州茅台,-1.65,114.42,1.08E+11
2009/5/20,'600519,贵州茅台,-1.21,116.07,1.10E+11
2009/5/19,'600519,贵州茅台,-1.16,117.28,1.11E+11
2009/5/18,'600519,贵州茅台,2.43,118.44,1.12E+11
2009/5/15,'600519,贵州茅台,-0.34,116.01,1.09E+11
2009/5/14,'600519,贵州茅台,0.67,116.35,1.10E+11
2009/5/13,'600519,贵州茅台,-0.81,115.68,1.09E+11
2009/5/12,'600519,贵州茅台,0.07,116.49,1.10E+11
2009/5/11,'600519,贵州茅台,-1.09,116.42,1.10E+11
2009/5/8,'600519,贵州茅台,0.5,117.51,1.11E+11
2009/5/7,'600519,贵州茅台,-0.25,117.01,1.10E+11
2009/5/6,'600519,贵州茅台,-1.78,117.26,1.11E+11
2009/5/5,'600519,贵州茅台,-0.18,119.04,1.12E+11
2009/5/4,'600519,贵州茅台,2.87,119.22,1.13E+11
2009/4/30,'600519,贵州茅台,-0.42,116.35,1.10E+11
2009/4/29,'600519,贵州茅台,1.49,116.77,1.10E+11
2009/4/28,'600519,贵州茅台,-3.21,115.28,1.09E+11
2009/4/27,'600519,贵州茅台,-3.63,118.49,1.12E+11
2009/4/24,'600519,贵州茅台,0.56,122.12,1.15E+11
2009/4/23,'600519,贵州茅台,-2.26,121.56,1.15E+11
2009/4/22,'600519,贵州茅台,-3.69,123.82,1.17E+11
2009/4/21,'600519,贵州茅台,0.37,127.51,1.20E+11
2009/4/20,'600519,贵州茅台,5.98,127.14,1.20E+11
2009/4/17,'600519,贵州茅台,1.41,121.16,1.14E+11
2009/4/16,'600519,贵州茅台,-0.88,119.75,1.13E+11
2009/4/15,'600519,贵州茅台,0.12,120.63,1.14E+11
2009/4/14,'600519,贵州茅台,-1.55,120.51,1.14E+11
2009/4/13,'600519,贵州茅台,2.63,122.06,1.15E+11
2009/4/10,'600519,贵州茅台,1.62,119.43,1.13E+11
2009/4/9,'600519,贵州茅台,0.75,117.81,1.11E+11
2009/4/8,'600519,贵州茅台,-0.94,117.06,1.10E+11
2009/4/7,'600519,贵州茅台,1.43,118,1.11E+11
2009/4/3,'600519,贵州茅台,-1.43,116.57,1.10E+11
2009/4/2,'600519,贵州茅台,1.74,118,1.11E+11
2009/4/1,'600519,贵州茅台,1.52,116.26,1.10E+11
2009/3/31,'600519,贵州茅台,0.68,114.74,1.08E+11
2009/3/30,'600519,贵州茅台,0.08,114.06,1.08E+11
2009/3/27,'600519,贵州茅台,1.48,113.98,1.08E+11
2009/3/26,'600519,贵州茅台,-1.52,112.5,1.06E+11
2009/3/25,'600519,贵州茅台,-4.67,114.02,1.08E+11
2009/3/24,'600519,贵州茅台,0,118.69,1.12E+11
2009/3/23,'600519,贵州茅台,0.81,118.69,1.12E+11
2009/3/20,'600519,贵州茅台,-0.9,117.88,1.11E+11
2009/3/19,'600519,贵州茅台,2.7,118.78,1.12E+11
2009/3/18,'600519,贵州茅台,-1.26,116.08,1.10E+11
2009/3/17,'600519,贵州茅台,2.96,117.34,1.11E+11
2009/3/16,'600519,贵州茅台,0.56,114.38,1.08E+11
2009/3/13,'600519,贵州茅台,-2.12,113.82,1.07E+11
2009/3/12,'600519,贵州茅台,-1.54,115.94,1.09E+11
2009/3/11,'600519,贵州茅台,-0.65,117.48,1.11E+11
2009/3/10,'600519,贵州茅台,3.23,118.13,1.11E+11
2009/3/9,'600519,贵州茅台,-3.32,114.9,1.08E+11
2009/3/6,'600519,贵州茅台,-3.78,118.22,1.12E+11
2009/3/5,'600519,贵州茅台,-2.82,122,1.15E+11
2009/3/4,'600519,贵州茅台,9.9,124.82,1.18E+11
2009/3/3,'600519,贵州茅台,-2.11,114.92,1.08E+11
2009/3/2,'600519,贵州茅台,-1.4,117.03,1.10E+11
2009/2/27,'600519,贵州茅台,-4,118.43,1.12E+11
2009/2/26,'600519,贵州茅台,-5.07,122.43,1.16E+11
2009/2/25,'600519,贵州茅台,-1.29,127.5,1.20E+11
2009/2/24,'600519,贵州茅台,1.01,128.79,1.22E+11
2009/2/23,'600519,贵州茅台,2.7,127.78,1.21E+11
2009/2/20,'600519,贵州茅台,3.2,125.08,1.18E+11
2009/2/19,'600519,贵州茅台,0.52,121.88,1.15E+11
2009/2/18,'600519,贵州茅台,-4.75,121.36,1.15E+11
2009/2/17,'600519,贵州茅台,3.41,126.11,1.19E+11
2009/2/16,'600519,贵州茅台,0.28,122.7,1.16E+11
2009/2/13,'600519,贵州茅台,1.89,122.42,1.16E+11
2009/2/12,'600519,贵州茅台,0.44,120.53,1.14E+11
2009/2/11,'600519,贵州茅台,4.12,120.09,1.13E+11
2009/2/10,'600519,贵州茅台,-0.83,115.97,1.09E+11
2009/2/9,'600519,贵州茅台,5.59,116.8,1.10E+11
2009/2/6,'600519,贵州茅台,4.17,111.21,1.05E+11
2009/2/5,'600519,贵州茅台,0.76,107.04,1.01E+11
2009/2/4,'600519,贵州茅台,2.18,106.28,1.00E+11
2009/2/3,'600519,贵州茅台,2.78,104.1,98249580000
2009/2/2,'600519,贵州茅台,-1.88,101.32,95625816000
2009/1/23,'600519,贵州茅台,2.4,103.2,97400160000
2009/1/22,'600519,贵州茅台,1.08,100.8,95135040000
2009/1/21,'600519,贵州茅台,-1.88,99.72,94115736000
2009/1/20,'600519,贵州茅台,-0.76,101.6,95890080000
2009/1/19,'600519,贵州茅台,0.85,102.36,96607368000
2009/1/16,'600519,贵州茅台,1.54,101.51,95805138000
2009/1/15,'600519,贵州茅台,-2.03,99.97,94351686000
2009/1/14,'600519,贵州茅台,0.14,102,96267600000
2009/1/13,'600519,贵州茅台,-4.05,101.86,96135468000
2009/1/12,'600519,贵州茅台,-1.38,105.91,99957858000
2009/1/9,'600519,贵州茅台,-1.24,107.29,1.01E+11
2009/1/8,'600519,贵州茅台,1.74,108.53,1.02E+11
2009/1/7,'600519,贵州茅台,-1.92,106.79,1.01E+11
2009/1/6,'600519,贵州茅台,0.33,108.71,1.03E+11
2009/1/5,'600519,贵州茅台,-0.32,108.38,1.02E+11
2008/12/31,'600519,贵州茅台,0.06,108.7,1.03E+11
2008/12/30,'600519,贵州茅台,-0.11,108.64,1.03E+11
2008/12/29,'600519,贵州茅台,-1.31,108.75,1.03E+11
2008/12/26,'600519,贵州茅台,0.03,110.06,1.04E+11
2008/12/25,'600519,贵州茅台,-1.32,110.03,1.04E+11
2008/12/24,'600519,贵州茅台,-0.56,111.35,1.05E+11
2008/12/23,'600519,贵州茅台,-4.45,111.91,1.06E+11
2008/12/22,'600519,贵州茅台,-1.27,116.36,1.10E+11
2008/12/19,'600519,贵州茅台,-0.35,117.63,1.11E+11
2008/12/18,'600519,贵州茅台,2.37,117.98,1.11E+11
2008/12/17,'600519,贵州茅台,1.44,115.61,1.09E+11
2008/12/16,'600519,贵州茅台,-0.1,114.17,1.08E+11
2008/12/15,'600519,贵州茅台,3.27,114.27,1.08E+11
2008/12/12,'600519,贵州茅台,-6.93,111,1.05E+11
2008/12/11,'600519,贵州茅台,1.73,117.93,1.11E+11
2008/12/10,'600519,贵州茅台,0.17,116.2,1.10E+11
2008/12/9,'600519,贵州茅台,-2.96,116.03,1.10E+11
2008/12/8,'600519,贵州茅台,3.54,118.99,1.12E+11
2008/12/5,'600519,贵州茅台,2.48,115.45,1.09E+11
2008/12/4,'600519,贵州茅台,5.17,112.97,1.07E+11
2008/12/3,'600519,贵州茅台,2.86,107.8,1.02E+11
2008/12/2,'600519,贵州茅台,1.73,104.94,99042372000
2008/12/1,'600519,贵州茅台,1.41,103.21,97409598000
2008/11/28,'600519,贵州茅台,-1.57,101.8,96078840000
2008/11/27,'600519,贵州茅台,4.23,103.37,97560606000
2008/11/26,'600519,贵州茅台,-0.02,99.14,93568332000
2008/11/25,'600519,贵州茅台,-0.55,99.16,93587208000
2008/11/24,'600519,贵州茅台,-0.82,99.71,94106298000
2008/11/21,'600519,贵州茅台,0.4,100.53,94880214000
2008/11/20,'600519,贵州茅台,-2.3,100.13,94502694000
2008/11/19,'600519,贵州茅台,5.81,102.43,96673434000
2008/11/18,'600519,贵州茅台,-4.97,96.62,91189956000
2008/11/17,'600519,贵州茅台,3,101.59,95880642000
2008/11/14,'600519,贵州茅台,8.96,98.59,93049242000
2008/11/13,'600519,贵州茅台,1.64,89.63,84592794000
2008/11/12,'600519,贵州茅台,0.38,87.99,83044962000
2008/11/11,'600519,贵州茅台,-3.02,87.61,82686318000
2008/11/10,'600519,贵州茅台,4.85,90.63,85536594000
2008/11/7,'600519,贵州茅台,-4.58,85.78,80959164000
2008/11/6,'600519,贵州茅台,-3.65,90.36,85281768000
2008/11/5,'600519,贵州茅台,4.19,94.01,88726638000
2008/11/4,'600519,贵州茅台,-1.88,89.82,84772116000
2008/11/3,'600519,贵州茅台,-0.5,91.7,86546460000
2008/10/31,'600519,贵州茅台,-3.1,92.2,87018360000
2008/10/30,'600519,贵州茅台,0.12,95.3,89944140000
2008/10/29,'600519,贵州茅台,0.9,95.18,89830884000
2008/10/28,'600519,贵州茅台,3.03,94.28,88981464000
2008/10/27,'600519,贵州茅台,-7.03,91.25,86121750000
2008/10/24,'600519,贵州茅台,-0.86,98.28,92756664000
2008/10/23,'600519,贵州茅台,2.76,99.14,93568332000
2008/10/22,'600519,贵州茅台,1.75,96.38,90963444000
2008/10/21,'600519,贵州茅台,-2.11,94.63,89311794000
2008/10/20,'600519,贵州茅台,-1.15,96.74,91303212000
2008/10/17,'600519,贵州茅台,-2.69,97.89,92388582000
2008/10/16,'600519,贵州茅台,-3.64,100.58,94927404000
2008/10/15,'600519,贵州茅台,-2.38,104.22,98362836000
2008/10/14,'600519,贵州茅台,-4.87,106.6,1.01E+11
2008/10/13,'600519,贵州茅台,0.07,111.47,1.05E+11
2008/10/10,'600519,贵州茅台,-6.15,111.4,1.05E+11
2008/10/9,'600519,贵州茅台,-2.75,117.55,1.11E+11
2008/10/8,'600519,贵州茅台,-3.75,120.3,1.14E+11
2008/10/7,'600519,贵州茅台,-3.13,124.05,1.17E+11
2008/10/6,'600519,贵州茅台,-4.71,127.18,1.20E+11
2008/9/26,'600519,贵州茅台,2.7,131.89,1.24E+11
2008/9/25,'600519,贵州茅台,2.71,129.19,1.22E+11
2008/9/24,'600519,贵州茅台,6.17,126.48,1.19E+11
2008/9/23,'600519,贵州茅台,-12.53,120.31,1.14E+11
2008/9/22,'600519,贵州茅台,-0.06,132.84,1.25E+11
2008/9/19,'600519,贵州茅台,12.08,132.9,1.25E+11
2008/9/18,'600519,贵州茅台,-7.36,120.82,1.14E+11
2008/9/17,'600519,贵州茅台,-3.05,128.18,1.21E+11
2008/9/16,'600519,贵州茅台,-1.77,131.23,1.24E+11
2008/9/12,'600519,贵州茅台,0.63,133,1.26E+11
2008/9/11,'600519,贵州茅台,-0.4,132.37,1.25E+11
2008/9/10,'600519,贵州茅台,-0.03,132.77,1.25E+11
2008/9/9,'600519,贵州茅台,2.24,132.8,1.25E+11
2008/9/8,'600519,贵州茅台,-0.69,130.56,1.23E+11
2008/9/5,'600519,贵州茅台,1.81,131.25,1.24E+11
2008/9/4,'600519,贵州茅台,2.29,129.44,1.22E+11
2008/9/3,'600519,贵州茅台,-2.84,127.15,1.20E+11
2008/9/2,'600519,贵州茅台,-5.66,129.99,1.23E+11
2008/9/1,'600519,贵州茅台,-4.34,135.65,1.28E+11
2008/8/29,'600519,贵州茅台,3.49,139.99,1.32E+11
2008/8/28,'600519,贵州茅台,1.35,136.5,1.29E+11
2008/8/27,'600519,贵州茅台,-4.86,135.15,1.28E+11
2008/8/26,'600519,贵州茅台,-4.2,140.01,1.32E+11
2008/8/25,'600519,贵州茅台,-1.06,144.21,1.36E+11
2008/8/22,'600519,贵州茅台,-2.6,145.27,1.37E+11
2008/8/21,'600519,贵州茅台,-3.39,147.87,1.40E+11
2008/8/20,'600519,贵州茅台,7.24,151.26,1.43E+11
2008/8/19,'600519,贵州茅台,-2.41,144.02,1.36E+11
2008/8/18,'600519,贵州茅台,-5.35,146.43,1.38E+11
2008/8/15,'600519,贵州茅台,2.77,151.78,1.43E+11
2008/8/14,'600519,贵州茅台,1.05,149.01,1.41E+11
2008/8/13,'600519,贵州茅台,0.32,147.96,1.40E+11
2008/8/12,'600519,贵州茅台,1.57,147.64,1.39E+11
2008/8/11,'600519,贵州茅台,-6.45,146.07,1.38E+11
2008/8/8,'600519,贵州茅台,-1.01,152.52,1.44E+11
2008/8/7,'600519,贵州茅台,-3.93,153.53,1.45E+11
2008/8/6,'600519,贵州茅台,1.07,157.46,1.49E+11
2008/8/5,'600519,贵州茅台,-0.76,156.39,1.48E+11
2008/8/4,'600519,贵州茅台,-1.89,157.15,1.48E+11
2008/8/1,'600519,贵州茅台,-0.85,159.04,1.50E+11
2008/7/31,'600519,贵州茅台,-1.07,159.89,1.51E+11
2008/7/30,'600519,贵州茅台,-0.82,160.96,1.52E+11
2008/7/29,'600519,贵州茅台,-0.22,161.78,1.53E+11
2008/7/28,'600519,贵州茅台,0.5,162,1.53E+11
2008/7/25,'600519,贵州茅台,0.16,161.5,1.52E+11
2008/7/24,'600519,贵州茅台,4.62,161.34,1.52E+11
2008/7/23,'600519,贵州茅台,-2.25,156.72,1.48E+11
2008/7/22,'600519,贵州茅台,-2.54,158.97,1.50E+11
2008/7/21,'600519,贵州茅台,3.55,161.51,1.52E+11
2008/7/18,'600519,贵州茅台,2.77,157.96,1.49E+11
2008/7/17,'600519,贵州茅台,7.55,155.19,1.46E+11
2008/7/16,'600519,贵州茅台,2.31,147.64,1.39E+11
2008/7/15,'600519,贵州茅台,-1.77,145.33,1.37E+11
2008/7/14,'600519,贵州茅台,2.59,147.1,1.39E+11
2008/7/11,'600519,贵州茅台,-1.54,144.51,1.36E+11
2008/7/10,'600519,贵州茅台,0.25,146.05,1.38E+11
2008/7/9,'600519,贵州茅台,2.01,145.8,1.38E+11
2008/7/8,'600519,贵州茅台,-2.22,143.79,1.36E+11
2008/7/7,'600519,贵州茅台,4.73,146.01,1.38E+11
2008/7/4,'600519,贵州茅台,0.25,141.28,1.33E+11
2008/7/3,'600519,贵州茅台,4.92,141.03,1.33E+11
2008/7/2,'600519,贵州茅台,-0.59,136.11,1.28E+11
2008/7/1,'600519,贵州茅台,-1.88,136.7,1.29E+11
2008/6/30,'600519,贵州茅台,-1.68,138.58,1.31E+11
2008/6/27,'600519,贵州茅台,-5.29,140.26,1.32E+11
2008/6/26,'600519,贵州茅台,1.04,145.55,1.37E+11
2008/6/25,'600519,贵州茅台,7.88,144.51,1.36E+11
2008/6/24,'600519,贵州茅台,1.73,136.63,1.29E+11
2008/6/23,'600519,贵州茅台,-9.01,134.9,1.27E+11
2008/6/20,'600519,贵州茅台,3.44,143.91,1.36E+11
2008/6/19,'600519,贵州茅台,-3.82,140.47,1.33E+11
2008/6/18,'600519,贵州茅台,2.32,144.29,1.36E+11
2008/6/17,'600519,贵州茅台,-2.53,141.97,1.34E+11
2008/6/16,'600519,XD贵州茅,-4.15,144.5,1.36E+11
2008/6/13,'600519,贵州茅台,-1.72,149.49,1.41E+11
2008/6/12,'600519,贵州茅台,-6.28,151.21,1.43E+11
2008/6/11,'600519,贵州茅台,-0.34,157.49,1.49E+11
2008/6/10,'600519,贵州茅台,-5.99,157.83,1.49E+11
2008/6/6,'600519,贵州茅台,-1.17,163.82,1.55E+11
2008/6/5,'600519,贵州茅台,-3.19,164.99,1.56E+11
2008/6/4,'600519,贵州茅台,-2.61,168.18,1.59E+11
2008/6/3,'600519,贵州茅台,-0.39,170.79,1.61E+11
2008/6/2,'600519,贵州茅台,3.04,171.18,1.62E+11
2008/5/30,'600519,贵州茅台,-1.7,168.14,1.59E+11
2008/5/29,'600519,贵州茅台,0.03,169.84,1.60E+11
2008/5/28,'600519,贵州茅台,None,0,1.60E+11
2008/5/27,'600519,贵州茅台,-3.03,169.81,1.60E+11
2008/5/26,'600519,贵州茅台,0.84,172.84,1.63E+11
2008/5/23,'600519,贵州茅台,-0.84,172,1.62E+11
2008/5/22,'600519,贵州茅台,-0.8,172.84,1.63E+11
2008/5/21,'600519,贵州茅台,0.55,173.64,1.64E+11
2008/5/20,'600519,贵州茅台,-6.92,173.09,1.63E+11
2008/5/19,'600519,贵州茅台,-2.93,180.01,1.70E+11
2008/5/16,'600519,贵州茅台,-0.64,182.94,1.73E+11
2008/5/15,'600519,贵州茅台,2.82,183.58,1.73E+11
2008/5/14,'600519,贵州茅台,1.8,180.76,1.71E+11
2008/5/13,'600519,贵州茅台,-2.04,178.96,1.69E+11
2008/5/12,'600519,贵州茅台,3.26,181,1.71E+11
2008/5/9,'600519,贵州茅台,-1.29,177.74,1.68E+11
2008/5/8,'600519,贵州茅台,3.49,179.03,1.69E+11
2008/5/7,'600519,贵州茅台,-4.24,175.54,1.66E+11
2008/5/6,'600519,贵州茅台,-3.88,179.78,1.70E+11
2008/5/5,'600519,贵州茅台,0.53,183.66,1.73E+11
2008/4/30,'600519,贵州茅台,6.56,183.13,1.73E+11
2008/4/29,'600519,贵州茅台,-0.03,176.57,1.67E+11
2008/4/28,'600519,贵州茅台,-1.22,176.6,1.67E+11
2008/4/25,'600519,贵州茅台,-8.15,177.82,1.68E+11
2008/4/24,'600519,贵州茅台,14.95,185.97,1.76E+11
2008/4/23,'600519,贵州茅台,5.82,171.02,1.61E+11
2008/4/22,'600519,贵州茅台,-6.34,165.2,1.56E+11
2008/4/21,'600519,贵州茅台,1.48,171.54,1.62E+11
2008/4/18,'600519,贵州茅台,0.94,170.06,1.61E+11
2008/4/17,'600519,贵州茅台,0,169.12,1.60E+11
2008/4/16,'600519,贵州茅台,0.74,169.12,1.60E+11
2008/4/15,'600519,贵州茅台,0.29,168.38,1.59E+11
2008/4/14,'600519,贵州茅台,-7.56,168.09,1.59E+11
2008/4/11,'600519,贵州茅台,-2.74,175.65,1.66E+11
2008/4/10,'600519,贵州茅台,-5.06,178.39,1.68E+11
2008/4/9,'600519,贵州茅台,-8.08,183.45,1.73E+11
2008/4/8,'600519,贵州茅台,6.75,191.53,1.81E+11
2008/4/7,'600519,贵州茅台,6.77,184.78,1.74E+11
2008/4/3,'600519,贵州茅台,-4.57,178.01,1.68E+11
2008/4/2,'600519,贵州茅台,-2.07,182.58,1.72E+11
2008/4/1,'600519,贵州茅台,-3.06,184.65,1.74E+11
2008/3/31,'600519,贵州茅台,1.13,187.71,1.77E+11
2008/3/28,'600519,贵州茅台,5.52,186.58,1.76E+11
2008/3/27,'600519,贵州茅台,-4.43,181.06,1.71E+11
2008/3/26,'600519,贵州茅台,-1.47,185.49,1.75E+11
2008/3/25,'600519,贵州茅台,-5.35,186.96,1.76E+11
2008/3/24,'600519,贵州茅台,-1.37,192.31,1.82E+11
2008/3/21,'600519,贵州茅台,0.74,193.68,1.83E+11
2008/3/20,'600519,贵州茅台,1.86,192.94,1.82E+11
2008/3/19,'600519,贵州茅台,1.54,191.08,1.80E+11
2008/3/18,'600519,贵州茅台,-11.17,189.54,1.79E+11
2008/3/17,'600519,贵州茅台,-4.33,200.71,1.89E+11
2008/3/14,'600519,贵州茅台,-7.66,205.04,1.94E+11
2008/3/13,'600519,贵州茅台,0.45,212.7,2.01E+11
2008/3/12,'600519,贵州茅台,-2.53,212.25,2.00E+11
2008/3/11,'600519,贵州茅台,5.19,214.78,2.03E+11
2008/3/10,'600519,贵州茅台,-3.58,209.59,1.98E+11
2008/3/7,'600519,贵州茅台,-3.85,213.17,2.01E+11
2008/3/6,'600519,贵州茅台,-3.65,217.02,2.05E+11
2008/3/5,'600519,贵州茅台,-0.26,220.67,2.08E+11
2008/3/4,'600519,贵州茅台,6.43,220.93,2.09E+11
2008/3/3,'600519,贵州茅台,19.5,214.5,2.02E+11
2008/2/29,'600519,贵州茅台,5,195,1.84E+11
2008/2/28,'600519,贵州茅台,-2.18,190,1.79E+11
2008/2/27,'600519,贵州茅台,4.38,192.18,1.81E+11
2008/2/26,'600519,贵州茅台,-9.06,187.8,1.77E+11
2008/2/25,'600519,贵州茅台,-3.74,196.86,1.86E+11
2008/2/22,'600519,贵州茅台,-4.84,200.6,1.89E+11
2008/2/21,'600519,贵州茅台,-0.66,205.44,1.94E+11
2008/2/20,'600519,贵州茅台,-0.89,206.1,1.95E+11
2008/2/19,'600519,贵州茅台,0.03,206.99,1.95E+11
2008/2/18,'600519,贵州茅台,5.88,206.96,1.95E+11
2008/2/15,'600519,贵州茅台,-2.03,201.08,1.90E+11
2008/2/14,'600519,贵州茅台,0.11,203.11,1.92E+11
2008/2/13,'600519,贵州茅台,-6.38,203,1.92E+11
2008/2/5,'600519,贵州茅台,-2.6,209.38,1.98E+11
2008/2/4,'600519,贵州茅台,9.47,211.98,2.00E+11
2008/2/1,'600519,贵州茅台,-3.52,202.51,1.91E+11
2008/1/31,'600519,贵州茅台,-8.73,206.03,1.94E+11
2008/1/30,'600519,贵州茅台,-0.7,214.76,2.03E+11
2008/1/29,'600519,贵州茅台,0.67,215.46,2.03E+11
2008/1/28,'600519,贵州茅台,-4.1,214.79,2.03E+11
2008/1/25,'600519,贵州茅台,-3.11,218.89,2.07E+11
2008/1/24,'600519,贵州茅台,1.88,222,2.10E+11
2008/1/23,'600519,贵州茅台,9.59,220.12,2.08E+11
2008/1/22,'600519,贵州茅台,-0.48,210.53,1.99E+11
2008/1/21,'600519,贵州茅台,-3.96,211.01,1.99E+11
2008/1/18,'600519,贵州茅台,-3.03,214.97,2.03E+11
2008/1/17,'600519,贵州茅台,-4.84,218,2.06E+11
2008/1/16,'600519,贵州茅台,-5.52,222.84,2.10E+11
2008/1/15,'600519,贵州茅台,4.24,228.36,2.16E+11
2008/1/14,'600519,贵州茅台,8.1,224.12,2.12E+11
2008/1/11,'600519,贵州茅台,-1.06,216.02,2.04E+11
2008/1/10,'600519,贵州茅台,2.04,217.08,2.05E+11
2008/1/9,'600519,贵州茅台,0.01,215.04,2.03E+11
2008/1/8,'600519,贵州茅台,2.7,215.03,2.03E+11
2008/1/7,'600519,贵州茅台,-2.91,212.33,2.00E+11
2008/1/4,'600519,贵州茅台,1.09,215.24,2.03E+11
2008/1/3,'600519,贵州茅台,-7.87,214.15,2.02E+11
2008/1/2,'600519,贵州茅台,-7.98,222.02,2.10E+11
