数据年月,商品编码,商品名称,贸易伙伴编码,贸易伙伴名称,贸易方式编码,贸易方式名称,注册地编码,注册地名称,第一数量,第一计量单位,第二数量,第二计量单位,人民币
202001,1012900,"其他马,改良种用除外",309,荷兰,10,一般贸易,11,北京市,15920,千克,71,头,"4,044,026"
202001,1012900,"其他马,改良种用除外",609,新西兰,10,一般贸易,11,北京市,7200,千克,18,头,"4,475,464"
202001,1013090,"其他驴,改良种用除外",146,吉尔吉斯斯坦,19,边境小额贸易,65,新疆维吾尔自治区,113580,千克,1000,头,"849,983"
202001,1022100,改良种用家牛,601,澳大利亚,10,一般贸易,11,北京市,793535,千克,2693,头,"33,913,450"
202001,1022100,改良种用家牛,609,新西兰,10,一般贸易,11,北京市,472500,千克,1750,头,"26,266,000"
202001,1022900,"其他家牛,改良种用除外",601,澳大利亚,10,一般贸易,11,北京市,6025925,千克,20716,头,"235,871,422"
202001,1022900,"其他家牛,改良种用除外",609,新西兰,10,一般贸易,11,北京市,1336500,千克,4950,头,"55,370,330"
202001,1031000,改良种用猪,302,丹麦,10,一般贸易,11,北京市,45000,千克,1000,头,"13,336,835"
202001,1031000,改良种用猪,305,法国,10,一般贸易,11,北京市,69750,千克,1395,头,"15,763,133"
202001,1051110,"改良种用鸡,改良种用除外,重量≤185g",609,新西兰,10,一般贸易,11,北京市,1556,千克,33280,只,"5,106,528"
202001,1061110,改良种用灵长目动物,136,泰国,10,一般贸易,35,福建省,472,千克,78,只,"164,219"
202001,1061110,改良种用灵长目动物,344,俄罗斯,10,一般贸易,12,天津市,16,千克,2,只,"139,938"
202001,1061190,"其他灵长目动物,改良种用除外",135,叙利亚,10,一般贸易,12,天津市,200,千克,147,只,"519,323"
202001,1061211,改良种用鲸、海豚及鼠海豚；改良种用海牛及儒艮,116,日本,10,一般贸易,44,广东省,581,千克,4,只,"2,386,394"
202001,1061490,"其他家兔及野兔,改良种用除外",502,美国,10,一般贸易,44,广东省,80,千克,40,只,"167,933"
202001,1061910,其他改良种用哺乳动物,136,泰国,10,一般贸易,21,辽宁省,500,千克,10,只,"769,659"
202001,1061910,其他改良种用哺乳动物,244,南非,10,一般贸易,11,北京市,130,千克,11,只,"2,693,807"
202001,1061910,其他改良种用哺乳动物,302,丹麦,10,一般贸易,23,黑龙江省,24602,千克,9929,只,"5,877,707"
202001,1061910,其他改良种用哺乳动物,501,加拿大,10,一般贸易,51,四川省,158,千克,2,只,"1,399,380"
202001,1061990,"未列名哺乳动物,改良种用除外",116,日本,10,一般贸易,11,北京市,3,千克,140,只,"286,180"
202001,1061990,"未列名哺乳动物,改良种用除外",116,日本,10,一般贸易,31,上海市,7,千克,110,只,"423,769"
202001,1061990,"未列名哺乳动物,改良种用除外",116,日本,10,一般贸易,32,江苏省,7,千克,328,只,"833,738"
202001,1061990,"未列名哺乳动物,改良种用除外",132,新加坡,10,一般贸易,11,北京市,2,千克,58,只,"5,606"
202001,1061990,"未列名哺乳动物,改良种用除外",132,新加坡,39,其他,11,北京市,0,千克,5,只,871
202001,1061990,"未列名哺乳动物,改良种用除外",244,南非,10,一般贸易,12,天津市,32,千克,32,只,"81,057"
202001,1061990,"未列名哺乳动物,改良种用除外",244,南非,10,一般贸易,44,广东省,130,千克,100,只,"210,537"
202001,1061990,"未列名哺乳动物,改良种用除外",303,英国,39,其他,31,上海市,0,千克,2,只,"6,940"
202001,1061990,"未列名哺乳动物,改良种用除外",330,瑞典,39,其他,11,北京市,1,千克,23,只,"6,475"
202001,1061990,"未列名哺乳动物,改良种用除外",352,捷克,10,一般贸易,31,上海市,0,千克,7,只,"27,085"
202001,1061990,"未列名哺乳动物,改良种用除外",434,秘鲁,10,一般贸易,41,河南省,160,千克,20,只,"438,618"
202001,1061990,"未列名哺乳动物,改良种用除外",501,加拿大,39,其他,11,北京市,0,千克,10,只,"4,048"
202001,1061990,"未列名哺乳动物,改良种用除外",502,美国,10,一般贸易,11,北京市,23,千克,455,只,"948,066"
202001,1061990,"未列名哺乳动物,改良种用除外",502,美国,10,一般贸易,32,江苏省,0,千克,2,只,"8,219"
202001,1061990,"未列名哺乳动物,改良种用除外",502,美国,34,海关特殊监管区域物流货物,31,上海市,24,千克,120,只,"59,837"
202001,1061990,"未列名哺乳动物,改良种用除外",502,美国,39,其他,11,北京市,0,千克,59,只,"36,454"
202001,1061990,"未列名哺乳动物,改良种用除外",502,美国,39,其他,31,上海市,1,千克,48,只,"71,863"
202001,1061990,"未列名哺乳动物,改良种用除外",502,美国,39,其他,32,江苏省,2,千克,42,只,"38,397"
202001,1062020,食用爬行动物,112,印度尼西亚,10,一般贸易,44,广东省,1285,千克,2500,只,"53,957"
202001,1062020,食用爬行动物,129,菲律宾,10,一般贸易,31,上海市,1404,千克,1618,只,"39,412"
202001,1062020,食用爬行动物,129,菲律宾,10,一般贸易,35,福建省,4156,千克,3869,只,"116,345"
202001,1062020,食用爬行动物,129,菲律宾,10,一般贸易,44,广东省,255,千克,319,只,"7,159"
202001,1062020,食用爬行动物,136,泰国,10,一般贸易,44,广东省,4697,千克,2623,只,"164,811"
202001,1062020,食用爬行动物,143,中国台湾,10,一般贸易,35,福建省,6834,千克,4422,只,"102,226"
202001,1062090,未列名爬行动物,434,秘鲁,10,一般贸易,44,广东省,300,千克,20000,只,"421,073"
202001,1063910,其他改良种用鸟,252,刚果民主共和国,10,一般贸易,12,天津市,350,千克,50,只,"192,992"
202001,1063910,其他改良种用鸟,312,西班牙,39,其他,44,广东省,29,千克,2,只,"1,124,453"
202001,1063990,未列名鸟,301,比利时,10,一般贸易,32,江苏省,284,千克,560,只,"2,739,769"
202001,1064990,"其他昆虫,改良种用除外",116,日本,39,其他,31,上海市,0,千克,11,只,88
202001,1064990,"其他昆虫,改良种用除外",502,美国,10,一般贸易,33,浙江省,0,千克,51,只,"1,607"
202001,1064990,"其他昆虫,改良种用除外",502,美国,39,其他,11,北京市,0,千克,40,只,610
202001,1069090,"其他活动物,改良种用除外",143,中国台湾,10,一般贸易,35,福建省,1,千克,220,只,"2,100"
202001,1069090,"其他活动物,改良种用除外",502,美国,10,一般贸易,11,北京市,4,千克,100,只,"31,242"
202001,1069090,"其他活动物,改良种用除外",502,美国,39,其他,33,浙江省,0,千克,50,只,"4,196"
202001,2012000,鲜或冷的带骨牛肉,502,美国,10,一般贸易,12,天津市,206,千克,0,?,"29,358"
202001,2012000,鲜或冷的带骨牛肉,502,美国,10,一般贸易,31,上海市,2729,千克,0,?,"443,153"
202001,2012000,鲜或冷的带骨牛肉,601,澳大利亚,10,一般贸易,11,北京市,34322,千克,0,?,"1,157,854"
202001,2012000,鲜或冷的带骨牛肉,601,澳大利亚,10,一般贸易,31,上海市,79724,千克,0,?,"5,951,254"
202001,2012000,鲜或冷的带骨牛肉,601,澳大利亚,10,一般贸易,35,福建省,20210,千克,0,?,"1,000,158"
202001,2012000,鲜或冷的带骨牛肉,601,澳大利亚,10,一般贸易,44,广东省,8,千克,0,?,"1,016"
202001,2012000,鲜或冷的带骨牛肉,601,澳大利亚,34,海关特殊监管区域物流货物,31,上海市,3138,千克,0,?,"382,654"
202001,2012000,鲜或冷的带骨牛肉,609,新西兰,10,一般贸易,12,天津市,4476,千克,0,?,"329,407"
202001,2013000,鲜或冷的去骨牛肉,234,纳米比亚,10,一般贸易,31,上海市,20450,千克,0,?,"941,094"
202001,2013000,鲜或冷的去骨牛肉,305,法国,10,一般贸易,31,上海市,3120,千克,0,?,"253,005"
202001,2013000,鲜或冷的去骨牛肉,309,荷兰,10,一般贸易,31,上海市,458,千克,0,?,"56,156"
202001,2013000,鲜或冷的去骨牛肉,402,阿根廷,10,一般贸易,31,上海市,183270,千克,0,?,"8,070,346"
202001,2013000,鲜或冷的去骨牛肉,444,乌拉圭,10,一般贸易,31,上海市,16955,千克,0,?,"788,907"
202001,2013000,鲜或冷的去骨牛肉,444,乌拉圭,10,一般贸易,33,浙江省,15820,千克,0,?,"752,699"
202001,2013000,鲜或冷的去骨牛肉,502,美国,10,一般贸易,12,天津市,1075,千克,0,?,"160,706"
202001,2013000,鲜或冷的去骨牛肉,502,美国,10,一般贸易,31,上海市,43259,千克,0,?,"4,090,236"
202001,2013000,鲜或冷的去骨牛肉,502,美国,10,一般贸易,32,江苏省,6217,千克,0,?,"628,603"
202001,2013000,鲜或冷的去骨牛肉,601,澳大利亚,10,一般贸易,11,北京市,252446,千克,0,?,"11,812,440"
202001,2013000,鲜或冷的去骨牛肉,601,澳大利亚,10,一般贸易,12,天津市,22845,千克,0,?,"1,014,846"
202001,2013000,鲜或冷的去骨牛肉,601,澳大利亚,10,一般贸易,21,辽宁省,72924,千克,0,?,"1,801,145"
202001,2013000,鲜或冷的去骨牛肉,601,澳大利亚,10,一般贸易,31,上海市,1258487,千克,0,?,"79,360,234"
202001,2013000,鲜或冷的去骨牛肉,601,澳大利亚,10,一般贸易,32,江苏省,632174,千克,0,?,"28,380,351"
202001,2013000,鲜或冷的去骨牛肉,601,澳大利亚,10,一般贸易,35,福建省,143765,千克,0,?,"6,907,853"
202001,2013000,鲜或冷的去骨牛肉,601,澳大利亚,10,一般贸易,41,河南省,41216,千克,0,?,"1,934,051"
202001,2013000,鲜或冷的去骨牛肉,601,澳大利亚,10,一般贸易,44,广东省,1298,千克,0,?,"113,218"
202001,2013000,鲜或冷的去骨牛肉,601,澳大利亚,34,海关特殊监管区域物流货物,31,上海市,581930,千克,0,?,"32,677,845"
202001,2013000,鲜或冷的去骨牛肉,609,新西兰,10,一般贸易,11,北京市,35997,千克,0,?,"1,672,997"
202001,2013000,鲜或冷的去骨牛肉,609,新西兰,10,一般贸易,12,天津市,177964,千克,0,?,"9,077,390"
202001,2013000,鲜或冷的去骨牛肉,609,新西兰,10,一般贸易,13,河北省,20806,千克,0,?,"956,284"
202001,2013000,鲜或冷的去骨牛肉,609,新西兰,10,一般贸易,21,辽宁省,89633,千克,0,?,"4,967,978"
202001,2013000,鲜或冷的去骨牛肉,609,新西兰,10,一般贸易,23,黑龙江省,81918,千克,0,?,"4,026,609"
202001,2013000,鲜或冷的去骨牛肉,609,新西兰,10,一般贸易,31,上海市,166753,千克,0,?,"8,100,075"
202001,2013000,鲜或冷的去骨牛肉,609,新西兰,10,一般贸易,32,江苏省,54753,千克,0,?,"3,189,059"
202001,2013000,鲜或冷的去骨牛肉,609,新西兰,10,一般贸易,35,福建省,13760,千克,0,?,"659,542"
202001,2013000,鲜或冷的去骨牛肉,609,新西兰,10,一般贸易,37,山东省,53145,千克,0,?,"2,703,304"
202001,2013000,鲜或冷的去骨牛肉,609,新西兰,10,一般贸易,43,湖南省,12800,千克,0,?,"598,809"
202001,2013000,鲜或冷的去骨牛肉,609,新西兰,10,一般贸易,44,广东省,10486,千克,0,?,"670,799"
202001,2021000,冻整头及半头牛肉,601,澳大利亚,10,一般贸易,23,黑龙江省,4481,千克,0,?,"90,924"
202001,2021000,冻整头及半头牛肉,609,新西兰,10,一般贸易,23,黑龙江省,80378,千克,0,?,"2,221,516"
202001,2022000,冻带骨牛肉,145,哈萨克斯坦,10,一般贸易,11,北京市,20050,千克,0,?,"340,850"
202001,2022000,冻带骨牛肉,145,哈萨克斯坦,10,一般贸易,21,辽宁省,22977,千克,0,?,"453,173"
202001,2022000,冻带骨牛肉,145,哈萨克斯坦,10,一般贸易,31,上海市,19300,千克,0,?,"391,616"
202001,2022000,冻带骨牛肉,145,哈萨克斯坦,10,一般贸易,44,广东省,18000,千克,0,?,"385,984"
202001,2022000,冻带骨牛肉,145,哈萨克斯坦,10,一般贸易,61,陕西省,19470,千克,0,?,"347,386"
202001,2022000,冻带骨牛肉,145,哈萨克斯坦,10,一般贸易,65,新疆维吾尔自治区,369571,千克,0,?,"6,822,486"
202001,2022000,冻带骨牛肉,234,纳米比亚,10,一般贸易,11,北京市,25573,千克,0,?,"636,566"
202001,2022000,冻带骨牛肉,234,纳米比亚,10,一般贸易,34,安徽省,138264,千克,0,?,"2,203,871"
202001,2022000,冻带骨牛肉,234,纳米比亚,10,一般贸易,37,山东省,24086,千克,0,?,"609,821"
202001,2022000,冻带骨牛肉,234,纳米比亚,10,一般贸易,43,湖南省,46591,千克,0,?,"1,108,373"
202001,2022000,冻带骨牛肉,244,南非,10,一般贸易,32,江苏省,321300,千克,0,?,"5,661,975"
202001,2022000,冻带骨牛肉,340,白俄罗斯,10,一般贸易,15,内蒙古自治区,19087,千克,0,?,"482,862"
202001,2022000,冻带骨牛肉,340,白俄罗斯,10,一般贸易,32,江苏省,43244,千克,0,?,"1,273,506"
202001,2022000,冻带骨牛肉,340,白俄罗斯,10,一般贸易,34,安徽省,60029,千克,0,?,"1,845,752"
202001,2022000,冻带骨牛肉,340,白俄罗斯,10,一般贸易,37,山东省,58134,千克,0,?,"1,736,856"
202001,2022000,冻带骨牛肉,340,白俄罗斯,10,一般贸易,41,河南省,19191,千克,0,?,"550,342"
202001,2022000,冻带骨牛肉,340,白俄罗斯,10,一般贸易,43,湖南省,369129,千克,0,?,"10,421,529"
202001,2022000,冻带骨牛肉,340,白俄罗斯,10,一般贸易,50,重庆市,39721,千克,0,?,"1,223,515"
202001,2022000,冻带骨牛肉,340,白俄罗斯,10,一般贸易,51,四川省,159896,千克,0,?,"4,542,439"
202001,2022000,冻带骨牛肉,340,白俄罗斯,10,一般贸易,65,新疆维吾尔自治区,59730,千克,0,?,"1,588,123"
202001,2022000,冻带骨牛肉,358,塞尔维亚,10,一般贸易,11,北京市,50872,千克,0,?,"1,411,227"
202001,2022000,冻带骨牛肉,358,塞尔维亚,10,一般贸易,37,山东省,24988,千克,0,?,"493,897"
202001,2022000,冻带骨牛肉,358,塞尔维亚,10,一般贸易,44,广东省,45783,千克,0,?,"588,001"
202001,2022000,冻带骨牛肉,402,阿根廷,10,一般贸易,11,北京市,198356,千克,0,?,"5,512,034"
202001,2022000,冻带骨牛肉,402,阿根廷,10,一般贸易,12,天津市,193280,千克,0,?,"5,867,842"
202001,2022000,冻带骨牛肉,402,阿根廷,10,一般贸易,21,辽宁省,25452,千克,0,?,"409,868"
202001,2022000,冻带骨牛肉,402,阿根廷,10,一般贸易,23,黑龙江省,43609,千克,0,?,"1,489,561"
202001,2022000,冻带骨牛肉,402,阿根廷,10,一般贸易,31,上海市,685304,千克,0,?,"21,758,869"
202001,2022000,冻带骨牛肉,402,阿根廷,10,一般贸易,32,江苏省,109176,千克,0,?,"3,093,900"
202001,2022000,冻带骨牛肉,402,阿根廷,10,一般贸易,33,浙江省,115093,千克,0,?,"2,003,174"
202001,2022000,冻带骨牛肉,402,阿根廷,10,一般贸易,34,安徽省,24694,千克,0,?,"422,739"
202001,2022000,冻带骨牛肉,402,阿根廷,10,一般贸易,35,福建省,232109,千克,0,?,"6,100,587"
202001,2022000,冻带骨牛肉,402,阿根廷,10,一般贸易,37,山东省,282714,千克,0,?,"7,635,774"
202001,2022000,冻带骨牛肉,402,阿根廷,10,一般贸易,41,河南省,21258,千克,0,?,"862,292"
202001,2022000,冻带骨牛肉,402,阿根廷,10,一般贸易,43,湖南省,155332,千克,0,?,"3,354,563"
202001,2022000,冻带骨牛肉,402,阿根廷,10,一般贸易,44,广东省,554920,千克,0,?,"13,637,426"
202001,2022000,冻带骨牛肉,402,阿根廷,34,海关特殊监管区域物流货物,12,天津市,6234,千克,0,?,"249,396"
202001,2022000,冻带骨牛肉,402,阿根廷,34,海关特殊监管区域物流货物,37,山东省,23081,千克,0,?,"710,798"
202001,2022000,冻带骨牛肉,412,智利,10,一般贸易,11,北京市,59582,千克,0,?,"1,860,714"
202001,2022000,冻带骨牛肉,412,智利,10,一般贸易,12,天津市,278319,千克,0,?,"7,146,580"
202001,2022000,冻带骨牛肉,412,智利,10,一般贸易,21,辽宁省,18907,千克,0,?,"510,857"
202001,2022000,冻带骨牛肉,412,智利,10,一般贸易,31,上海市,104967,千克,0,?,"2,130,213"
202001,2022000,冻带骨牛肉,412,智利,10,一般贸易,33,浙江省,30192,千克,0,?,"892,939"
202001,2022000,冻带骨牛肉,412,智利,10,一般贸易,35,福建省,19572,千克,0,?,"597,491"
202001,2022000,冻带骨牛肉,412,智利,10,一般贸易,37,山东省,47833,千克,0,?,"1,480,770"
202001,2022000,冻带骨牛肉,412,智利,10,一般贸易,43,湖南省,85804,千克,0,?,"2,866,778"
202001,2022000,冻带骨牛肉,412,智利,10,一般贸易,44,广东省,54734,千克,0,?,"1,819,896"
202001,2022000,冻带骨牛肉,412,智利,10,一般贸易,50,重庆市,15875,千克,0,?,"540,832"
202001,2022000,冻带骨牛肉,412,智利,10,一般贸易,61,陕西省,19276,千克,0,?,"579,936"
202001,2022000,冻带骨牛肉,412,智利,34,海关特殊监管区域物流货物,31,上海市,21603,千克,0,?,"758,044"
202001,2022000,冻带骨牛肉,412,智利,34,海关特殊监管区域物流货物,33,浙江省,29374,千克,0,?,"519,936"
202001,2022000,冻带骨牛肉,412,智利,34,海关特殊监管区域物流货物,37,山东省,37902,千克,0,?,"1,008,848"
202001,2022000,冻带骨牛肉,415,哥斯达黎加,10,一般贸易,12,天津市,14122,千克,0,?,"242,974"
202001,2022000,冻带骨牛肉,415,哥斯达黎加,10,一般贸易,31,上海市,123711,千克,0,?,"2,964,473"
202001,2022000,冻带骨牛肉,415,哥斯达黎加,10,一般贸易,34,安徽省,61549,千克,0,?,"1,161,671"
202001,2022000,冻带骨牛肉,415,哥斯达黎加,10,一般贸易,37,山东省,90532,千克,0,?,"1,754,147"
202001,2022000,冻带骨牛肉,415,哥斯达黎加,10,一般贸易,44,广东省,71739,千克,0,?,"1,479,328"
202001,2022000,冻带骨牛肉,415,哥斯达黎加,10,一般贸易,65,新疆维吾尔自治区,160173,千克,0,?,"2,326,809"
202001,2022000,冻带骨牛肉,415,哥斯达黎加,34,海关特殊监管区域物流货物,31,上海市,30392,千克,0,?,"550,886"
202001,2022000,冻带骨牛肉,432,巴拿马,10,一般贸易,12,天津市,44398,千克,0,?,"580,271"
202001,2022000,冻带骨牛肉,432,巴拿马,10,一般贸易,31,上海市,66914,千克,0,?,"1,256,489"
202001,2022000,冻带骨牛肉,432,巴拿马,10,一般贸易,44,广东省,29685,千克,0,?,"444,177"
202001,2022000,冻带骨牛肉,432,巴拿马,10,一般贸易,51,四川省,80546,千克,0,?,"1,386,386"
202001,2022000,冻带骨牛肉,444,乌拉圭,10,一般贸易,11,北京市,428560,千克,0,?,"10,085,369"
202001,2022000,冻带骨牛肉,444,乌拉圭,10,一般贸易,12,天津市,1168427,千克,0,?,"23,017,640"
202001,2022000,冻带骨牛肉,444,乌拉圭,10,一般贸易,21,辽宁省,281098,千克,0,?,"4,236,913"
202001,2022000,冻带骨牛肉,444,乌拉圭,10,一般贸易,23,黑龙江省,128993,千克,0,?,"2,402,472"
202001,2022000,冻带骨牛肉,444,乌拉圭,10,一般贸易,31,上海市,828005,千克,0,?,"21,213,009"
202001,2022000,冻带骨牛肉,444,乌拉圭,10,一般贸易,32,江苏省,290903,千克,0,?,"4,332,096"
202001,2022000,冻带骨牛肉,444,乌拉圭,10,一般贸易,34,安徽省,667874,千克,0,?,"15,343,094"
202001,2022000,冻带骨牛肉,444,乌拉圭,10,一般贸易,35,福建省,204891,千克,0,?,"3,903,987"
202001,2022000,冻带骨牛肉,444,乌拉圭,10,一般贸易,37,山东省,779306,千克,0,?,"14,408,620"
202001,2022000,冻带骨牛肉,444,乌拉圭,10,一般贸易,43,湖南省,133407,千克,0,?,"2,974,746"
202001,2022000,冻带骨牛肉,444,乌拉圭,10,一般贸易,44,广东省,1421905,千克,0,?,"21,104,209"
202001,2022000,冻带骨牛肉,444,乌拉圭,10,一般贸易,50,重庆市,51096,千克,0,?,"1,636,884"
202001,2022000,冻带骨牛肉,444,乌拉圭,10,一般贸易,63,青海省,53253,千克,0,?,"1,233,289"
202001,2022000,冻带骨牛肉,444,乌拉圭,34,海关特殊监管区域物流货物,12,天津市,69656,千克,0,?,"1,131,392"
202001,2022000,冻带骨牛肉,444,乌拉圭,34,海关特殊监管区域物流货物,13,河北省,22819,千克,0,?,"558,818"
202001,2022000,冻带骨牛肉,444,乌拉圭,34,海关特殊监管区域物流货物,21,辽宁省,75964,千克,0,?,"2,049,792"
202001,2022000,冻带骨牛肉,444,乌拉圭,34,海关特殊监管区域物流货物,31,上海市,50287,千克,0,?,"1,414,617"
202001,2022000,冻带骨牛肉,444,乌拉圭,34,海关特殊监管区域物流货物,33,浙江省,10056,千克,0,?,"448,132"
202001,2022000,冻带骨牛肉,444,乌拉圭,34,海关特殊监管区域物流货物,37,山东省,372802,千克,0,?,"5,528,785"
202001,2022000,冻带骨牛肉,444,乌拉圭,34,海关特殊监管区域物流货物,44,广东省,26636,千克,0,?,"727,083"
202001,2022000,冻带骨牛肉,502,美国,10,一般贸易,11,北京市,7044,千克,0,?,"615,262"
202001,2022000,冻带骨牛肉,502,美国,10,一般贸易,12,天津市,13613,千克,0,?,"1,151,539"
202001,2022000,冻带骨牛肉,502,美国,10,一般贸易,31,上海市,19228,千克,0,?,"1,824,032"
202001,2022000,冻带骨牛肉,502,美国,10,一般贸易,32,江苏省,10382,千克,0,?,"755,090"
202001,2022000,冻带骨牛肉,502,美国,10,一般贸易,34,安徽省,6864,千克,0,?,"484,711"
202001,2022000,冻带骨牛肉,502,美国,10,一般贸易,43,湖南省,465,千克,0,?,"29,940"
202001,2022000,冻带骨牛肉,502,美国,10,一般贸易,44,广东省,1243,千克,0,?,"129,805"
202001,2022000,冻带骨牛肉,502,美国,34,海关特殊监管区域物流货物,31,上海市,19547,千克,0,?,"1,516,310"
202001,2022000,冻带骨牛肉,601,澳大利亚,10,一般贸易,11,北京市,561693,千克,0,?,"8,278,965"
202001,2022000,冻带骨牛肉,601,澳大利亚,10,一般贸易,12,天津市,551508,千克,0,?,"12,239,822"
202001,2022000,冻带骨牛肉,601,澳大利亚,10,一般贸易,13,河北省,6635,千克,0,?,"162,658"
202001,2022000,冻带骨牛肉,601,澳大利亚,10,一般贸易,21,辽宁省,262881,千克,0,?,"6,506,668"
202001,2022000,冻带骨牛肉,601,澳大利亚,10,一般贸易,31,上海市,1162257,千克,0,?,"31,512,611"
202001,2022000,冻带骨牛肉,601,澳大利亚,10,一般贸易,32,江苏省,814026,千克,0,?,"26,846,464"
202001,2022000,冻带骨牛肉,601,澳大利亚,10,一般贸易,33,浙江省,83220,千克,0,?,"2,482,059"
202001,2022000,冻带骨牛肉,601,澳大利亚,10,一般贸易,34,安徽省,3691,千克,0,?,"93,285"
202001,2022000,冻带骨牛肉,601,澳大利亚,10,一般贸易,35,福建省,580433,千克,0,?,"14,101,082"
202001,2022000,冻带骨牛肉,601,澳大利亚,10,一般贸易,37,山东省,487211,千克,0,?,"8,812,404"
202001,2022000,冻带骨牛肉,601,澳大利亚,10,一般贸易,41,河南省,24278,千克,0,?,"330,450"
202001,2022000,冻带骨牛肉,601,澳大利亚,10,一般贸易,43,湖南省,633847,千克,0,?,"5,401,685"
202001,2022000,冻带骨牛肉,601,澳大利亚,10,一般贸易,44,广东省,1059672,千克,0,?,"14,120,697"
202001,2022000,冻带骨牛肉,601,澳大利亚,10,一般贸易,50,重庆市,133905,千克,0,?,"4,521,450"
202001,2022000,冻带骨牛肉,601,澳大利亚,10,一般贸易,51,四川省,122354,千克,0,?,"1,284,976"
202001,2022000,冻带骨牛肉,601,澳大利亚,10,一般贸易,62,甘肃省,217265,千克,0,?,"6,310,078"
202001,2022000,冻带骨牛肉,601,澳大利亚,34,海关特殊监管区域物流货物,12,天津市,60804,千克,0,?,"1,871,894"
202001,2022000,冻带骨牛肉,601,澳大利亚,34,海关特殊监管区域物流货物,31,上海市,245874,千克,0,?,"6,737,310"
202001,2022000,冻带骨牛肉,601,澳大利亚,34,海关特殊监管区域物流货物,41,河南省,61729,千克,0,?,"1,642,559"
202001,2022000,冻带骨牛肉,601,澳大利亚,34,海关特殊监管区域物流货物,45,广西壮族自治区,19647,千克,0,?,"520,255"
202001,2022000,冻带骨牛肉,601,澳大利亚,34,海关特殊监管区域物流货物,62,甘肃省,41904,千克,0,?,"1,289,218"
202001,2022000,冻带骨牛肉,609,新西兰,10,一般贸易,11,北京市,112975,千克,0,?,"1,986,370"
202001,2022000,冻带骨牛肉,609,新西兰,10,一般贸易,12,天津市,213424,千克,0,?,"8,205,287"
202001,2022000,冻带骨牛肉,609,新西兰,10,一般贸易,13,河北省,16486,千克,0,?,"539,340"
202001,2022000,冻带骨牛肉,609,新西兰,10,一般贸易,21,辽宁省,839430,千克,0,?,"17,279,646"
202001,2022000,冻带骨牛肉,609,新西兰,10,一般贸易,23,黑龙江省,186256,千克,0,?,"3,160,900"
202001,2022000,冻带骨牛肉,609,新西兰,10,一般贸易,31,上海市,697972,千克,0,?,"23,078,869"
202001,2022000,冻带骨牛肉,609,新西兰,10,一般贸易,32,江苏省,91344,千克,0,?,"1,769,525"
202001,2022000,冻带骨牛肉,609,新西兰,10,一般贸易,35,福建省,63524,千克,0,?,"2,318,323"
202001,2022000,冻带骨牛肉,609,新西兰,10,一般贸易,37,山东省,723766,千克,0,?,"13,275,554"
202001,2022000,冻带骨牛肉,609,新西兰,10,一般贸易,43,湖南省,353729,千克,0,?,"12,373,362"
202001,2022000,冻带骨牛肉,609,新西兰,10,一般贸易,44,广东省,211075,千克,0,?,"8,121,457"
202001,2022000,冻带骨牛肉,609,新西兰,10,一般贸易,50,重庆市,24538,千克,0,?,"197,440"
202001,2022000,冻带骨牛肉,609,新西兰,34,海关特殊监管区域物流货物,31,上海市,649,千克,0,?,"32,944"
202001,2023000,冻去骨牛肉,145,哈萨克斯坦,10,一般贸易,11,北京市,28900,千克,0,?,"520,200"
202001,2023000,冻去骨牛肉,145,哈萨克斯坦,10,一般贸易,21,辽宁省,57005,千克,0,?,"1,926,202"
202001,2023000,冻去骨牛肉,145,哈萨克斯坦,10,一般贸易,31,上海市,35946,千克,0,?,"880,287"
202001,2023000,冻去骨牛肉,145,哈萨克斯坦,10,一般贸易,51,四川省,99507,千克,0,?,"3,356,719"
202001,2023000,冻去骨牛肉,145,哈萨克斯坦,10,一般贸易,65,新疆维吾尔自治区,57055,千克,0,?,"1,215,323"
202001,2023000,冻去骨牛肉,234,纳米比亚,10,一般贸易,11,北京市,24163,千克,0,?,"1,016,575"
202001,2023000,冻去骨牛肉,234,纳米比亚,10,一般贸易,12,天津市,47996,千克,0,?,"1,493,215"
202001,2023000,冻去骨牛肉,234,纳米比亚,10,一般贸易,37,山东省,72556,千克,0,?,"1,871,686"
202001,2023000,冻去骨牛肉,234,纳米比亚,10,一般贸易,43,湖南省,23971,千克,0,?,"521,042"
202001,2023000,冻去骨牛肉,234,纳米比亚,10,一般贸易,44,广东省,23974,千克,0,?,"640,702"
202001,2023000,冻去骨牛肉,244,南非,10,一般贸易,32,江苏省,598551,千克,0,?,"21,733,405"
202001,2023000,冻去骨牛肉,244,南非,10,一般贸易,65,新疆维吾尔自治区,237905,千克,0,?,"8,453,055"
202001,2023000,冻去骨牛肉,305,法国,10,一般贸易,12,天津市,23007,千克,0,?,"1,649,292"
202001,2023000,冻去骨牛肉,305,法国,10,一般贸易,32,江苏省,22918,千克,0,?,"1,993,253"
202001,2023000,冻去骨牛肉,305,法国,10,一般贸易,37,山东省,32558,千克,0,?,"1,595,978"
202001,2023000,冻去骨牛肉,305,法国,10,一般贸易,42,湖北省,22717,千克,0,?,"1,160,368"
202001,2023000,冻去骨牛肉,305,法国,10,一般贸易,44,广东省,23270,千克,0,?,"1,221,055"
202001,2023000,冻去骨牛肉,305,法国,33,保税监管场所进出境货物,31,上海市,209,千克,0,?,"5,015"
202001,2023000,冻去骨牛肉,305,法国,34,海关特殊监管区域物流货物,12,天津市,23265,千克,0,?,"1,803,029"
202001,2023000,冻去骨牛肉,306,爱尔兰,10,一般贸易,11,北京市,231306,千克,0,?,"9,914,932"
202001,2023000,冻去骨牛肉,306,爱尔兰,10,一般贸易,12,天津市,51823,千克,0,?,"2,132,737"
202001,2023000,冻去骨牛肉,306,爱尔兰,10,一般贸易,22,吉林省,79168,千克,0,?,"3,461,050"
202001,2023000,冻去骨牛肉,306,爱尔兰,10,一般贸易,31,上海市,128281,千克,0,?,"5,895,688"
202001,2023000,冻去骨牛肉,306,爱尔兰,10,一般贸易,32,江苏省,129545,千克,0,?,"5,337,784"
202001,2023000,冻去骨牛肉,306,爱尔兰,10,一般贸易,37,山东省,284433,千克,0,?,"13,392,474"
202001,2023000,冻去骨牛肉,306,爱尔兰,10,一般贸易,44,广东省,77144,千克,0,?,"3,376,365"
202001,2023000,冻去骨牛肉,306,爱尔兰,34,海关特殊监管区域物流货物,50,重庆市,25007,千克,0,?,"1,047,856"
202001,2023000,冻去骨牛肉,307,意大利,33,保税监管场所进出境货物,31,上海市,5462,千克,0,?,"146,378"
202001,2023000,冻去骨牛肉,309,荷兰,10,一般贸易,11,北京市,86862,千克,0,?,"3,894,098"
202001,2023000,冻去骨牛肉,309,荷兰,10,一般贸易,21,辽宁省,20220,千克,0,?,"1,104,251"
202001,2023000,冻去骨牛肉,309,荷兰,10,一般贸易,44,广东省,7745,千克,0,?,"468,694"
202001,2023000,冻去骨牛肉,321,匈牙利,10,一般贸易,12,天津市,24936,千克,0,?,"926,356"
202001,2023000,冻去骨牛肉,321,匈牙利,10,一般贸易,31,上海市,26000,千克,0,?,"787,558"
202001,2023000,冻去骨牛肉,321,匈牙利,10,一般贸易,41,河南省,50035,千克,0,?,"1,795,357"
202001,2023000,冻去骨牛肉,321,匈牙利,33,保税监管场所进出境货物,33,浙江省,192756,千克,0,?,"6,727,574"
202001,2023000,冻去骨牛肉,340,白俄罗斯,10,一般贸易,11,北京市,21455,千克,0,?,"834,455"
202001,2023000,冻去骨牛肉,340,白俄罗斯,10,一般贸易,31,上海市,24000,千克,0,?,"1,102,253"
202001,2023000,冻去骨牛肉,340,白俄罗斯,10,一般贸易,32,江苏省,39106,千克,0,?,"1,439,201"
202001,2023000,冻去骨牛肉,340,白俄罗斯,10,一般贸易,33,浙江省,45523,千克,0,?,"1,593,903"
202001,2023000,冻去骨牛肉,340,白俄罗斯,10,一般贸易,43,湖南省,164944,千克,0,?,"5,208,424"
202001,2023000,冻去骨牛肉,340,白俄罗斯,10,一般贸易,50,重庆市,194801,千克,0,?,"7,029,285"
202001,2023000,冻去骨牛肉,340,白俄罗斯,10,一般贸易,51,四川省,39517,千克,0,?,"1,163,032"
202001,2023000,冻去骨牛肉,347,乌克兰,10,一般贸易,11,北京市,79686,千克,0,?,"3,053,275"
202001,2023000,冻去骨牛肉,347,乌克兰,10,一般贸易,12,天津市,105547,千克,0,?,"3,977,183"
202001,2023000,冻去骨牛肉,347,乌克兰,10,一般贸易,31,上海市,132923,千克,0,?,"5,249,971"
202001,2023000,冻去骨牛肉,347,乌克兰,10,一般贸易,33,浙江省,52532,千克,0,?,"1,917,058"
202001,2023000,冻去骨牛肉,347,乌克兰,10,一般贸易,44,广东省,26001,千克,0,?,"960,686"
202001,2023000,冻去骨牛肉,347,乌克兰,10,一般贸易,61,陕西省,52997,千克,0,?,"2,144,519"
202001,2023000,冻去骨牛肉,347,乌克兰,10,一般贸易,62,甘肃省,26274,千克,0,?,"1,103,020"
202001,2023000,冻去骨牛肉,347,乌克兰,33,保税监管场所进出境货物,33,浙江省,26593,千克,0,?,"924,583"
202001,2023000,冻去骨牛肉,358,塞尔维亚,10,一般贸易,37,山东省,53615,千克,0,?,"1,992,004"
202001,2023000,冻去骨牛肉,358,塞尔维亚,10,一般贸易,44,广东省,49461,千克,0,?,"1,816,712"
202001,2023000,冻去骨牛肉,402,阿根廷,10,一般贸易,11,北京市,1376609,千克,0,?,"51,567,338"
202001,2023000,冻去骨牛肉,402,阿根廷,10,一般贸易,12,天津市,9148417,千克,0,?,"359,194,649"
202001,2023000,冻去骨牛肉,402,阿根廷,10,一般贸易,13,河北省,26863,千克,0,?,"848,359"
202001,2023000,冻去骨牛肉,402,阿根廷,10,一般贸易,15,内蒙古自治区,208370,千克,0,?,"7,545,795"
202001,2023000,冻去骨牛肉,402,阿根廷,10,一般贸易,21,辽宁省,282271,千克,0,?,"11,293,174"
202001,2023000,冻去骨牛肉,402,阿根廷,10,一般贸易,23,黑龙江省,417486,千克,0,?,"13,373,958"
202001,2023000,冻去骨牛肉,402,阿根廷,10,一般贸易,31,上海市,6829738,千克,0,?,"269,350,595"
202001,2023000,冻去骨牛肉,402,阿根廷,10,一般贸易,32,江苏省,949795,千克,0,?,"39,738,027"
202001,2023000,冻去骨牛肉,402,阿根廷,10,一般贸易,33,浙江省,531666,千克,0,?,"19,275,104"
202001,2023000,冻去骨牛肉,402,阿根廷,10,一般贸易,34,安徽省,773052,千克,0,?,"34,479,554"
202001,2023000,冻去骨牛肉,402,阿根廷,10,一般贸易,35,福建省,1711963,千克,0,?,"71,410,358"
202001,2023000,冻去骨牛肉,402,阿根廷,10,一般贸易,37,山东省,2546500,千克,0,?,"95,560,607"
202001,2023000,冻去骨牛肉,402,阿根廷,10,一般贸易,41,河南省,399296,千克,0,?,"15,306,872"
202001,2023000,冻去骨牛肉,402,阿根廷,10,一般贸易,43,湖南省,1370436,千克,0,?,"53,451,243"
202001,2023000,冻去骨牛肉,402,阿根廷,10,一般贸易,44,广东省,4702066,千克,0,?,"178,028,201"
202001,2023000,冻去骨牛肉,402,阿根廷,10,一般贸易,50,重庆市,76156,千克,0,?,"3,201,369"
202001,2023000,冻去骨牛肉,402,阿根廷,10,一般贸易,51,四川省,161696,千克,0,?,"6,127,423"
202001,2023000,冻去骨牛肉,402,阿根廷,10,一般贸易,62,甘肃省,210194,千克,0,?,"9,254,243"
202001,2023000,冻去骨牛肉,402,阿根廷,34,海关特殊监管区域物流货物,12,天津市,129578,千克,0,?,"6,148,566"
202001,2023000,冻去骨牛肉,402,阿根廷,34,海关特殊监管区域物流货物,13,河北省,49341,千克,0,?,"2,115,894"
202001,2023000,冻去骨牛肉,402,阿根廷,34,海关特殊监管区域物流货物,31,上海市,153872,千克,0,?,"6,110,092"
202001,2023000,冻去骨牛肉,402,阿根廷,34,海关特殊监管区域物流货物,50,重庆市,332786,千克,0,?,"12,698,211"
202001,2023000,冻去骨牛肉,408,玻利维亚,10,一般贸易,12,天津市,24052,千克,0,?,"1,029,630"
202001,2023000,冻去骨牛肉,408,玻利维亚,10,一般贸易,31,上海市,70692,千克,0,?,"2,787,317"
202001,2023000,冻去骨牛肉,408,玻利维亚,10,一般贸易,32,江苏省,23585,千克,0,?,"937,358"
202001,2023000,冻去骨牛肉,408,玻利维亚,10,一般贸易,37,山东省,95211,千克,0,?,"3,787,886"
202001,2023000,冻去骨牛肉,408,玻利维亚,10,一般贸易,44,广东省,47119,千克,0,?,"1,820,738"
202001,2023000,冻去骨牛肉,410,巴西,10,一般贸易,11,北京市,3299240,千克,0,?,"134,209,346"
202001,2023000,冻去骨牛肉,410,巴西,10,一般贸易,12,天津市,9497815,千克,0,?,"401,108,063"
202001,2023000,冻去骨牛肉,410,巴西,10,一般贸易,15,内蒙古自治区,298545,千克,0,?,"11,942,185"
202001,2023000,冻去骨牛肉,410,巴西,10,一般贸易,21,辽宁省,709308,千克,0,?,"28,909,926"
202001,2023000,冻去骨牛肉,410,巴西,10,一般贸易,22,吉林省,726972,千克,0,?,"29,973,611"
202001,2023000,冻去骨牛肉,410,巴西,10,一般贸易,23,黑龙江省,1576383,千克,0,?,"65,949,616"
202001,2023000,冻去骨牛肉,410,巴西,10,一般贸易,31,上海市,11467978,千克,0,?,"482,539,636"
202001,2023000,冻去骨牛肉,410,巴西,10,一般贸易,32,江苏省,4176681,千克,0,?,"182,683,482"
202001,2023000,冻去骨牛肉,410,巴西,10,一般贸易,33,浙江省,729664,千克,0,?,"30,683,555"
202001,2023000,冻去骨牛肉,410,巴西,10,一般贸易,34,安徽省,2203807,千克,0,?,"94,662,740"
202001,2023000,冻去骨牛肉,410,巴西,10,一般贸易,35,福建省,1189401,千克,0,?,"50,124,579"
202001,2023000,冻去骨牛肉,410,巴西,10,一般贸易,37,山东省,3931157,千克,0,?,"162,119,431"
202001,2023000,冻去骨牛肉,410,巴西,10,一般贸易,41,河南省,857095,千克,0,?,"36,352,176"
202001,2023000,冻去骨牛肉,410,巴西,10,一般贸易,42,湖北省,434057,千克,0,?,"18,952,521"
202001,2023000,冻去骨牛肉,410,巴西,10,一般贸易,43,湖南省,3777540,千克,0,?,"160,774,309"
202001,2023000,冻去骨牛肉,410,巴西,10,一般贸易,44,广东省,4408935,千克,0,?,"187,545,260"
202001,2023000,冻去骨牛肉,410,巴西,10,一般贸易,50,重庆市,185219,千克,0,?,"8,102,893"
202001,2023000,冻去骨牛肉,410,巴西,10,一般贸易,61,陕西省,54034,千克,0,?,"2,246,863"
202001,2023000,冻去骨牛肉,410,巴西,33,保税监管场所进出境货物,21,辽宁省,83233,千克,0,?,"3,034,375"
202001,2023000,冻去骨牛肉,410,巴西,33,保税监管场所进出境货物,31,上海市,2411,千克,0,?,"170,779"
202001,2023000,冻去骨牛肉,410,巴西,33,保税监管场所进出境货物,32,江苏省,111424,千克,0,?,"4,691,754"
202001,2023000,冻去骨牛肉,410,巴西,34,海关特殊监管区域物流货物,11,北京市,195593,千克,0,?,"6,547,219"
202001,2023000,冻去骨牛肉,410,巴西,34,海关特殊监管区域物流货物,12,天津市,1024489,千克,0,?,"44,565,742"
202001,2023000,冻去骨牛肉,410,巴西,34,海关特殊监管区域物流货物,13,河北省,26924,千克,0,?,"1,215,078"
202001,2023000,冻去骨牛肉,410,巴西,34,海关特殊监管区域物流货物,31,上海市,274745,千克,0,?,"12,106,186"
202001,2023000,冻去骨牛肉,410,巴西,34,海关特殊监管区域物流货物,33,浙江省,135119,千克,0,?,"5,684,818"
202001,2023000,冻去骨牛肉,410,巴西,34,海关特殊监管区域物流货物,42,湖北省,26995,千克,0,?,"1,237,354"
202001,2023000,冻去骨牛肉,410,巴西,34,海关特殊监管区域物流货物,50,重庆市,1865494,千克,0,?,"73,979,076"
202001,2023000,冻去骨牛肉,412,智利,10,一般贸易,12,天津市,178622,千克,0,?,"7,798,949"
202001,2023000,冻去骨牛肉,412,智利,10,一般贸易,31,上海市,197737,千克,0,?,"8,151,425"
202001,2023000,冻去骨牛肉,412,智利,10,一般贸易,33,浙江省,44021,千克,0,?,"1,453,781"
202001,2023000,冻去骨牛肉,412,智利,10,一般贸易,37,山东省,60782,千克,0,?,"1,928,781"
202001,2023000,冻去骨牛肉,412,智利,10,一般贸易,43,湖南省,129509,千克,0,?,"4,277,491"
202001,2023000,冻去骨牛肉,412,智利,10,一般贸易,44,广东省,29309,千克,0,?,"1,037,567"
202001,2023000,冻去骨牛肉,412,智利,10,一般贸易,50,重庆市,28051,千克,0,?,"955,679"
202001,2023000,冻去骨牛肉,412,智利,34,海关特殊监管区域物流货物,33,浙江省,52412,千克,0,?,"2,030,446"
202001,2023000,冻去骨牛肉,412,智利,34,海关特殊监管区域物流货物,37,山东省,83088,千克,0,?,"2,895,362"
202001,2023000,冻去骨牛肉,415,哥斯达黎加,10,一般贸易,11,北京市,24498,千克,0,?,"885,410"
202001,2023000,冻去骨牛肉,415,哥斯达黎加,10,一般贸易,12,天津市,8487,千克,0,?,"395,983"
202001,2023000,冻去骨牛肉,415,哥斯达黎加,10,一般贸易,31,上海市,244187,千克,0,?,"11,389,218"
202001,2023000,冻去骨牛肉,415,哥斯达黎加,10,一般贸易,34,安徽省,54562,千克,0,?,"2,353,335"
202001,2023000,冻去骨牛肉,415,哥斯达黎加,10,一般贸易,37,山东省,142696,千克,0,?,"6,417,191"
202001,2023000,冻去骨牛肉,415,哥斯达黎加,10,一般贸易,44,广东省,97748,千克,0,?,"4,571,547"
202001,2023000,冻去骨牛肉,415,哥斯达黎加,10,一般贸易,65,新疆维吾尔自治区,374792,千克,0,?,"15,721,630"
202001,2023000,冻去骨牛肉,415,哥斯达黎加,34,海关特殊监管区域物流货物,31,上海市,88056,千克,0,?,"3,759,501"
202001,2023000,冻去骨牛肉,429,墨西哥,10,一般贸易,31,上海市,52,千克,0,?,"2,226"
202001,2023000,冻去骨牛肉,432,巴拿马,10,一般贸易,12,天津市,69411,千克,0,?,"2,238,334"
202001,2023000,冻去骨牛肉,432,巴拿马,10,一般贸易,13,河北省,23152,千克,0,?,"700,903"
202001,2023000,冻去骨牛肉,432,巴拿马,10,一般贸易,44,广东省,38831,千克,0,?,"2,018,087"
202001,2023000,冻去骨牛肉,432,巴拿马,10,一般贸易,51,四川省,32718,千克,0,?,"1,261,025"
202001,2023000,冻去骨牛肉,444,乌拉圭,10,一般贸易,11,北京市,930592,千克,0,?,"37,051,163"
202001,2023000,冻去骨牛肉,444,乌拉圭,10,一般贸易,12,天津市,2544688,千克,0,?,"105,144,789"
202001,2023000,冻去骨牛肉,444,乌拉圭,10,一般贸易,13,河北省,104003,千克,0,?,"3,950,456"
202001,2023000,冻去骨牛肉,444,乌拉圭,10,一般贸易,21,辽宁省,163543,千克,0,?,"7,173,850"
202001,2023000,冻去骨牛肉,444,乌拉圭,10,一般贸易,22,吉林省,73305,千克,0,?,"3,068,717"
202001,2023000,冻去骨牛肉,444,乌拉圭,10,一般贸易,23,黑龙江省,559954,千克,0,?,"20,127,032"
202001,2023000,冻去骨牛肉,444,乌拉圭,10,一般贸易,31,上海市,1840303,千克,0,?,"74,528,279"
202001,2023000,冻去骨牛肉,444,乌拉圭,10,一般贸易,32,江苏省,476918,千克,0,?,"20,133,996"
202001,2023000,冻去骨牛肉,444,乌拉圭,10,一般贸易,33,浙江省,27014,千克,0,?,"1,158,909"
202001,2023000,冻去骨牛肉,444,乌拉圭,10,一般贸易,34,安徽省,442089,千克,0,?,"17,876,246"
202001,2023000,冻去骨牛肉,444,乌拉圭,10,一般贸易,35,福建省,417471,千克,0,?,"17,634,013"
202001,2023000,冻去骨牛肉,444,乌拉圭,10,一般贸易,37,山东省,1209187,千克,0,?,"48,173,135"
202001,2023000,冻去骨牛肉,444,乌拉圭,10,一般贸易,41,河南省,27455,千克,0,?,"1,107,888"
202001,2023000,冻去骨牛肉,444,乌拉圭,10,一般贸易,43,湖南省,252374,千克,0,?,"9,461,461"
202001,2023000,冻去骨牛肉,444,乌拉圭,10,一般贸易,44,广东省,1081640,千克,0,?,"40,570,196"
202001,2023000,冻去骨牛肉,444,乌拉圭,15,进料加工贸易,44,广东省,131162,千克,0,?,"4,224,604"
202001,2023000,冻去骨牛肉,444,乌拉圭,33,保税监管场所进出境货物,21,辽宁省,25996,千克,0,?,"1,036,782"
202001,2023000,冻去骨牛肉,444,乌拉圭,33,保税监管场所进出境货物,32,江苏省,25908,千克,0,?,"1,036,372"
202001,2023000,冻去骨牛肉,444,乌拉圭,34,海关特殊监管区域物流货物,12,天津市,25996,千克,0,?,"1,054,970"
202001,2023000,冻去骨牛肉,444,乌拉圭,34,海关特殊监管区域物流货物,13,河北省,51991,千克,0,?,"1,898,353"
202001,2023000,冻去骨牛肉,444,乌拉圭,34,海关特殊监管区域物流货物,21,辽宁省,295382,千克,0,?,"12,731,356"
202001,2023000,冻去骨牛肉,444,乌拉圭,34,海关特殊监管区域物流货物,31,上海市,16002,千克,0,?,"689,940"
202001,2023000,冻去骨牛肉,444,乌拉圭,34,海关特殊监管区域物流货物,33,浙江省,41953,千克,0,?,"1,869,577"
202001,2023000,冻去骨牛肉,444,乌拉圭,34,海关特殊监管区域物流货物,37,山东省,328810,千克,0,?,"11,010,014"
202001,2023000,冻去骨牛肉,444,乌拉圭,34,海关特殊监管区域物流货物,50,重庆市,24566,千克,0,?,"1,066,047"
202001,2023000,冻去骨牛肉,501,加拿大,10,一般贸易,21,辽宁省,179618,千克,0,?,"11,217,367"
202001,2023000,冻去骨牛肉,502,美国,10,一般贸易,11,北京市,79559,千克,0,?,"5,235,580"
202001,2023000,冻去骨牛肉,502,美国,10,一般贸易,12,天津市,148490,千克,0,?,"7,723,659"
202001,2023000,冻去骨牛肉,502,美国,10,一般贸易,31,上海市,294973,千克,0,?,"15,889,880"
202001,2023000,冻去骨牛肉,502,美国,10,一般贸易,32,江苏省,114909,千克,0,?,"5,401,421"
202001,2023000,冻去骨牛肉,502,美国,10,一般贸易,34,安徽省,32714,千克,0,?,"1,717,221"
202001,2023000,冻去骨牛肉,502,美国,10,一般贸易,43,湖南省,64125,千克,0,?,"2,971,282"
202001,2023000,冻去骨牛肉,502,美国,10,一般贸易,44,广东省,76891,千克,0,?,"5,601,039"
202001,2023000,冻去骨牛肉,502,美国,34,海关特殊监管区域物流货物,31,上海市,267743,千克,0,?,"15,555,995"
202001,2023000,冻去骨牛肉,601,澳大利亚,10,一般贸易,11,北京市,2140196,千克,0,?,"102,954,425"
202001,2023000,冻去骨牛肉,601,澳大利亚,10,一般贸易,12,天津市,3287447,千克,0,?,"148,490,954"
202001,2023000,冻去骨牛肉,601,澳大利亚,10,一般贸易,13,河北省,217088,千克,0,?,"9,333,779"
202001,2023000,冻去骨牛肉,601,澳大利亚,10,一般贸易,15,内蒙古自治区,49996,千克,0,?,"1,833,283"
202001,2023000,冻去骨牛肉,601,澳大利亚,10,一般贸易,21,辽宁省,1078987,千克,0,?,"41,587,299"
202001,2023000,冻去骨牛肉,601,澳大利亚,10,一般贸易,23,黑龙江省,814809,千克,0,?,"25,120,504"
202001,2023000,冻去骨牛肉,601,澳大利亚,10,一般贸易,31,上海市,8207851,千克,0,?,"436,849,562"
202001,2023000,冻去骨牛肉,601,澳大利亚,10,一般贸易,32,江苏省,4327232,千克,0,?,"188,577,294"
202001,2023000,冻去骨牛肉,601,澳大利亚,10,一般贸易,33,浙江省,115349,千克,0,?,"5,619,271"
202001,2023000,冻去骨牛肉,601,澳大利亚,10,一般贸易,34,安徽省,301891,千克,0,?,"9,796,195"
202001,2023000,冻去骨牛肉,601,澳大利亚,10,一般贸易,35,福建省,643239,千克,0,?,"27,634,377"
202001,2023000,冻去骨牛肉,601,澳大利亚,10,一般贸易,37,山东省,1442767,千克,0,?,"58,771,671"
202001,2023000,冻去骨牛肉,601,澳大利亚,10,一般贸易,41,河南省,67999,千克,0,?,"2,786,808"
202001,2023000,冻去骨牛肉,601,澳大利亚,10,一般贸易,43,湖南省,575701,千克,0,?,"26,270,609"
202001,2023000,冻去骨牛肉,601,澳大利亚,10,一般贸易,44,广东省,1572564,千克,0,?,"65,240,761"
202001,2023000,冻去骨牛肉,601,澳大利亚,10,一般贸易,50,重庆市,498241,千克,0,?,"23,287,927"
202001,2023000,冻去骨牛肉,601,澳大利亚,10,一般贸易,51,四川省,532744,千克,0,?,"20,141,464"
202001,2023000,冻去骨牛肉,601,澳大利亚,10,一般贸易,61,陕西省,82627,千克,0,?,"4,027,663"
202001,2023000,冻去骨牛肉,601,澳大利亚,10,一般贸易,62,甘肃省,16945,千克,0,?,"746,950"
202001,2023000,冻去骨牛肉,601,澳大利亚,15,进料加工贸易,44,广东省,93487,千克,0,?,"2,652,569"
202001,2023000,冻去骨牛肉,601,澳大利亚,33,保税监管场所进出境货物,33,浙江省,36741,千克,0,?,"1,285,411"
202001,2023000,冻去骨牛肉,601,澳大利亚,34,海关特殊监管区域物流货物,21,辽宁省,40270,千克,0,?,"2,075,167"
202001,2023000,冻去骨牛肉,601,澳大利亚,34,海关特殊监管区域物流货物,31,上海市,901944,千克,0,?,"41,418,607"
202001,2023000,冻去骨牛肉,609,新西兰,10,一般贸易,11,北京市,471108,千克,0,?,"21,838,342"
202001,2023000,冻去骨牛肉,609,新西兰,10,一般贸易,12,天津市,2058740,千克,0,?,"87,422,899"
202001,2023000,冻去骨牛肉,609,新西兰,10,一般贸易,13,河北省,38920,千克,0,?,"2,324,792"
202001,2023000,冻去骨牛肉,609,新西兰,10,一般贸易,21,辽宁省,1945879,千克,0,?,"87,829,072"
202001,2023000,冻去骨牛肉,609,新西兰,10,一般贸易,23,黑龙江省,363045,千克,0,?,"15,395,843"
202001,2023000,冻去骨牛肉,609,新西兰,10,一般贸易,31,上海市,3071094,千克,0,?,"144,975,479"
202001,2023000,冻去骨牛肉,609,新西兰,10,一般贸易,32,江苏省,105237,千克,0,?,"3,523,470"
202001,2023000,冻去骨牛肉,609,新西兰,10,一般贸易,33,浙江省,72182,千克,0,?,"3,295,426"
202001,2023000,冻去骨牛肉,609,新西兰,10,一般贸易,34,安徽省,74691,千克,0,?,"1,967,737"
202001,2023000,冻去骨牛肉,609,新西兰,10,一般贸易,35,福建省,139272,千克,0,?,"6,042,237"
202001,2023000,冻去骨牛肉,609,新西兰,10,一般贸易,37,山东省,2490276,千克,0,?,"106,761,904"
202001,2023000,冻去骨牛肉,609,新西兰,10,一般贸易,43,湖南省,1563044,千克,0,?,"74,482,739"
202001,2023000,冻去骨牛肉,609,新西兰,10,一般贸易,44,广东省,790617,千克,0,?,"35,850,199"
202001,2023000,冻去骨牛肉,609,新西兰,10,一般贸易,50,重庆市,53964,千克,0,?,"1,963,449"
202001,2023000,冻去骨牛肉,609,新西兰,10,一般贸易,51,四川省,73276,千克,0,?,"2,839,454"
202001,2023000,冻去骨牛肉,609,新西兰,10,一般贸易,61,陕西省,16379,千克,0,?,"837,261"
202001,2023000,冻去骨牛肉,609,新西兰,34,海关特殊监管区域物流货物,31,上海市,117080,千克,0,?,"5,594,555"
202001,2031900,其他鲜或冷的猪肉,501,加拿大,10,一般贸易,12,天津市,21912,千克,0,?,"644,248"
202001,2031900,其他鲜或冷的猪肉,501,加拿大,10,一般贸易,31,上海市,1814,千克,0,?,"102,044"
202001,2032190,其他冻整头及半头猪肉,304,德国,10,一般贸易,12,天津市,23243,千克,0,?,"504,151"
202001,2032190,其他冻整头及半头猪肉,304,德国,10,一般贸易,43,湖南省,70834,千克,0,?,"2,032,025"
202001,2032190,其他冻整头及半头猪肉,312,西班牙,10,一般贸易,31,上海市,75071,千克,0,?,"1,443,711"
202001,2032190,其他冻整头及半头猪肉,312,西班牙,34,海关特殊监管区域物流货物,31,上海市,24995,千克,0,?,"475,703"
202001,2032190,其他冻整头及半头猪肉,402,阿根廷,10,一般贸易,12,天津市,79755,千克,0,?,"1,529,627"
202001,2032190,其他冻整头及半头猪肉,402,阿根廷,10,一般贸易,31,上海市,13740,千克,0,?,"248,297"
202001,2032190,其他冻整头及半头猪肉,402,阿根廷,10,一般贸易,37,山东省,27358,千克,0,?,"451,189"
202001,2032200,冻带骨猪前腿、猪后腿及其肉块,302,丹麦,10,一般贸易,11,北京市,371364,千克,0,?,"7,227,521"
202001,2032200,冻带骨猪前腿、猪后腿及其肉块,302,丹麦,10,一般贸易,12,天津市,8334365,千克,0,?,"184,488,808"
202001,2032200,冻带骨猪前腿、猪后腿及其肉块,302,丹麦,10,一般贸易,31,上海市,243017,千克,0,?,"4,925,974"
202001,2032200,冻带骨猪前腿、猪后腿及其肉块,302,丹麦,10,一般贸易,33,浙江省,421464,千克,0,?,"9,501,250"
202001,2032200,冻带骨猪前腿、猪后腿及其肉块,302,丹麦,10,一般贸易,34,安徽省,54003,千克,0,?,"1,114,671"
202001,2032200,冻带骨猪前腿、猪后腿及其肉块,302,丹麦,10,一般贸易,35,福建省,82582,千克,0,?,"1,669,245"
202001,2032200,冻带骨猪前腿、猪后腿及其肉块,302,丹麦,10,一般贸易,37,山东省,139719,千克,0,?,"3,582,053"
202001,2032200,冻带骨猪前腿、猪后腿及其肉块,302,丹麦,10,一般贸易,43,湖南省,54797,千克,0,?,"896,671"
202001,2032200,冻带骨猪前腿、猪后腿及其肉块,302,丹麦,10,一般贸易,44,广东省,648187,千克,0,?,"8,279,218"
202001,2032200,冻带骨猪前腿、猪后腿及其肉块,303,英国,10,一般贸易,11,北京市,47000,千克,0,?,"715,258"
202001,2032200,冻带骨猪前腿、猪后腿及其肉块,303,英国,10,一般贸易,12,天津市,925224,千克,0,?,"17,340,064"
202001,2032200,冻带骨猪前腿、猪后腿及其肉块,303,英国,10,一般贸易,21,辽宁省,70960,千克,0,?,"1,323,758"
202001,2032200,冻带骨猪前腿、猪后腿及其肉块,303,英国,10,一般贸易,31,上海市,717918,千克,0,?,"14,527,086"
202001,2032200,冻带骨猪前腿、猪后腿及其肉块,303,英国,10,一般贸易,32,江苏省,239747,千克,0,?,"4,691,948"
202001,2032200,冻带骨猪前腿、猪后腿及其肉块,303,英国,10,一般贸易,34,安徽省,23340,千克,0,?,"335,494"
202001,2032200,冻带骨猪前腿、猪后腿及其肉块,303,英国,10,一般贸易,37,山东省,412040,千克,0,?,"9,108,306"
202001,2032200,冻带骨猪前腿、猪后腿及其肉块,303,英国,10,一般贸易,43,湖南省,23360,千克,0,?,"392,274"
202001,2032200,冻带骨猪前腿、猪后腿及其肉块,303,英国,10,一般贸易,44,广东省,360970,千克,0,?,"5,164,208"
202001,2032200,冻带骨猪前腿、猪后腿及其肉块,304,德国,10,一般贸易,11,北京市,914988,千克,0,?,"14,781,612"
202001,2032200,冻带骨猪前腿、猪后腿及其肉块,304,德国,10,一般贸易,12,天津市,2869429,千克,0,?,"58,770,215"
202001,2032200,冻带骨猪前腿、猪后腿及其肉块,304,德国,10,一般贸易,21,辽宁省,606928,千克,0,?,"11,754,277"
202001,2032200,冻带骨猪前腿、猪后腿及其肉块,304,德国,10,一般贸易,31,上海市,642760,千克,0,?,"12,097,976"
202001,2032200,冻带骨猪前腿、猪后腿及其肉块,304,德国,10,一般贸易,32,江苏省,261030,千克,0,?,"4,301,699"
202001,2032200,冻带骨猪前腿、猪后腿及其肉块,304,德国,10,一般贸易,33,浙江省,47720,千克,0,?,"467,449"
202001,2032200,冻带骨猪前腿、猪后腿及其肉块,304,德国,10,一般贸易,34,安徽省,339166,千克,0,?,"6,303,655"
202001,2032200,冻带骨猪前腿、猪后腿及其肉块,304,德国,10,一般贸易,37,山东省,2059182,千克,0,?,"41,763,709"
202001,2032200,冻带骨猪前腿、猪后腿及其肉块,304,德国,10,一般贸易,41,河南省,25631,千克,0,?,"525,462"
202001,2032200,冻带骨猪前腿、猪后腿及其肉块,304,德国,10,一般贸易,43,湖南省,456189,千克,0,?,"8,814,167"
202001,2032200,冻带骨猪前腿、猪后腿及其肉块,304,德国,10,一般贸易,44,广东省,3400624,千克,0,?,"53,309,540"
202001,2032200,冻带骨猪前腿、猪后腿及其肉块,304,德国,33,保税监管场所进出境货物,21,辽宁省,25912,千克,0,?,"430,603"
202001,2032200,冻带骨猪前腿、猪后腿及其肉块,304,德国,34,海关特殊监管区域物流货物,37,山东省,46786,千克,0,?,"1,031,139"
202001,2032200,冻带骨猪前腿、猪后腿及其肉块,305,法国,10,一般贸易,11,北京市,23999,千克,0,?,"468,075"
202001,2032200,冻带骨猪前腿、猪后腿及其肉块,305,法国,10,一般贸易,12,天津市,574317,千克,0,?,"10,580,453"
202001,2032200,冻带骨猪前腿、猪后腿及其肉块,305,法国,10,一般贸易,13,河北省,45321,千克,0,?,"935,450"
202001,2032200,冻带骨猪前腿、猪后腿及其肉块,305,法国,10,一般贸易,21,辽宁省,47748,千克,0,?,"1,069,096"
202001,2032200,冻带骨猪前腿、猪后腿及其肉块,305,法国,10,一般贸易,31,上海市,585089,千克,0,?,"12,287,409"
202001,2032200,冻带骨猪前腿、猪后腿及其肉块,305,法国,10,一般贸易,32,江苏省,25003,千克,0,?,"345,373"
202001,2032200,冻带骨猪前腿、猪后腿及其肉块,305,法国,10,一般贸易,34,安徽省,97542,千克,0,?,"2,135,483"
202001,2032200,冻带骨猪前腿、猪后腿及其肉块,305,法国,10,一般贸易,35,福建省,168305,千克,0,?,"3,120,846"
202001,2032200,冻带骨猪前腿、猪后腿及其肉块,305,法国,10,一般贸易,37,山东省,429278,千克,0,?,"9,581,250"
202001,2032200,冻带骨猪前腿、猪后腿及其肉块,305,法国,10,一般贸易,44,广东省,539858,千克,0,?,"9,166,727"
202001,2032200,冻带骨猪前腿、猪后腿及其肉块,305,法国,34,海关特殊监管区域物流货物,37,山东省,124898,千克,0,?,"2,590,841"
202001,2032200,冻带骨猪前腿、猪后腿及其肉块,306,爱尔兰,10,一般贸易,12,天津市,92217,千克,0,?,"1,593,468"
202001,2032200,冻带骨猪前腿、猪后腿及其肉块,306,爱尔兰,10,一般贸易,31,上海市,256815,千克,0,?,"4,246,077"
202001,2032200,冻带骨猪前腿、猪后腿及其肉块,306,爱尔兰,10,一般贸易,32,江苏省,26019,千克,0,?,"418,721"
202001,2032200,冻带骨猪前腿、猪后腿及其肉块,306,爱尔兰,10,一般贸易,37,山东省,441925,千克,0,?,"7,538,539"
202001,2032200,冻带骨猪前腿、猪后腿及其肉块,306,爱尔兰,10,一般贸易,43,湖南省,209092,千克,0,?,"5,559,376"
202001,2032200,冻带骨猪前腿、猪后腿及其肉块,306,爱尔兰,10,一般贸易,44,广东省,247626,千克,0,?,"2,858,190"
202001,2032200,冻带骨猪前腿、猪后腿及其肉块,309,荷兰,10,一般贸易,11,北京市,26940,千克,0,?,"426,909"
202001,2032200,冻带骨猪前腿、猪后腿及其肉块,309,荷兰,10,一般贸易,12,天津市,540421,千克,0,?,"10,690,961"
202001,2032200,冻带骨猪前腿、猪后腿及其肉块,309,荷兰,10,一般贸易,21,辽宁省,82162,千克,0,?,"1,063,444"
202001,2032200,冻带骨猪前腿、猪后腿及其肉块,309,荷兰,10,一般贸易,31,上海市,839365,千克,0,?,"13,583,188"
202001,2032200,冻带骨猪前腿、猪后腿及其肉块,309,荷兰,10,一般贸易,32,江苏省,139217,千克,0,?,"2,786,214"
202001,2032200,冻带骨猪前腿、猪后腿及其肉块,309,荷兰,10,一般贸易,34,安徽省,216504,千克,0,?,"3,520,443"
202001,2032200,冻带骨猪前腿、猪后腿及其肉块,309,荷兰,10,一般贸易,37,山东省,1729725,千克,0,?,"34,506,443"
202001,2032200,冻带骨猪前腿、猪后腿及其肉块,309,荷兰,10,一般贸易,41,河南省,27530,千克,0,?,"468,078"
202001,2032200,冻带骨猪前腿、猪后腿及其肉块,309,荷兰,10,一般贸易,43,湖南省,27020,千克,0,?,"427,267"
202001,2032200,冻带骨猪前腿、猪后腿及其肉块,309,荷兰,10,一般贸易,44,广东省,1563035,千克,0,?,"24,819,870"
202001,2032200,冻带骨猪前腿、猪后腿及其肉块,309,荷兰,33,保税监管场所进出境货物,21,辽宁省,26790,千克,0,?,"388,010"
202001,2032200,冻带骨猪前腿、猪后腿及其肉块,309,荷兰,34,海关特殊监管区域物流货物,31,上海市,160878,千克,0,?,"3,556,412"
202001,2032200,冻带骨猪前腿、猪后腿及其肉块,309,荷兰,34,海关特殊监管区域物流货物,37,山东省,121599,千克,0,?,"3,045,502"
202001,2032200,冻带骨猪前腿、猪后腿及其肉块,311,葡萄牙,10,一般贸易,12,天津市,25109,千克,0,?,"405,280"
202001,2032200,冻带骨猪前腿、猪后腿及其肉块,311,葡萄牙,10,一般贸易,31,上海市,54670,千克,0,?,"1,455,858"
202001,2032200,冻带骨猪前腿、猪后腿及其肉块,311,葡萄牙,10,一般贸易,37,山东省,76302,千克,0,?,"2,275,707"
202001,2032200,冻带骨猪前腿、猪后腿及其肉块,311,葡萄牙,10,一般贸易,43,湖南省,47840,千克,0,?,"769,883"
202001,2032200,冻带骨猪前腿、猪后腿及其肉块,311,葡萄牙,10,一般贸易,44,广东省,20631,千克,0,?,"416,984"
202001,2032200,冻带骨猪前腿、猪后腿及其肉块,312,西班牙,10,一般贸易,11,北京市,97516,千克,0,?,"1,995,005"
202001,2032200,冻带骨猪前腿、猪后腿及其肉块,312,西班牙,10,一般贸易,12,天津市,1474552,千克,0,?,"30,048,666"
202001,2032200,冻带骨猪前腿、猪后腿及其肉块,312,西班牙,10,一般贸易,13,河北省,98900,千克,0,?,"2,319,446"
202001,2032200,冻带骨猪前腿、猪后腿及其肉块,312,西班牙,10,一般贸易,21,辽宁省,125891,千克,0,?,"2,335,991"
202001,2032200,冻带骨猪前腿、猪后腿及其肉块,312,西班牙,10,一般贸易,31,上海市,1934172,千克,0,?,"40,678,526"
202001,2032200,冻带骨猪前腿、猪后腿及其肉块,312,西班牙,10,一般贸易,32,江苏省,265042,千克,0,?,"5,433,548"
202001,2032200,冻带骨猪前腿、猪后腿及其肉块,312,西班牙,10,一般贸易,33,浙江省,1374073,千克,0,?,"32,963,037"
202001,2032200,冻带骨猪前腿、猪后腿及其肉块,312,西班牙,10,一般贸易,34,安徽省,205606,千克,0,?,"4,181,680"
202001,2032200,冻带骨猪前腿、猪后腿及其肉块,312,西班牙,10,一般贸易,35,福建省,24759,千克,0,?,"748,381"
202001,2032200,冻带骨猪前腿、猪后腿及其肉块,312,西班牙,10,一般贸易,37,山东省,3447426,千克,0,?,"75,537,217"
202001,2032200,冻带骨猪前腿、猪后腿及其肉块,312,西班牙,10,一般贸易,41,河南省,8282,千克,0,?,"144,871"
202001,2032200,冻带骨猪前腿、猪后腿及其肉块,312,西班牙,10,一般贸易,44,广东省,3151308,千克,0,?,"60,546,006"
202001,2032200,冻带骨猪前腿、猪后腿及其肉块,312,西班牙,33,保税监管场所进出境货物,21,辽宁省,25410,千克,0,?,"568,932"
202001,2032200,冻带骨猪前腿、猪后腿及其肉块,312,西班牙,33,保税监管场所进出境货物,33,浙江省,23967,千克,0,?,"551,956"
202001,2032200,冻带骨猪前腿、猪后腿及其肉块,312,西班牙,34,海关特殊监管区域物流货物,12,天津市,52580,千克,0,?,"907,989"
202001,2032200,冻带骨猪前腿、猪后腿及其肉块,312,西班牙,34,海关特殊监管区域物流货物,31,上海市,79492,千克,0,?,"1,557,353"
202001,2032200,冻带骨猪前腿、猪后腿及其肉块,312,西班牙,34,海关特殊监管区域物流货物,37,山东省,108288,千克,0,?,"2,128,890"
202001,2032200,冻带骨猪前腿、猪后腿及其肉块,312,西班牙,34,海关特殊监管区域物流货物,42,湖北省,25005,千克,0,?,"682,406"
202001,2032200,冻带骨猪前腿、猪后腿及其肉块,312,西班牙,34,海关特殊监管区域物流货物,61,陕西省,26220,千克,0,?,"651,278"
202001,2032200,冻带骨猪前腿、猪后腿及其肉块,315,奥地利,10,一般贸易,11,北京市,14593,千克,0,?,"344,479"
202001,2032200,冻带骨猪前腿、猪后腿及其肉块,315,奥地利,10,一般贸易,12,天津市,85321,千克,0,?,"1,870,970"
202001,2032200,冻带骨猪前腿、猪后腿及其肉块,315,奥地利,10,一般贸易,31,上海市,68571,千克,0,?,"1,628,288"
202001,2032200,冻带骨猪前腿、猪后腿及其肉块,315,奥地利,10,一般贸易,37,山东省,306877,千克,0,?,"8,572,574"
202001,2032200,冻带骨猪前腿、猪后腿及其肉块,315,奥地利,10,一般贸易,44,广东省,92441,千克,0,?,"1,298,617"
202001,2032200,冻带骨猪前腿、猪后腿及其肉块,315,奥地利,34,海关特殊监管区域物流货物,37,山东省,218699,千克,0,?,"6,260,291"
202001,2032200,冻带骨猪前腿、猪后腿及其肉块,318,芬兰,10,一般贸易,11,北京市,8000,千克,0,?,"46,600"
202001,2032200,冻带骨猪前腿、猪后腿及其肉块,318,芬兰,10,一般贸易,41,河南省,197373,千克,0,?,"3,958,502"
202001,2032200,冻带骨猪前腿、猪后腿及其肉块,318,芬兰,10,一般贸易,44,广东省,135261,千克,0,?,"1,882,152"
202001,2032200,冻带骨猪前腿、猪后腿及其肉块,318,芬兰,33,保税监管场所进出境货物,21,辽宁省,50906,千克,0,?,"1,064,355"
202001,2032200,冻带骨猪前腿、猪后腿及其肉块,402,阿根廷,10,一般贸易,12,天津市,16150,千克,0,?,"294,682"
202001,2032200,冻带骨猪前腿、猪后腿及其肉块,402,阿根廷,10,一般贸易,31,上海市,2367,千克,0,?,"42,774"
202001,2032200,冻带骨猪前腿、猪后腿及其肉块,402,阿根廷,10,一般贸易,37,山东省,35776,千克,0,?,"634,546"
202001,2032200,冻带骨猪前腿、猪后腿及其肉块,402,阿根廷,10,一般贸易,44,广东省,8319,千克,0,?,"175,145"
202001,2032200,冻带骨猪前腿、猪后腿及其肉块,402,阿根廷,33,保税监管场所进出境货物,37,山东省,3982,千克,0,?,"65,671"
202001,2032200,冻带骨猪前腿、猪后腿及其肉块,402,阿根廷,34,海关特殊监管区域物流货物,37,山东省,39085,千克,0,?,"828,880"
202001,2032200,冻带骨猪前腿、猪后腿及其肉块,410,巴西,10,一般贸易,31,上海市,259680,千克,0,?,"4,205,078"
202001,2032200,冻带骨猪前腿、猪后腿及其肉块,410,巴西,10,一般贸易,33,浙江省,80660,千克,0,?,"1,119,058"
202001,2032200,冻带骨猪前腿、猪后腿及其肉块,410,巴西,10,一般贸易,34,安徽省,55600,千克,0,?,"818,388"
202001,2032200,冻带骨猪前腿、猪后腿及其肉块,410,巴西,10,一般贸易,37,山东省,27820,千克,0,?,"429,523"
202001,2032200,冻带骨猪前腿、猪后腿及其肉块,410,巴西,10,一般贸易,44,广东省,220447,千克,0,?,"2,630,698"
202001,2032200,冻带骨猪前腿、猪后腿及其肉块,412,智利,10,一般贸易,11,北京市,167572,千克,0,?,"2,692,635"
202001,2032200,冻带骨猪前腿、猪后腿及其肉块,412,智利,10,一般贸易,12,天津市,456150,千克,0,?,"10,099,553"
202001,2032200,冻带骨猪前腿、猪后腿及其肉块,412,智利,10,一般贸易,21,辽宁省,144017,千克,0,?,"2,964,758"
202001,2032200,冻带骨猪前腿、猪后腿及其肉块,412,智利,10,一般贸易,31,上海市,275451,千克,0,?,"6,952,372"
202001,2032200,冻带骨猪前腿、猪后腿及其肉块,412,智利,10,一般贸易,32,江苏省,24006,千克,0,?,"512,302"
202001,2032200,冻带骨猪前腿、猪后腿及其肉块,412,智利,10,一般贸易,35,福建省,168035,千克,0,?,"2,543,588"
202001,2032200,冻带骨猪前腿、猪后腿及其肉块,412,智利,10,一般贸易,37,山东省,480109,千克,0,?,"11,429,124"
202001,2032200,冻带骨猪前腿、猪后腿及其肉块,412,智利,10,一般贸易,44,广东省,120135,千克,0,?,"2,451,043"
202001,2032200,冻带骨猪前腿、猪后腿及其肉块,429,墨西哥,10,一般贸易,11,北京市,42590,千克,0,?,"1,072,488"
202001,2032200,冻带骨猪前腿、猪后腿及其肉块,429,墨西哥,10,一般贸易,12,天津市,427183,千克,0,?,"11,116,145"
202001,2032200,冻带骨猪前腿、猪后腿及其肉块,429,墨西哥,10,一般贸易,21,辽宁省,28018,千克,0,?,"833,166"
202001,2032200,冻带骨猪前腿、猪后腿及其肉块,429,墨西哥,10,一般贸易,31,上海市,240753,千克,0,?,"5,969,355"
202001,2032200,冻带骨猪前腿、猪后腿及其肉块,429,墨西哥,10,一般贸易,32,江苏省,68934,千克,0,?,"1,254,499"
202001,2032200,冻带骨猪前腿、猪后腿及其肉块,429,墨西哥,10,一般贸易,35,福建省,42042,千克,0,?,"1,191,360"
202001,2032200,冻带骨猪前腿、猪后腿及其肉块,429,墨西哥,10,一般贸易,37,山东省,469491,千克,0,?,"12,474,707"
202001,2032200,冻带骨猪前腿、猪后腿及其肉块,429,墨西哥,10,一般贸易,41,河南省,128982,千克,0,?,"2,633,586"
202001,2032200,冻带骨猪前腿、猪后腿及其肉块,429,墨西哥,10,一般贸易,43,湖南省,91636,千克,0,?,"1,718,494"
202001,2032200,冻带骨猪前腿、猪后腿及其肉块,429,墨西哥,10,一般贸易,44,广东省,539275,千克,0,?,"11,613,619"
202001,2032200,冻带骨猪前腿、猪后腿及其肉块,429,墨西哥,10,一般贸易,50,重庆市,57810,千克,0,?,"1,429,931"
202001,2032200,冻带骨猪前腿、猪后腿及其肉块,429,墨西哥,33,保税监管场所进出境货物,32,江苏省,64514,千克,0,?,"1,256,400"
202001,2032200,冻带骨猪前腿、猪后腿及其肉块,429,墨西哥,34,海关特殊监管区域物流货物,37,山东省,70675,千克,0,?,"2,013,442"
202001,2032200,冻带骨猪前腿、猪后腿及其肉块,429,墨西哥,34,海关特殊监管区域物流货物,41,河南省,46969,千克,0,?,"1,331,295"
202001,2032200,冻带骨猪前腿、猪后腿及其肉块,501,加拿大,10,一般贸易,11,北京市,74029,千克,0,?,"1,684,182"
202001,2032200,冻带骨猪前腿、猪后腿及其肉块,501,加拿大,10,一般贸易,12,天津市,307854,千克,0,?,"6,357,883"
202001,2032200,冻带骨猪前腿、猪后腿及其肉块,501,加拿大,10,一般贸易,21,辽宁省,75015,千克,0,?,"1,573,719"
202001,2032200,冻带骨猪前腿、猪后腿及其肉块,501,加拿大,10,一般贸易,31,上海市,375052,千克,0,?,"8,521,606"
202001,2032200,冻带骨猪前腿、猪后腿及其肉块,501,加拿大,10,一般贸易,34,安徽省,140933,千克,0,?,"3,599,240"
202001,2032200,冻带骨猪前腿、猪后腿及其肉块,501,加拿大,10,一般贸易,35,福建省,10000,千克,0,?,"101,586"
202001,2032200,冻带骨猪前腿、猪后腿及其肉块,501,加拿大,10,一般贸易,37,山东省,151943,千克,0,?,"3,888,265"
202001,2032200,冻带骨猪前腿、猪后腿及其肉块,501,加拿大,10,一般贸易,44,广东省,125025,千克,0,?,"2,622,865"
202001,2032200,冻带骨猪前腿、猪后腿及其肉块,501,加拿大,34,海关特殊监管区域物流货物,37,山东省,52000,千克,0,?,"1,091,135"
202001,2032200,冻带骨猪前腿、猪后腿及其肉块,502,美国,10,一般贸易,11,北京市,91437,千克,0,?,"1,530,639"
202001,2032200,冻带骨猪前腿、猪后腿及其肉块,502,美国,10,一般贸易,12,天津市,2380555,千克,0,?,"36,735,062"
202001,2032200,冻带骨猪前腿、猪后腿及其肉块,502,美国,10,一般贸易,31,上海市,95754,千克,0,?,"1,636,324"
202001,2032200,冻带骨猪前腿、猪后腿及其肉块,502,美国,10,一般贸易,34,安徽省,4517276,千克,0,?,"71,000,261"
202001,2032200,冻带骨猪前腿、猪后腿及其肉块,502,美国,10,一般贸易,37,山东省,195152,千克,0,?,"2,525,236"
202001,2032200,冻带骨猪前腿、猪后腿及其肉块,502,美国,10,一般贸易,44,广东省,47159,千克,0,?,"626,935"
202001,2032200,冻带骨猪前腿、猪后腿及其肉块,502,美国,33,保税监管场所进出境货物,12,天津市,112396,千克,0,?,"1,909,294"
202001,2032200,冻带骨猪前腿、猪后腿及其肉块,502,美国,33,保税监管场所进出境货物,33,浙江省,199881,千克,0,?,"3,908,681"
202001,2032200,冻带骨猪前腿、猪后腿及其肉块,502,美国,33,保税监管场所进出境货物,34,安徽省,25035,千克,0,?,"412,697"
202001,2032200,冻带骨猪前腿、猪后腿及其肉块,502,美国,34,海关特殊监管区域物流货物,12,天津市,176970,千克,0,?,"2,906,892"
202001,2032200,冻带骨猪前腿、猪后腿及其肉块,502,美国,34,海关特殊监管区域物流货物,31,上海市,620725,千克,0,?,"10,112,219"
202001,2032900,其他冻猪肉,302,丹麦,10,一般贸易,11,北京市,673119,千克,0,?,"13,965,845"
202001,2032900,其他冻猪肉,302,丹麦,10,一般贸易,12,天津市,10326141,千克,0,?,"318,742,950"
202001,2032900,其他冻猪肉,302,丹麦,10,一般贸易,31,上海市,2217657,千克,0,?,"59,238,818"
202001,2032900,其他冻猪肉,302,丹麦,10,一般贸易,33,浙江省,949217,千克,0,?,"27,418,103"
202001,2032900,其他冻猪肉,302,丹麦,10,一般贸易,34,安徽省,25920,千克,0,?,"888,662"
202001,2032900,其他冻猪肉,302,丹麦,10,一般贸易,35,福建省,27578,千克,0,?,"667,122"
202001,2032900,其他冻猪肉,302,丹麦,10,一般贸易,37,山东省,2296625,千克,0,?,"57,886,174"
202001,2032900,其他冻猪肉,302,丹麦,10,一般贸易,43,湖南省,638308,千克,0,?,"16,244,549"
202001,2032900,其他冻猪肉,302,丹麦,10,一般贸易,44,广东省,4011092,千克,0,?,"97,461,771"
202001,2032900,其他冻猪肉,302,丹麦,10,一般贸易,50,重庆市,27040,千克,0,?,"321,633"
202001,2032900,其他冻猪肉,302,丹麦,33,保税监管场所进出境货物,21,辽宁省,27060,千克,0,?,"378,672"
202001,2032900,其他冻猪肉,302,丹麦,34,海关特殊监管区域物流货物,31,上海市,381025,千克,0,?,"8,803,845"
202001,2032900,其他冻猪肉,303,英国,10,一般贸易,11,北京市,188820,千克,0,?,"2,285,214"
202001,2032900,其他冻猪肉,303,英国,10,一般贸易,12,天津市,1721276,千克,0,?,"35,984,047"
202001,2032900,其他冻猪肉,303,英国,10,一般贸易,31,上海市,1485771,千克,0,?,"38,762,708"
202001,2032900,其他冻猪肉,303,英国,10,一般贸易,32,江苏省,344207,千克,0,?,"8,299,143"
202001,2032900,其他冻猪肉,303,英国,10,一般贸易,33,浙江省,24987,千克,0,?,"541,972"
202001,2032900,其他冻猪肉,303,英国,10,一般贸易,34,安徽省,125441,千克,0,?,"2,203,557"
202001,2032900,其他冻猪肉,303,英国,10,一般贸易,35,福建省,203835,千克,0,?,"5,569,718"
202001,2032900,其他冻猪肉,303,英国,10,一般贸易,37,山东省,991043,千克,0,?,"16,224,586"
202001,2032900,其他冻猪肉,303,英国,10,一般贸易,41,河南省,46880,千克,0,?,"344,416"
202001,2032900,其他冻猪肉,303,英国,10,一般贸易,43,湖南省,40335,千克,0,?,"1,030,122"
202001,2032900,其他冻猪肉,303,英国,10,一般贸易,44,广东省,1473950,千克,0,?,"28,208,613"
202001,2032900,其他冻猪肉,303,英国,10,一般贸易,50,重庆市,49250,千克,0,?,"1,223,408"
202001,2032900,其他冻猪肉,303,英国,10,一般贸易,51,四川省,64654,千克,0,?,"1,791,144"
202001,2032900,其他冻猪肉,303,英国,34,海关特殊监管区域物流货物,31,上海市,243736,千克,0,?,"4,739,195"
202001,2032900,其他冻猪肉,304,德国,10,一般贸易,11,北京市,4893924,千克,0,?,"119,700,899"
202001,2032900,其他冻猪肉,304,德国,10,一般贸易,12,天津市,7121904,千克,0,?,"163,869,149"
202001,2032900,其他冻猪肉,304,德国,10,一般贸易,21,辽宁省,499123,千克,0,?,"7,911,742"
202001,2032900,其他冻猪肉,304,德国,10,一般贸易,31,上海市,5718088,千克,0,?,"133,709,215"
202001,2032900,其他冻猪肉,304,德国,10,一般贸易,32,江苏省,990471,千克,0,?,"26,616,013"
202001,2032900,其他冻猪肉,304,德国,10,一般贸易,33,浙江省,323034,千克,0,?,"8,527,791"
202001,2032900,其他冻猪肉,304,德国,10,一般贸易,34,安徽省,822253,千克,0,?,"17,915,261"
202001,2032900,其他冻猪肉,304,德国,10,一般贸易,35,福建省,290593,千克,0,?,"7,430,571"
202001,2032900,其他冻猪肉,304,德国,10,一般贸易,37,山东省,6803855,千克,0,?,"159,082,250"
202001,2032900,其他冻猪肉,304,德国,10,一般贸易,41,河南省,50519,千克,0,?,"841,711"
202001,2032900,其他冻猪肉,304,德国,10,一般贸易,43,湖南省,1997224,千克,0,?,"44,061,923"
202001,2032900,其他冻猪肉,304,德国,10,一般贸易,44,广东省,8520862,千克,0,?,"176,407,015"
202001,2032900,其他冻猪肉,304,德国,15,进料加工贸易,37,山东省,24948,千克,0,?,"843,120"
202001,2032900,其他冻猪肉,304,德国,33,保税监管场所进出境货物,21,辽宁省,58655,千克,0,?,"655,295"
202001,2032900,其他冻猪肉,304,德国,34,海关特殊监管区域物流货物,31,上海市,246415,千克,0,?,"7,423,402"
202001,2032900,其他冻猪肉,304,德国,34,海关特殊监管区域物流货物,37,山东省,321868,千克,0,?,"7,292,861"
202001,2032900,其他冻猪肉,305,法国,10,一般贸易,11,北京市,874077,千克,0,?,"19,076,479"
202001,2032900,其他冻猪肉,305,法国,10,一般贸易,12,天津市,1153023,千克,0,?,"23,200,763"
202001,2032900,其他冻猪肉,305,法国,10,一般贸易,21,辽宁省,170200,千克,0,?,"4,038,999"
202001,2032900,其他冻猪肉,305,法国,10,一般贸易,31,上海市,2357979,千克,0,?,"62,175,897"
202001,2032900,其他冻猪肉,305,法国,10,一般贸易,32,江苏省,269735,千克,0,?,"6,806,457"
202001,2032900,其他冻猪肉,305,法国,10,一般贸易,33,浙江省,45818,千克,0,?,"1,266,649"
202001,2032900,其他冻猪肉,305,法国,10,一般贸易,34,安徽省,371945,千克,0,?,"10,353,846"
202001,2032900,其他冻猪肉,305,法国,10,一般贸易,35,福建省,894810,千克,0,?,"19,704,251"
202001,2032900,其他冻猪肉,305,法国,10,一般贸易,37,山东省,1842805,千克,0,?,"41,762,494"
202001,2032900,其他冻猪肉,305,法国,10,一般贸易,41,河南省,48007,千克,0,?,"1,098,394"
202001,2032900,其他冻猪肉,305,法国,10,一般贸易,43,湖南省,48502,千克,0,?,"1,103,093"
202001,2032900,其他冻猪肉,305,法国,10,一般贸易,44,广东省,2095385,千克,0,?,"49,169,589"
202001,2032900,其他冻猪肉,305,法国,10,一般贸易,50,重庆市,23830,千克,0,?,"706,477"
202001,2032900,其他冻猪肉,305,法国,33,保税监管场所进出境货物,21,辽宁省,43410,千克,0,?,"884,463"
202001,2032900,其他冻猪肉,305,法国,33,保税监管场所进出境货物,32,江苏省,124871,千克,0,?,"2,727,776"
202001,2032900,其他冻猪肉,305,法国,34,海关特殊监管区域物流货物,12,天津市,48000,千克,0,?,"723,030"
202001,2032900,其他冻猪肉,305,法国,34,海关特殊监管区域物流货物,37,山东省,63725,千克,0,?,"1,321,852"
202001,2032900,其他冻猪肉,306,爱尔兰,10,一般贸易,11,北京市,468165,千克,0,?,"9,363,473"
202001,2032900,其他冻猪肉,306,爱尔兰,10,一般贸易,12,天津市,191546,千克,0,?,"3,961,221"
202001,2032900,其他冻猪肉,306,爱尔兰,10,一般贸易,31,上海市,2153142,千克,0,?,"61,955,905"
202001,2032900,其他冻猪肉,306,爱尔兰,10,一般贸易,32,江苏省,77008,千克,0,?,"2,083,814"
202001,2032900,其他冻猪肉,306,爱尔兰,10,一般贸易,34,安徽省,25680,千克,0,?,"224,600"
202001,2032900,其他冻猪肉,306,爱尔兰,10,一般贸易,35,福建省,25960,千克,0,?,"167,610"
202001,2032900,其他冻猪肉,306,爱尔兰,10,一般贸易,37,山东省,419107,千克,0,?,"8,809,677"
202001,2032900,其他冻猪肉,306,爱尔兰,10,一般贸易,41,河南省,52028,千克,0,?,"1,474,346"
202001,2032900,其他冻猪肉,306,爱尔兰,10,一般贸易,43,湖南省,77843,千克,0,?,"1,534,892"
202001,2032900,其他冻猪肉,306,爱尔兰,10,一般贸易,44,广东省,728375,千克,0,?,"16,300,168"
202001,2032900,其他冻猪肉,306,爱尔兰,10,一般贸易,50,重庆市,16000,千克,0,?,"548,557"
202001,2032900,其他冻猪肉,306,爱尔兰,10,一般贸易,51,四川省,52027,千克,0,?,"1,371,919"
202001,2032900,其他冻猪肉,306,爱尔兰,34,海关特殊监管区域物流货物,37,山东省,26008,千克,0,?,"702,117"
202001,2032900,其他冻猪肉,307,意大利,10,一般贸易,31,上海市,161843,千克,0,?,"5,754,509"
202001,2032900,其他冻猪肉,307,意大利,10,一般贸易,32,江苏省,98096,千克,0,?,"4,130,566"
202001,2032900,其他冻猪肉,307,意大利,10,一般贸易,33,浙江省,173891,千克,0,?,"6,273,158"
202001,2032900,其他冻猪肉,307,意大利,10,一般贸易,43,湖南省,24443,千克,0,?,"846,575"
202001,2032900,其他冻猪肉,309,荷兰,10,一般贸易,11,北京市,349204,千克,0,?,"5,073,414"
202001,2032900,其他冻猪肉,309,荷兰,10,一般贸易,12,天津市,3013888,千克,0,?,"70,392,611"
202001,2032900,其他冻猪肉,309,荷兰,10,一般贸易,21,辽宁省,325510,千克,0,?,"5,683,690"
202001,2032900,其他冻猪肉,309,荷兰,10,一般贸易,31,上海市,4846537,千克,0,?,"113,893,972"
202001,2032900,其他冻猪肉,309,荷兰,10,一般贸易,32,江苏省,706408,千克,0,?,"15,175,179"
202001,2032900,其他冻猪肉,309,荷兰,10,一般贸易,33,浙江省,400153,千克,0,?,"11,079,026"
202001,2032900,其他冻猪肉,309,荷兰,10,一般贸易,34,安徽省,487157,千克,0,?,"12,071,244"
202001,2032900,其他冻猪肉,309,荷兰,10,一般贸易,37,山东省,6206142,千克,0,?,"145,795,784"
202001,2032900,其他冻猪肉,309,荷兰,10,一般贸易,43,湖南省,190170,千克,0,?,"4,340,725"
202001,2032900,其他冻猪肉,309,荷兰,10,一般贸易,44,广东省,4625654,千克,0,?,"99,017,332"
202001,2032900,其他冻猪肉,309,荷兰,10,一般贸易,50,重庆市,27000,千克,0,?,"387,278"
202001,2032900,其他冻猪肉,309,荷兰,33,保税监管场所进出境货物,21,辽宁省,26450,千克,0,?,"1,001,495"
202001,2032900,其他冻猪肉,309,荷兰,33,保税监管场所进出境货物,32,江苏省,166170,千克,0,?,"4,064,790"
202001,2032900,其他冻猪肉,309,荷兰,33,保税监管场所进出境货物,33,浙江省,27000,千克,0,?,"296,298"
202001,2032900,其他冻猪肉,309,荷兰,34,海关特殊监管区域物流货物,31,上海市,246152,千克,0,?,"5,474,297"
202001,2032900,其他冻猪肉,309,荷兰,34,海关特殊监管区域物流货物,33,浙江省,291229,千克,0,?,"8,645,171"
202001,2032900,其他冻猪肉,309,荷兰,34,海关特殊监管区域物流货物,37,山东省,63451,千克,0,?,"1,587,253"
202001,2032900,其他冻猪肉,311,葡萄牙,10,一般贸易,12,天津市,48314,千克,0,?,"957,216"
202001,2032900,其他冻猪肉,311,葡萄牙,10,一般贸易,31,上海市,113133,千克,0,?,"2,961,622"
202001,2032900,其他冻猪肉,311,葡萄牙,10,一般贸易,34,安徽省,25200,千克,0,?,"246,851"
202001,2032900,其他冻猪肉,311,葡萄牙,10,一般贸易,37,山东省,113098,千克,0,?,"3,511,582"
202001,2032900,其他冻猪肉,311,葡萄牙,10,一般贸易,43,湖南省,538434,千克,0,?,"12,253,340"
202001,2032900,其他冻猪肉,311,葡萄牙,10,一般贸易,44,广东省,69026,千克,0,?,"1,533,590"
202001,2032900,其他冻猪肉,311,葡萄牙,33,保税监管场所进出境货物,32,江苏省,376457,千克,0,?,"8,323,465"
202001,2032900,其他冻猪肉,311,葡萄牙,34,海关特殊监管区域物流货物,31,上海市,58352,千克,0,?,"1,420,825"
202001,2032900,其他冻猪肉,312,西班牙,10,一般贸易,11,北京市,1020313,千克,0,?,"27,098,990"
202001,2032900,其他冻猪肉,312,西班牙,10,一般贸易,12,天津市,10677948,千克,0,?,"271,201,312"
202001,2032900,其他冻猪肉,312,西班牙,10,一般贸易,13,河北省,51350,千克,0,?,"550,375"
202001,2032900,其他冻猪肉,312,西班牙,10,一般贸易,21,辽宁省,488704,千克,0,?,"9,208,882"
202001,2032900,其他冻猪肉,312,西班牙,10,一般贸易,31,上海市,10563250,千克,0,?,"264,848,432"
202001,2032900,其他冻猪肉,312,西班牙,10,一般贸易,32,江苏省,3502379,千克,0,?,"95,349,370"
202001,2032900,其他冻猪肉,312,西班牙,10,一般贸易,33,浙江省,1750698,千克,0,?,"49,317,355"
202001,2032900,其他冻猪肉,312,西班牙,10,一般贸易,34,安徽省,356553,千克,0,?,"9,328,543"
202001,2032900,其他冻猪肉,312,西班牙,10,一般贸易,35,福建省,760002,千克,0,?,"21,057,649"
202001,2032900,其他冻猪肉,312,西班牙,10,一般贸易,37,山东省,7150365,千克,0,?,"170,677,933"
202001,2032900,其他冻猪肉,312,西班牙,10,一般贸易,41,河南省,287720,千克,0,?,"6,727,957"
202001,2032900,其他冻猪肉,312,西班牙,10,一般贸易,43,湖南省,706977,千克,0,?,"18,756,501"
202001,2032900,其他冻猪肉,312,西班牙,10,一般贸易,44,广东省,7632732,千克,0,?,"173,483,135"
202001,2032900,其他冻猪肉,312,西班牙,10,一般贸易,50,重庆市,25500,千克,0,?,"312,237"
202001,2032900,其他冻猪肉,312,西班牙,10,一般贸易,51,四川省,40672,千克,0,?,"682,982"
202001,2032900,其他冻猪肉,312,西班牙,10,一般贸易,62,甘肃省,99307,千克,0,?,"3,025,000"
202001,2032900,其他冻猪肉,312,西班牙,15,进料加工贸易,35,福建省,25070,千克,0,?,"838,480"
202001,2032900,其他冻猪肉,312,西班牙,15,进料加工贸易,37,山东省,633241,千克,0,?,"20,632,336"
202001,2032900,其他冻猪肉,312,西班牙,15,进料加工贸易,41,河南省,75180,千克,0,?,"1,865,327"
202001,2032900,其他冻猪肉,312,西班牙,33,保税监管场所进出境货物,21,辽宁省,202043,千克,0,?,"4,015,435"
202001,2032900,其他冻猪肉,312,西班牙,33,保税监管场所进出境货物,32,江苏省,25043,千克,0,?,"639,556"
202001,2032900,其他冻猪肉,312,西班牙,33,保税监管场所进出境货物,33,浙江省,24910,千克,0,?,"612,761"
202001,2032900,其他冻猪肉,312,西班牙,34,海关特殊监管区域物流货物,12,天津市,223647,千克,0,?,"7,135,359"
202001,2032900,其他冻猪肉,312,西班牙,34,海关特殊监管区域物流货物,31,上海市,1445561,千克,0,?,"37,609,878"
202001,2032900,其他冻猪肉,312,西班牙,34,海关特殊监管区域物流货物,37,山东省,214136,千克,0,?,"4,912,744"
202001,2032900,其他冻猪肉,312,西班牙,34,海关特殊监管区域物流货物,41,河南省,52460,千克,0,?,"1,541,693"
202001,2032900,其他冻猪肉,312,西班牙,34,海关特殊监管区域物流货物,42,湖北省,1098684,千克,0,?,"30,726,448"
202001,2032900,其他冻猪肉,315,奥地利,10,一般贸易,11,北京市,462018,千克,0,?,"10,317,124"
202001,2032900,其他冻猪肉,315,奥地利,10,一般贸易,12,天津市,536787,千克,0,?,"12,342,358"
202001,2032900,其他冻猪肉,315,奥地利,10,一般贸易,31,上海市,677183,千克,0,?,"15,948,283"
202001,2032900,其他冻猪肉,315,奥地利,10,一般贸易,32,江苏省,142004,千克,0,?,"4,150,705"
202001,2032900,其他冻猪肉,315,奥地利,10,一般贸易,37,山东省,719710,千克,0,?,"20,467,078"
202001,2032900,其他冻猪肉,315,奥地利,10,一般贸易,43,湖南省,95865,千克,0,?,"2,148,396"
202001,2032900,其他冻猪肉,315,奥地利,10,一般贸易,44,广东省,427347,千克,0,?,"9,088,239"
202001,2032900,其他冻猪肉,315,奥地利,10,一般贸易,50,重庆市,48057,千克,0,?,"1,412,238"
202001,2032900,其他冻猪肉,315,奥地利,15,进料加工贸易,37,山东省,24000,千克,0,?,"892,675"
202001,2032900,其他冻猪肉,315,奥地利,34,海关特殊监管区域物流货物,37,山东省,113845,千克,0,?,"3,258,987"
202001,2032900,其他冻猪肉,318,芬兰,10,一般贸易,11,北京市,96000,千克,0,?,"1,916,094"
202001,2032900,其他冻猪肉,318,芬兰,10,一般贸易,21,辽宁省,73950,千克,0,?,"1,807,469"
202001,2032900,其他冻猪肉,318,芬兰,10,一般贸易,31,上海市,444947,千克,0,?,"8,084,802"
202001,2032900,其他冻猪肉,318,芬兰,10,一般贸易,35,福建省,267569,千克,0,?,"5,320,967"
202001,2032900,其他冻猪肉,318,芬兰,10,一般贸易,41,河南省,110697,千克,0,?,"2,220,050"
202001,2032900,其他冻猪肉,318,芬兰,10,一般贸易,43,湖南省,49933,千克,0,?,"798,588"
202001,2032900,其他冻猪肉,318,芬兰,10,一般贸易,44,广东省,124927,千克,0,?,"2,062,343"
202001,2032900,其他冻猪肉,318,芬兰,10,一般贸易,50,重庆市,8818,千克,0,?,"319,833"
202001,2032900,其他冻猪肉,318,芬兰,33,保税监管场所进出境货物,21,辽宁省,48217,千克,0,?,"1,008,139"
202001,2032900,其他冻猪肉,318,芬兰,34,海关特殊监管区域物流货物,45,广西壮族自治区,4795,千克,0,?,"130,930"
202001,2032900,其他冻猪肉,331,瑞士,10,一般贸易,35,福建省,23520,千克,0,?,"392,610"
202001,2032900,其他冻猪肉,402,阿根廷,10,一般贸易,11,北京市,178560,千克,0,?,"5,593,086"
202001,2032900,其他冻猪肉,402,阿根廷,10,一般贸易,12,天津市,62489,千克,0,?,"1,367,256"
202001,2032900,其他冻猪肉,402,阿根廷,10,一般贸易,31,上海市,8849,千克,0,?,"159,911"
202001,2032900,其他冻猪肉,402,阿根廷,10,一般贸易,32,江苏省,25265,千克,0,?,"813,173"
202001,2032900,其他冻猪肉,402,阿根廷,10,一般贸易,37,山东省,144748,千克,0,?,"3,717,538"
202001,2032900,其他冻猪肉,402,阿根廷,10,一般贸易,43,湖南省,26050,千克,0,?,"694,731"
202001,2032900,其他冻猪肉,402,阿根廷,10,一般贸易,44,广东省,44361,千克,0,?,"795,618"
202001,2032900,其他冻猪肉,402,阿根廷,33,保税监管场所进出境货物,37,山东省,22530,千克,0,?,"371,567"
202001,2032900,其他冻猪肉,402,阿根廷,34,海关特殊监管区域物流货物,37,山东省,64243,千克,0,?,"1,438,216"
202001,2032900,其他冻猪肉,410,巴西,10,一般贸易,11,北京市,162016,千克,0,?,"4,446,165"
202001,2032900,其他冻猪肉,410,巴西,10,一般贸易,12,天津市,626195,千克,0,?,"15,917,477"
202001,2032900,其他冻猪肉,410,巴西,10,一般贸易,31,上海市,8563724,千克,0,?,"207,859,102"
202001,2032900,其他冻猪肉,410,巴西,10,一般贸易,32,江苏省,2965203,千克,0,?,"76,502,213"
202001,2032900,其他冻猪肉,410,巴西,10,一般贸易,33,浙江省,1547544,千克,0,?,"39,126,094"
202001,2032900,其他冻猪肉,410,巴西,10,一般贸易,34,安徽省,485734,千克,0,?,"12,327,371"
202001,2032900,其他冻猪肉,410,巴西,10,一般贸易,35,福建省,406641,千克,0,?,"11,275,479"
202001,2032900,其他冻猪肉,410,巴西,10,一般贸易,37,山东省,2069789,千克,0,?,"53,512,147"
202001,2032900,其他冻猪肉,410,巴西,10,一般贸易,41,河南省,135400,千克,0,?,"3,475,022"
202001,2032900,其他冻猪肉,410,巴西,10,一般贸易,43,湖南省,27800,千克,0,?,"748,878"
202001,2032900,其他冻猪肉,410,巴西,10,一般贸易,44,广东省,4671613,千克,0,?,"115,236,304"
202001,2032900,其他冻猪肉,410,巴西,10,一般贸易,50,重庆市,27800,千克,0,?,"593,267"
202001,2032900,其他冻猪肉,410,巴西,10,一般贸易,51,四川省,24998,千克,0,?,"649,092"
202001,2032900,其他冻猪肉,410,巴西,33,保税监管场所进出境货物,32,江苏省,55600,千克,0,?,"1,419,950"
202001,2032900,其他冻猪肉,410,巴西,34,海关特殊监管区域物流货物,31,上海市,137178,千克,0,?,"3,845,830"
202001,2032900,其他冻猪肉,410,巴西,34,海关特殊监管区域物流货物,37,山东省,54000,千克,0,?,"1,364,278"
202001,2032900,其他冻猪肉,412,智利,10,一般贸易,11,北京市,312055,千克,0,?,"7,044,149"
202001,2032900,其他冻猪肉,412,智利,10,一般贸易,12,天津市,2389915,千克,0,?,"60,591,159"
202001,2032900,其他冻猪肉,412,智利,10,一般贸易,31,上海市,1653031,千克,0,?,"35,937,865"
202001,2032900,其他冻猪肉,412,智利,10,一般贸易,32,江苏省,71950,千克,0,?,"2,466,473"
202001,2032900,其他冻猪肉,412,智利,10,一般贸易,33,浙江省,174095,千克,0,?,"3,970,742"
202001,2032900,其他冻猪肉,412,智利,10,一般贸易,34,安徽省,757436,千克,0,?,"20,257,767"
202001,2032900,其他冻猪肉,412,智利,10,一般贸易,35,福建省,142361,千克,0,?,"2,191,355"
202001,2032900,其他冻猪肉,412,智利,10,一般贸易,37,山东省,1313266,千克,0,?,"32,681,818"
202001,2032900,其他冻猪肉,412,智利,10,一般贸易,43,湖南省,114898,千克,0,?,"3,296,108"
202001,2032900,其他冻猪肉,412,智利,10,一般贸易,44,广东省,349869,千克,0,?,"8,200,406"
202001,2032900,其他冻猪肉,412,智利,34,海关特殊监管区域物流货物,37,山东省,136060,千克,0,?,"3,437,523"
202001,2032900,其他冻猪肉,429,墨西哥,10,一般贸易,11,北京市,43032,千克,0,?,"1,068,859"
202001,2032900,其他冻猪肉,429,墨西哥,10,一般贸易,12,天津市,432620,千克,0,?,"11,158,917"
202001,2032900,其他冻猪肉,429,墨西哥,10,一般贸易,21,辽宁省,14004,千克,0,?,"416,440"
202001,2032900,其他冻猪肉,429,墨西哥,10,一般贸易,31,上海市,1312851,千克,0,?,"34,719,399"
202001,2032900,其他冻猪肉,429,墨西哥,10,一般贸易,32,江苏省,367665,千克,0,?,"7,027,627"
202001,2032900,其他冻猪肉,429,墨西哥,10,一般贸易,34,安徽省,471881,千克,0,?,"14,168,124"
202001,2032900,其他冻猪肉,429,墨西哥,10,一般贸易,35,福建省,254619,千克,0,?,"7,481,970"
202001,2032900,其他冻猪肉,429,墨西哥,10,一般贸易,37,山东省,769170,千克,0,?,"18,573,797"
202001,2032900,其他冻猪肉,429,墨西哥,10,一般贸易,41,河南省,64142,千克,0,?,"1,982,347"
202001,2032900,其他冻猪肉,429,墨西哥,10,一般贸易,43,湖南省,39705,千克,0,?,"396,270"
202001,2032900,其他冻猪肉,429,墨西哥,10,一般贸易,44,广东省,414753,千克,0,?,"9,773,344"
202001,2032900,其他冻猪肉,429,墨西哥,10,一般贸易,50,重庆市,21286,千克,0,?,"461,683"
202001,2032900,其他冻猪肉,429,墨西哥,33,保税监管场所进出境货物,21,辽宁省,43017,千克,0,?,"1,239,060"
202001,2032900,其他冻猪肉,429,墨西哥,34,海关特殊监管区域物流货物,31,上海市,191923,千克,0,?,"4,211,593"
202001,2032900,其他冻猪肉,429,墨西哥,34,海关特殊监管区域物流货物,37,山东省,13308,千克,0,?,"395,725"
202001,2032900,其他冻猪肉,501,加拿大,10,一般贸易,11,北京市,74928,千克,0,?,"1,746,660"
202001,2032900,其他冻猪肉,501,加拿大,10,一般贸易,12,天津市,1498139,千克,0,?,"40,731,327"
202001,2032900,其他冻猪肉,501,加拿大,10,一般贸易,21,辽宁省,122030,千克,0,?,"2,055,933"
202001,2032900,其他冻猪肉,501,加拿大,10,一般贸易,31,上海市,772776,千克,0,?,"11,099,741"
202001,2032900,其他冻猪肉,501,加拿大,10,一般贸易,32,江苏省,41692,千克,0,?,"1,166,880"
202001,2032900,其他冻猪肉,501,加拿大,10,一般贸易,35,福建省,87460,千克,0,?,"1,116,837"
202001,2032900,其他冻猪肉,501,加拿大,10,一般贸易,37,山东省,236255,千克,0,?,"5,407,317"
202001,2032900,其他冻猪肉,501,加拿大,10,一般贸易,44,广东省,125000,千克,0,?,"1,503,990"
202001,2032900,其他冻猪肉,501,加拿大,34,海关特殊监管区域物流货物,37,山东省,14750,千克,0,?,"82,460"
202001,2032900,其他冻猪肉,502,美国,10,一般贸易,11,北京市,14063494,千克,0,?,"276,441,915"
202001,2032900,其他冻猪肉,502,美国,10,一般贸易,12,天津市,7698057,千克,0,?,"127,688,930"
202001,2032900,其他冻猪肉,502,美国,10,一般贸易,31,上海市,369598,千克,0,?,"6,460,045"
202001,2032900,其他冻猪肉,502,美国,10,一般贸易,32,江苏省,142603,千克,0,?,"1,658,202"
202001,2032900,其他冻猪肉,502,美国,10,一般贸易,34,安徽省,13164506,千克,0,?,"246,895,116"
202001,2032900,其他冻猪肉,502,美国,10,一般贸易,37,山东省,397150,千克,0,?,"5,864,516"
202001,2032900,其他冻猪肉,502,美国,10,一般贸易,44,广东省,70716,千克,0,?,"809,631"
202001,2032900,其他冻猪肉,502,美国,33,保税监管场所进出境货物,12,天津市,1295058,千克,0,?,"21,549,243"
202001,2032900,其他冻猪肉,502,美国,33,保税监管场所进出境货物,33,浙江省,24270,千克,0,?,"240,715"
202001,2032900,其他冻猪肉,502,美国,33,保税监管场所进出境货物,34,安徽省,23286,千克,0,?,"594,610"
202001,2032900,其他冻猪肉,502,美国,34,海关特殊监管区域物流货物,12,天津市,224737,千克,0,?,"4,167,694"
202001,2032900,其他冻猪肉,502,美国,34,海关特殊监管区域物流货物,31,上海市,414925,千克,0,?,"6,522,307"
202001,2032900,其他冻猪肉,502,美国,34,海关特殊监管区域物流货物,41,河南省,47788,千克,0,?,"978,892"
202001,2041000,鲜或冷的整头及半头羔羊肉,601,澳大利亚,10,一般贸易,11,北京市,24877,千克,0,?,"1,145,332"
202001,2042100,鲜或冷的整头及半头绵羊肉,601,澳大利亚,10,一般贸易,11,北京市,46940,千克,0,?,"1,728,956"
202001,2042200,鲜或冷的带骨绵羊肉,601,澳大利亚,10,一般贸易,11,北京市,303,千克,0,?,"39,199"
202001,2042200,鲜或冷的带骨绵羊肉,601,澳大利亚,33,保税监管场所进出境货物,31,上海市,21,千克,0,?,"3,846"
202001,2042200,鲜或冷的带骨绵羊肉,609,新西兰,10,一般贸易,23,黑龙江省,42055,千克,0,?,"2,261,927"
202001,2042200,鲜或冷的带骨绵羊肉,609,新西兰,33,保税监管场所进出境货物,31,上海市,26,千克,0,?,"5,668"
202001,2042300,鲜或冷的去骨绵羊肉,601,澳大利亚,10,一般贸易,11,北京市,10373,千克,0,?,"719,963"
202001,2042300,鲜或冷的去骨绵羊肉,609,新西兰,10,一般贸易,23,黑龙江省,40,千克,0,?,"8,519"
202001,2043000,冻整头及半头羔羊肉,444,乌拉圭,10,一般贸易,11,北京市,18326,千克,0,?,"771,659"
202001,2043000,冻整头及半头羔羊肉,444,乌拉圭,10,一般贸易,21,辽宁省,36594,千克,0,?,"1,296,904"
202001,2043000,冻整头及半头羔羊肉,444,乌拉圭,10,一般贸易,23,黑龙江省,19366,千克,0,?,"815,016"
202001,2043000,冻整头及半头羔羊肉,444,乌拉圭,10,一般贸易,31,上海市,157553,千克,0,?,"6,664,840"
202001,2043000,冻整头及半头羔羊肉,444,乌拉圭,10,一般贸易,37,山东省,34551,千克,0,?,"1,412,593"
202001,2043000,冻整头及半头羔羊肉,444,乌拉圭,10,一般贸易,43,湖南省,165709,千克,0,?,"6,416,494"
202001,2043000,冻整头及半头羔羊肉,444,乌拉圭,10,一般贸易,44,广东省,121699,千克,0,?,"4,271,562"
202001,2043000,冻整头及半头羔羊肉,444,乌拉圭,10,一般贸易,62,甘肃省,36189,千克,0,?,"1,367,073"
202001,2043000,冻整头及半头羔羊肉,601,澳大利亚,10,一般贸易,21,辽宁省,35001,千克,0,?,"1,538,820"
202001,2043000,冻整头及半头羔羊肉,601,澳大利亚,10,一般贸易,23,黑龙江省,35477,千克,0,?,"1,578,855"
202001,2043000,冻整头及半头羔羊肉,601,澳大利亚,10,一般贸易,43,湖南省,52995,千克,0,?,"2,298,313"
202001,2043000,冻整头及半头羔羊肉,601,澳大利亚,10,一般贸易,44,广东省,67974,千克,0,?,"2,785,990"
202001,2043000,冻整头及半头羔羊肉,601,澳大利亚,10,一般贸易,51,四川省,7513,千克,0,?,"305,542"
202001,2043000,冻整头及半头羔羊肉,609,新西兰,10,一般贸易,23,黑龙江省,25291,千克,0,?,"1,189,251"
202001,2043000,冻整头及半头羔羊肉,609,新西兰,10,一般贸易,31,上海市,503,千克,0,?,"24,290"
202001,2043000,冻整头及半头羔羊肉,609,新西兰,10,一般贸易,37,山东省,39285,千克,0,?,"1,726,426"
202001,2043000,冻整头及半头羔羊肉,609,新西兰,10,一般贸易,43,湖南省,71258,千克,0,?,"3,247,797"
202001,2044100,冻整头及半头绵羊肉,444,乌拉圭,10,一般贸易,11,北京市,18999,千克,0,?,"526,665"
202001,2044100,冻整头及半头绵羊肉,444,乌拉圭,10,一般贸易,12,天津市,36637,千克,0,?,"1,516,866"
202001,2044100,冻整头及半头绵羊肉,444,乌拉圭,10,一般贸易,21,辽宁省,12048,千克,0,?,"422,758"
202001,2044100,冻整头及半头绵羊肉,444,乌拉圭,10,一般贸易,44,广东省,1754,千克,0,?,"48,007"
202001,2044100,冻整头及半头绵羊肉,601,澳大利亚,10,一般贸易,23,黑龙江省,8472,千克,0,?,"278,609"
202001,2044100,冻整头及半头绵羊肉,601,澳大利亚,10,一般贸易,51,四川省,26063,千克,0,?,"798,262"
202001,2044100,冻整头及半头绵羊肉,609,新西兰,10,一般贸易,11,北京市,19273,千克,0,?,"721,424"
202001,2044100,冻整头及半头绵羊肉,609,新西兰,10,一般贸易,12,天津市,314922,千克,0,?,"11,569,954"
202001,2044100,冻整头及半头绵羊肉,609,新西兰,10,一般贸易,21,辽宁省,738340,千克,0,?,"28,417,335"
202001,2044100,冻整头及半头绵羊肉,609,新西兰,10,一般贸易,23,黑龙江省,115675,千克,0,?,"4,332,699"
202001,2044100,冻整头及半头绵羊肉,609,新西兰,10,一般贸易,31,上海市,576120,千克,0,?,"21,225,946"
202001,2044100,冻整头及半头绵羊肉,609,新西兰,10,一般贸易,37,山东省,1202801,千克,0,?,"45,200,575"
202001,2044100,冻整头及半头绵羊肉,609,新西兰,10,一般贸易,43,湖南省,313941,千克,0,?,"11,458,193"
202001,2044100,冻整头及半头绵羊肉,609,新西兰,10,一般贸易,44,广东省,19909,千克,0,?,"731,739"
202001,2044200,冻带骨绵羊肉,412,智利,10,一般贸易,11,北京市,17004,千克,0,?,"703,425"
202001,2044200,冻带骨绵羊肉,444,乌拉圭,10,一般贸易,11,北京市,80577,千克,0,?,"2,520,686"
202001,2044200,冻带骨绵羊肉,444,乌拉圭,10,一般贸易,12,天津市,47861,千克,0,?,"1,783,961"
202001,2044200,冻带骨绵羊肉,444,乌拉圭,10,一般贸易,21,辽宁省,92724,千克,0,?,"3,688,903"
202001,2044200,冻带骨绵羊肉,444,乌拉圭,10,一般贸易,31,上海市,86947,千克,0,?,"2,975,125"
202001,2044200,冻带骨绵羊肉,444,乌拉圭,10,一般贸易,37,山东省,89913,千克,0,?,"2,633,449"
202001,2044200,冻带骨绵羊肉,601,澳大利亚,10,一般贸易,11,北京市,440831,千克,0,?,"15,514,777"
202001,2044200,冻带骨绵羊肉,601,澳大利亚,10,一般贸易,12,天津市,1228823,千克,0,?,"42,364,138"
202001,2044200,冻带骨绵羊肉,601,澳大利亚,10,一般贸易,13,河北省,259225,千克,0,?,"10,122,266"
202001,2044200,冻带骨绵羊肉,601,澳大利亚,10,一般贸易,21,辽宁省,2084971,千克,0,?,"79,969,546"
202001,2044200,冻带骨绵羊肉,601,澳大利亚,10,一般贸易,23,黑龙江省,1989222,千克,0,?,"78,331,464"
202001,2044200,冻带骨绵羊肉,601,澳大利亚,10,一般贸易,31,上海市,2936496,千克,0,?,"108,941,895"
202001,2044200,冻带骨绵羊肉,601,澳大利亚,10,一般贸易,32,江苏省,386015,千克,0,?,"14,560,598"
202001,2044200,冻带骨绵羊肉,601,澳大利亚,10,一般贸易,34,安徽省,194176,千克,0,?,"7,287,072"
202001,2044200,冻带骨绵羊肉,601,澳大利亚,10,一般贸易,35,福建省,45694,千克,0,?,"1,387,236"
202001,2044200,冻带骨绵羊肉,601,澳大利亚,10,一般贸易,37,山东省,1398533,千克,0,?,"55,302,873"
202001,2044200,冻带骨绵羊肉,601,澳大利亚,10,一般贸易,41,河南省,69733,千克,0,?,"2,479,620"
202001,2044200,冻带骨绵羊肉,601,澳大利亚,10,一般贸易,43,湖南省,2118777,千克,0,?,"78,825,450"
202001,2044200,冻带骨绵羊肉,601,澳大利亚,10,一般贸易,44,广东省,1033748,千克,0,?,"39,652,403"
202001,2044200,冻带骨绵羊肉,601,澳大利亚,10,一般贸易,50,重庆市,739822,千克,0,?,"25,978,826"
202001,2044200,冻带骨绵羊肉,601,澳大利亚,10,一般贸易,51,四川省,1501550,千克,0,?,"53,069,112"
202001,2044200,冻带骨绵羊肉,601,澳大利亚,33,保税监管场所进出境货物,21,辽宁省,620995,千克,0,?,"24,697,284"
202001,2044200,冻带骨绵羊肉,601,澳大利亚,34,海关特殊监管区域物流货物,31,上海市,73079,千克,0,?,"3,089,397"
202001,2044200,冻带骨绵羊肉,601,澳大利亚,34,海关特殊监管区域物流货物,37,山东省,38900,千克,0,?,"1,628,949"
202001,2044200,冻带骨绵羊肉,609,新西兰,10,一般贸易,11,北京市,256510,千克,0,?,"10,427,909"
202001,2044200,冻带骨绵羊肉,609,新西兰,10,一般贸易,12,天津市,1655145,千克,0,?,"70,991,527"
202001,2044200,冻带骨绵羊肉,609,新西兰,10,一般贸易,21,辽宁省,2725887,千克,0,?,"105,706,535"
202001,2044200,冻带骨绵羊肉,609,新西兰,10,一般贸易,23,黑龙江省,3269913,千克,0,?,"139,000,391"
202001,2044200,冻带骨绵羊肉,609,新西兰,10,一般贸易,31,上海市,128186,千克,0,?,"6,137,088"
202001,2044200,冻带骨绵羊肉,609,新西兰,10,一般贸易,32,江苏省,48482,千克,0,?,"2,059,799"
202001,2044200,冻带骨绵羊肉,609,新西兰,10,一般贸易,37,山东省,1938734,千克,0,?,"81,596,199"
202001,2044200,冻带骨绵羊肉,609,新西兰,10,一般贸易,43,湖南省,1383570,千克,0,?,"59,981,208"
202001,2044200,冻带骨绵羊肉,609,新西兰,10,一般贸易,44,广东省,359934,千克,0,?,"15,076,779"
202001,2044200,冻带骨绵羊肉,609,新西兰,10,一般贸易,50,重庆市,265245,千克,0,?,"10,962,585"
202001,2044200,冻带骨绵羊肉,609,新西兰,33,保税监管场所进出境货物,21,辽宁省,40003,千克,0,?,"1,777,381"
202001,2044200,冻带骨绵羊肉,609,新西兰,34,海关特殊监管区域物流货物,37,山东省,41650,千克,0,?,"1,583,511"
202001,2044200,冻带骨绵羊肉,609,新西兰,34,海关特殊监管区域物流货物,44,广东省,48008,千克,0,?,"2,654,771"
202001,2044300,冻去骨绵羊肉,412,智利,10,一般贸易,11,北京市,2600,千克,0,?,"72,986"
202001,2044300,冻去骨绵羊肉,444,乌拉圭,10,一般贸易,11,北京市,14581,千克,0,?,"363,263"
202001,2044300,冻去骨绵羊肉,444,乌拉圭,10,一般贸易,12,天津市,4872,千克,0,?,"165,611"
202001,2044300,冻去骨绵羊肉,444,乌拉圭,10,一般贸易,21,辽宁省,2040,千克,0,?,"78,741"
202001,2044300,冻去骨绵羊肉,444,乌拉圭,10,一般贸易,31,上海市,10887,千克,0,?,"394,622"
202001,2044300,冻去骨绵羊肉,444,乌拉圭,10,一般贸易,37,山东省,15015,千克,0,?,"415,465"
202001,2044300,冻去骨绵羊肉,601,澳大利亚,10,一般贸易,11,北京市,209504,千克,0,?,"3,612,356"
202001,2044300,冻去骨绵羊肉,601,澳大利亚,10,一般贸易,12,天津市,227595,千克,0,?,"7,256,497"
202001,2044300,冻去骨绵羊肉,601,澳大利亚,10,一般贸易,21,辽宁省,172293,千克,0,?,"7,118,497"
202001,2044300,冻去骨绵羊肉,601,澳大利亚,10,一般贸易,23,黑龙江省,131322,千克,0,?,"3,797,948"
202001,2044300,冻去骨绵羊肉,601,澳大利亚,10,一般贸易,31,上海市,835956,千克,0,?,"36,346,987"
202001,2044300,冻去骨绵羊肉,601,澳大利亚,10,一般贸易,32,江苏省,115094,千克,0,?,"4,091,152"
202001,2044300,冻去骨绵羊肉,601,澳大利亚,10,一般贸易,34,安徽省,25251,千克,0,?,"677,814"
202001,2044300,冻去骨绵羊肉,601,澳大利亚,10,一般贸易,35,福建省,3179,千克,0,?,"49,045"
202001,2044300,冻去骨绵羊肉,601,澳大利亚,10,一般贸易,37,山东省,120621,千克,0,?,"5,860,228"
202001,2044300,冻去骨绵羊肉,601,澳大利亚,10,一般贸易,43,湖南省,220180,千克,0,?,"9,810,978"
202001,2044300,冻去骨绵羊肉,601,澳大利亚,10,一般贸易,44,广东省,106959,千克,0,?,"3,960,227"
202001,2044300,冻去骨绵羊肉,601,澳大利亚,10,一般贸易,50,重庆市,184408,千克,0,?,"7,766,398"
202001,2044300,冻去骨绵羊肉,601,澳大利亚,10,一般贸易,51,四川省,211360,千克,0,?,"7,304,074"
202001,2044300,冻去骨绵羊肉,601,澳大利亚,33,保税监管场所进出境货物,21,辽宁省,16812,千克,0,?,"225,469"
202001,2044300,冻去骨绵羊肉,601,澳大利亚,34,海关特殊监管区域物流货物,37,山东省,11125,千克,0,?,"420,331"
202001,2044300,冻去骨绵羊肉,609,新西兰,10,一般贸易,11,北京市,10747,千克,0,?,"165,567"
202001,2044300,冻去骨绵羊肉,609,新西兰,10,一般贸易,12,天津市,101892,千克,0,?,"3,741,321"
202001,2044300,冻去骨绵羊肉,609,新西兰,10,一般贸易,21,辽宁省,344900,千克,0,?,"10,508,892"
202001,2044300,冻去骨绵羊肉,609,新西兰,10,一般贸易,23,黑龙江省,49262,千克,0,?,"1,819,427"
202001,2044300,冻去骨绵羊肉,609,新西兰,10,一般贸易,31,上海市,468,千克,0,?,"34,232"
202001,2044300,冻去骨绵羊肉,609,新西兰,10,一般贸易,32,江苏省,2500,千克,0,?,"61,353"
202001,2044300,冻去骨绵羊肉,609,新西兰,10,一般贸易,37,山东省,42010,千克,0,?,"1,368,493"
202001,2044300,冻去骨绵羊肉,609,新西兰,10,一般贸易,43,湖南省,41268,千克,0,?,"1,705,785"
202001,2044300,冻去骨绵羊肉,609,新西兰,10,一般贸易,44,广东省,4455,千克,0,?,"137,179"
202001,2044300,冻去骨绵羊肉,609,新西兰,10,一般贸易,50,重庆市,9081,千克,0,?,"276,108"
202001,2044300,冻去骨绵羊肉,609,新西兰,10,一般贸易,51,四川省,17952,千克,0,?,"692,317"
202001,2044300,冻去骨绵羊肉,609,新西兰,34,海关特殊监管区域物流货物,37,山东省,3722,千克,0,?,"72,916"
202001,2050000,鲜、冷、冻的马、驴、骡肉,124,蒙古,10,一般贸易,11,北京市,75000,千克,0,?,"975,000"
202001,2050000,鲜、冷、冻的马、驴、骡肉,124,蒙古,10,一般贸易,15,内蒙古自治区,326900,千克,0,?,"4,249,700"
202001,2050000,鲜、冷、冻的马、驴、骡肉,124,蒙古,10,一般贸易,37,山东省,100000,千克,0,?,"1,300,000"
202001,2050000,鲜、冷、冻的马、驴、骡肉,124,蒙古,10,一般贸易,41,河南省,157300,千克,0,?,"2,044,900"
202001,2050000,鲜、冷、冻的马、驴、骡肉,124,蒙古,10,一般贸易,65,新疆维吾尔自治区,50000,千克,0,?,"525,327"
202001,2050000,鲜、冷、冻的马、驴、骡肉,124,蒙古,19,边境小额贸易,15,内蒙古自治区,2276900,千克,0,?,"29,599,700"
202001,2062100,冻牛舌,502,美国,10,一般贸易,31,上海市,12761,千克,0,?,"1,243,029"
202001,2062100,冻牛舌,502,美国,34,海关特殊监管区域物流货物,31,上海市,6088,千克,0,?,"607,548"
202001,2062200,冻牛肝,601,澳大利亚,10,一般贸易,31,上海市,2022,千克,0,?,"39,874"
202001,2062200,冻牛肝,609,新西兰,10,一般贸易,11,北京市,42822,千克,0,?,"240,207"
202001,2062900,其他冻牛杂碎,244,南非,10,一般贸易,32,江苏省,18540,千克,0,?,"566,893"
202001,2062900,其他冻牛杂碎,415,哥斯达黎加,10,一般贸易,12,天津市,1894,千克,0,?,"71,975"
202001,2062900,其他冻牛杂碎,415,哥斯达黎加,10,一般贸易,31,上海市,47595,千克,0,?,"1,694,178"
202001,2062900,其他冻牛杂碎,415,哥斯达黎加,10,一般贸易,34,安徽省,6413,千克,0,?,"244,935"
202001,2062900,其他冻牛杂碎,415,哥斯达黎加,10,一般贸易,37,山东省,11984,千克,0,?,"446,822"
202001,2062900,其他冻牛杂碎,415,哥斯达黎加,10,一般贸易,44,广东省,7126,千克,0,?,"295,701"
202001,2062900,其他冻牛杂碎,415,哥斯达黎加,10,一般贸易,65,新疆维吾尔自治区,12769,千克,0,?,"499,327"
202001,2062900,其他冻牛杂碎,415,哥斯达黎加,34,海关特殊监管区域物流货物,31,上海市,4929,千克,0,?,"192,878"
202001,2062900,其他冻牛杂碎,444,乌拉圭,10,一般贸易,11,北京市,29005,千克,0,?,"770,435"
202001,2062900,其他冻牛杂碎,444,乌拉圭,10,一般贸易,12,天津市,163869,千克,0,?,"5,344,056"
202001,2062900,其他冻牛杂碎,444,乌拉圭,10,一般贸易,21,辽宁省,1563,千克,0,?,"75,110"
202001,2062900,其他冻牛杂碎,444,乌拉圭,10,一般贸易,31,上海市,196737,千克,0,?,"6,663,474"
202001,2062900,其他冻牛杂碎,444,乌拉圭,10,一般贸易,32,江苏省,32810,千克,0,?,"1,398,425"
202001,2062900,其他冻牛杂碎,444,乌拉圭,10,一般贸易,34,安徽省,2781,千克,0,?,"70,860"
202001,2062900,其他冻牛杂碎,444,乌拉圭,10,一般贸易,35,福建省,26393,千克,0,?,"994,115"
202001,2062900,其他冻牛杂碎,444,乌拉圭,10,一般贸易,37,山东省,32568,千克,0,?,"1,002,534"
202001,2062900,其他冻牛杂碎,444,乌拉圭,10,一般贸易,43,湖南省,25984,千克,0,?,"776,650"
202001,2062900,其他冻牛杂碎,444,乌拉圭,10,一般贸易,44,广东省,49694,千克,0,?,"1,953,027"
202001,2062900,其他冻牛杂碎,444,乌拉圭,10,一般贸易,50,重庆市,25029,千克,0,?,"867,222"
202001,2062900,其他冻牛杂碎,444,乌拉圭,34,海关特殊监管区域物流货物,21,辽宁省,22556,千克,0,?,"752,101"
202001,2062900,其他冻牛杂碎,444,乌拉圭,34,海关特殊监管区域物流货物,31,上海市,23849,千克,0,?,"798,553"
202001,2062900,其他冻牛杂碎,444,乌拉圭,34,海关特殊监管区域物流货物,37,山东省,56,千克,0,?,"2,168"
202001,2062900,其他冻牛杂碎,502,美国,10,一般贸易,12,天津市,1361,千克,0,?,"12,594"
202001,2062900,其他冻牛杂碎,502,美国,10,一般贸易,31,上海市,5600,千克,0,?,"81,189"
202001,2062900,其他冻牛杂碎,502,美国,10,一般贸易,43,湖南省,449,千克,0,?,"7,655"
202001,2062900,其他冻牛杂碎,502,美国,34,海关特殊监管区域物流货物,31,上海市,2689,千克,0,?,"27,037"
202001,2062900,其他冻牛杂碎,601,澳大利亚,10,一般贸易,11,北京市,26514,千克,0,?,"445,113"
202001,2062900,其他冻牛杂碎,601,澳大利亚,10,一般贸易,12,天津市,36706,千克,0,?,"921,432"
202001,2062900,其他冻牛杂碎,601,澳大利亚,10,一般贸易,13,河北省,29767,千克,0,?,"752,763"
202001,2062900,其他冻牛杂碎,601,澳大利亚,10,一般贸易,21,辽宁省,53181,千克,0,?,"2,034,410"
202001,2062900,其他冻牛杂碎,601,澳大利亚,10,一般贸易,31,上海市,188915,千克,0,?,"4,778,690"
202001,2062900,其他冻牛杂碎,601,澳大利亚,10,一般贸易,32,江苏省,215699,千克,0,?,"4,158,472"
202001,2062900,其他冻牛杂碎,601,澳大利亚,10,一般贸易,35,福建省,13995,千克,0,?,"746,449"
202001,2062900,其他冻牛杂碎,601,澳大利亚,10,一般贸易,37,山东省,25617,千克,0,?,"680,987"
202001,2062900,其他冻牛杂碎,601,澳大利亚,10,一般贸易,41,河南省,25000,千克,0,?,"349,841"
202001,2062900,其他冻牛杂碎,601,澳大利亚,10,一般贸易,43,湖南省,15844,千克,0,?,"238,469"
202001,2062900,其他冻牛杂碎,601,澳大利亚,10,一般贸易,44,广东省,95047,千克,0,?,"2,301,200"
202001,2062900,其他冻牛杂碎,601,澳大利亚,10,一般贸易,50,重庆市,4113,千克,0,?,"92,173"
202001,2062900,其他冻牛杂碎,601,澳大利亚,10,一般贸易,51,四川省,2565,千克,0,?,"66,587"
202001,2062900,其他冻牛杂碎,601,澳大利亚,15,进料加工贸易,21,辽宁省,18466,千克,0,?,"697,705"
202001,2062900,其他冻牛杂碎,601,澳大利亚,34,海关特殊监管区域物流货物,31,上海市,19260,千克,0,?,"1,220,882"
202001,2062900,其他冻牛杂碎,609,新西兰,10,一般贸易,11,北京市,32119,千克,0,?,"752,165"
202001,2062900,其他冻牛杂碎,609,新西兰,10,一般贸易,12,天津市,37300,千克,0,?,"1,386,751"
202001,2062900,其他冻牛杂碎,609,新西兰,10,一般贸易,21,辽宁省,142714,千克,0,?,"4,831,382"
202001,2062900,其他冻牛杂碎,609,新西兰,10,一般贸易,23,黑龙江省,20264,千克,0,?,"304,772"
202001,2062900,其他冻牛杂碎,609,新西兰,10,一般贸易,31,上海市,101701,千克,0,?,"3,829,745"
202001,2062900,其他冻牛杂碎,609,新西兰,10,一般贸易,37,山东省,72140,千克,0,?,"2,679,521"
202001,2062900,其他冻牛杂碎,609,新西兰,10,一般贸易,43,湖南省,50836,千克,0,?,"1,056,095"
202001,2062900,其他冻牛杂碎,609,新西兰,10,一般贸易,44,广东省,18990,千克,0,?,"626,226"
202001,2062900,其他冻牛杂碎,609,新西兰,10,一般贸易,50,重庆市,3111,千克,0,?,"92,287"
202001,2064100,冻猪肝,302,丹麦,10,一般贸易,11,北京市,54264,千克,0,?,"436,631"
202001,2064100,冻猪肝,302,丹麦,10,一般贸易,12,天津市,27037,千克,0,?,"132,704"
202001,2064100,冻猪肝,302,丹麦,10,一般贸易,31,上海市,216349,千克,0,?,"1,619,644"
202001,2064100,冻猪肝,302,丹麦,10,一般贸易,43,湖南省,27091,千克,0,?,"217,988"
202001,2064100,冻猪肝,303,英国,10,一般贸易,31,上海市,43310,千克,0,?,"218,685"
202001,2064100,冻猪肝,306,爱尔兰,10,一般贸易,31,上海市,26000,千克,0,?,"145,536"
202001,2064100,冻猪肝,306,爱尔兰,10,一般贸易,37,山东省,24900,千克,0,?,"148,089"
202001,2064100,冻猪肝,309,荷兰,10,一般贸易,31,上海市,108310,千克,0,?,"787,793"
202001,2064100,冻猪肝,309,荷兰,10,一般贸易,37,山东省,160740,千克,0,?,"1,067,818"
202001,2064100,冻猪肝,309,荷兰,10,一般贸易,44,广东省,163036,千克,0,?,"866,446"
202001,2064100,冻猪肝,312,西班牙,10,一般贸易,12,天津市,148030,千克,0,?,"906,483"
202001,2064100,冻猪肝,312,西班牙,10,一般贸易,21,辽宁省,75810,千克,0,?,"529,347"
202001,2064100,冻猪肝,312,西班牙,10,一般贸易,31,上海市,62959,千克,0,?,"405,581"
202001,2064100,冻猪肝,312,西班牙,10,一般贸易,32,江苏省,26080,千克,0,?,"145,983"
202001,2064100,冻猪肝,312,西班牙,10,一般贸易,33,浙江省,191250,千克,0,?,"1,459,818"
202001,2064100,冻猪肝,312,西班牙,10,一般贸易,37,山东省,50990,千克,0,?,"270,417"
202001,2064100,冻猪肝,412,智利,10,一般贸易,12,天津市,72044,千克,0,?,"630,112"
202001,2064100,冻猪肝,412,智利,10,一般贸易,31,上海市,4199,千克,0,?,"41,983"
202001,2064100,冻猪肝,412,智利,10,一般贸易,35,福建省,168070,千克,0,?,"1,002,467"
202001,2064900,其他冻猪杂碎,302,丹麦,10,一般贸易,11,北京市,1408155,千克,0,?,"20,855,298"
202001,2064900,其他冻猪杂碎,302,丹麦,10,一般贸易,12,天津市,1970285,千克,0,?,"29,875,632"
202001,2064900,其他冻猪杂碎,302,丹麦,10,一般贸易,21,辽宁省,703814,千克,0,?,"13,987,291"
202001,2064900,其他冻猪杂碎,302,丹麦,10,一般贸易,31,上海市,1429970,千克,0,?,"22,424,355"
202001,2064900,其他冻猪杂碎,302,丹麦,10,一般贸易,32,江苏省,54806,千克,0,?,"757,777"
202001,2064900,其他冻猪杂碎,302,丹麦,10,一般贸易,33,浙江省,40670,千克,0,?,"1,261,177"
202001,2064900,其他冻猪杂碎,302,丹麦,10,一般贸易,34,安徽省,54137,千克,0,?,"710,362"
202001,2064900,其他冻猪杂碎,302,丹麦,10,一般贸易,37,山东省,2631895,千克,0,?,"39,751,128"
202001,2064900,其他冻猪杂碎,302,丹麦,10,一般贸易,43,湖南省,1195542,千克,0,?,"17,608,666"
202001,2064900,其他冻猪杂碎,302,丹麦,10,一般贸易,44,广东省,2061573,千克,0,?,"35,291,221"
202001,2064900,其他冻猪杂碎,302,丹麦,33,保税监管场所进出境货物,21,辽宁省,53985,千克,0,?,"1,248,155"
202001,2064900,其他冻猪杂碎,302,丹麦,34,海关特殊监管区域物流货物,31,上海市,54180,千克,0,?,"1,137,276"
202001,2064900,其他冻猪杂碎,303,英国,10,一般贸易,11,北京市,168752,千克,0,?,"2,517,434"
202001,2064900,其他冻猪杂碎,303,英国,10,一般贸易,12,天津市,999722,千克,0,?,"15,847,330"
202001,2064900,其他冻猪杂碎,303,英国,10,一般贸易,21,辽宁省,48874,千克,0,?,"376,159"
202001,2064900,其他冻猪杂碎,303,英国,10,一般贸易,31,上海市,813778,千克,0,?,"12,000,166"
202001,2064900,其他冻猪杂碎,303,英国,10,一般贸易,32,江苏省,340527,千克,0,?,"4,154,514"
202001,2064900,其他冻猪杂碎,303,英国,10,一般贸易,33,浙江省,24901,千克,0,?,"209,074"
202001,2064900,其他冻猪杂碎,303,英国,10,一般贸易,35,福建省,23950,千克,0,?,"536,242"
202001,2064900,其他冻猪杂碎,303,英国,10,一般贸易,37,山东省,384117,千克,0,?,"5,704,810"
202001,2064900,其他冻猪杂碎,303,英国,10,一般贸易,43,湖南省,360516,千克,0,?,"4,539,764"
202001,2064900,其他冻猪杂碎,303,英国,10,一般贸易,44,广东省,1027451,千克,0,?,"14,928,374"
202001,2064900,其他冻猪杂碎,304,德国,10,一般贸易,11,北京市,2671329,千克,0,?,"40,989,512"
202001,2064900,其他冻猪杂碎,304,德国,10,一般贸易,12,天津市,1967854,千克,0,?,"34,346,034"
202001,2064900,其他冻猪杂碎,304,德国,10,一般贸易,21,辽宁省,923235,千克,0,?,"15,517,723"
202001,2064900,其他冻猪杂碎,304,德国,10,一般贸易,31,上海市,1637816,千克,0,?,"30,691,049"
202001,2064900,其他冻猪杂碎,304,德国,10,一般贸易,32,江苏省,281431,千克,0,?,"4,159,914"
202001,2064900,其他冻猪杂碎,304,德国,10,一般贸易,33,浙江省,80000,千克,0,?,"2,084,447"
202001,2064900,其他冻猪杂碎,304,德国,10,一般贸易,34,安徽省,381188,千克,0,?,"8,197,449"
202001,2064900,其他冻猪杂碎,304,德国,10,一般贸易,37,山东省,2477442,千克,0,?,"39,129,458"
202001,2064900,其他冻猪杂碎,304,德国,10,一般贸易,41,河南省,82353,千克,0,?,"1,181,227"
202001,2064900,其他冻猪杂碎,304,德国,10,一般贸易,43,湖南省,1570666,千克,0,?,"24,599,167"
202001,2064900,其他冻猪杂碎,304,德国,10,一般贸易,44,广东省,5484224,千克,0,?,"89,304,712"
202001,2064900,其他冻猪杂碎,304,德国,33,保税监管场所进出境货物,21,辽宁省,15000,千克,0,?,"167,926"
202001,2064900,其他冻猪杂碎,304,德国,33,保税监管场所进出境货物,37,山东省,26260,千克,0,?,"565,915"
202001,2064900,其他冻猪杂碎,304,德国,34,海关特殊监管区域物流货物,31,上海市,27500,千克,0,?,"557,522"
202001,2064900,其他冻猪杂碎,305,法国,10,一般贸易,12,天津市,933975,千克,0,?,"16,262,697"
202001,2064900,其他冻猪杂碎,305,法国,10,一般贸易,13,河北省,24000,千克,0,?,"732,668"
202001,2064900,其他冻猪杂碎,305,法国,10,一般贸易,21,辽宁省,168400,千克,0,?,"4,663,717"
202001,2064900,其他冻猪杂碎,305,法国,10,一般贸易,23,黑龙江省,24000,千克,0,?,"713,640"
202001,2064900,其他冻猪杂碎,305,法国,10,一般贸易,31,上海市,840993,千克,0,?,"15,906,230"
202001,2064900,其他冻猪杂碎,305,法国,10,一般贸易,32,江苏省,244668,千克,0,?,"3,310,696"
202001,2064900,其他冻猪杂碎,305,法国,10,一般贸易,34,安徽省,265715,千克,0,?,"4,664,414"
202001,2064900,其他冻猪杂碎,305,法国,10,一般贸易,35,福建省,120475,千克,0,?,"1,452,686"
202001,2064900,其他冻猪杂碎,305,法国,10,一般贸易,37,山东省,1404755,千克,0,?,"27,307,084"
202001,2064900,其他冻猪杂碎,305,法国,10,一般贸易,41,河南省,49316,千克,0,?,"491,409"
202001,2064900,其他冻猪杂碎,305,法国,10,一般贸易,43,湖南省,124168,千克,0,?,"1,694,160"
202001,2064900,其他冻猪杂碎,305,法国,10,一般贸易,44,广东省,1048610,千克,0,?,"20,930,455"
202001,2064900,其他冻猪杂碎,305,法国,10,一般贸易,50,重庆市,24905,千克,0,?,"223,443"
202001,2064900,其他冻猪杂碎,305,法国,33,保税监管场所进出境货物,21,辽宁省,28810,千克,0,?,"481,629"
202001,2064900,其他冻猪杂碎,305,法国,34,海关特殊监管区域物流货物,31,上海市,24040,千克,0,?,"507,905"
202001,2064900,其他冻猪杂碎,306,爱尔兰,10,一般贸易,11,北京市,25943,千克,0,?,"236,481"
202001,2064900,其他冻猪杂碎,306,爱尔兰,10,一般贸易,12,天津市,47110,千克,0,?,"971,032"
202001,2064900,其他冻猪杂碎,306,爱尔兰,10,一般贸易,31,上海市,415716,千克,0,?,"9,944,183"
202001,2064900,其他冻猪杂碎,306,爱尔兰,10,一般贸易,37,山东省,456433,千克,0,?,"6,570,044"
202001,2064900,其他冻猪杂碎,306,爱尔兰,10,一般贸易,41,河南省,26150,千克,0,?,"146,375"
202001,2064900,其他冻猪杂碎,306,爱尔兰,10,一般贸易,43,湖南省,78332,千克,0,?,"1,205,770"
202001,2064900,其他冻猪杂碎,306,爱尔兰,10,一般贸易,44,广东省,138294,千克,0,?,"3,376,244"
202001,2064900,其他冻猪杂碎,306,爱尔兰,10,一般贸易,50,重庆市,78120,千克,0,?,"1,016,671"
202001,2064900,其他冻猪杂碎,307,意大利,10,一般贸易,31,上海市,131600,千克,0,?,"3,483,855"
202001,2064900,其他冻猪杂碎,307,意大利,10,一般贸易,32,江苏省,150019,千克,0,?,"1,658,133"
202001,2064900,其他冻猪杂碎,307,意大利,10,一般贸易,37,山东省,49640,千克,0,?,"1,528,235"
202001,2064900,其他冻猪杂碎,309,荷兰,10,一般贸易,11,北京市,161832,千克,0,?,"2,588,007"
202001,2064900,其他冻猪杂碎,309,荷兰,10,一般贸易,12,天津市,894414,千克,0,?,"13,485,659"
202001,2064900,其他冻猪杂碎,309,荷兰,10,一般贸易,21,辽宁省,867079,千克,0,?,"11,298,192"
202001,2064900,其他冻猪杂碎,309,荷兰,10,一般贸易,31,上海市,1929571,千克,0,?,"33,194,239"
202001,2064900,其他冻猪杂碎,309,荷兰,10,一般贸易,32,江苏省,192127,千克,0,?,"3,460,166"
202001,2064900,其他冻猪杂碎,309,荷兰,10,一般贸易,34,安徽省,272805,千克,0,?,"5,796,369"
202001,2064900,其他冻猪杂碎,309,荷兰,10,一般贸易,35,福建省,137102,千克,0,?,"3,283,418"
202001,2064900,其他冻猪杂碎,309,荷兰,10,一般贸易,37,山东省,2116917,千克,0,?,"35,890,306"
202001,2064900,其他冻猪杂碎,309,荷兰,10,一般贸易,41,河南省,164068,千克,0,?,"1,928,575"
202001,2064900,其他冻猪杂碎,309,荷兰,10,一般贸易,43,湖南省,379817,千克,0,?,"6,601,625"
202001,2064900,其他冻猪杂碎,309,荷兰,10,一般贸易,44,广东省,3302875,千克,0,?,"51,385,386"
202001,2064900,其他冻猪杂碎,312,西班牙,10,一般贸易,11,北京市,364478,千克,0,?,"6,622,287"
202001,2064900,其他冻猪杂碎,312,西班牙,10,一般贸易,12,天津市,2427104,千克,0,?,"41,709,437"
202001,2064900,其他冻猪杂碎,312,西班牙,10,一般贸易,13,河北省,25926,千克,0,?,"181,402"
202001,2064900,其他冻猪杂碎,312,西班牙,10,一般贸易,21,辽宁省,311750,千克,0,?,"5,941,592"
202001,2064900,其他冻猪杂碎,312,西班牙,10,一般贸易,31,上海市,2561875,千克,0,?,"43,014,658"
202001,2064900,其他冻猪杂碎,312,西班牙,10,一般贸易,32,江苏省,468901,千克,0,?,"9,953,887"
202001,2064900,其他冻猪杂碎,312,西班牙,10,一般贸易,33,浙江省,248915,千克,0,?,"5,862,371"
202001,2064900,其他冻猪杂碎,312,西班牙,10,一般贸易,34,安徽省,126030,千克,0,?,"2,474,840"
202001,2064900,其他冻猪杂碎,312,西班牙,10,一般贸易,35,福建省,25200,千克,0,?,"793,448"
202001,2064900,其他冻猪杂碎,312,西班牙,10,一般贸易,37,山东省,1972551,千克,0,?,"34,892,946"
202001,2064900,其他冻猪杂碎,312,西班牙,10,一般贸易,41,河南省,238539,千克,0,?,"2,111,298"
202001,2064900,其他冻猪杂碎,312,西班牙,10,一般贸易,43,湖南省,148123,千克,0,?,"1,494,672"
202001,2064900,其他冻猪杂碎,312,西班牙,10,一般贸易,44,广东省,4377547,千克,0,?,"91,270,891"
202001,2064900,其他冻猪杂碎,312,西班牙,10,一般贸易,50,重庆市,75381,千克,0,?,"1,618,277"
202001,2064900,其他冻猪杂碎,312,西班牙,33,保税监管场所进出境货物,21,辽宁省,228160,千克,0,?,"4,952,005"
202001,2064900,其他冻猪杂碎,312,西班牙,34,海关特殊监管区域物流货物,12,天津市,52690,千克,0,?,"1,256,136"
202001,2064900,其他冻猪杂碎,312,西班牙,34,海关特殊监管区域物流货物,31,上海市,156404,千克,0,?,"3,970,496"
202001,2064900,其他冻猪杂碎,312,西班牙,34,海关特殊监管区域物流货物,37,山东省,5170,千克,0,?,"40,327"
202001,2064900,其他冻猪杂碎,318,芬兰,10,一般贸易,11,北京市,165839,千克,0,?,"3,302,671"
202001,2064900,其他冻猪杂碎,318,芬兰,10,一般贸易,21,辽宁省,24395,千克,0,?,"224,579"
202001,2064900,其他冻猪杂碎,318,芬兰,10,一般贸易,44,广东省,257733,千克,0,?,"3,590,864"
202001,2064900,其他冻猪杂碎,318,芬兰,10,一般贸易,50,重庆市,43745,千克,0,?,"556,844"
202001,2064900,其他冻猪杂碎,318,芬兰,34,海关特殊监管区域物流货物,45,广西壮族自治区,48180,千克,0,?,"947,048"
202001,2064900,其他冻猪杂碎,412,智利,10,一般贸易,11,北京市,429219,千克,0,?,"8,181,094"
202001,2064900,其他冻猪杂碎,412,智利,10,一般贸易,12,天津市,48055,千克,0,?,"673,868"
202001,2064900,其他冻猪杂碎,412,智利,10,一般贸易,21,辽宁省,192190,千克,0,?,"2,699,938"
202001,2064900,其他冻猪杂碎,412,智利,10,一般贸易,31,上海市,1254222,千克,0,?,"22,305,654"
202001,2064900,其他冻猪杂碎,412,智利,10,一般贸易,37,山东省,335847,千克,0,?,"4,764,669"
202001,2064900,其他冻猪杂碎,412,智利,10,一般贸易,41,河南省,23826,千克,0,?,"316,751"
202001,2064900,其他冻猪杂碎,412,智利,10,一般贸易,44,广东省,48007,千克,0,?,"967,722"
202001,2064900,其他冻猪杂碎,412,智利,34,海关特殊监管区域物流货物,37,山东省,24016,千克,0,?,"337,080"
202001,2064900,其他冻猪杂碎,429,墨西哥,10,一般贸易,12,天津市,18420,千克,0,?,"487,998"
202001,2064900,其他冻猪杂碎,429,墨西哥,10,一般贸易,31,上海市,51475,千克,0,?,"1,507,619"
202001,2064900,其他冻猪杂碎,429,墨西哥,10,一般贸易,34,安徽省,23988,千克,0,?,"552,110"
202001,2064900,其他冻猪杂碎,429,墨西哥,10,一般贸易,37,山东省,9795,千克,0,?,"246,136"
202001,2064900,其他冻猪杂碎,429,墨西哥,10,一般贸易,43,湖南省,24435,千克,0,?,"631,244"
202001,2064900,其他冻猪杂碎,429,墨西哥,10,一般贸易,44,广东省,30124,千克,0,?,"520,561"
202001,2064900,其他冻猪杂碎,501,加拿大,10,一般贸易,11,北京市,209426,千克,0,?,"2,816,931"
202001,2064900,其他冻猪杂碎,501,加拿大,10,一般贸易,12,天津市,466700,千克,0,?,"7,091,643"
202001,2064900,其他冻猪杂碎,501,加拿大,10,一般贸易,21,辽宁省,150001,千克,0,?,"3,481,015"
202001,2064900,其他冻猪杂碎,501,加拿大,10,一般贸易,31,上海市,474761,千克,0,?,"7,870,179"
202001,2064900,其他冻猪杂碎,501,加拿大,10,一般贸易,35,福建省,46660,千克,0,?,"675,118"
202001,2064900,其他冻猪杂碎,501,加拿大,10,一般贸易,37,山东省,274983,千克,0,?,"4,772,398"
202001,2064900,其他冻猪杂碎,501,加拿大,10,一般贸易,50,重庆市,22512,千克,0,?,"370,158"
202001,2064900,其他冻猪杂碎,501,加拿大,34,海关特殊监管区域物流货物,37,山东省,10000,千克,0,?,"235,099"
202001,2064900,其他冻猪杂碎,502,美国,10,一般贸易,11,北京市,115161,千克,0,?,"1,700,845"
202001,2064900,其他冻猪杂碎,502,美国,10,一般贸易,12,天津市,2591098,千克,0,?,"40,474,622"
202001,2064900,其他冻猪杂碎,502,美国,10,一般贸易,31,上海市,804841,千克,0,?,"13,672,982"
202001,2064900,其他冻猪杂碎,502,美国,10,一般贸易,32,江苏省,802961,千克,0,?,"12,224,838"
202001,2064900,其他冻猪杂碎,502,美国,10,一般贸易,34,安徽省,8831526,千克,0,?,"114,635,112"
202001,2064900,其他冻猪杂碎,502,美国,10,一般贸易,37,山东省,235464,千克,0,?,"3,992,664"
202001,2064900,其他冻猪杂碎,502,美国,10,一般贸易,44,广东省,972633,千克,0,?,"12,453,413"
202001,2064900,其他冻猪杂碎,502,美国,33,保税监管场所进出境货物,21,辽宁省,98446,千克,0,?,"1,862,976"
202001,2064900,其他冻猪杂碎,502,美国,33,保税监管场所进出境货物,33,浙江省,24504,千克,0,?,"718,219"
202001,2064900,其他冻猪杂碎,502,美国,34,海关特殊监管区域物流货物,12,天津市,679296,千克,0,?,"8,661,265"
202001,2064900,其他冻猪杂碎,502,美国,34,海关特殊监管区域物流货物,31,上海市,327796,千克,0,?,"4,861,984"
202001,2064900,其他冻猪杂碎,502,美国,34,海关特殊监管区域物流货物,44,广东省,71713,千克,0,?,"905,686"
202001,2069000,其他冻杂碎（牛、猪杂碎除外）,444,乌拉圭,10,一般贸易,11,北京市,602,千克,0,?,"14,575"
202001,2069000,其他冻杂碎（牛、猪杂碎除外）,444,乌拉圭,10,一般贸易,12,天津市,1362,千克,0,?,"33,454"
202001,2069000,其他冻杂碎（牛、猪杂碎除外）,444,乌拉圭,10,一般贸易,21,辽宁省,795,千克,0,?,"19,527"
202001,2069000,其他冻杂碎（牛、猪杂碎除外）,444,乌拉圭,10,一般贸易,31,上海市,2780,千克,0,?,"69,924"
202001,2069000,其他冻杂碎（牛、猪杂碎除外）,601,澳大利亚,10,一般贸易,11,北京市,28895,千克,0,?,"1,378,889"
202001,2069000,其他冻杂碎（牛、猪杂碎除外）,601,澳大利亚,10,一般贸易,12,天津市,54202,千克,0,?,"1,055,319"
202001,2069000,其他冻杂碎（牛、猪杂碎除外）,601,澳大利亚,10,一般贸易,21,辽宁省,6931,千克,0,?,"317,019"
202001,2069000,其他冻杂碎（牛、猪杂碎除外）,601,澳大利亚,10,一般贸易,23,黑龙江省,27460,千克,0,?,"738,554"
202001,2069000,其他冻杂碎（牛、猪杂碎除外）,601,澳大利亚,10,一般贸易,31,上海市,12987,千克,0,?,"295,930"
202001,2069000,其他冻杂碎（牛、猪杂碎除外）,601,澳大利亚,10,一般贸易,32,江苏省,21076,千克,0,?,"454,258"
202001,2069000,其他冻杂碎（牛、猪杂碎除外）,601,澳大利亚,10,一般贸易,34,安徽省,470,千克,0,?,"6,286"
202001,2069000,其他冻杂碎（牛、猪杂碎除外）,601,澳大利亚,10,一般贸易,37,山东省,1408,千克,0,?,"43,454"
202001,2069000,其他冻杂碎（牛、猪杂碎除外）,601,澳大利亚,10,一般贸易,41,河南省,972,千克,0,?,"57,128"
202001,2069000,其他冻杂碎（牛、猪杂碎除外）,601,澳大利亚,10,一般贸易,43,湖南省,38322,千克,0,?,"1,532,696"
202001,2069000,其他冻杂碎（牛、猪杂碎除外）,601,澳大利亚,10,一般贸易,44,广东省,23913,千克,0,?,"417,094"
202001,2069000,其他冻杂碎（牛、猪杂碎除外）,601,澳大利亚,10,一般贸易,50,重庆市,160,千克,0,?,"2,295"
202001,2069000,其他冻杂碎（牛、猪杂碎除外）,601,澳大利亚,10,一般贸易,51,四川省,16445,千克,0,?,"437,422"
202001,2069000,其他冻杂碎（牛、猪杂碎除外）,601,澳大利亚,33,保税监管场所进出境货物,21,辽宁省,1019,千克,0,?,"14,225"
202001,2069000,其他冻杂碎（牛、猪杂碎除外）,609,新西兰,10,一般贸易,11,北京市,9980,千克,0,?,"569,083"
202001,2069000,其他冻杂碎（牛、猪杂碎除外）,609,新西兰,10,一般贸易,12,天津市,60614,千克,0,?,"1,856,922"
202001,2069000,其他冻杂碎（牛、猪杂碎除外）,609,新西兰,10,一般贸易,21,辽宁省,59649,千克,0,?,"2,989,493"
202001,2069000,其他冻杂碎（牛、猪杂碎除外）,609,新西兰,10,一般贸易,23,黑龙江省,56066,千克,0,?,"1,722,872"
202001,2069000,其他冻杂碎（牛、猪杂碎除外）,609,新西兰,10,一般贸易,31,上海市,5401,千克,0,?,"267,330"
202001,2069000,其他冻杂碎（牛、猪杂碎除外）,609,新西兰,10,一般贸易,37,山东省,55861,千克,0,?,"2,679,082"
202001,2069000,其他冻杂碎（牛、猪杂碎除外）,609,新西兰,10,一般贸易,43,湖南省,11540,千克,0,?,"533,735"
202001,2069000,其他冻杂碎（牛、猪杂碎除外）,609,新西兰,10,一般贸易,44,广东省,499,千克,0,?,"27,993"
202001,2069000,其他冻杂碎（牛、猪杂碎除外）,609,新西兰,10,一般贸易,50,重庆市,2729,千克,0,?,"151,623"
202001,2069000,其他冻杂碎（牛、猪杂碎除外）,609,新西兰,34,海关特殊监管区域物流货物,37,山东省,3535,千克,0,?,"137,513"
202001,2071200,"整只鸡,冻的",305,法国,10,一般贸易,31,上海市,936,千克,0,?,"55,748"
202001,2071200,"整只鸡,冻的",402,阿根廷,10,一般贸易,31,上海市,80988,千克,0,?,"838,665"
202001,2071200,"整只鸡,冻的",402,阿根廷,10,一般贸易,37,山东省,476063,千克,0,?,"4,186,313"
202001,2071200,"整只鸡,冻的",402,阿根廷,10,一般贸易,41,河南省,79996,千克,0,?,"983,791"
202001,2071200,"整只鸡,冻的",402,阿根廷,10,一般贸易,44,广东省,413977,千克,0,?,"3,979,609"
202001,2071200,"整只鸡,冻的",402,阿根廷,34,海关特殊监管区域物流货物,37,山东省,256497,千克,0,?,"1,676,871"
202001,2071200,"整只鸡,冻的",410,巴西,10,一般贸易,31,上海市,28002,千克,0,?,"303,687"
202001,2071311,鲜或冷的带骨鸡块,402,阿根廷,33,保税监管场所进出境货物,31,上海市,1920,千克,0,?,"18,724"
202001,2071411,带骨的冻鸡块,136,泰国,10,一般贸易,12,天津市,624468,千克,0,?,"8,936,101"
202001,2071411,带骨的冻鸡块,136,泰国,10,一般贸易,31,上海市,374939,千克,0,?,"4,797,895"
202001,2071411,带骨的冻鸡块,136,泰国,10,一般贸易,34,安徽省,120000,千克,0,?,"1,537,020"
202001,2071411,带骨的冻鸡块,136,泰国,10,一般贸易,37,山东省,664080,千克,0,?,"8,771,790"
202001,2071411,带骨的冻鸡块,136,泰国,10,一般贸易,41,河南省,373920,千克,0,?,"5,307,884"
202001,2071411,带骨的冻鸡块,136,泰国,10,一般贸易,44,广东省,1119384,千克,0,?,"14,535,658"
202001,2071411,带骨的冻鸡块,136,泰国,10,一般贸易,53,云南省,72000,千克,0,?,"908,037"
202001,2071411,带骨的冻鸡块,136,泰国,33,保税监管场所进出境货物,37,山东省,68976,千克,0,?,"837,435"
202001,2071411,带骨的冻鸡块,136,泰国,34,海关特殊监管区域物流货物,31,上海市,72000,千克,0,?,"909,519"
202001,2071411,带骨的冻鸡块,136,泰国,34,海关特殊监管区域物流货物,37,山东省,160944,千克,0,?,"1,954,015"
202001,2071411,带骨的冻鸡块,327,波兰,10,一般贸易,12,天津市,115800,千克,0,?,"1,354,581"
202001,2071411,带骨的冻鸡块,327,波兰,10,一般贸易,31,上海市,99000,千克,0,?,"973,233"
202001,2071411,带骨的冻鸡块,327,波兰,10,一般贸易,37,山东省,100000,千克,0,?,"913,853"
202001,2071411,带骨的冻鸡块,327,波兰,10,一般贸易,44,广东省,157200,千克,0,?,"1,558,473"
202001,2071411,带骨的冻鸡块,327,波兰,15,进料加工贸易,44,广东省,50000,千克,0,?,"564,255"
202001,2071411,带骨的冻鸡块,340,白俄罗斯,10,一般贸易,11,北京市,50880,千克,0,?,"784,185"
202001,2071411,带骨的冻鸡块,340,白俄罗斯,10,一般贸易,31,上海市,51990,千克,0,?,"598,580"
202001,2071411,带骨的冻鸡块,340,白俄罗斯,10,一般贸易,37,山东省,206766,千克,0,?,"2,985,414"
202001,2071411,带骨的冻鸡块,340,白俄罗斯,10,一般贸易,44,广东省,33362,千克,0,?,"486,253"
202001,2071411,带骨的冻鸡块,344,俄罗斯,10,一般贸易,12,天津市,27060,千克,0,?,"273,361"
202001,2071411,带骨的冻鸡块,344,俄罗斯,10,一般贸易,31,上海市,560300,千克,0,?,"7,000,789"
202001,2071411,带骨的冻鸡块,344,俄罗斯,10,一般贸易,34,安徽省,243360,千克,0,?,"2,728,545"
202001,2071411,带骨的冻鸡块,344,俄罗斯,10,一般贸易,37,山东省,27000,千克,0,?,"350,544"
202001,2071411,带骨的冻鸡块,344,俄罗斯,10,一般贸易,44,广东省,567900,千克,0,?,"6,631,143"
202001,2071411,带骨的冻鸡块,402,阿根廷,10,一般贸易,12,天津市,276255,千克,0,?,"2,508,927"
202001,2071411,带骨的冻鸡块,402,阿根廷,10,一般贸易,31,上海市,76080,千克,0,?,"878,335"
202001,2071411,带骨的冻鸡块,402,阿根廷,10,一般贸易,37,山东省,334255,千克,0,?,"3,057,564"
202001,2071411,带骨的冻鸡块,402,阿根廷,10,一般贸易,44,广东省,1079695,千克,0,?,"9,996,801"
202001,2071411,带骨的冻鸡块,402,阿根廷,34,海关特殊监管区域物流货物,37,山东省,76500,千克,0,?,"430,887"
202001,2071411,带骨的冻鸡块,410,巴西,10,一般贸易,12,天津市,1352355,千克,0,?,"14,684,383"
202001,2071411,带骨的冻鸡块,410,巴西,10,一般贸易,31,上海市,6078129,千克,0,?,"72,010,499"
202001,2071411,带骨的冻鸡块,410,巴西,10,一般贸易,32,江苏省,1054305,千克,0,?,"13,182,574"
202001,2071411,带骨的冻鸡块,410,巴西,10,一般贸易,33,浙江省,110580,千克,0,?,"1,281,722"
202001,2071411,带骨的冻鸡块,410,巴西,10,一般贸易,34,安徽省,333705,千克,0,?,"4,110,196"
202001,2071411,带骨的冻鸡块,410,巴西,10,一般贸易,35,福建省,27000,千克,0,?,"368,387"
202001,2071411,带骨的冻鸡块,410,巴西,10,一般贸易,37,山东省,1130415,千克,0,?,"13,001,308"
202001,2071411,带骨的冻鸡块,410,巴西,10,一般贸易,41,河南省,27810,千克,0,?,"318,123"
202001,2071411,带骨的冻鸡块,410,巴西,10,一般贸易,44,广东省,5271930,千克,0,?,"60,285,202"
202001,2071411,带骨的冻鸡块,410,巴西,15,进料加工贸易,41,河南省,439920,千克,0,?,"4,903,519"
202001,2071411,带骨的冻鸡块,410,巴西,33,保税监管场所进出境货物,37,山东省,189000,千克,0,?,"1,956,600"
202001,2071411,带骨的冻鸡块,410,巴西,34,海关特殊监管区域物流货物,31,上海市,81000,千克,0,?,"824,250"
202001,2071411,带骨的冻鸡块,410,巴西,34,海关特殊监管区域物流货物,37,山东省,1377000,千克,0,?,"15,696,017"
202001,2071411,带骨的冻鸡块,412,智利,10,一般贸易,12,天津市,96000,千克,0,?,"982,846"
202001,2071411,带骨的冻鸡块,412,智利,10,一般贸易,31,上海市,167700,千克,0,?,"2,386,940"
202001,2071411,带骨的冻鸡块,412,智利,10,一般贸易,35,福建省,23670,千克,0,?,"233,054"
202001,2071411,带骨的冻鸡块,412,智利,10,一般贸易,37,山东省,48000,千克,0,?,"486,984"
202001,2071411,带骨的冻鸡块,412,智利,10,一般贸易,44,广东省,48000,千克,0,?,"654,910"
202001,2071419,其他冻鸡块,136,泰国,10,一般贸易,12,天津市,72000,千克,0,?,"1,076,025"
202001,2071419,其他冻鸡块,136,泰国,10,一般贸易,31,上海市,62037,千克,0,?,"1,074,580"
202001,2071419,其他冻鸡块,136,泰国,10,一般贸易,37,山东省,307980,千克,0,?,"5,011,833"
202001,2071419,其他冻鸡块,136,泰国,10,一般贸易,44,广东省,46812,千克,0,?,"687,052"
202001,2071419,其他冻鸡块,136,泰国,33,保税监管场所进出境货物,37,山东省,459840,千克,0,?,"7,874,145"
202001,2071419,其他冻鸡块,136,泰国,34,海关特殊监管区域物流货物,37,山东省,68976,千克,0,?,"1,229,529"
202001,2071419,其他冻鸡块,402,阿根廷,10,一般贸易,12,天津市,104040,千克,0,?,"1,689,548"
202001,2071419,其他冻鸡块,402,阿根廷,10,一般贸易,31,上海市,50010,千克,0,?,"752,318"
202001,2071419,其他冻鸡块,402,阿根廷,10,一般贸易,37,山东省,50010,千克,0,?,"667,618"
202001,2071419,其他冻鸡块,402,阿根廷,10,一般贸易,51,四川省,25500,千克,0,?,"384,756"
202001,2071419,其他冻鸡块,410,巴西,10,一般贸易,12,天津市,1168905,千克,0,?,"15,174,510"
202001,2071419,其他冻鸡块,410,巴西,10,一般贸易,31,上海市,1826463,千克,0,?,"25,593,528"
202001,2071419,其他冻鸡块,410,巴西,10,一般贸易,32,江苏省,499680,千克,0,?,"7,350,030"
202001,2071419,其他冻鸡块,410,巴西,10,一般贸易,34,安徽省,27525,千克,0,?,"356,469"
202001,2071419,其他冻鸡块,410,巴西,10,一般贸易,35,福建省,27000,千克,0,?,"369,171"
202001,2071419,其他冻鸡块,410,巴西,10,一般贸易,37,山东省,386460,千克,0,?,"5,322,583"
202001,2071419,其他冻鸡块,410,巴西,10,一般贸易,41,河南省,81000,千克,0,?,"1,044,707"
202001,2071419,其他冻鸡块,410,巴西,10,一般贸易,43,湖南省,135000,千克,0,?,"1,823,043"
202001,2071419,其他冻鸡块,410,巴西,10,一般贸易,44,广东省,990420,千克,0,?,"14,281,646"
202001,2071419,其他冻鸡块,410,巴西,33,保税监管场所进出境货物,37,山东省,81000,千克,0,?,"1,267,641"
202001,2071419,其他冻鸡块,412,智利,10,一般贸易,31,上海市,191480,千克,0,?,"3,381,924"
202001,2071419,其他冻鸡块,412,智利,10,一般贸易,37,山东省,48000,千克,0,?,"705,288"
202001,2071419,其他冻鸡块,412,智利,10,一般贸易,44,广东省,24000,千克,0,?,"369,436"
202001,2071421,冻鸡翼（不包括翼尖）,136,泰国,10,一般贸易,12,天津市,72000,千克,0,?,"2,460,086"
202001,2071421,冻鸡翼（不包括翼尖）,136,泰国,10,一般贸易,13,河北省,96000,千克,0,?,"3,100,750"
202001,2071421,冻鸡翼（不包括翼尖）,136,泰国,10,一般贸易,31,上海市,206884,千克,0,?,"6,250,138"
202001,2071421,冻鸡翼（不包括翼尖）,136,泰国,10,一般贸易,32,江苏省,18000,千克,0,?,"789,250"
202001,2071421,冻鸡翼（不包括翼尖）,136,泰国,10,一般贸易,34,安徽省,12000,千克,0,?,"417,136"
202001,2071421,冻鸡翼（不包括翼尖）,136,泰国,10,一般贸易,37,山东省,159624,千克,0,?,"3,943,859"
202001,2071421,冻鸡翼（不包括翼尖）,136,泰国,10,一般贸易,41,河南省,18000,千克,0,?,"614,768"
202001,2071421,冻鸡翼（不包括翼尖）,136,泰国,10,一般贸易,44,广东省,734657,千克,0,?,"19,282,885"
202001,2071421,冻鸡翼（不包括翼尖）,136,泰国,10,一般贸易,53,云南省,292320,千克,0,?,"8,050,079"
202001,2071421,冻鸡翼（不包括翼尖）,305,法国,10,一般贸易,12,天津市,25200,千克,0,?,"485,603"
202001,2071421,冻鸡翼（不包括翼尖）,305,法国,10,一般贸易,44,广东省,252000,千克,0,?,"5,512,469"
202001,2071421,冻鸡翼（不包括翼尖）,327,波兰,10,一般贸易,12,天津市,261300,千克,0,?,"7,556,164"
202001,2071421,冻鸡翼（不包括翼尖）,327,波兰,10,一般贸易,31,上海市,22200,千克,0,?,"746,082"
202001,2071421,冻鸡翼（不包括翼尖）,327,波兰,10,一般贸易,34,安徽省,44400,千克,0,?,"683,798"
202001,2071421,冻鸡翼（不包括翼尖）,327,波兰,10,一般贸易,37,山东省,100300,千克,0,?,"2,158,497"
202001,2071421,冻鸡翼（不包括翼尖）,327,波兰,10,一般贸易,44,广东省,417450,千克,0,?,"9,550,599"
202001,2071421,冻鸡翼（不包括翼尖）,327,波兰,10,一般贸易,50,重庆市,25000,千克,0,?,"350,370"
202001,2071421,冻鸡翼（不包括翼尖）,340,白俄罗斯,10,一般贸易,11,北京市,50628,千克,0,?,"1,068,460"
202001,2071421,冻鸡翼（不包括翼尖）,340,白俄罗斯,10,一般贸易,12,天津市,180358,千克,0,?,"4,334,120"
202001,2071421,冻鸡翼（不包括翼尖）,340,白俄罗斯,10,一般贸易,31,上海市,51996,千克,0,?,"1,045,647"
202001,2071421,冻鸡翼（不包括翼尖）,340,白俄罗斯,10,一般贸易,37,山东省,426768,千克,0,?,"12,817,700"
202001,2071421,冻鸡翼（不包括翼尖）,340,白俄罗斯,10,一般贸易,44,广东省,127890,千克,0,?,"3,054,912"
202001,2071421,冻鸡翼（不包括翼尖）,340,白俄罗斯,10,一般贸易,50,重庆市,54000,千克,0,?,"1,704,105"
202001,2071421,冻鸡翼（不包括翼尖）,344,俄罗斯,10,一般贸易,11,北京市,27030,千克,0,?,"380,195"
202001,2071421,冻鸡翼（不包括翼尖）,344,俄罗斯,10,一般贸易,12,天津市,458436,千克,0,?,"9,761,929"
202001,2071421,冻鸡翼（不包括翼尖）,344,俄罗斯,10,一般贸易,31,上海市,297526,千克,0,?,"5,331,733"
202001,2071421,冻鸡翼（不包括翼尖）,344,俄罗斯,10,一般贸易,34,安徽省,108060,千克,0,?,"2,415,454"
202001,2071421,冻鸡翼（不包括翼尖）,344,俄罗斯,10,一般贸易,37,山东省,647077,千克,0,?,"15,548,848"
202001,2071421,冻鸡翼（不包括翼尖）,344,俄罗斯,10,一般贸易,44,广东省,1103139,千克,0,?,"24,790,813"
202001,2071421,冻鸡翼（不包括翼尖）,344,俄罗斯,34,海关特殊监管区域物流货物,31,上海市,51192,千克,0,?,"1,329,262"
202001,2071421,冻鸡翼（不包括翼尖）,344,俄罗斯,34,海关特殊监管区域物流货物,37,山东省,54000,千克,0,?,"890,570"
202001,2071421,冻鸡翼（不包括翼尖）,344,俄罗斯,34,海关特殊监管区域物流货物,44,广东省,25596,千克,0,?,"537,278"
202001,2071421,冻鸡翼（不包括翼尖）,402,阿根廷,10,一般贸易,12,天津市,134010,千克,0,?,"3,052,881"
202001,2071421,冻鸡翼（不包括翼尖）,402,阿根廷,10,一般贸易,21,辽宁省,25950,千克,0,?,"455,286"
202001,2071421,冻鸡翼（不包括翼尖）,402,阿根廷,10,一般贸易,31,上海市,80425,千克,0,?,"1,778,636"
202001,2071421,冻鸡翼（不包括翼尖）,402,阿根廷,10,一般贸易,37,山东省,446055,千克,0,?,"9,214,752"
202001,2071421,冻鸡翼（不包括翼尖）,402,阿根廷,10,一般贸易,44,广东省,2675640,千克,0,?,"56,917,853"
202001,2071421,冻鸡翼（不包括翼尖）,402,阿根廷,34,海关特殊监管区域物流货物,37,山东省,130050,千克,0,?,"1,735,725"
202001,2071421,冻鸡翼（不包括翼尖）,410,巴西,10,一般贸易,12,天津市,1482945,千克,0,?,"34,319,306"
202001,2071421,冻鸡翼（不包括翼尖）,410,巴西,10,一般贸易,31,上海市,2735571,千克,0,?,"76,379,105"
202001,2071421,冻鸡翼（不包括翼尖）,410,巴西,10,一般贸易,32,江苏省,109635,千克,0,?,"2,911,516"
202001,2071421,冻鸡翼（不包括翼尖）,410,巴西,10,一般贸易,33,浙江省,276810,千克,0,?,"6,338,147"
202001,2071421,冻鸡翼（不包括翼尖）,410,巴西,10,一般贸易,34,安徽省,1292206,千克,0,?,"33,188,619"
202001,2071421,冻鸡翼（不包括翼尖）,410,巴西,10,一般贸易,37,山东省,1304001,千克,0,?,"36,171,809"
202001,2071421,冻鸡翼（不包括翼尖）,410,巴西,10,一般贸易,41,河南省,27000,千克,0,?,"1,023,208"
202001,2071421,冻鸡翼（不包括翼尖）,410,巴西,10,一般贸易,44,广东省,7716036,千克,0,?,"213,898,096"
202001,2071421,冻鸡翼（不包括翼尖）,412,智利,10,一般贸易,12,天津市,23998,千克,0,?,"202,038"
202001,2071421,冻鸡翼（不包括翼尖）,412,智利,10,一般贸易,31,上海市,39600,千克,0,?,"841,104"
202001,2071421,冻鸡翼（不包括翼尖）,412,智利,10,一般贸易,41,河南省,23982,千克,0,?,"201,357"
202001,2071421,冻鸡翼（不包括翼尖）,412,智利,10,一般贸易,44,广东省,503733,千克,0,?,"12,610,848"
202001,2071422,冻鸡爪,136,泰国,10,一般贸易,12,天津市,96000,千克,0,?,"2,624,583"
202001,2071422,冻鸡爪,136,泰国,10,一般贸易,31,上海市,241628,千克,0,?,"5,722,292"
202001,2071422,冻鸡爪,136,泰国,10,一般贸易,34,安徽省,72000,千克,0,?,"2,018,436"
202001,2071422,冻鸡爪,136,泰国,10,一般贸易,37,山东省,120000,千克,0,?,"3,405,474"
202001,2071422,冻鸡爪,136,泰国,10,一般贸易,41,河南省,24000,千克,0,?,"690,560"
202001,2071422,冻鸡爪,136,泰国,10,一般贸易,44,广东省,732132,千克,0,?,"17,487,607"
202001,2071422,冻鸡爪,136,泰国,10,一般贸易,53,云南省,168804,千克,0,?,"3,669,342"
202001,2071422,冻鸡爪,305,法国,10,一般贸易,44,广东省,109200,千克,0,?,"1,505,938"
202001,2071422,冻鸡爪,344,俄罗斯,10,一般贸易,11,北京市,28005,千克,0,?,"854,932"
202001,2071422,冻鸡爪,344,俄罗斯,10,一般贸易,12,天津市,574516,千克,0,?,"12,641,753"
202001,2071422,冻鸡爪,344,俄罗斯,10,一般贸易,23,黑龙江省,76788,千克,0,?,"1,076,844"
202001,2071422,冻鸡爪,344,俄罗斯,10,一般贸易,31,上海市,747998,千克,0,?,"15,878,093"
202001,2071422,冻鸡爪,344,俄罗斯,10,一般贸易,32,江苏省,27000,千克,0,?,"604,532"
202001,2071422,冻鸡爪,344,俄罗斯,10,一般贸易,34,安徽省,188940,千克,0,?,"4,081,634"
202001,2071422,冻鸡爪,344,俄罗斯,10,一般贸易,35,福建省,55005,千克,0,?,"1,092,456"
202001,2071422,冻鸡爪,344,俄罗斯,10,一般贸易,36,江西省,54000,千克,0,?,"1,171,282"
202001,2071422,冻鸡爪,344,俄罗斯,10,一般贸易,37,山东省,492062,千克,0,?,"8,900,298"
202001,2071422,冻鸡爪,344,俄罗斯,10,一般贸易,44,广东省,1625090,千克,0,?,"31,014,772"
202001,2071422,冻鸡爪,344,俄罗斯,10,一般贸易,50,重庆市,27000,千克,0,?,"547,857"
202001,2071422,冻鸡爪,344,俄罗斯,10,一般贸易,65,新疆维吾尔自治区,18000,千克,0,?,"316,120"
202001,2071422,冻鸡爪,344,俄罗斯,34,海关特殊监管区域物流货物,21,辽宁省,52352,千克,0,?,"494,841"
202001,2071422,冻鸡爪,344,俄罗斯,34,海关特殊监管区域物流货物,37,山东省,513000,千克,0,?,"6,053,219"
202001,2071422,冻鸡爪,402,阿根廷,10,一般贸易,12,天津市,54000,千克,0,?,"1,383,559"
202001,2071422,冻鸡爪,402,阿根廷,10,一般贸易,21,辽宁省,25500,千克,0,?,"635,295"
202001,2071422,冻鸡爪,402,阿根廷,10,一般贸易,31,上海市,54800,千克,0,?,"1,563,024"
202001,2071422,冻鸡爪,402,阿根廷,10,一般贸易,37,山东省,280920,千克,0,?,"6,098,588"
202001,2071422,冻鸡爪,402,阿根廷,10,一般贸易,44,广东省,1775260,千克,0,?,"44,368,334"
202001,2071422,冻鸡爪,410,巴西,10,一般贸易,12,天津市,27804,千克,0,?,"603,679"
202001,2071422,冻鸡爪,410,巴西,10,一般贸易,21,辽宁省,27000,千克,0,?,"483,182"
202001,2071422,冻鸡爪,410,巴西,10,一般贸易,31,上海市,3261129,千克,0,?,"77,198,054"
202001,2071422,冻鸡爪,410,巴西,10,一般贸易,32,江苏省,560751,千克,0,?,"12,269,774"
202001,2071422,冻鸡爪,410,巴西,10,一般贸易,33,浙江省,110133,千克,0,?,"2,894,418"
202001,2071422,冻鸡爪,410,巴西,10,一般贸易,34,安徽省,244395,千克,0,?,"6,458,069"
202001,2071422,冻鸡爪,410,巴西,10,一般贸易,37,山东省,478518,千克,0,?,"11,274,351"
202001,2071422,冻鸡爪,410,巴西,10,一般贸易,41,河南省,54000,千克,0,?,"1,146,306"
202001,2071422,冻鸡爪,410,巴西,10,一般贸易,44,广东省,3419496,千克,0,?,"80,172,224"
202001,2071422,冻鸡爪,410,巴西,10,一般贸易,50,重庆市,27000,千克,0,?,"651,761"
202001,2071422,冻鸡爪,412,智利,10,一般贸易,31,上海市,459220,千克,0,?,"14,784,474"
202001,2071422,冻鸡爪,412,智利,10,一般贸易,44,广东省,358688,千克,0,?,"9,347,775"
202001,2071422,冻鸡爪,502,美国,10,一般贸易,31,上海市,149250,千克,0,?,"1,571,051"
202001,2071429,其他冻鸡杂碎,136,泰国,10,一般贸易,12,天津市,36000,千克,0,?,"484,925"
202001,2071429,其他冻鸡杂碎,136,泰国,10,一般贸易,13,河北省,24000,千克,0,?,"993,733"
202001,2071429,其他冻鸡杂碎,136,泰国,10,一般贸易,31,上海市,58212,千克,0,?,"1,285,346"
202001,2071429,其他冻鸡杂碎,136,泰国,10,一般贸易,32,江苏省,6000,千克,0,?,"163,727"
202001,2071429,其他冻鸡杂碎,136,泰国,10,一般贸易,34,安徽省,36000,千克,0,?,"1,166,429"
202001,2071429,其他冻鸡杂碎,136,泰国,10,一般贸易,37,山东省,29880,千克,0,?,"404,820"
202001,2071429,其他冻鸡杂碎,136,泰国,10,一般贸易,41,河南省,6000,千克,0,?,"80,004"
202001,2071429,其他冻鸡杂碎,136,泰国,10,一般贸易,44,广东省,318060,千克,0,?,"7,138,819"
202001,2071429,其他冻鸡杂碎,136,泰国,10,一般贸易,53,云南省,24000,千克,0,?,"618,810"
202001,2071429,其他冻鸡杂碎,344,俄罗斯,10,一般贸易,12,天津市,101070,千克,0,?,"1,883,588"
202001,2071429,其他冻鸡杂碎,344,俄罗斯,10,一般贸易,34,安徽省,27060,千克,0,?,"493,751"
202001,2071429,其他冻鸡杂碎,344,俄罗斯,10,一般贸易,37,山东省,48221,千克,0,?,"487,932"
202001,2071429,其他冻鸡杂碎,344,俄罗斯,10,一般贸易,43,湖南省,27000,千克,0,?,"600,833"
202001,2071429,其他冻鸡杂碎,344,俄罗斯,10,一般贸易,44,广东省,45212,千克,0,?,"884,252"
202001,2071429,其他冻鸡杂碎,402,阿根廷,10,一般贸易,21,辽宁省,27000,千克,0,?,"161,061"
202001,2071429,其他冻鸡杂碎,402,阿根廷,10,一般贸易,44,广东省,417295,千克,0,?,"3,604,282"
202001,2071429,其他冻鸡杂碎,410,巴西,10,一般贸易,12,天津市,128680,千克,0,?,"789,771"
202001,2071429,其他冻鸡杂碎,410,巴西,10,一般贸易,31,上海市,510123,千克,0,?,"9,056,232"
202001,2071429,其他冻鸡杂碎,410,巴西,10,一般贸易,32,江苏省,414609,千克,0,?,"2,178,326"
202001,2071429,其他冻鸡杂碎,410,巴西,10,一般贸易,33,浙江省,55335,千克,0,?,"387,435"
202001,2071429,其他冻鸡杂碎,410,巴西,10,一般贸易,34,安徽省,87330,千克,0,?,"1,642,146"
202001,2071429,其他冻鸡杂碎,410,巴西,10,一般贸易,37,山东省,496344,千克,0,?,"4,980,039"
202001,2071429,其他冻鸡杂碎,410,巴西,10,一般贸易,41,河南省,27990,千克,0,?,"101,838"
202001,2071429,其他冻鸡杂碎,410,巴西,10,一般贸易,44,广东省,1389147,千克,0,?,"25,329,104"
202001,2071429,其他冻鸡杂碎,410,巴西,10,一般贸易,50,重庆市,27000,千克,0,?,"109,571"
202001,2071429,其他冻鸡杂碎,410,巴西,34,海关特殊监管区域物流货物,31,上海市,27990,千克,0,?,"94,287"
202001,2071429,其他冻鸡杂碎,410,巴西,34,海关特殊监管区域物流货物,37,山东省,55620,千克,0,?,"233,500"
202001,2071429,其他冻鸡杂碎,412,智利,10,一般贸易,12,天津市,68963,千克,0,?,"891,964"
202001,2071429,其他冻鸡杂碎,412,智利,10,一般贸易,31,上海市,144000,千克,0,?,"3,302,592"
202001,2071429,其他冻鸡杂碎,412,智利,10,一般贸易,44,广东省,51391,千克,0,?,"649,706"
202001,2071429,其他冻鸡杂碎,502,美国,10,一般贸易,31,上海市,270,千克,0,?,"3,091"
202001,2072700,"火鸡块及杂碎,冻的",307,意大利,33,保税监管场所进出境货物,31,上海市,596,千克,0,?,"23,236"
202001,2072700,"火鸡块及杂碎,冻的",327,波兰,10,一般贸易,12,天津市,24000,千克,0,?,"520,590"
202001,2072700,"火鸡块及杂碎,冻的",327,波兰,10,一般贸易,37,山东省,335145,千克,0,?,"7,083,442"
202001,2072700,"火鸡块及杂碎,冻的",327,波兰,10,一般贸易,44,广东省,47730,千克,0,?,"783,961"
202001,2072700,"火鸡块及杂碎,冻的",344,俄罗斯,10,一般贸易,44,广东省,53428,千克,0,?,"778,051"
202001,2072700,"火鸡块及杂碎,冻的",412,智利,10,一般贸易,31,上海市,623325,千克,0,?,"13,555,147"
202001,2072700,"火鸡块及杂碎,冻的",412,智利,10,一般贸易,37,山东省,23108,千克,0,?,"518,941"
202001,2072700,"火鸡块及杂碎,冻的",412,智利,10,一般贸易,44,广东省,48005,千克,0,?,"979,550"
202001,2089090,其他鲜、冷、冻的肉及食用杂碎,601,澳大利亚,10,一般贸易,21,辽宁省,4417,千克,0,?,"212,132"
202001,2089090,其他鲜、冷、冻的肉及食用杂碎,609,新西兰,10,一般贸易,11,北京市,1018,千克,0,?,"59,309"
202001,2089090,其他鲜、冷、冻的肉及食用杂碎,609,新西兰,10,一般贸易,12,天津市,49302,千克,0,?,"2,169,190"
202001,2089090,其他鲜、冷、冻的肉及食用杂碎,609,新西兰,10,一般贸易,21,辽宁省,72315,千克,0,?,"3,596,221"
202001,2089090,其他鲜、冷、冻的肉及食用杂碎,609,新西兰,10,一般贸易,23,黑龙江省,2940,千克,0,?,"241,248"
202001,2089090,其他鲜、冷、冻的肉及食用杂碎,609,新西兰,10,一般贸易,44,广东省,11866,千克,0,?,"624,088"
202001,2091000,"未炼制或用其他方法提取的不带瘦肉的肥猪肉、猪脂肪,鲜、冷、冻、干、熏、盐腌或盐渍的",302,丹麦,10,一般贸易,12,天津市,649885,千克,0,?,"9,403,280"
202001,2091000,"未炼制或用其他方法提取的不带瘦肉的肥猪肉、猪脂肪,鲜、冷、冻、干、熏、盐腌或盐渍的",302,丹麦,10,一般贸易,34,安徽省,53340,千克,0,?,"681,418"
202001,2091000,"未炼制或用其他方法提取的不带瘦肉的肥猪肉、猪脂肪,鲜、冷、冻、干、熏、盐腌或盐渍的",302,丹麦,10,一般贸易,37,山东省,54180,千克,0,?,"890,867"
202001,2091000,"未炼制或用其他方法提取的不带瘦肉的肥猪肉、猪脂肪,鲜、冷、冻、干、熏、盐腌或盐渍的",302,丹麦,10,一般贸易,44,广东省,406310,千克,0,?,"5,382,457"
202001,2091000,"未炼制或用其他方法提取的不带瘦肉的肥猪肉、猪脂肪,鲜、冷、冻、干、熏、盐腌或盐渍的",303,英国,10,一般贸易,12,天津市,73190,千克,0,?,"618,244"
202001,2091000,"未炼制或用其他方法提取的不带瘦肉的肥猪肉、猪脂肪,鲜、冷、冻、干、熏、盐腌或盐渍的",303,英国,10,一般贸易,31,上海市,73000,千克,0,?,"434,157"
202001,2091000,"未炼制或用其他方法提取的不带瘦肉的肥猪肉、猪脂肪,鲜、冷、冻、干、熏、盐腌或盐渍的",303,英国,10,一般贸易,37,山东省,97840,千克,0,?,"993,064"
202001,2091000,"未炼制或用其他方法提取的不带瘦肉的肥猪肉、猪脂肪,鲜、冷、冻、干、熏、盐腌或盐渍的",303,英国,10,一般贸易,44,广东省,144740,千克,0,?,"1,462,496"
202001,2091000,"未炼制或用其他方法提取的不带瘦肉的肥猪肉、猪脂肪,鲜、冷、冻、干、熏、盐腌或盐渍的",304,德国,10,一般贸易,11,北京市,109958,千克,0,?,"1,181,745"
202001,2091000,"未炼制或用其他方法提取的不带瘦肉的肥猪肉、猪脂肪,鲜、冷、冻、干、熏、盐腌或盐渍的",304,德国,10,一般贸易,12,天津市,96152,千克,0,?,"1,311,893"
202001,2091000,"未炼制或用其他方法提取的不带瘦肉的肥猪肉、猪脂肪,鲜、冷、冻、干、熏、盐腌或盐渍的",304,德国,10,一般贸易,21,辽宁省,54075,千克,0,?,"643,207"
202001,2091000,"未炼制或用其他方法提取的不带瘦肉的肥猪肉、猪脂肪,鲜、冷、冻、干、熏、盐腌或盐渍的",304,德国,10,一般贸易,31,上海市,54580,千克,0,?,"817,496"
202001,2091000,"未炼制或用其他方法提取的不带瘦肉的肥猪肉、猪脂肪,鲜、冷、冻、干、熏、盐腌或盐渍的",304,德国,10,一般贸易,32,江苏省,48645,千克,0,?,"418,645"
202001,2091000,"未炼制或用其他方法提取的不带瘦肉的肥猪肉、猪脂肪,鲜、冷、冻、干、熏、盐腌或盐渍的",304,德国,10,一般贸易,33,浙江省,24379,千克,0,?,"209,808"
202001,2091000,"未炼制或用其他方法提取的不带瘦肉的肥猪肉、猪脂肪,鲜、冷、冻、干、熏、盐腌或盐渍的",304,德国,10,一般贸易,34,安徽省,25703,千克,0,?,"153,193"
202001,2091000,"未炼制或用其他方法提取的不带瘦肉的肥猪肉、猪脂肪,鲜、冷、冻、干、熏、盐腌或盐渍的",304,德国,10,一般贸易,37,山东省,182367,千克,0,?,"1,955,205"
202001,2091000,"未炼制或用其他方法提取的不带瘦肉的肥猪肉、猪脂肪,鲜、冷、冻、干、熏、盐腌或盐渍的",304,德国,10,一般贸易,43,湖南省,24000,千克,0,?,"184,718"
202001,2091000,"未炼制或用其他方法提取的不带瘦肉的肥猪肉、猪脂肪,鲜、冷、冻、干、熏、盐腌或盐渍的",304,德国,10,一般贸易,44,广东省,337389,千克,0,?,"2,948,295"
202001,2091000,"未炼制或用其他方法提取的不带瘦肉的肥猪肉、猪脂肪,鲜、冷、冻、干、熏、盐腌或盐渍的",305,法国,10,一般贸易,12,天津市,97126,千克,0,?,"1,183,814"
202001,2091000,"未炼制或用其他方法提取的不带瘦肉的肥猪肉、猪脂肪,鲜、冷、冻、干、熏、盐腌或盐渍的",305,法国,10,一般贸易,31,上海市,50000,千克,0,?,"629,722"
202001,2091000,"未炼制或用其他方法提取的不带瘦肉的肥猪肉、猪脂肪,鲜、冷、冻、干、熏、盐腌或盐渍的",305,法国,10,一般贸易,34,安徽省,23992,千克,0,?,"293,749"
202001,2091000,"未炼制或用其他方法提取的不带瘦肉的肥猪肉、猪脂肪,鲜、冷、冻、干、熏、盐腌或盐渍的",305,法国,10,一般贸易,37,山东省,174540,千克,0,?,"2,334,867"
202001,2091000,"未炼制或用其他方法提取的不带瘦肉的肥猪肉、猪脂肪,鲜、冷、冻、干、熏、盐腌或盐渍的",305,法国,10,一般贸易,44,广东省,25000,千克,0,?,"320,376"
202001,2091000,"未炼制或用其他方法提取的不带瘦肉的肥猪肉、猪脂肪,鲜、冷、冻、干、熏、盐腌或盐渍的",306,爱尔兰,10,一般贸易,12,天津市,52020,千克,0,?,"213,804"
202001,2091000,"未炼制或用其他方法提取的不带瘦肉的肥猪肉、猪脂肪,鲜、冷、冻、干、熏、盐腌或盐渍的",306,爱尔兰,10,一般贸易,37,山东省,82650,千克,0,?,"767,397"
202001,2091000,"未炼制或用其他方法提取的不带瘦肉的肥猪肉、猪脂肪,鲜、冷、冻、干、熏、盐腌或盐渍的",306,爱尔兰,10,一般贸易,43,湖南省,26100,千克,0,?,"420,024"
202001,2091000,"未炼制或用其他方法提取的不带瘦肉的肥猪肉、猪脂肪,鲜、冷、冻、干、熏、盐腌或盐渍的",306,爱尔兰,10,一般贸易,50,重庆市,10000,千克,0,?,"89,560"
202001,2091000,"未炼制或用其他方法提取的不带瘦肉的肥猪肉、猪脂肪,鲜、冷、冻、干、熏、盐腌或盐渍的",307,意大利,10,一般贸易,31,上海市,23600,千克,0,?,"336,568"
202001,2091000,"未炼制或用其他方法提取的不带瘦肉的肥猪肉、猪脂肪,鲜、冷、冻、干、熏、盐腌或盐渍的",307,意大利,10,一般贸易,32,江苏省,25000,千克,0,?,"236,854"
202001,2091000,"未炼制或用其他方法提取的不带瘦肉的肥猪肉、猪脂肪,鲜、冷、冻、干、熏、盐腌或盐渍的",309,荷兰,10,一般贸易,12,天津市,54237,千克,0,?,"579,009"
202001,2091000,"未炼制或用其他方法提取的不带瘦肉的肥猪肉、猪脂肪,鲜、冷、冻、干、熏、盐腌或盐渍的",309,荷兰,10,一般贸易,31,上海市,108547,千克,0,?,"1,168,889"
202001,2091000,"未炼制或用其他方法提取的不带瘦肉的肥猪肉、猪脂肪,鲜、冷、冻、干、熏、盐腌或盐渍的",309,荷兰,10,一般贸易,32,江苏省,27415,千克,0,?,"354,867"
202001,2091000,"未炼制或用其他方法提取的不带瘦肉的肥猪肉、猪脂肪,鲜、冷、冻、干、熏、盐腌或盐渍的",309,荷兰,10,一般贸易,43,湖南省,82102,千克,0,?,"919,114"
202001,2091000,"未炼制或用其他方法提取的不带瘦肉的肥猪肉、猪脂肪,鲜、冷、冻、干、熏、盐腌或盐渍的",309,荷兰,10,一般贸易,44,广东省,272600,千克,0,?,"2,586,049"
202001,2091000,"未炼制或用其他方法提取的不带瘦肉的肥猪肉、猪脂肪,鲜、冷、冻、干、熏、盐腌或盐渍的",312,西班牙,10,一般贸易,11,北京市,70921,千克,0,?,"964,350"
202001,2091000,"未炼制或用其他方法提取的不带瘦肉的肥猪肉、猪脂肪,鲜、冷、冻、干、熏、盐腌或盐渍的",312,西班牙,10,一般贸易,12,天津市,1128793,千克,0,?,"15,520,436"
202001,2091000,"未炼制或用其他方法提取的不带瘦肉的肥猪肉、猪脂肪,鲜、冷、冻、干、熏、盐腌或盐渍的",312,西班牙,10,一般贸易,21,辽宁省,50168,千克,0,?,"649,387"
202001,2091000,"未炼制或用其他方法提取的不带瘦肉的肥猪肉、猪脂肪,鲜、冷、冻、干、熏、盐腌或盐渍的",312,西班牙,10,一般贸易,31,上海市,225191,千克,0,?,"2,966,778"
202001,2091000,"未炼制或用其他方法提取的不带瘦肉的肥猪肉、猪脂肪,鲜、冷、冻、干、熏、盐腌或盐渍的",312,西班牙,10,一般贸易,32,江苏省,74321,千克,0,?,"772,251"
202001,2091000,"未炼制或用其他方法提取的不带瘦肉的肥猪肉、猪脂肪,鲜、冷、冻、干、熏、盐腌或盐渍的",312,西班牙,10,一般贸易,33,浙江省,78127,千克,0,?,"1,196,937"
202001,2091000,"未炼制或用其他方法提取的不带瘦肉的肥猪肉、猪脂肪,鲜、冷、冻、干、熏、盐腌或盐渍的",312,西班牙,10,一般贸易,35,福建省,138927,千克,0,?,"2,335,480"
202001,2091000,"未炼制或用其他方法提取的不带瘦肉的肥猪肉、猪脂肪,鲜、冷、冻、干、熏、盐腌或盐渍的",312,西班牙,10,一般贸易,37,山东省,252300,千克,0,?,"3,703,259"
202001,2091000,"未炼制或用其他方法提取的不带瘦肉的肥猪肉、猪脂肪,鲜、冷、冻、干、熏、盐腌或盐渍的",312,西班牙,10,一般贸易,41,河南省,25110,千克,0,?,"398,255"
202001,2091000,"未炼制或用其他方法提取的不带瘦肉的肥猪肉、猪脂肪,鲜、冷、冻、干、熏、盐腌或盐渍的",312,西班牙,10,一般贸易,44,广东省,100540,千克,0,?,"1,404,002"
202001,2091000,"未炼制或用其他方法提取的不带瘦肉的肥猪肉、猪脂肪,鲜、冷、冻、干、熏、盐腌或盐渍的",312,西班牙,10,一般贸易,51,四川省,25200,千克,0,?,"458,437"
202001,2091000,"未炼制或用其他方法提取的不带瘦肉的肥猪肉、猪脂肪,鲜、冷、冻、干、熏、盐腌或盐渍的",312,西班牙,15,进料加工贸易,37,山东省,51000,千克,0,?,"975,311"
202001,2091000,"未炼制或用其他方法提取的不带瘦肉的肥猪肉、猪脂肪,鲜、冷、冻、干、熏、盐腌或盐渍的",312,西班牙,15,进料加工贸易,41,河南省,24820,千克,0,?,"291,754"
202001,2091000,"未炼制或用其他方法提取的不带瘦肉的肥猪肉、猪脂肪,鲜、冷、冻、干、熏、盐腌或盐渍的",312,西班牙,34,海关特殊监管区域物流货物,12,天津市,20630,千克,0,?,"284,355"
202001,2091000,"未炼制或用其他方法提取的不带瘦肉的肥猪肉、猪脂肪,鲜、冷、冻、干、熏、盐腌或盐渍的",312,西班牙,34,海关特殊监管区域物流货物,31,上海市,26309,千克,0,?,"395,782"
202001,2091000,"未炼制或用其他方法提取的不带瘦肉的肥猪肉、猪脂肪,鲜、冷、冻、干、熏、盐腌或盐渍的",312,西班牙,34,海关特殊监管区域物流货物,37,山东省,12354,千克,0,?,"96,380"
202001,2091000,"未炼制或用其他方法提取的不带瘦肉的肥猪肉、猪脂肪,鲜、冷、冻、干、熏、盐腌或盐渍的",315,奥地利,10,一般贸易,12,天津市,48002,千克,0,?,"622,017"
202001,2091000,"未炼制或用其他方法提取的不带瘦肉的肥猪肉、猪脂肪,鲜、冷、冻、干、熏、盐腌或盐渍的",315,奥地利,10,一般贸易,44,广东省,23995,千克,0,?,"311,224"
202001,2091000,"未炼制或用其他方法提取的不带瘦肉的肥猪肉、猪脂肪,鲜、冷、冻、干、熏、盐腌或盐渍的",318,芬兰,10,一般贸易,21,辽宁省,24990,千克,0,?,"323,637"
202001,2091000,"未炼制或用其他方法提取的不带瘦肉的肥猪肉、猪脂肪,鲜、冷、冻、干、熏、盐腌或盐渍的",318,芬兰,10,一般贸易,44,广东省,24990,千克,0,?,"322,189"
202001,2091000,"未炼制或用其他方法提取的不带瘦肉的肥猪肉、猪脂肪,鲜、冷、冻、干、熏、盐腌或盐渍的",410,巴西,10,一般贸易,31,上海市,27000,千克,0,?,"435,811"
202001,2091000,"未炼制或用其他方法提取的不带瘦肉的肥猪肉、猪脂肪,鲜、冷、冻、干、熏、盐腌或盐渍的",410,巴西,10,一般贸易,32,江苏省,54000,千克,0,?,"682,865"
202001,2091000,"未炼制或用其他方法提取的不带瘦肉的肥猪肉、猪脂肪,鲜、冷、冻、干、熏、盐腌或盐渍的",410,巴西,10,一般贸易,37,山东省,27000,千克,0,?,"379,773"
202001,2091000,"未炼制或用其他方法提取的不带瘦肉的肥猪肉、猪脂肪,鲜、冷、冻、干、熏、盐腌或盐渍的",412,智利,10,一般贸易,11,北京市,119200,千克,0,?,"1,803,578"
202001,2091000,"未炼制或用其他方法提取的不带瘦肉的肥猪肉、猪脂肪,鲜、冷、冻、干、熏、盐腌或盐渍的",412,智利,10,一般贸易,12,天津市,23684,千克,0,?,"315,011"
202001,2091000,"未炼制或用其他方法提取的不带瘦肉的肥猪肉、猪脂肪,鲜、冷、冻、干、熏、盐腌或盐渍的",412,智利,10,一般贸易,31,上海市,408095,千克,0,?,"6,517,047"
202001,2091000,"未炼制或用其他方法提取的不带瘦肉的肥猪肉、猪脂肪,鲜、冷、冻、干、熏、盐腌或盐渍的",412,智利,10,一般贸易,32,江苏省,23960,千克,0,?,"343,673"
202001,2091000,"未炼制或用其他方法提取的不带瘦肉的肥猪肉、猪脂肪,鲜、冷、冻、干、熏、盐腌或盐渍的",412,智利,10,一般贸易,35,福建省,24000,千克,0,?,"336,826"
202001,2091000,"未炼制或用其他方法提取的不带瘦肉的肥猪肉、猪脂肪,鲜、冷、冻、干、熏、盐腌或盐渍的",412,智利,10,一般贸易,37,山东省,262532,千克,0,?,"4,519,672"
202001,2091000,"未炼制或用其他方法提取的不带瘦肉的肥猪肉、猪脂肪,鲜、冷、冻、干、熏、盐腌或盐渍的",412,智利,10,一般贸易,44,广东省,24000,千克,0,?,"478,588"
202001,2091000,"未炼制或用其他方法提取的不带瘦肉的肥猪肉、猪脂肪,鲜、冷、冻、干、熏、盐腌或盐渍的",429,墨西哥,10,一般贸易,12,天津市,20700,千克,0,?,"296,913"
202001,2091000,"未炼制或用其他方法提取的不带瘦肉的肥猪肉、猪脂肪,鲜、冷、冻、干、熏、盐腌或盐渍的",501,加拿大,10,一般贸易,12,天津市,53902,千克,0,?,"716,562"
202001,2091000,"未炼制或用其他方法提取的不带瘦肉的肥猪肉、猪脂肪,鲜、冷、冻、干、熏、盐腌或盐渍的",501,加拿大,10,一般贸易,31,上海市,27000,千克,0,?,"302,266"
202001,2091000,"未炼制或用其他方法提取的不带瘦肉的肥猪肉、猪脂肪,鲜、冷、冻、干、熏、盐腌或盐渍的",501,加拿大,10,一般贸易,37,山东省,25000,千克,0,?,"289,488"
202001,2091000,"未炼制或用其他方法提取的不带瘦肉的肥猪肉、猪脂肪,鲜、冷、冻、干、熏、盐腌或盐渍的",502,美国,10,一般贸易,34,安徽省,119612,千克,0,?,"1,420,348"
202001,2101110,干、熏、盐腌或盐渍带骨猪腿,312,西班牙,10,一般贸易,31,上海市,7745,千克,0,?,"1,416,610"
202001,2101190,干、熏、盐腌或盐渍其他带骨猪肉块,312,西班牙,10,一般贸易,33,浙江省,170,千克,0,?,"26,281"
202001,2101900,其他干、熏、盐腌或盐渍猪肉,307,意大利,10,一般贸易,31,上海市,14250,千克,0,?,"1,413,431"
202001,2101900,其他干、熏、盐腌或盐渍猪肉,307,意大利,10,一般贸易,32,江苏省,504,千克,0,?,"125,549"
202001,2101900,其他干、熏、盐腌或盐渍猪肉,307,意大利,10,一般贸易,61,陕西省,216,千克,0,?,"52,089"
202001,2101900,其他干、熏、盐腌或盐渍猪肉,312,西班牙,10,一般贸易,11,北京市,508,千克,0,?,"49,500"
202001,2101900,其他干、熏、盐腌或盐渍猪肉,312,西班牙,10,一般贸易,31,上海市,16385,千克,0,?,"2,879,890"
202001,2101900,其他干、熏、盐腌或盐渍猪肉,312,西班牙,10,一般贸易,32,江苏省,13482,千克,0,?,"1,049,947"
202001,2101900,其他干、熏、盐腌或盐渍猪肉,312,西班牙,10,一般贸易,33,浙江省,2205,千克,0,?,"279,546"
202001,2101900,其他干、熏、盐腌或盐渍猪肉,312,西班牙,10,一般贸易,44,广东省,629,千克,0,?,"151,566"
202001,3011100,淡水观赏鱼,112,印度尼西亚,10,一般贸易,12,天津市,155,千克,0,?,"125,129"
202001,3011100,淡水观赏鱼,112,印度尼西亚,10,一般贸易,35,福建省,214,千克,0,?,"1,007,242"
202001,3011100,淡水观赏鱼,112,印度尼西亚,10,一般贸易,44,广东省,2633,千克,0,?,"1,790,084"
202001,3011100,淡水观赏鱼,116,日本,10,一般贸易,23,黑龙江省,251,千克,0,?,"150,308"
202001,3011100,淡水观赏鱼,116,日本,10,一般贸易,31,上海市,58,千克,0,?,"25,614"
202001,3011100,淡水观赏鱼,122,马来西亚,10,一般贸易,35,福建省,7,千克,0,?,"8,009"
202001,3011100,淡水观赏鱼,122,马来西亚,10,一般贸易,44,广东省,819,千克,0,?,"1,519,057"
202001,3011100,淡水观赏鱼,132,新加坡,10,一般贸易,35,福建省,19,千克,0,?,"70,178"
202001,3011100,淡水观赏鱼,136,泰国,10,一般贸易,12,天津市,72,千克,0,?,"16,990"
202001,3011100,淡水观赏鱼,136,泰国,10,一般贸易,21,辽宁省,94,千克,0,?,"16,134"
202001,3011100,淡水观赏鱼,136,泰国,10,一般贸易,44,广东省,1016,千克,0,?,"204,123"
202001,3011100,淡水观赏鱼,136,泰国,10,一般贸易,53,云南省,603,千克,0,?,"41,411"
202001,3011100,淡水观赏鱼,143,中国台湾,10,一般贸易,35,福建省,83,千克,0,?,"44,545"
202001,3011100,淡水观赏鱼,143,中国台湾,10,一般贸易,44,广东省,1459,千克,0,?,"363,107"
202001,3011100,淡水观赏鱼,247,坦桑尼亚,10,一般贸易,44,广东省,79,千克,0,?,"53,068"
202001,3011100,淡水观赏鱼,410,巴西,10,一般贸易,31,上海市,300,千克,0,?,"279,961"
202001,3011100,淡水观赏鱼,410,巴西,10,一般贸易,44,广东省,105,千克,0,?,"32,362"
202001,3011100,淡水观赏鱼,413,哥伦比亚,10,一般贸易,31,上海市,166,千克,0,?,"85,870"
202001,3011100,淡水观赏鱼,413,哥伦比亚,10,一般贸易,44,广东省,185,千克,0,?,"88,470"
202001,3011100,淡水观赏鱼,434,秘鲁,10,一般贸易,12,天津市,30,千克,0,?,"78,085"
202001,3011100,淡水观赏鱼,434,秘鲁,10,一般贸易,31,上海市,48,千克,0,?,"38,166"
202001,3011100,淡水观赏鱼,434,秘鲁,10,一般贸易,44,广东省,96,千克,0,?,"112,553"
202001,3011100,淡水观赏鱼,441,苏里南,10,一般贸易,31,上海市,12,千克,0,?,"29,391"
202001,3011900,其他观赏鱼,112,印度尼西亚,10,一般贸易,12,天津市,25,千克,0,?,"35,896"
202001,3011900,其他观赏鱼,112,印度尼西亚,10,一般贸易,31,上海市,202,千克,0,?,"118,728"
202001,3011900,其他观赏鱼,112,印度尼西亚,10,一般贸易,35,福建省,166,千克,0,?,"42,579"
202001,3011900,其他观赏鱼,112,印度尼西亚,10,一般贸易,37,山东省,53,千克,0,?,"50,584"
202001,3011900,其他观赏鱼,112,印度尼西亚,10,一般贸易,44,广东省,972,千克,0,?,"480,686"
202001,3011900,其他观赏鱼,112,印度尼西亚,10,一般贸易,46,海南省,42,千克,0,?,"12,593"
202001,3011900,其他观赏鱼,112,印度尼西亚,10,一般贸易,61,陕西省,77,千克,0,?,"48,180"
202001,3011900,其他观赏鱼,122,马来西亚,10,一般贸易,11,北京市,5,千克,0,?,937
202001,3011900,其他观赏鱼,123,马尔代夫,10,一般贸易,12,天津市,108,千克,0,?,"63,028"
202001,3011900,其他观赏鱼,129,菲律宾,10,一般贸易,12,天津市,71,千克,0,?,"110,262"
202001,3011900,其他观赏鱼,129,菲律宾,10,一般贸易,21,辽宁省,45,千克,0,?,"7,839"
202001,3011900,其他观赏鱼,129,菲律宾,10,一般贸易,37,山东省,22,千克,0,?,"18,122"
202001,3011900,其他观赏鱼,129,菲律宾,10,一般贸易,44,广东省,431,千克,0,?,"177,173"
202001,3011900,其他观赏鱼,129,菲律宾,10,一般贸易,61,陕西省,116,千克,0,?,"23,131"
202001,3011900,其他观赏鱼,134,斯里兰卡,10,一般贸易,12,天津市,6,千克,0,?,"8,794"
202001,3011900,其他观赏鱼,134,斯里兰卡,10,一般贸易,37,山东省,12,千克,0,?,"15,017"
202001,3011900,其他观赏鱼,134,斯里兰卡,10,一般贸易,44,广东省,18,千克,0,?,"18,363"
202001,3011900,其他观赏鱼,134,斯里兰卡,10,一般贸易,46,海南省,48,千克,0,?,"13,186"
202001,3011900,其他观赏鱼,143,中国台湾,10,一般贸易,44,广东省,60,千克,0,?,"615,728"
202001,3011900,其他观赏鱼,502,美国,10,一般贸易,12,天津市,12,千克,0,?,"10,415"
202001,3019210,鳗鱼苗,110,中国香港,10,一般贸易,11,北京市,182,千克,0,?,"1,912,726"
202001,3019210,鳗鱼苗,110,中国香港,10,一般贸易,35,福建省,460,千克,0,?,"4,846,555"
202001,3019210,鳗鱼苗,110,中国香港,10,一般贸易,44,广东省,98,千克,0,?,"68,570"
202001,3019290,"其他活鳗鱼,鱼苗除外",103,孟加拉国,10,一般贸易,11,北京市,11880,千克,0,?,"348,310"
202001,3019290,"其他活鳗鱼,鱼苗除外",103,孟加拉国,10,一般贸易,43,湖南省,35352,千克,0,?,"1,034,520"
202001,3019290,"其他活鳗鱼,鱼苗除外",106,缅甸,10,一般贸易,53,云南省,136,千克,0,?,"9,040"
202001,3019290,"其他活鳗鱼,鱼苗除外",111,印度,10,一般贸易,44,广东省,1096,千克,0,?,"51,294"
202001,3019290,"其他活鳗鱼,鱼苗除外",112,印度尼西亚,10,一般贸易,11,北京市,434,千克,0,?,"31,951"
202001,3019290,"其他活鳗鱼,鱼苗除外",112,印度尼西亚,10,一般贸易,35,福建省,2539,千克,0,?,"220,281"
202001,3019290,"其他活鳗鱼,鱼苗除外",112,印度尼西亚,10,一般贸易,44,广东省,469,千克,0,?,"34,440"
202001,3019290,"其他活鳗鱼,鱼苗除外",129,菲律宾,10,一般贸易,35,福建省,148,千克,0,?,"11,404"
202001,3019290,"其他活鳗鱼,鱼苗除外",129,菲律宾,10,一般贸易,44,广东省,33,千克,0,?,"7,742"
202001,3019290,"其他活鳗鱼,鱼苗除外",136,泰国,10,一般贸易,44,广东省,1134,千克,0,?,"63,476"
202001,3019290,"其他活鳗鱼,鱼苗除外",227,马达加斯加,10,一般贸易,44,广东省,280,千克,0,?,"17,833"
202001,3019290,"其他活鳗鱼,鱼苗除外",601,澳大利亚,10,一般贸易,35,福建省,1512,千克,0,?,"90,906"
202001,3019290,"其他活鳗鱼,鱼苗除外",609,新西兰,10,一般贸易,44,广东省,1440,千克,0,?,"114,301"
202001,3019911,鲈鱼苗,143,中国台湾,10,一般贸易,35,福建省,179,千克,0,?,"146,376"
202001,3019911,鲈鱼苗,143,中国台湾,10,一般贸易,41,河南省,800,千克,0,?,"82,110"
202001,3019911,鲈鱼苗,143,中国台湾,10,一般贸易,44,广东省,897,千克,0,?,"274,891"
202001,3019911,鲈鱼苗,601,澳大利亚,10,一般贸易,44,广东省,42,千克,0,?,"201,411"
202001,3019999,其他活鱼,103,孟加拉国,10,一般贸易,11,北京市,194955,千克,0,?,"5,288,311"
202001,3019999,其他活鱼,103,孟加拉国,10,一般贸易,41,河南省,67321,千克,0,?,"1,253,558"
202001,3019999,其他活鱼,103,孟加拉国,10,一般贸易,43,湖南省,245928,千克,0,?,"7,671,124"
202001,3019999,其他活鱼,103,孟加拉国,10,一般贸易,44,广东省,218778,千克,0,?,"6,186,808"
202001,3019999,其他活鱼,112,印度尼西亚,10,一般贸易,11,北京市,223544,千克,0,?,"6,567,061"
202001,3019999,其他活鱼,112,印度尼西亚,10,一般贸易,31,上海市,69590,千克,0,?,"2,051,067"
202001,3019999,其他活鱼,112,印度尼西亚,10,一般贸易,35,福建省,565,千克,0,?,"107,077"
202001,3019999,其他活鱼,112,印度尼西亚,10,一般贸易,44,广东省,149293,千克,0,?,"5,284,577"
202001,3019999,其他活鱼,112,印度尼西亚,10,一般贸易,65,新疆维吾尔自治区,40858,千克,0,?,"1,204,281"
202001,3019999,其他活鱼,122,马来西亚,10,一般贸易,44,广东省,1942,千克,0,?,"204,479"
202001,3019999,其他活鱼,129,菲律宾,10,一般贸易,11,北京市,400765,千克,0,?,"11,015,850"
202001,3019999,其他活鱼,129,菲律宾,10,一般贸易,31,上海市,4272,千克,0,?,"113,926"
202001,3019999,其他活鱼,129,菲律宾,10,一般贸易,35,福建省,181427,千克,0,?,"5,226,815"
202001,3019999,其他活鱼,129,菲律宾,10,一般贸易,44,广东省,4490,千克,0,?,"378,162"
202001,3019999,其他活鱼,133,韩国,10,一般贸易,31,上海市,104,千克,0,?,"12,893"
202001,3019999,其他活鱼,136,泰国,10,一般贸易,44,广东省,7110,千克,0,?,"277,890"
202001,3019999,其他活鱼,143,中国台湾,10,一般贸易,35,福建省,42000,千克,0,?,"1,190,174"
202001,3019999,其他活鱼,143,中国台湾,39,其他,35,福建省,660337,千克,0,?,"19,385,298"
202001,3019999,其他活鱼,601,澳大利亚,10,一般贸易,44,广东省,4128,千克,0,?,"916,825"
202001,3021100,鲜或冷的鳟鱼,326,挪威,10,一般贸易,44,广东省,4204,千克,0,?,"315,666"
202001,3021300,鲜或冷的大麻哈鱼,609,新西兰,10,一般贸易,11,北京市,3284,千克,0,?,"368,860"
202001,3021300,鲜或冷的大麻哈鱼,609,新西兰,10,一般贸易,31,上海市,5761,千克,0,?,"626,219"
202001,3021300,鲜或冷的大麻哈鱼,609,新西兰,10,一般贸易,33,浙江省,395,千克,0,?,"44,409"
202001,3021300,鲜或冷的大麻哈鱼,609,新西兰,10,一般贸易,44,广东省,26310,千克,0,?,"2,940,573"
202001,3021410,鲜或冷的大西洋鲑鱼,322,冰岛,10,一般贸易,11,北京市,6929,千克,0,?,"558,667"
202001,3021410,鲜或冷的大西洋鲑鱼,322,冰岛,10,一般贸易,31,上海市,133268,千克,0,?,"11,247,044"
202001,3021410,鲜或冷的大西洋鲑鱼,322,冰岛,10,一般贸易,37,山东省,6405,千克,0,?,"537,794"
202001,3021410,鲜或冷的大西洋鲑鱼,322,冰岛,10,一般贸易,44,广东省,11928,千克,0,?,"1,007,327"
202001,3021410,鲜或冷的大西洋鲑鱼,326,挪威,10,一般贸易,11,北京市,425741,千克,0,?,"36,318,414"
202001,3021410,鲜或冷的大西洋鲑鱼,326,挪威,10,一般贸易,21,辽宁省,2483,千克,0,?,"192,844"
202001,3021410,鲜或冷的大西洋鲑鱼,326,挪威,10,一般贸易,31,上海市,745753,千克,0,?,"62,838,261"
202001,3021410,鲜或冷的大西洋鲑鱼,326,挪威,10,一般贸易,33,浙江省,154689,千克,0,?,"13,401,535"
202001,3021410,鲜或冷的大西洋鲑鱼,326,挪威,10,一般贸易,35,福建省,18917,千克,0,?,"1,613,261"
202001,3021410,鲜或冷的大西洋鲑鱼,326,挪威,10,一般贸易,37,山东省,85910,千克,0,?,"7,323,029"
202001,3021410,鲜或冷的大西洋鲑鱼,326,挪威,10,一般贸易,42,湖北省,3268,千克,0,?,"276,234"
202001,3021410,鲜或冷的大西洋鲑鱼,326,挪威,10,一般贸易,43,湖南省,42855,千克,0,?,"3,996,239"
202001,3021410,鲜或冷的大西洋鲑鱼,326,挪威,10,一般贸易,44,广东省,643030,千克,0,?,"53,630,137"
202001,3021410,鲜或冷的大西洋鲑鱼,326,挪威,10,一般贸易,50,重庆市,27793,千克,0,?,"2,347,048"
202001,3021410,鲜或冷的大西洋鲑鱼,326,挪威,10,一般贸易,51,四川省,23232,千克,0,?,"1,969,061"
202001,3021410,鲜或冷的大西洋鲑鱼,357,法罗群岛,10,一般贸易,11,北京市,102591,千克,0,?,"8,979,484"
202001,3021410,鲜或冷的大西洋鲑鱼,357,法罗群岛,10,一般贸易,31,上海市,564183,千克,0,?,"49,918,622"
202001,3021410,鲜或冷的大西洋鲑鱼,357,法罗群岛,10,一般贸易,35,福建省,6219,千克,0,?,"590,995"
202001,3021410,鲜或冷的大西洋鲑鱼,357,法罗群岛,10,一般贸易,37,山东省,3115,千克,0,?,"276,819"
202001,3021410,鲜或冷的大西洋鲑鱼,412,智利,10,一般贸易,11,北京市,559964,千克,0,?,"43,165,723"
202001,3021410,鲜或冷的大西洋鲑鱼,412,智利,10,一般贸易,15,内蒙古自治区,3364,千克,0,?,"250,101"
202001,3021410,鲜或冷的大西洋鲑鱼,412,智利,10,一般贸易,21,辽宁省,4004,千克,0,?,"314,717"
202001,3021410,鲜或冷的大西洋鲑鱼,412,智利,10,一般贸易,31,上海市,1788853,千克,0,?,"133,967,734"
202001,3021410,鲜或冷的大西洋鲑鱼,412,智利,10,一般贸易,32,江苏省,4075,千克,0,?,"327,817"
202001,3021410,鲜或冷的大西洋鲑鱼,412,智利,10,一般贸易,33,浙江省,109946,千克,0,?,"8,432,978"
202001,3021410,鲜或冷的大西洋鲑鱼,412,智利,10,一般贸易,34,安徽省,94861,千克,0,?,"6,996,445"
202001,3021410,鲜或冷的大西洋鲑鱼,412,智利,10,一般贸易,35,福建省,42096,千克,0,?,"3,104,059"
202001,3021410,鲜或冷的大西洋鲑鱼,412,智利,10,一般贸易,37,山东省,402222,千克,0,?,"29,014,090"
202001,3021410,鲜或冷的大西洋鲑鱼,412,智利,10,一般贸易,42,湖北省,2009,千克,0,?,"137,796"
202001,3021410,鲜或冷的大西洋鲑鱼,412,智利,10,一般贸易,44,广东省,280007,千克,0,?,"20,550,782"
202001,3021410,鲜或冷的大西洋鲑鱼,412,智利,10,一般贸易,50,重庆市,85050,千克,0,?,"6,352,512"
202001,3021410,鲜或冷的大西洋鲑鱼,412,智利,10,一般贸易,51,四川省,21014,千克,0,?,"1,629,655"
202001,3021410,鲜或冷的大西洋鲑鱼,501,加拿大,10,一般贸易,11,北京市,10107,千克,0,?,"747,657"
202001,3021410,鲜或冷的大西洋鲑鱼,501,加拿大,10,一般贸易,31,上海市,34532,千克,0,?,"2,587,320"
202001,3021410,鲜或冷的大西洋鲑鱼,501,加拿大,10,一般贸易,37,山东省,2448,千克,0,?,"179,853"
202001,3021410,鲜或冷的大西洋鲑鱼,501,加拿大,10,一般贸易,44,广东省,5572,千克,0,?,"445,937"
202001,3021410,鲜或冷的大西洋鲑鱼,601,澳大利亚,10,一般贸易,11,北京市,299580,千克,0,?,"21,012,347"
202001,3021410,鲜或冷的大西洋鲑鱼,601,澳大利亚,10,一般贸易,31,上海市,887471,千克,0,?,"61,248,760"
202001,3021410,鲜或冷的大西洋鲑鱼,601,澳大利亚,10,一般贸易,37,山东省,18988,千克,0,?,"1,304,088"
202001,3021410,鲜或冷的大西洋鲑鱼,601,澳大利亚,10,一般贸易,44,广东省,12741,千克,0,?,"860,029"
202001,3021410,鲜或冷的大西洋鲑鱼,601,澳大利亚,10,一般贸易,50,重庆市,6138,千克,0,?,"372,006"
202001,3021410,鲜或冷的大西洋鲑鱼,601,澳大利亚,10,一般贸易,51,四川省,3149,千克,0,?,"200,869"
202001,3021900,其他鲜或冷的鲑科鱼,322,冰岛,10,一般贸易,11,北京市,200,千克,0,?,"12,520"
202001,3022200,鲜或冷的鲽鱼,116,日本,10,一般贸易,37,山东省,3000,千克,0,?,"52,866"
202001,3022200,鲜或冷的鲽鱼,305,法国,10,一般贸易,44,广东省,10,千克,0,?,"1,051"
202001,3022300,鲜或冷的鳎鱼,305,法国,10,一般贸易,44,广东省,59,千克,0,?,"17,866"
202001,3022900,其他鲜或冷的比目鱼,133,韩国,10,一般贸易,37,山东省,38058,千克,0,?,"478,908"
202001,3023200,鲜或冷的黄鳍金枪鱼,112,印度尼西亚,10,一般贸易,44,广东省,15660,千克,0,?,"887,309"
202001,3023200,鲜或冷的黄鳍金枪鱼,129,菲律宾,10,一般贸易,35,福建省,252,千克,0,?,"18,587"
202001,3023200,鲜或冷的黄鳍金枪鱼,134,斯里兰卡,10,一般贸易,11,北京市,2682,千克,0,?,"235,143"
202001,3023200,鲜或冷的黄鳍金枪鱼,143,中国台湾,10,一般贸易,35,福建省,340,千克,0,?,"5,796"
202001,3023300,鲜或冷的鲣鱼或狐鲣,116,日本,10,一般贸易,21,辽宁省,12,千克,0,?,"1,000"
202001,3023300,鲜或冷的鲣鱼或狐鲣,116,日本,10,一般贸易,33,浙江省,352,千克,0,?,"66,639"
202001,3023510,鲜或冷的大西洋蓝鳍金枪鱼,312,西班牙,10,一般贸易,31,上海市,377,千克,0,?,"70,222"
202001,3023510,鲜或冷的大西洋蓝鳍金枪鱼,312,西班牙,10,一般贸易,44,广东省,1837,千克,0,?,"332,241"
202001,3023520,鲜或冷的太平洋蓝鳍金枪鱼,116,日本,10,一般贸易,11,北京市,1304,千克,0,?,"347,663"
202001,3023520,鲜或冷的太平洋蓝鳍金枪鱼,116,日本,10,一般贸易,21,辽宁省,2663,千克,0,?,"561,164"
202001,3023520,鲜或冷的太平洋蓝鳍金枪鱼,116,日本,10,一般贸易,31,上海市,6205,千克,0,?,"1,327,957"
202001,3023520,鲜或冷的太平洋蓝鳍金枪鱼,116,日本,10,一般贸易,33,浙江省,13780,千克,0,?,"3,318,626"
202001,3023520,鲜或冷的太平洋蓝鳍金枪鱼,116,日本,10,一般贸易,37,山东省,3112,千克,0,?,"721,103"
202001,3023520,鲜或冷的太平洋蓝鳍金枪鱼,116,日本,10,一般贸易,44,广东省,1574,千克,0,?,"334,310"
202001,3024100,鲜或冷的鲱鱼,133,韩国,10,一般贸易,32,江苏省,924,千克,0,?,"3,708"
202001,3024100,鲜或冷的鲱鱼,133,韩国,10,一般贸易,37,山东省,74700,千克,0,?,"343,391"
202001,3024400,鲜或冷的鲭鱼,116,日本,10,一般贸易,33,浙江省,1221,千克,0,?,"185,595"
202001,3024500,鲜或冷的对称竹荚鱼、新西兰竹荚鱼及竹荚鱼,116,日本,10,一般贸易,31,上海市,102,千克,0,?,"11,404"
202001,3024500,鲜或冷的对称竹荚鱼、新西兰竹荚鱼及竹荚鱼,116,日本,10,一般贸易,33,浙江省,3518,千克,0,?,"527,606"
202001,3024900,鲜或冷的印度鲭、马鲛鱼、?鱼、银鲳、秋刀鱼、圆?、多春鱼、鲔鱼、狐鲣、枪鱼 、旗鱼、四鳍旗鱼,111,印度,10,一般贸易,35,福建省,240,千克,0,?,"5,042"
202001,3024900,鲜或冷的印度鲭、马鲛鱼、?鱼、银鲳、秋刀鱼、圆?、多春鱼、鲔鱼、狐鲣、枪鱼 、旗鱼、四鳍旗鱼,112,印度尼西亚,10,一般贸易,35,福建省,61997,千克,0,?,"4,838,222"
202001,3024900,鲜或冷的印度鲭、马鲛鱼、?鱼、银鲳、秋刀鱼、圆?、多春鱼、鲔鱼、狐鲣、枪鱼 、旗鱼、四鳍旗鱼,112,印度尼西亚,10,一般贸易,44,广东省,4599,千克,0,?,"335,958"
202001,3024900,鲜或冷的印度鲭、马鲛鱼、?鱼、银鲳、秋刀鱼、圆?、多春鱼、鲔鱼、狐鲣、枪鱼 、旗鱼、四鳍旗鱼,116,日本,10,一般贸易,31,上海市,1799,千克,0,?,"60,825"
202001,3024900,鲜或冷的印度鲭、马鲛鱼、?鱼、银鲳、秋刀鱼、圆?、多春鱼、鲔鱼、狐鲣、枪鱼 、旗鱼、四鳍旗鱼,116,日本,10,一般贸易,37,山东省,350,千克,0,?,"16,036"
202001,3024900,鲜或冷的印度鲭、马鲛鱼、?鱼、银鲳、秋刀鱼、圆?、多春鱼、鲔鱼、狐鲣、枪鱼 、旗鱼、四鳍旗鱼,143,中国台湾,39,其他,35,福建省,300,千克,0,?,"2,316"
202001,3025100,鲜或冷的鳕鱼,305,法国,10,一般贸易,44,广东省,134,千克,0,?,"19,330"
202001,3025300,鲜或冷的绿青鳕鱼,305,法国,10,一般贸易,44,广东省,21,千克,0,?,"4,511"
202001,3027400,鲜或冷的鳗鱼,116,日本,10,一般贸易,37,山东省,1710,千克,0,?,"29,938"
202001,3028910,鲜或冷的带鱼,112,印度尼西亚,10,一般贸易,31,上海市,631,千克,0,?,"13,274"
202001,3028910,鲜或冷的带鱼,112,印度尼西亚,10,一般贸易,35,福建省,73456,千克,0,?,"1,535,899"
202001,3028910,鲜或冷的带鱼,112,印度尼西亚,10,一般贸易,44,广东省,13380,千克,0,?,"345,326"
202001,3028910,鲜或冷的带鱼,112,印度尼西亚,10,一般贸易,45,广西壮族自治区,530,千克,0,?,"11,158"
202001,3028910,鲜或冷的带鱼,116,日本,10,一般贸易,21,辽宁省,325,千克,0,?,"61,212"
202001,3028910,鲜或冷的带鱼,116,日本,10,一般贸易,33,浙江省,806,千克,0,?,"136,834"
202001,3028910,鲜或冷的带鱼,116,日本,10,一般贸易,37,山东省,10200,千克,0,?,"209,925"
202001,3028910,鲜或冷的带鱼,143,中国台湾,10,一般贸易,35,福建省,534537,千克,0,?,"5,650,805"
202001,3028910,鲜或冷的带鱼,143,中国台湾,39,其他,35,福建省,1307490,千克,0,?,"14,214,809"
202001,3028920,鲜或冷的黄鱼,133,韩国,10,一般贸易,21,辽宁省,266,千克,0,?,"68,512"
202001,3028920,鲜或冷的黄鱼,133,韩国,10,一般贸易,31,上海市,2197,千克,0,?,"90,759"
202001,3028920,鲜或冷的黄鱼,133,韩国,10,一般贸易,32,江苏省,171,千克,0,?,"4,772"
202001,3028920,鲜或冷的黄鱼,133,韩国,10,一般贸易,37,山东省,570,千克,0,?,"28,277"
202001,3028930,鲜或冷的鲳鱼,103,孟加拉国,10,一般贸易,44,广东省,1368,千克,0,?,"101,189"
202001,3028930,鲜或冷的鲳鱼,111,印度,10,一般贸易,35,福建省,12813,千克,0,?,"1,151,636"
202001,3028930,鲜或冷的鲳鱼,111,印度,10,一般贸易,44,广东省,13757,千克,0,?,"953,598"
202001,3028930,鲜或冷的鲳鱼,112,印度尼西亚,10,一般贸易,44,广东省,22596,千克,0,?,"1,263,972"
202001,3028930,鲜或冷的鲳鱼,116,日本,10,一般贸易,33,浙江省,797,千克,0,?,"99,163"
202001,3028930,鲜或冷的鲳鱼,127,巴基斯坦,10,一般贸易,11,北京市,587,千克,0,?,"41,187"
202001,3028990,其他鲜或冷的鱼,111,印度,10,一般贸易,35,福建省,66601,千克,0,?,"2,377,289"
202001,3028990,其他鲜或冷的鱼,111,印度,10,一般贸易,44,广东省,40928,千克,0,?,"1,582,513"
202001,3028990,其他鲜或冷的鱼,112,印度尼西亚,10,一般贸易,35,福建省,2462,千克,0,?,"106,445"
202001,3028990,其他鲜或冷的鱼,112,印度尼西亚,10,一般贸易,44,广东省,39701,千克,0,?,"2,367,848"
202001,3028990,其他鲜或冷的鱼,116,日本,10,一般贸易,11,北京市,316,千克,0,?,"47,368"
202001,3028990,其他鲜或冷的鱼,116,日本,10,一般贸易,21,辽宁省,2463,千克,0,?,"209,244"
202001,3028990,其他鲜或冷的鱼,116,日本,10,一般贸易,31,上海市,6012,千克,0,?,"316,776"
202001,3028990,其他鲜或冷的鱼,116,日本,10,一般贸易,33,浙江省,13264,千克,0,?,"1,896,798"
202001,3028990,其他鲜或冷的鱼,116,日本,10,一般贸易,37,山东省,15700,千克,0,?,"240,524"
202001,3028990,其他鲜或冷的鱼,116,日本,10,一般贸易,44,广东省,353,千克,0,?,"32,683"
202001,3028990,其他鲜或冷的鱼,127,巴基斯坦,10,一般贸易,11,北京市,769,千克,0,?,"17,801"
202001,3028990,其他鲜或冷的鱼,129,菲律宾,10,一般贸易,35,福建省,16508,千克,0,?,"1,015,412"
202001,3028990,其他鲜或冷的鱼,129,菲律宾,10,一般贸易,44,广东省,4238,千克,0,?,"230,996"
202001,3028990,其他鲜或冷的鱼,133,韩国,10,一般贸易,37,山东省,7414,千克,0,?,"78,029"
202001,3028990,其他鲜或冷的鱼,134,斯里兰卡,10,一般贸易,11,北京市,61,千克,0,?,"1,704"
202001,3028990,其他鲜或冷的鱼,134,斯里兰卡,10,一般贸易,35,福建省,15009,千克,0,?,"477,070"
202001,3028990,其他鲜或冷的鱼,143,中国台湾,10,一般贸易,35,福建省,567485,千克,0,?,"10,729,999"
202001,3028990,其他鲜或冷的鱼,143,中国台湾,39,其他,35,福建省,132800,千克,0,?,"3,727,905"
202001,3031100,冻红大麻哈鱼,344,俄罗斯,15,进料加工贸易,37,山东省,24411,千克,0,?,"1,062,124"
202001,3031100,冻红大麻哈鱼,502,美国,14,来料加工贸易,37,山东省,43546,千克,0,?,"1,551,539"
202001,3031100,冻红大麻哈鱼,502,美国,33,保税监管场所进出境货物,37,山东省,61689,千克,0,?,"3,021,433"
202001,3031200,其他冻大麻哈鱼,116,日本,14,来料加工贸易,37,山东省,167000,千克,0,?,"5,180,814"
202001,3031200,其他冻大麻哈鱼,116,日本,15,进料加工贸易,37,山东省,31470,千克,0,?,"688,650"
202001,3031200,其他冻大麻哈鱼,344,俄罗斯,10,一般贸易,22,吉林省,65974,千克,0,?,"1,166,241"
202001,3031200,其他冻大麻哈鱼,344,俄罗斯,14,来料加工贸易,37,山东省,20540,千克,0,?,"478,575"
202001,3031200,其他冻大麻哈鱼,344,俄罗斯,19,边境小额贸易,23,黑龙江省,147259,千克,0,?,"1,746,577"
202001,3031200,其他冻大麻哈鱼,344,俄罗斯,33,保税监管场所进出境货物,21,辽宁省,413502,千克,0,?,"5,166,195"
202001,3031200,其他冻大麻哈鱼,344,俄罗斯,34,海关特殊监管区域物流货物,21,辽宁省,31924,千克,0,?,"784,137"
202001,3031200,其他冻大麻哈鱼,412,智利,10,一般贸易,31,上海市,21000,千克,0,?,"778,755"
202001,3031200,其他冻大麻哈鱼,412,智利,33,保税监管场所进出境货物,37,山东省,45000,千克,0,?,"1,238,693"
202001,3031200,其他冻大麻哈鱼,501,加拿大,10,一般贸易,21,辽宁省,22402,千克,0,?,"504,154"
202001,3031200,其他冻大麻哈鱼,502,美国,14,来料加工贸易,37,山东省,21773,千克,0,?,"558,077"
202001,3031200,其他冻大麻哈鱼,502,美国,15,进料加工贸易,21,辽宁省,84364,千克,0,?,"1,612,501"
202001,3031200,其他冻大麻哈鱼,502,美国,15,进料加工贸易,35,福建省,15333,千克,0,?,"331,123"
202001,3031200,其他冻大麻哈鱼,502,美国,15,进料加工贸易,37,山东省,493854,千克,0,?,"8,107,672"
202001,3031200,其他冻大麻哈鱼,502,美国,34,海关特殊监管区域物流货物,21,辽宁省,64162,千克,0,?,"1,285,550"
202001,3031300,冻大西洋鲑鱼及多瑙哲罗鱼,303,英国,10,一般贸易,31,上海市,10,千克,0,?,63
202001,3031300,冻大西洋鲑鱼及多瑙哲罗鱼,326,挪威,10,一般贸易,11,北京市,716,千克,0,?,"55,778"
202001,3031300,冻大西洋鲑鱼及多瑙哲罗鱼,412,智利,10,一般贸易,11,北京市,363924,千克,0,?,"15,834,438"
202001,3031300,冻大西洋鲑鱼及多瑙哲罗鱼,412,智利,10,一般贸易,12,天津市,40309,千克,0,?,"1,776,838"
202001,3031300,冻大西洋鲑鱼及多瑙哲罗鱼,412,智利,10,一般贸易,13,河北省,76191,千克,0,?,"3,184,519"
202001,3031300,冻大西洋鲑鱼及多瑙哲罗鱼,412,智利,10,一般贸易,21,辽宁省,59949,千克,0,?,"2,594,137"
202001,3031300,冻大西洋鲑鱼及多瑙哲罗鱼,412,智利,10,一般贸易,31,上海市,700795,千克,0,?,"30,289,113"
202001,3031300,冻大西洋鲑鱼及多瑙哲罗鱼,412,智利,10,一般贸易,33,浙江省,97927,千克,0,?,"4,297,626"
202001,3031300,冻大西洋鲑鱼及多瑙哲罗鱼,412,智利,10,一般贸易,35,福建省,73241,千克,0,?,"3,179,163"
202001,3031300,冻大西洋鲑鱼及多瑙哲罗鱼,412,智利,10,一般贸易,37,山东省,450928,千克,0,?,"19,302,703"
202001,3031300,冻大西洋鲑鱼及多瑙哲罗鱼,412,智利,10,一般贸易,44,广东省,147192,千克,0,?,"6,443,491"
202001,3031300,冻大西洋鲑鱼及多瑙哲罗鱼,412,智利,15,进料加工贸易,21,辽宁省,19401,千克,0,?,"871,364"
202001,3031300,冻大西洋鲑鱼及多瑙哲罗鱼,412,智利,33,保税监管场所进出境货物,37,山东省,18853,千克,0,?,"131,910"
202001,3031400,冻鳟鱼,302,丹麦,15,进料加工贸易,21,辽宁省,160000,千克,0,?,"7,541,020"
202001,3031400,冻鳟鱼,326,挪威,14,来料加工贸易,37,山东省,22969,千克,0,?,"1,103,884"
202001,3031400,冻鳟鱼,326,挪威,15,进料加工贸易,37,山东省,21850,千克,0,?,"973,170"
202001,3031400,冻鳟鱼,326,挪威,33,保税监管场所进出境货物,31,上海市,19572,千克,0,?,"944,892"
202001,3031400,冻鳟鱼,412,智利,10,一般贸易,31,上海市,22500,千克,0,?,"1,054,783"
202001,3031400,冻鳟鱼,412,智利,10,一般贸易,37,山东省,22500,千克,0,?,"947,415"
202001,3031400,冻鳟鱼,412,智利,14,来料加工贸易,37,山东省,134964,千克,0,?,"5,286,324"
202001,3031900,其他冻鲑科鱼,145,哈萨克斯坦,19,边境小额贸易,65,新疆维吾尔自治区,3500,千克,0,?,"36,734"
202001,3031900,其他冻鲑科鱼,344,俄罗斯,19,边境小额贸易,23,黑龙江省,5041,千克,0,?,"54,276"
202001,3031900,其他冻鲑科鱼,501,加拿大,15,进料加工贸易,21,辽宁省,78336,千克,0,?,"2,363,722"
202001,3031900,其他冻鲑科鱼,501,加拿大,39,其他,21,辽宁省,34,千克,0,?,892
202001,3032400,冻鲶鱼,141,越南,10,一般贸易,11,北京市,272970,千克,0,?,"3,211,945"
202001,3032400,冻鲶鱼,141,越南,10,一般贸易,12,天津市,185669,千克,0,?,"1,888,291"
202001,3032400,冻鲶鱼,141,越南,10,一般贸易,21,辽宁省,5280,千克,0,?,"63,983"
202001,3032400,冻鲶鱼,141,越南,10,一般贸易,31,上海市,136333,千克,0,?,"1,500,550"
202001,3032400,冻鲶鱼,141,越南,10,一般贸易,33,浙江省,141233,千克,0,?,"1,731,518"
202001,3032400,冻鲶鱼,141,越南,10,一般贸易,34,安徽省,422155,千克,0,?,"5,494,252"
202001,3032400,冻鲶鱼,141,越南,10,一般贸易,35,福建省,154480,千克,0,?,"1,724,135"
202001,3032400,冻鲶鱼,141,越南,10,一般贸易,37,山东省,116068,千克,0,?,"1,410,282"
202001,3032400,冻鲶鱼,141,越南,10,一般贸易,42,湖北省,480,千克,0,?,"4,311"
202001,3032400,冻鲶鱼,141,越南,10,一般贸易,43,湖南省,326472,千克,0,?,"4,161,092"
202001,3032400,冻鲶鱼,141,越南,10,一般贸易,44,广东省,360472,千克,0,?,"4,006,542"
202001,3032400,冻鲶鱼,141,越南,10,一般贸易,61,陕西省,3000,千克,0,?,"34,949"
202001,3032500,冻鲤科鱼,124,蒙古,10,一般贸易,15,内蒙古自治区,22500,千克,0,?,"135,000"
202001,3032500,冻鲤科鱼,145,哈萨克斯坦,10,一般贸易,65,新疆维吾尔自治区,5000,千克,0,?,"27,988"
202001,3032500,冻鲤科鱼,344,俄罗斯,19,边境小额贸易,23,黑龙江省,11361,千克,0,?,"101,205"
202001,3032600,冻鳗鱼,103,孟加拉国,10,一般贸易,11,北京市,1331,千克,0,?,"26,036"
202001,3032600,冻鳗鱼,103,孟加拉国,10,一般贸易,65,新疆维吾尔自治区,20243,千克,0,?,"365,754"
202001,3032600,冻鳗鱼,111,印度,10,一般贸易,11,北京市,1740,千克,0,?,"14,685"
202001,3032600,冻鳗鱼,111,印度,10,一般贸易,32,江苏省,25298,千克,0,?,"350,381"
202001,3032600,冻鳗鱼,111,印度,10,一般贸易,33,浙江省,46096,千克,0,?,"520,138"
202001,3032600,冻鳗鱼,111,印度,10,一般贸易,35,福建省,77866,千克,0,?,"572,147"
202001,3032600,冻鳗鱼,111,印度,10,一般贸易,37,山东省,18227,千克,0,?,"162,025"
202001,3032600,冻鳗鱼,111,印度,10,一般贸易,44,广东省,26077,千克,0,?,"494,360"
202001,3032600,冻鳗鱼,112,印度尼西亚,10,一般贸易,44,广东省,25830,千克,0,?,"290,493"
202001,3032600,冻鳗鱼,122,马来西亚,10,一般贸易,35,福建省,11211,千克,0,?,"116,552"
202001,3032600,冻鳗鱼,122,马来西亚,10,一般贸易,44,广东省,19785,千克,0,?,"363,679"
202001,3032600,冻鳗鱼,127,巴基斯坦,10,一般贸易,11,北京市,27148,千克,0,?,"258,711"
202001,3032600,冻鳗鱼,136,泰国,10,一般贸易,44,广东省,38256,千克,0,?,"480,870"
202001,3032600,冻鳗鱼,143,中国台湾,39,其他,35,福建省,146914,千克,0,?,"1,336,862"
202001,3032900,冻尼罗河鲈鱼及黑鱼,502,美国,33,保税监管场所进出境货物,31,上海市,20,千克,0,?,"3,169"
202001,3033110,冻格陵兰庸鲽鱼,116,日本,10,一般贸易,12,天津市,58272,千克,0,?,"2,306,405"
202001,3033110,冻格陵兰庸鲽鱼,302,丹麦,10,一般贸易,33,浙江省,40196,千克,0,?,"1,408,658"
202001,3033110,冻格陵兰庸鲽鱼,302,丹麦,10,一般贸易,35,福建省,507222,千克,0,?,"23,836,880"
202001,3033110,冻格陵兰庸鲽鱼,302,丹麦,33,保税监管场所进出境货物,37,山东省,14976,千克,0,?,"541,905"
202001,3033110,冻格陵兰庸鲽鱼,303,英国,15,进料加工贸易,37,山东省,10314,千克,0,?,"166,480"
202001,3033110,冻格陵兰庸鲽鱼,304,德国,10,一般贸易,12,天津市,56040,千克,0,?,"2,618,217"
202001,3033110,冻格陵兰庸鲽鱼,304,德国,14,来料加工贸易,21,辽宁省,99840,千克,0,?,"4,596,102"
202001,3033110,冻格陵兰庸鲽鱼,311,葡萄牙,10,一般贸易,37,山东省,76701,千克,0,?,"3,441,328"
202001,3033110,冻格陵兰庸鲽鱼,311,葡萄牙,14,来料加工贸易,37,山东省,27015,千克,0,?,"1,251,274"
202001,3033110,冻格陵兰庸鲽鱼,311,葡萄牙,15,进料加工贸易,37,山东省,24534,千克,0,?,"1,108,582"
202001,3033110,冻格陵兰庸鲽鱼,311,葡萄牙,34,海关特殊监管区域物流货物,21,辽宁省,27012,千克,0,?,"1,209,606"
202001,3033110,冻格陵兰庸鲽鱼,312,西班牙,10,一般贸易,37,山东省,95341,千克,0,?,"4,614,624"
202001,3033110,冻格陵兰庸鲽鱼,312,西班牙,15,进料加工贸易,37,山东省,84922,千克,0,?,"3,692,420"
202001,3033110,冻格陵兰庸鲽鱼,312,西班牙,33,保税监管场所进出境货物,37,山东省,58112,千克,0,?,"2,755,421"
202001,3033110,冻格陵兰庸鲽鱼,322,冰岛,10,一般贸易,12,天津市,26000,千克,0,?,"1,122,758"
202001,3033110,冻格陵兰庸鲽鱼,322,冰岛,10,一般贸易,31,上海市,21645,千克,0,?,"896,223"
202001,3033110,冻格陵兰庸鲽鱼,322,冰岛,10,一般贸易,35,福建省,24820,千克,0,?,"1,121,954"
202001,3033110,冻格陵兰庸鲽鱼,322,冰岛,10,一般贸易,37,山东省,62036,千克,0,?,"3,199,499"
202001,3033110,冻格陵兰庸鲽鱼,322,冰岛,15,进料加工贸易,37,山东省,41110,千克,0,?,"2,183,013"
202001,3033110,冻格陵兰庸鲽鱼,326,挪威,10,一般贸易,12,天津市,107000,千克,0,?,"3,901,549"
202001,3033110,冻格陵兰庸鲽鱼,326,挪威,10,一般贸易,15,内蒙古自治区,8056,千克,0,?,"339,631"
202001,3033110,冻格陵兰庸鲽鱼,326,挪威,10,一般贸易,37,山东省,227779,千克,0,?,"7,943,672"
202001,3033110,冻格陵兰庸鲽鱼,326,挪威,10,一般贸易,44,广东省,49197,千克,0,?,"2,060,416"
202001,3033110,冻格陵兰庸鲽鱼,326,挪威,15,进料加工贸易,37,山东省,128390,千克,0,?,"4,455,876"
202001,3033110,冻格陵兰庸鲽鱼,326,挪威,33,保税监管场所进出境货物,37,山东省,55888,千克,0,?,"2,416,504"
202001,3033110,冻格陵兰庸鲽鱼,326,挪威,34,海关特殊监管区域物流货物,37,山东省,498637,千克,0,?,"4,067,291"
202001,3033110,冻格陵兰庸鲽鱼,334,爱沙尼亚,10,一般贸易,12,天津市,149354,千克,0,?,"6,925,632"
202001,3033110,冻格陵兰庸鲽鱼,334,爱沙尼亚,10,一般贸易,37,山东省,153940,千克,0,?,"7,054,735"
202001,3033110,冻格陵兰庸鲽鱼,344,俄罗斯,10,一般贸易,12,天津市,109358,千克,0,?,"4,934,802"
202001,3033110,冻格陵兰庸鲽鱼,344,俄罗斯,10,一般贸易,22,吉林省,40068,千克,0,?,"768,865"
202001,3033110,冻格陵兰庸鲽鱼,344,俄罗斯,10,一般贸易,37,山东省,111500,千克,0,?,"5,161,951"
202001,3033110,冻格陵兰庸鲽鱼,344,俄罗斯,15,进料加工贸易,21,辽宁省,76672,千克,0,?,"3,493,360"
202001,3033110,冻格陵兰庸鲽鱼,357,法罗群岛,10,一般贸易,37,山东省,6938,千克,0,?,"228,165"
202001,3033110,冻格陵兰庸鲽鱼,357,法罗群岛,10,一般贸易,44,广东省,82488,千克,0,?,"3,292,871"
202001,3033110,冻格陵兰庸鲽鱼,501,加拿大,10,一般贸易,12,天津市,93022,千克,0,?,"4,418,105"
202001,3033110,冻格陵兰庸鲽鱼,501,加拿大,10,一般贸易,21,辽宁省,45170,千克,0,?,"2,046,937"
202001,3033110,冻格陵兰庸鲽鱼,501,加拿大,10,一般贸易,31,上海市,59522,千克,0,?,"2,824,483"
202001,3033110,冻格陵兰庸鲽鱼,501,加拿大,10,一般贸易,35,福建省,199238,千克,0,?,"9,236,025"
202001,3033110,冻格陵兰庸鲽鱼,501,加拿大,10,一般贸易,37,山东省,519903,千克,0,?,"25,330,085"
202001,3033110,冻格陵兰庸鲽鱼,501,加拿大,10,一般贸易,44,广东省,413525,千克,0,?,"20,095,869"
202001,3033110,冻格陵兰庸鲽鱼,501,加拿大,15,进料加工贸易,21,辽宁省,25506,千克,0,?,"1,258,164"
202001,3033110,冻格陵兰庸鲽鱼,501,加拿大,33,保税监管场所进出境货物,37,山东省,130554,千克,0,?,"5,660,900"
202001,3033110,冻格陵兰庸鲽鱼,502,美国,15,进料加工贸易,37,山东省,5183,千克,0,?,"241,755"
202001,3033110,冻格陵兰庸鲽鱼,503,格陵兰,10,一般贸易,11,北京市,105984,千克,0,?,"5,079,684"
202001,3033110,冻格陵兰庸鲽鱼,503,格陵兰,10,一般贸易,12,天津市,265006,千克,0,?,"11,529,170"
202001,3033110,冻格陵兰庸鲽鱼,503,格陵兰,10,一般贸易,31,上海市,531540,千克,0,?,"22,945,063"
202001,3033110,冻格陵兰庸鲽鱼,503,格陵兰,10,一般贸易,33,浙江省,91871,千克,0,?,"3,328,324"
202001,3033110,冻格陵兰庸鲽鱼,503,格陵兰,10,一般贸易,35,福建省,375642,千克,0,?,"15,326,176"
202001,3033110,冻格陵兰庸鲽鱼,503,格陵兰,10,一般贸易,37,山东省,223155,千克,0,?,"10,470,884"
202001,3033110,冻格陵兰庸鲽鱼,503,格陵兰,10,一般贸易,44,广东省,478016,千克,0,?,"21,080,760"
202001,3033110,冻格陵兰庸鲽鱼,503,格陵兰,14,来料加工贸易,37,山东省,163518,千克,0,?,"5,737,758"
202001,3033110,冻格陵兰庸鲽鱼,503,格陵兰,15,进料加工贸易,37,山东省,101114,千克,0,?,"4,969,469"
202001,3033110,冻格陵兰庸鲽鱼,503,格陵兰,33,保税监管场所进出境货物,37,山东省,137219,千克,0,?,"6,081,469"
202001,3033110,冻格陵兰庸鲽鱼,503,格陵兰,34,海关特殊监管区域物流货物,37,山东省,25815,千克,0,?,"1,440,249"
202001,3033190,其他冻庸鲽鱼,344,俄罗斯,14,来料加工贸易,21,辽宁省,17469,千克,0,?,"977,836"
202001,3033190,其他冻庸鲽鱼,344,俄罗斯,15,进料加工贸易,21,辽宁省,38030,千克,0,?,"2,025,977"
202001,3033190,其他冻庸鲽鱼,344,俄罗斯,34,海关特殊监管区域物流货物,21,辽宁省,3416,千克,0,?,"71,706"
202001,3033300,冻鳎鱼,111,印度,10,一般贸易,21,辽宁省,26500,千克,0,?,"108,095"
202001,3033300,冻鳎鱼,111,印度,10,一般贸易,35,福建省,9550,千克,0,?,"105,131"
202001,3033300,冻鳎鱼,112,印度尼西亚,10,一般贸易,11,北京市,6947,千克,0,?,"66,046"
202001,3033300,冻鳎鱼,122,马来西亚,10,一般贸易,35,福建省,1615,千克,0,?,"12,400"
202001,3033300,冻鳎鱼,127,巴基斯坦,10,一般贸易,11,北京市,4620,千克,0,?,"78,761"
202001,3033300,冻鳎鱼,136,泰国,10,一般贸易,35,福建省,6408,千克,0,?,"74,370"
202001,3033300,冻鳎鱼,230,毛里塔尼亚,10,一般贸易,35,福建省,13560,千克,0,?,"202,084"
202001,3033300,冻鳎鱼,230,毛里塔尼亚,10,一般贸易,44,广东省,64750,千克,0,?,"1,255,590"
202001,3033900,其他冻比目鱼,103,孟加拉国,10,一般贸易,11,北京市,39080,千克,0,?,"302,525"
202001,3033900,其他冻比目鱼,103,孟加拉国,10,一般贸易,37,山东省,39060,千克,0,?,"365,245"
202001,3033900,其他冻比目鱼,103,孟加拉国,10,一般贸易,65,新疆维吾尔自治区,9220,千克,0,?,"77,112"
202001,3033900,其他冻比目鱼,111,印度,10,一般贸易,12,天津市,23700,千克,0,?,"267,024"
202001,3033900,其他冻比目鱼,111,印度,10,一般贸易,35,福建省,79040,千克,0,?,"705,153"
202001,3033900,其他冻比目鱼,111,印度,10,一般贸易,37,山东省,83500,千克,0,?,"590,701"
202001,3033900,其他冻比目鱼,111,印度,10,一般贸易,44,广东省,26000,千克,0,?,"241,930"
202001,3033900,其他冻比目鱼,111,印度,10,一般贸易,65,新疆维吾尔自治区,26000,千克,0,?,"323,104"
202001,3033900,其他冻比目鱼,112,印度尼西亚,10,一般贸易,35,福建省,15520,千克,0,?,"184,078"
202001,3033900,其他冻比目鱼,116,日本,10,一般贸易,21,辽宁省,128838,千克,0,?,"1,031,847"
202001,3033900,其他冻比目鱼,116,日本,10,一般贸易,37,山东省,24000,千克,0,?,"186,269"
202001,3033900,其他冻比目鱼,127,巴基斯坦,10,一般贸易,11,北京市,162451,千克,0,?,"2,380,198"
202001,3033900,其他冻比目鱼,127,巴基斯坦,10,一般贸易,37,山东省,12280,千克,0,?,"149,355"
202001,3033900,其他冻比目鱼,127,巴基斯坦,10,一般贸易,44,广东省,1998,千克,0,?,"32,756"
202001,3033900,其他冻比目鱼,127,巴基斯坦,10,一般贸易,50,重庆市,1463,千克,0,?,"24,799"
202001,3033900,其他冻比目鱼,136,泰国,10,一般贸易,35,福建省,2340,千克,0,?,"26,275"
202001,3033900,其他冻比目鱼,136,泰国,10,一般贸易,44,广东省,1980,千克,0,?,"20,025"
202001,3033900,其他冻比目鱼,240,塞内加尔,10,一般贸易,11,北京市,207882,千克,0,?,"3,081,742"
202001,3033900,其他冻比目鱼,240,塞内加尔,10,一般贸易,35,福建省,78630,千克,0,?,"900,090"
202001,3033900,其他冻比目鱼,240,塞内加尔,10,一般贸易,44,广东省,6100,千克,0,?,"70,167"
202001,3033900,其他冻比目鱼,327,波兰,15,进料加工贸易,37,山东省,28090,千克,0,?,"196,543"
202001,3033900,其他冻比目鱼,334,爱沙尼亚,33,保税监管场所进出境货物,37,山东省,179894,千克,0,?,"1,390,864"
202001,3033900,其他冻比目鱼,344,俄罗斯,14,来料加工贸易,31,上海市,192455,千克,0,?,"10,772,707"
202001,3033900,其他冻比目鱼,344,俄罗斯,15,进料加工贸易,22,吉林省,804298,千克,0,?,"7,391,049"
202001,3033900,其他冻比目鱼,344,俄罗斯,15,进料加工贸易,37,山东省,27608,千克,0,?,"484,375"
202001,3033900,其他冻比目鱼,344,俄罗斯,33,保税监管场所进出境货物,22,吉林省,21472,千克,0,?,"177,280"
202001,3033900,其他冻比目鱼,501,加拿大,10,一般贸易,21,辽宁省,307226,千克,0,?,"3,570,901"
202001,3033900,其他冻比目鱼,501,加拿大,14,来料加工贸易,21,辽宁省,93762,千克,0,?,"1,180,878"
202001,3033900,其他冻比目鱼,501,加拿大,15,进料加工贸易,21,辽宁省,290096,千克,0,?,"3,603,942"
202001,3033900,其他冻比目鱼,501,加拿大,34,海关特殊监管区域物流货物,21,辽宁省,205334,千克,0,?,"2,882,016"
202001,3033900,其他冻比目鱼,502,美国,14,来料加工贸易,21,辽宁省,250880,千克,0,?,"3,263,358"
202001,3033900,其他冻比目鱼,502,美国,15,进料加工贸易,21,辽宁省,40291,千克,0,?,"450,135"
202001,3033900,其他冻比目鱼,502,美国,15,进料加工贸易,37,山东省,180537,千克,0,?,"2,021,485"
202001,3033900,其他冻比目鱼,502,美国,33,保税监管场所进出境货物,21,辽宁省,15136,千克,0,?,"200,310"
202001,3033900,其他冻比目鱼,502,美国,33,保税监管场所进出境货物,37,山东省,16803,千克,0,?,"157,895"
202001,3034100,冻长鳍金枪鱼,112,印度尼西亚,10,一般贸易,44,广东省,21072,千克,0,?,"274,124"
202001,3034200,冻黄鳍金枪鱼,133,韩国,14,来料加工贸易,37,山东省,19313,千克,0,?,"271,073"
202001,3034200,冻黄鳍金枪鱼,134,斯里兰卡,10,一般贸易,33,浙江省,28568,千克,0,?,"815,196"
202001,3034200,冻黄鳍金枪鱼,141,越南,10,一般贸易,44,广东省,7000,千克,0,?,"365,246"
202001,3034200,冻黄鳍金枪鱼,620,密克罗尼西亚联邦,15,进料加工贸易,37,山东省,6342,千克,0,?,"194,063"
202001,3034200,冻黄鳍金枪鱼,621,马绍尔群岛,15,进料加工贸易,33,浙江省,453154,千克,0,?,"5,326,731"
202001,3034300,冻鲣鱼或狐鲣,142,中国,34,海关特殊监管区域物流货物,33,浙江省,54000,千克,0,?,"1,873,636"
202001,3034300,冻鲣鱼或狐鲣,143,中国台湾,10,一般贸易,33,浙江省,24890,千克,0,?,"186,634"
202001,3034300,冻鲣鱼或狐鲣,621,马绍尔群岛,15,进料加工贸易,33,浙江省,2569964,千克,0,?,"13,914,725"
202001,3034400,冻大眼金枪鱼,133,韩国,14,来料加工贸易,37,山东省,5165,千克,0,?,"72,495"
202001,3034400,冻大眼金枪鱼,134,斯里兰卡,10,一般贸易,33,浙江省,23434,千克,0,?,"670,075"
202001,3034400,冻大眼金枪鱼,620,密克罗尼西亚联邦,15,进料加工贸易,37,山东省,10379,千克,0,?,"317,382"
202001,3034900,其他冻金枪鱼,312,西班牙,10,一般贸易,21,辽宁省,8262,千克,0,?,"899,981"
202001,3035100,冻鲱鱼,133,韩国,10,一般贸易,37,山东省,1181769,千克,0,?,"5,943,185"
202001,3035100,冻鲱鱼,133,韩国,15,进料加工贸易,37,山东省,1073149,千克,0,?,"5,418,675"
202001,3035100,冻鲱鱼,133,韩国,33,保税监管场所进出境货物,21,辽宁省,263088,千克,0,?,"1,380,600"
202001,3035100,冻鲱鱼,305,法国,14,来料加工贸易,21,辽宁省,18607,千克,0,?,"138,558"
202001,3035100,冻鲱鱼,309,荷兰,14,来料加工贸易,21,辽宁省,100625,千克,0,?,"784,513"
202001,3035100,冻鲱鱼,326,挪威,10,一般贸易,11,北京市,50000,千克,0,?,"584,241"
202001,3035100,冻鲱鱼,326,挪威,10,一般贸易,37,山东省,216000,千克,0,?,"1,345,976"
202001,3035100,冻鲱鱼,326,挪威,10,一般贸易,43,湖南省,17000,千克,0,?,"198,642"
202001,3035100,冻鲱鱼,326,挪威,33,保税监管场所进出境货物,21,辽宁省,1618660,千克,0,?,"9,542,045"
202001,3035100,冻鲱鱼,334,爱沙尼亚,10,一般贸易,37,山东省,27720,千克,0,?,"121,469"
202001,3035100,冻鲱鱼,344,俄罗斯,10,一般贸易,11,北京市,1224691,千克,0,?,"6,847,229"
202001,3035100,冻鲱鱼,344,俄罗斯,10,一般贸易,21,辽宁省,1394040,千克,0,?,"7,051,827"
202001,3035100,冻鲱鱼,344,俄罗斯,33,保税监管场所进出境货物,21,辽宁省,11936496,千克,0,?,"58,017,581"
202001,3035100,冻鲱鱼,344,俄罗斯,34,海关特殊监管区域物流货物,22,吉林省,22396,千克,0,?,"86,186"
202001,3035300,冻的沙丁鱼、小沙丁鱼属、黍鲱或西鲱,111,印度,10,一般贸易,44,广东省,155330,千克,0,?,"545,046"
202001,3035300,冻的沙丁鱼、小沙丁鱼属、黍鲱或西鲱,116,日本,14,来料加工贸易,37,山东省,46020,千克,0,?,"161,482"
202001,3035300,冻的沙丁鱼、小沙丁鱼属、黍鲱或西鲱,126,阿曼,33,保税监管场所进出境货物,37,山东省,54000,千克,0,?,"272,039"
202001,3035300,冻的沙丁鱼、小沙丁鱼属、黍鲱或西鲱,127,巴基斯坦,10,一般贸易,11,北京市,367930,千克,0,?,"1,354,867"
202001,3035300,冻的沙丁鱼、小沙丁鱼属、黍鲱或西鲱,127,巴基斯坦,10,一般贸易,35,福建省,2496980,千克,0,?,"9,312,977"
202001,3035300,冻的沙丁鱼、小沙丁鱼属、黍鲱或西鲱,127,巴基斯坦,10,一般贸易,37,山东省,53000,千克,0,?,"200,852"
202001,3035300,冻的沙丁鱼、小沙丁鱼属、黍鲱或西鲱,127,巴基斯坦,10,一般贸易,44,广东省,105460,千克,0,?,"407,059"
202001,3035300,冻的沙丁鱼、小沙丁鱼属、黍鲱或西鲱,127,巴基斯坦,14,来料加工贸易,37,山东省,208000,千克,0,?,"837,515"
202001,3035400,冻鲭鱼,116,日本,10,一般贸易,21,辽宁省,362700,千克,0,?,"2,637,295"
202001,3035400,冻鲭鱼,116,日本,15,进料加工贸易,37,山东省,24450,千克,0,?,"192,508"
202001,3035400,冻鲭鱼,133,韩国,10,一般贸易,33,浙江省,568036,千克,0,?,"2,894,074"
202001,3035400,冻鲭鱼,133,韩国,10,一般贸易,35,福建省,27250,千克,0,?,"132,589"
202001,3035400,冻鲭鱼,133,韩国,10,一般贸易,37,山东省,3549482,千克,0,?,"17,838,978"
202001,3035400,冻鲭鱼,133,韩国,15,进料加工贸易,33,浙江省,1086248,千克,0,?,"5,378,844"
202001,3035400,冻鲭鱼,133,韩国,15,进料加工贸易,37,山东省,259160,千克,0,?,"1,857,139"
202001,3035400,冻鲭鱼,133,韩国,33,保税监管场所进出境货物,37,山东省,672240,千克,0,?,"3,845,775"
202001,3035400,冻鲭鱼,136,泰国,10,一般贸易,44,广东省,10804,千克,0,?,"143,598"
202001,3035400,冻鲭鱼,143,中国台湾,10,一般贸易,35,福建省,6000,千克,0,?,"35,684"
202001,3035400,冻鲭鱼,303,英国,14,来料加工贸易,21,辽宁省,99200,千克,0,?,"1,043,805"
202001,3035400,冻鲭鱼,303,英国,15,进料加工贸易,37,山东省,247000,千克,0,?,"3,476,634"
202001,3035400,冻鲭鱼,303,英国,34,海关特殊监管区域物流货物,37,山东省,49200,千克,0,?,"721,973"
202001,3035400,冻鲭鱼,306,爱尔兰,10,一般贸易,35,福建省,150000,千克,0,?,"2,186,073"
202001,3035400,冻鲭鱼,306,爱尔兰,15,进料加工贸易,37,山东省,50000,千克,0,?,"696,877"
202001,3035400,冻鲭鱼,322,冰岛,15,进料加工贸易,37,山东省,26400,千克,0,?,"369,436"
202001,3035400,冻鲭鱼,326,挪威,14,来料加工贸易,21,辽宁省,133000,千克,0,?,"712,119"
202001,3035400,冻鲭鱼,326,挪威,14,来料加工贸易,37,山东省,3571460,千克,0,?,"36,845,270"
202001,3035400,冻鲭鱼,326,挪威,15,进料加工贸易,21,辽宁省,261000,千克,0,?,"3,654,668"
202001,3035400,冻鲭鱼,326,挪威,15,进料加工贸易,37,山东省,882500,千克,0,?,"13,314,978"
202001,3035400,冻鲭鱼,326,挪威,33,保税监管场所进出境货物,37,山东省,1024410,千克,0,?,"14,919,492"
202001,3035400,冻鲭鱼,326,挪威,34,海关特殊监管区域物流货物,37,山东省,810000,千克,0,?,"11,788,377"
202001,3035400,冻鲭鱼,344,俄罗斯,33,保税监管场所进出境货物,21,辽宁省,4385670,千克,0,?,"15,343,046"
202001,3035400,冻鲭鱼,344,俄罗斯,34,海关特殊监管区域物流货物,21,辽宁省,4518191,千克,0,?,"15,806,665"
202001,3035400,冻鲭鱼,357,法罗群岛,15,进料加工贸易,37,山东省,331250,千克,0,?,"4,239,683"
202001,3035400,冻鲭鱼,503,格陵兰,14,来料加工贸易,37,山东省,100530,千克,0,?,"1,058,263"
202001,3035400,冻鲭鱼,503,格陵兰,15,进料加工贸易,37,山东省,99600,千克,0,?,"1,747,455"
202001,3035500,冻的对称竹荚鱼、新西兰竹荚鱼及竹荚鱼,133,韩国,10,一般贸易,37,山东省,18880,千克,0,?,"95,920"
202001,3035500,冻的对称竹荚鱼、新西兰竹荚鱼及竹荚鱼,133,韩国,14,来料加工贸易,37,山东省,79714,千克,0,?,"671,309"
202001,3035500,冻的对称竹荚鱼、新西兰竹荚鱼及竹荚鱼,133,韩国,15,进料加工贸易,37,山东省,72000,千克,0,?,"429,495"
202001,3035500,冻的对称竹荚鱼、新西兰竹荚鱼及竹荚鱼,143,中国台湾,10,一般贸易,35,福建省,76000,千克,0,?,"331,234"
202001,3035500,冻的对称竹荚鱼、新西兰竹荚鱼及竹荚鱼,143,中国台湾,10,一般贸易,37,山东省,48000,千克,0,?,"378,966"
202001,3035500,冻的对称竹荚鱼、新西兰竹荚鱼及竹荚鱼,143,中国台湾,10,一般贸易,44,广东省,183000,千克,0,?,"1,348,488"
202001,3035500,冻的对称竹荚鱼、新西兰竹荚鱼及竹荚鱼,143,中国台湾,39,其他,35,福建省,32323,千克,0,?,"181,174"
202001,3035500,冻的对称竹荚鱼、新西兰竹荚鱼及竹荚鱼,309,荷兰,15,进料加工贸易,37,山东省,52374,千克,0,?,"421,424"
202001,3035500,冻的对称竹荚鱼、新西兰竹荚鱼及竹荚鱼,312,西班牙,15,进料加工贸易,37,山东省,99500,千克,0,?,"806,611"
202001,3035500,冻的对称竹荚鱼、新西兰竹荚鱼及竹荚鱼,326,挪威,15,进料加工贸易,37,山东省,212800,千克,0,?,"2,165,440"
202001,3035500,冻的对称竹荚鱼、新西兰竹荚鱼及竹荚鱼,609,新西兰,14,来料加工贸易,21,辽宁省,25699,千克,0,?,"338,046"
202001,3035500,冻的对称竹荚鱼、新西兰竹荚鱼及竹荚鱼,609,新西兰,14,来料加工贸易,37,山东省,102540,千克,0,?,"1,038,417"
202001,3035500,冻的对称竹荚鱼、新西兰竹荚鱼及竹荚鱼,609,新西兰,15,进料加工贸易,21,辽宁省,27000,千克,0,?,"415,616"
202001,3035500,冻的对称竹荚鱼、新西兰竹荚鱼及竹荚鱼,609,新西兰,15,进料加工贸易,33,浙江省,304309,千克,0,?,"4,358,568"
202001,3035500,冻的对称竹荚鱼、新西兰竹荚鱼及竹荚鱼,609,新西兰,15,进料加工贸易,37,山东省,375786,千克,0,?,"3,793,512"
202001,3035600,冻军曹鱼,432,巴拿马,10,一般贸易,11,北京市,32,千克,0,?,"3,553"
202001,3035900,冻的?鱼、印度鲭、马鲛鱼、?鱼、银鲳、秋刀鱼、圆?、多春鱼、鲔鱼、狐鲣、枪鱼 、旗鱼、四鳍旗鱼,103,孟加拉国,10,一般贸易,11,北京市,5000,千克,0,?,"177,202"
202001,3035900,冻的?鱼、印度鲭、马鲛鱼、?鱼、银鲳、秋刀鱼、圆?、多春鱼、鲔鱼、狐鲣、枪鱼 、旗鱼、四鳍旗鱼,111,印度,10,一般贸易,11,北京市,26000,千克,0,?,"675,121"
202001,3035900,冻的?鱼、印度鲭、马鲛鱼、?鱼、银鲳、秋刀鱼、圆?、多春鱼、鲔鱼、狐鲣、枪鱼 、旗鱼、四鳍旗鱼,111,印度,10,一般贸易,31,上海市,23000,千克,0,?,"385,521"
202001,3035900,冻的?鱼、印度鲭、马鲛鱼、?鱼、银鲳、秋刀鱼、圆?、多春鱼、鲔鱼、狐鲣、枪鱼 、旗鱼、四鳍旗鱼,111,印度,10,一般贸易,35,福建省,201940,千克,0,?,"4,196,403"
202001,3035900,冻的?鱼、印度鲭、马鲛鱼、?鱼、银鲳、秋刀鱼、圆?、多春鱼、鲔鱼、狐鲣、枪鱼 、旗鱼、四鳍旗鱼,111,印度,10,一般贸易,44,广东省,13511,千克,0,?,"423,870"
202001,3035900,冻的?鱼、印度鲭、马鲛鱼、?鱼、银鲳、秋刀鱼、圆?、多春鱼、鲔鱼、狐鲣、枪鱼 、旗鱼、四鳍旗鱼,112,印度尼西亚,10,一般贸易,11,北京市,583227,千克,0,?,"7,094,222"
202001,3035900,冻的?鱼、印度鲭、马鲛鱼、?鱼、银鲳、秋刀鱼、圆?、多春鱼、鲔鱼、狐鲣、枪鱼 、旗鱼、四鳍旗鱼,112,印度尼西亚,10,一般贸易,33,浙江省,4540,千克,0,?,"50,970"
202001,3035900,冻的?鱼、印度鲭、马鲛鱼、?鱼、银鲳、秋刀鱼、圆?、多春鱼、鲔鱼、狐鲣、枪鱼 、旗鱼、四鳍旗鱼,112,印度尼西亚,10,一般贸易,34,安徽省,18839,千克,0,?,"210,900"
202001,3035900,冻的?鱼、印度鲭、马鲛鱼、?鱼、银鲳、秋刀鱼、圆?、多春鱼、鲔鱼、狐鲣、枪鱼 、旗鱼、四鳍旗鱼,112,印度尼西亚,10,一般贸易,35,福建省,347537,千克,0,?,"4,321,812"
202001,3035900,冻的?鱼、印度鲭、马鲛鱼、?鱼、银鲳、秋刀鱼、圆?、多春鱼、鲔鱼、狐鲣、枪鱼 、旗鱼、四鳍旗鱼,112,印度尼西亚,10,一般贸易,44,广东省,185491,千克,0,?,"2,664,150"
202001,3035900,冻的?鱼、印度鲭、马鲛鱼、?鱼、银鲳、秋刀鱼、圆?、多春鱼、鲔鱼、狐鲣、枪鱼 、旗鱼、四鳍旗鱼,116,日本,10,一般贸易,35,福建省,24111,千克,0,?,"514,246"
202001,3035900,冻的?鱼、印度鲭、马鲛鱼、?鱼、银鲳、秋刀鱼、圆?、多春鱼、鲔鱼、狐鲣、枪鱼 、旗鱼、四鳍旗鱼,116,日本,10,一般贸易,37,山东省,22825,千克,0,?,"376,228"
202001,3035900,冻的?鱼、印度鲭、马鲛鱼、?鱼、银鲳、秋刀鱼、圆?、多春鱼、鲔鱼、狐鲣、枪鱼 、旗鱼、四鳍旗鱼,122,马来西亚,10,一般贸易,44,广东省,27000,千克,0,?,"511,604"
202001,3035900,冻的?鱼、印度鲭、马鲛鱼、?鱼、银鲳、秋刀鱼、圆?、多春鱼、鲔鱼、狐鲣、枪鱼 、旗鱼、四鳍旗鱼,127,巴基斯坦,10,一般贸易,11,北京市,16027,千克,0,?,"392,365"
202001,3035900,冻的?鱼、印度鲭、马鲛鱼、?鱼、银鲳、秋刀鱼、圆?、多春鱼、鲔鱼、狐鲣、枪鱼 、旗鱼、四鳍旗鱼,127,巴基斯坦,10,一般贸易,35,福建省,19589,千克,0,?,"243,853"
202001,3035900,冻的?鱼、印度鲭、马鲛鱼、?鱼、银鲳、秋刀鱼、圆?、多春鱼、鲔鱼、狐鲣、枪鱼 、旗鱼、四鳍旗鱼,133,韩国,10,一般贸易,32,江苏省,2300,千克,0,?,"24,140"
202001,3035900,冻的?鱼、印度鲭、马鲛鱼、?鱼、银鲳、秋刀鱼、圆?、多春鱼、鲔鱼、狐鲣、枪鱼 、旗鱼、四鳍旗鱼,133,韩国,10,一般贸易,33,浙江省,82846,千克,0,?,"1,045,791"
202001,3035900,冻的?鱼、印度鲭、马鲛鱼、?鱼、银鲳、秋刀鱼、圆?、多春鱼、鲔鱼、狐鲣、枪鱼 、旗鱼、四鳍旗鱼,133,韩国,10,一般贸易,35,福建省,21636,千克,0,?,"265,718"
202001,3035900,冻的?鱼、印度鲭、马鲛鱼、?鱼、银鲳、秋刀鱼、圆?、多春鱼、鲔鱼、狐鲣、枪鱼 、旗鱼、四鳍旗鱼,133,韩国,10,一般贸易,37,山东省,275347,千克,0,?,"3,379,364"
202001,3035900,冻的?鱼、印度鲭、马鲛鱼、?鱼、银鲳、秋刀鱼、圆?、多春鱼、鲔鱼、狐鲣、枪鱼 、旗鱼、四鳍旗鱼,133,韩国,10,一般贸易,50,重庆市,22500,千克,0,?,"252,644"
202001,3035900,冻的?鱼、印度鲭、马鲛鱼、?鱼、银鲳、秋刀鱼、圆?、多春鱼、鲔鱼、狐鲣、枪鱼 、旗鱼、四鳍旗鱼,136,泰国,10,一般贸易,35,福建省,50709,千克,0,?,"589,663"
202001,3035900,冻的?鱼、印度鲭、马鲛鱼、?鱼、银鲳、秋刀鱼、圆?、多春鱼、鲔鱼、狐鲣、枪鱼 、旗鱼、四鳍旗鱼,143,中国台湾,10,一般贸易,35,福建省,301912,千克,0,?,"1,510,519"
202001,3035900,冻的?鱼、印度鲭、马鲛鱼、?鱼、银鲳、秋刀鱼、圆?、多春鱼、鲔鱼、狐鲣、枪鱼 、旗鱼、四鳍旗鱼,143,中国台湾,14,来料加工贸易,37,山东省,98360,千克,0,?,"1,308,644"
202001,3035900,冻的?鱼、印度鲭、马鲛鱼、?鱼、银鲳、秋刀鱼、圆?、多春鱼、鲔鱼、狐鲣、枪鱼 、旗鱼、四鳍旗鱼,230,毛里塔尼亚,10,一般贸易,35,福建省,12717,千克,0,?,"163,365"
202001,3035900,冻的?鱼、印度鲭、马鲛鱼、?鱼、银鲳、秋刀鱼、圆?、多春鱼、鲔鱼、狐鲣、枪鱼 、旗鱼、四鳍旗鱼,501,加拿大,10,一般贸易,37,山东省,74457,千克,0,?,"1,480,191"
202001,3035900,冻的?鱼、印度鲭、马鲛鱼、?鱼、银鲳、秋刀鱼、圆?、多春鱼、鲔鱼、狐鲣、枪鱼 、旗鱼、四鳍旗鱼,501,加拿大,10,一般贸易,44,广东省,72387,千克,0,?,"1,348,359"
202001,3035900,冻的?鱼、印度鲭、马鲛鱼、?鱼、银鲳、秋刀鱼、圆?、多春鱼、鲔鱼、狐鲣、枪鱼 、旗鱼、四鳍旗鱼,501,加拿大,15,进料加工贸易,37,山东省,304092,千克,0,?,"7,152,108"
202001,3035900,冻的?鱼、印度鲭、马鲛鱼、?鱼、银鲳、秋刀鱼、圆?、多春鱼、鲔鱼、狐鲣、枪鱼 、旗鱼、四鳍旗鱼,501,加拿大,33,保税监管场所进出境货物,35,福建省,24000,千克,0,?,"404,231"
202001,3035900,冻的?鱼、印度鲭、马鲛鱼、?鱼、银鲳、秋刀鱼、圆?、多春鱼、鲔鱼、狐鲣、枪鱼 、旗鱼、四鳍旗鱼,501,加拿大,33,保税监管场所进出境货物,37,山东省,142299,千克,0,?,"2,509,635"
202001,3035900,冻的?鱼、印度鲭、马鲛鱼、?鱼、银鲳、秋刀鱼、圆?、多春鱼、鲔鱼、狐鲣、枪鱼 、旗鱼、四鳍旗鱼,502,美国,15,进料加工贸易,37,山东省,201600,千克,0,?,"705,288"
202001,3035900,冻的?鱼、印度鲭、马鲛鱼、?鱼、银鲳、秋刀鱼、圆?、多春鱼、鲔鱼、狐鲣、枪鱼 、旗鱼、四鳍旗鱼,502,美国,33,保税监管场所进出境货物,37,山东省,239400,千克,0,?,"1,251,662"
202001,3036300,冻鳕鱼,116,日本,10,一般贸易,21,辽宁省,48800,千克,0,?,"250,167"
202001,3036300,冻鳕鱼,116,日本,14,来料加工贸易,37,山东省,3320,千克,0,?,"47,040"
202001,3036300,冻鳕鱼,116,日本,33,保税监管场所进出境货物,21,辽宁省,10965,千克,0,?,"108,908"
202001,3036300,冻鳕鱼,116,日本,34,海关特殊监管区域物流货物,21,辽宁省,96000,千克,0,?,"829,662"
202001,3036300,冻鳕鱼,133,韩国,15,进料加工贸易,21,辽宁省,48000,千克,0,?,"1,162,163"
202001,3036300,冻鳕鱼,326,挪威,14,来料加工贸易,21,辽宁省,141705,千克,0,?,"3,974,437"
202001,3036300,冻鳕鱼,326,挪威,14,来料加工贸易,37,山东省,166301,千克,0,?,"9,980,147"
202001,3036300,冻鳕鱼,326,挪威,15,进料加工贸易,21,辽宁省,27018,千克,0,?,"204,166"
202001,3036300,冻鳕鱼,326,挪威,15,进料加工贸易,22,吉林省,337700,千克,0,?,"10,688,268"
202001,3036300,冻鳕鱼,326,挪威,15,进料加工贸易,37,山东省,1967245,千克,0,?,"60,381,015"
202001,3036300,冻鳕鱼,326,挪威,33,保税监管场所进出境货物,37,山东省,523486,千克,0,?,"16,607,007"
202001,3036300,冻鳕鱼,344,俄罗斯,14,来料加工贸易,37,山东省,97071,千克,0,?,"2,295,683"
202001,3036300,冻鳕鱼,344,俄罗斯,15,进料加工贸易,21,辽宁省,685323,千克,0,?,"17,349,060"
202001,3036300,冻鳕鱼,344,俄罗斯,15,进料加工贸易,37,山东省,993483,千克,0,?,"28,958,626"
202001,3036300,冻鳕鱼,344,俄罗斯,33,保税监管场所进出境货物,21,辽宁省,807460,千克,0,?,"19,076,194"
202001,3036300,冻鳕鱼,344,俄罗斯,33,保税监管场所进出境货物,37,山东省,410072,千克,0,?,"9,854,632"
202001,3036300,冻鳕鱼,344,俄罗斯,34,海关特殊监管区域物流货物,21,辽宁省,532943,千克,0,?,"9,227,720"
202001,3036300,冻鳕鱼,502,美国,15,进料加工贸易,21,辽宁省,805727,千克,0,?,"17,543,985"
202001,3036300,冻鳕鱼,502,美国,15,进料加工贸易,37,山东省,51779,千克,0,?,"1,273,442"
202001,3036300,冻鳕鱼,502,美国,33,保税监管场所进出境货物,21,辽宁省,11320,千克,0,?,"279,750"
202001,3036300,冻鳕鱼,502,美国,33,保税监管场所进出境货物,37,山东省,140825,千克,0,?,"3,652,243"
202001,3036300,冻鳕鱼,503,格陵兰,14,来料加工贸易,37,山东省,131964,千克,0,?,"1,678,464"
202001,3036300,冻鳕鱼,503,格陵兰,33,保税监管场所进出境货物,37,山东省,103992,千克,0,?,"3,274,309"
202001,3036400,冻黑线鳕鱼,326,挪威,14,来料加工贸易,37,山东省,65057,千克,0,?,"1,177,846"
202001,3036400,冻黑线鳕鱼,326,挪威,15,进料加工贸易,37,山东省,534464,千克,0,?,"12,651,753"
202001,3036400,冻黑线鳕鱼,344,俄罗斯,14,来料加工贸易,37,山东省,56734,千克,0,?,"1,389,363"
202001,3036400,冻黑线鳕鱼,344,俄罗斯,15,进料加工贸易,21,辽宁省,82864,千克,0,?,"1,855,331"
202001,3036400,冻黑线鳕鱼,344,俄罗斯,15,进料加工贸易,37,山东省,873472,千克,0,?,"18,958,000"
202001,3036400,冻黑线鳕鱼,344,俄罗斯,33,保税监管场所进出境货物,21,辽宁省,77875,千克,0,?,"1,803,515"
202001,3036400,冻黑线鳕鱼,344,俄罗斯,34,海关特殊监管区域物流货物,21,辽宁省,55911,千克,0,?,"1,290,983"
202001,3036400,冻黑线鳕鱼,357,法罗群岛,15,进料加工贸易,37,山东省,28687,千克,0,?,"563,383"
202001,3036500,冻绿青鳕鱼,326,挪威,10,一般贸易,15,内蒙古自治区,22,千克,0,?,220
202001,3036500,冻绿青鳕鱼,326,挪威,14,来料加工贸易,37,山东省,27212,千克,0,?,"374,303"
202001,3036600,冻狗鳕鱼,133,韩国,15,进料加工贸易,21,辽宁省,214600,千克,0,?,"2,015,195"
202001,3036600,冻狗鳕鱼,402,阿根廷,34,海关特殊监管区域物流货物,37,山东省,107316,千克,0,?,"2,015,356"
202001,3036600,冻狗鳕鱼,444,乌拉圭,14,来料加工贸易,21,辽宁省,26518,千克,0,?,"445,305"
202001,3036600,冻狗鳕鱼,501,加拿大,15,进料加工贸易,21,辽宁省,324290,千克,0,?,"3,640,719"
202001,3036600,冻狗鳕鱼,501,加拿大,33,保税监管场所进出境货物,21,辽宁省,26818,千克,0,?,"292,335"
202001,3036700,冻狭鳕鱼,116,日本,10,一般贸易,21,辽宁省,309435,千克,0,?,"2,515,440"
202001,3036700,冻狭鳕鱼,116,日本,14,来料加工贸易,37,山东省,3000,千克,0,?,"27,288"
202001,3036700,冻狭鳕鱼,116,日本,15,进料加工贸易,22,吉林省,94200,千克,0,?,"991,628"
202001,3036700,冻狭鳕鱼,116,日本,33,保税监管场所进出境货物,21,辽宁省,390150,千克,0,?,"2,310,688"
202001,3036700,冻狭鳕鱼,116,日本,34,海关特殊监管区域物流货物,21,辽宁省,218430,千克,0,?,"1,506,573"
202001,3036700,冻狭鳕鱼,344,俄罗斯,10,一般贸易,21,辽宁省,68222,千克,0,?,"660,709"
202001,3036700,冻狭鳕鱼,344,俄罗斯,10,一般贸易,35,福建省,88836,千克,0,?,"834,565"
202001,3036700,冻狭鳕鱼,344,俄罗斯,10,一般贸易,37,山东省,769186,千克,0,?,"7,778,130"
202001,3036700,冻狭鳕鱼,344,俄罗斯,14,来料加工贸易,21,辽宁省,199920,千克,0,?,"2,132,606"
202001,3036700,冻狭鳕鱼,344,俄罗斯,15,进料加工贸易,21,辽宁省,2383240,千克,0,?,"27,127,486"
202001,3036700,冻狭鳕鱼,344,俄罗斯,15,进料加工贸易,22,吉林省,2992528,千克,0,?,"34,220,401"
202001,3036700,冻狭鳕鱼,344,俄罗斯,15,进料加工贸易,37,山东省,505890,千克,0,?,"5,895,736"
202001,3036700,冻狭鳕鱼,344,俄罗斯,19,边境小额贸易,22,吉林省,38346,千克,0,?,"354,160"
202001,3036700,冻狭鳕鱼,344,俄罗斯,33,保税监管场所进出境货物,21,辽宁省,10619324,千克,0,?,"64,080,904"
202001,3036700,冻狭鳕鱼,344,俄罗斯,33,保税监管场所进出境货物,22,吉林省,91058,千克,0,?,"732,693"
202001,3036700,冻狭鳕鱼,501,加拿大,15,进料加工贸易,21,辽宁省,407319,千克,0,?,"4,559,953"
202001,3036700,冻狭鳕鱼,501,加拿大,33,保税监管场所进出境货物,21,辽宁省,75600,千克,0,?,"502,517"
202001,3036700,冻狭鳕鱼,502,美国,15,进料加工贸易,21,辽宁省,15375,千克,0,?,"159,052"
202001,3036700,冻狭鳕鱼,502,美国,15,进料加工贸易,37,山东省,100383,千克,0,?,"1,261,376"
202001,3036800,冻蓝鳕鱼,304,德国,10,一般贸易,37,山东省,286936,千克,0,?,"1,530,401"
202001,3036800,冻蓝鳕鱼,304,德国,15,进料加工贸易,37,山东省,1177164,千克,0,?,"5,673,919"
202001,3036800,冻蓝鳕鱼,309,荷兰,10,一般贸易,37,山东省,54957,千克,0,?,"254,550"
202001,3036800,冻蓝鳕鱼,309,荷兰,15,进料加工贸易,37,山东省,1643328,千克,0,?,"8,007,267"
202001,3036800,冻蓝鳕鱼,344,俄罗斯,15,进料加工贸易,37,山东省,532416,千克,0,?,"2,607,684"
202001,3036800,冻蓝鳕鱼,609,新西兰,10,一般贸易,37,山东省,1069367,千克,0,?,"11,549,909"
202001,3036800,冻蓝鳕鱼,609,新西兰,14,来料加工贸易,37,山东省,270000,千克,0,?,"1,511,330"
202001,3036800,冻蓝鳕鱼,609,新西兰,15,进料加工贸易,21,辽宁省,103718,千克,0,?,"1,346,392"
202001,3036800,冻蓝鳕鱼,609,新西兰,15,进料加工贸易,44,广东省,80966,千克,0,?,"407,888"
202001,3036900,其他冻的犀鳕科、多丝真鳕科、鳕科、长尾鳕科、黑鳕科、无须鳕科、深海鳕科及南极鳕科鱼,326,挪威,10,一般贸易,15,内蒙古自治区,19,千克,0,?,565
202001,3036900,其他冻的犀鳕科、多丝真鳕科、鳕科、长尾鳕科、黑鳕科、无须鳕科、深海鳕科及南极鳕科鱼,344,俄罗斯,10,一般贸易,31,上海市,47600,千克,0,?,"1,051,640"
202001,3036900,其他冻的犀鳕科、多丝真鳕科、鳕科、长尾鳕科、黑鳕科、无须鳕科、深海鳕科及南极鳕科鱼,444,乌拉圭,15,进料加工贸易,37,山东省,55393,千克,0,?,"952,517"
202001,3036900,其他冻的犀鳕科、多丝真鳕科、鳕科、长尾鳕科、黑鳕科、无须鳕科、深海鳕科及南极鳕科鱼,601,澳大利亚,15,进料加工贸易,37,山东省,148908,千克,0,?,"3,013,037"
202001,3036900,其他冻的犀鳕科、多丝真鳕科、鳕科、长尾鳕科、黑鳕科、无须鳕科、深海鳕科及南极鳕科鱼,609,新西兰,10,一般贸易,31,上海市,1268,千克,0,?,"15,668"
202001,3036900,其他冻的犀鳕科、多丝真鳕科、鳕科、长尾鳕科、黑鳕科、无须鳕科、深海鳕科及南极鳕科鱼,609,新西兰,10,一般贸易,37,山东省,3640,千克,0,?,"35,485"
202001,3036900,其他冻的犀鳕科、多丝真鳕科、鳕科、长尾鳕科、黑鳕科、无须鳕科、深海鳕科及南极鳕科鱼,609,新西兰,14,来料加工贸易,37,山东省,269540,千克,0,?,"1,508,756"
202001,3036900,其他冻的犀鳕科、多丝真鳕科、鳕科、长尾鳕科、黑鳕科、无须鳕科、深海鳕科及南极鳕科鱼,609,新西兰,15,进料加工贸易,37,山东省,325831,千克,0,?,"6,965,233"
202001,3036900,其他冻的犀鳕科、多丝真鳕科、鳕科、长尾鳕科、黑鳕科、无须鳕科、深海鳕科及南极鳕科鱼,609,新西兰,34,海关特殊监管区域物流货物,37,山东省,74951,千克,0,?,"1,539,231"
202001,3038100,冻角鲨及其他鲨鱼,112,印度尼西亚,10,一般贸易,11,北京市,82853,千克,0,?,"755,886"
202001,3038100,冻角鲨及其他鲨鱼,112,印度尼西亚,10,一般贸易,35,福建省,314957,千克,0,?,"2,857,439"
202001,3038100,冻角鲨及其他鲨鱼,143,中国台湾,39,其他,35,福建省,138036,千克,0,?,"1,269,248"
202001,3038100,冻角鲨及其他鲨鱼,502,美国,15,进料加工贸易,21,辽宁省,21590,千克,0,?,"543,827"
202001,3038100,冻角鲨及其他鲨鱼,609,新西兰,10,一般贸易,31,上海市,4190,千克,0,?,"28,782"
202001,3038200,冻?鱼及鳐鱼,103,孟加拉国,10,一般贸易,37,山东省,40440,千克,0,?,"323,857"
202001,3038200,冻?鱼及鳐鱼,133,韩国,10,一般贸易,37,山东省,13200,千克,0,?,"128,485"
202001,3038200,冻?鱼及鳐鱼,312,西班牙,14,来料加工贸易,21,辽宁省,23399,千克,0,?,"136,296"
202001,3038200,冻?鱼及鳐鱼,609,新西兰,10,一般贸易,31,上海市,9039,千克,0,?,"125,024"
202001,3038300,冻南极犬牙鱼,303,英国,15,进料加工贸易,37,山东省,4712,千克,0,?,"329,694"
202001,3038300,冻南极犬牙鱼,305,法国,10,一般贸易,11,北京市,147360,千克,0,?,"28,892,344"
202001,3038300,冻南极犬牙鱼,305,法国,10,一般贸易,21,辽宁省,23560,千克,0,?,"4,627,164"
202001,3038300,冻南极犬牙鱼,305,法国,10,一般贸易,31,上海市,104651,千克,0,?,"20,459,548"
202001,3038300,冻南极犬牙鱼,305,法国,10,一般贸易,35,福建省,68390,千克,0,?,"13,362,859"
202001,3038300,冻南极犬牙鱼,305,法国,10,一般贸易,44,广东省,46213,千克,0,?,"9,110,627"
202001,3038300,冻南极犬牙鱼,312,西班牙,15,进料加工贸易,37,山东省,10140,千克,0,?,"846,408"
202001,3038300,冻南极犬牙鱼,402,阿根廷,10,一般贸易,11,北京市,32145,千克,0,?,"5,526,958"
202001,3038300,冻南极犬牙鱼,402,阿根廷,10,一般贸易,35,福建省,22227,千克,0,?,"2,952,335"
202001,3038300,冻南极犬牙鱼,412,智利,10,一般贸易,31,上海市,22932,千克,0,?,"3,130,740"
202001,3038300,冻南极犬牙鱼,412,智利,10,一般贸易,35,福建省,66788,千克,0,?,"9,270,643"
202001,3038300,冻南极犬牙鱼,412,智利,10,一般贸易,37,山东省,47300,千克,0,?,"5,058,496"
202001,3038300,冻南极犬牙鱼,444,乌拉圭,10,一般贸易,31,上海市,16903,千克,0,?,"2,859,993"
202001,3038300,冻南极犬牙鱼,601,澳大利亚,10,一般贸易,31,上海市,69618,千克,0,?,"14,107,268"
202001,3038300,冻南极犬牙鱼,601,澳大利亚,10,一般贸易,32,江苏省,228223,千克,0,?,"44,738,665"
202001,3038300,冻南极犬牙鱼,601,澳大利亚,33,保税监管场所进出境货物,33,浙江省,23423,千克,0,?,"4,406,751"
202001,3038300,冻南极犬牙鱼,609,新西兰,10,一般贸易,31,上海市,2231,千克,0,?,"468,316"
202001,3038400,冻尖吻鲈鱼,305,法国,10,一般贸易,44,广东省,5,千克,0,?,610
202001,3038910,冻带鱼,103,孟加拉国,10,一般贸易,11,北京市,7901,千克,0,?,"116,306"
202001,3038910,冻带鱼,103,孟加拉国,10,一般贸易,65,新疆维吾尔自治区,114194,千克,0,?,"1,624,462"
202001,3038910,冻带鱼,111,印度,10,一般贸易,11,北京市,758500,千克,0,?,"10,360,524"
202001,3038910,冻带鱼,111,印度,10,一般贸易,12,天津市,1564620,千克,0,?,"24,590,864"
202001,3038910,冻带鱼,111,印度,10,一般贸易,13,河北省,157000,千克,0,?,"2,268,128"
202001,3038910,冻带鱼,111,印度,10,一般贸易,21,辽宁省,108000,千克,0,?,"1,311,169"
202001,3038910,冻带鱼,111,印度,10,一般贸易,31,上海市,26000,千克,0,?,"414,420"
202001,3038910,冻带鱼,111,印度,10,一般贸易,33,浙江省,18040,千克,0,?,"303,847"
202001,3038910,冻带鱼,111,印度,10,一般贸易,35,福建省,172150,千克,0,?,"2,411,705"
202001,3038910,冻带鱼,111,印度,10,一般贸易,37,山东省,102000,千克,0,?,"834,417"
202001,3038910,冻带鱼,111,印度,10,一般贸易,44,广东省,52900,千克,0,?,"1,095,694"
202001,3038910,冻带鱼,111,印度,10,一般贸易,45,广西壮族自治区,14070,千克,0,?,"194,419"
202001,3038910,冻带鱼,112,印度尼西亚,10,一般贸易,11,北京市,1657872,千克,0,?,"23,558,448"
202001,3038910,冻带鱼,112,印度尼西亚,10,一般贸易,12,天津市,774129,千克,0,?,"11,748,685"
202001,3038910,冻带鱼,112,印度尼西亚,10,一般贸易,21,辽宁省,27077,千克,0,?,"435,068"
202001,3038910,冻带鱼,112,印度尼西亚,10,一般贸易,31,上海市,25161,千克,0,?,"373,605"
202001,3038910,冻带鱼,112,印度尼西亚,10,一般贸易,32,江苏省,26504,千克,0,?,"258,455"
202001,3038910,冻带鱼,112,印度尼西亚,10,一般贸易,33,浙江省,39901,千克,0,?,"456,475"
202001,3038910,冻带鱼,112,印度尼西亚,10,一般贸易,34,安徽省,10800,千克,0,?,"99,990"
202001,3038910,冻带鱼,112,印度尼西亚,10,一般贸易,35,福建省,993213,千克,0,?,"13,810,145"
202001,3038910,冻带鱼,112,印度尼西亚,10,一般贸易,37,山东省,218587,千克,0,?,"2,952,887"
202001,3038910,冻带鱼,112,印度尼西亚,10,一般贸易,44,广东省,27259,千克,0,?,"369,878"
202001,3038910,冻带鱼,112,印度尼西亚,10,一般贸易,46,海南省,15200,千克,0,?,"278,364"
202001,3038910,冻带鱼,113,伊朗,10,一般贸易,33,浙江省,18660,千克,0,?,"256,695"
202001,3038910,冻带鱼,116,日本,10,一般贸易,37,山东省,20640,千克,0,?,"277,641"
202001,3038910,冻带鱼,122,马来西亚,10,一般贸易,12,天津市,60803,千克,0,?,"816,297"
202001,3038910,冻带鱼,122,马来西亚,10,一般贸易,21,辽宁省,25760,千克,0,?,"352,172"
202001,3038910,冻带鱼,122,马来西亚,10,一般贸易,33,浙江省,27049,千克,0,?,"334,834"
202001,3038910,冻带鱼,122,马来西亚,10,一般贸易,35,福建省,236232,千克,0,?,"2,346,658"
202001,3038910,冻带鱼,122,马来西亚,10,一般贸易,37,山东省,86234,千克,0,?,"944,682"
202001,3038910,冻带鱼,122,马来西亚,10,一般贸易,41,河南省,23380,千克,0,?,"392,900"
202001,3038910,冻带鱼,122,马来西亚,10,一般贸易,42,湖北省,16860,千克,0,?,"218,172"
202001,3038910,冻带鱼,122,马来西亚,10,一般贸易,44,广东省,80813,千克,0,?,"1,410,013"
202001,3038910,冻带鱼,127,巴基斯坦,10,一般贸易,11,北京市,446863,千克,0,?,"7,107,139"
202001,3038910,冻带鱼,127,巴基斯坦,10,一般贸易,37,山东省,189290,千克,0,?,"2,988,453"
202001,3038910,冻带鱼,127,巴基斯坦,10,一般贸易,44,广东省,54800,千克,0,?,"944,650"
202001,3038910,冻带鱼,127,巴基斯坦,10,一般贸易,50,重庆市,17524,千克,0,?,"119,862"
202001,3038910,冻带鱼,127,巴基斯坦,10,一般贸易,53,云南省,3460,千克,0,?,"64,162"
202001,3038910,冻带鱼,129,菲律宾,10,一般贸易,44,广东省,13654,千克,0,?,"345,954"
202001,3038910,冻带鱼,133,韩国,10,一般贸易,21,辽宁省,500,千克,0,?,"29,194"
202001,3038910,冻带鱼,133,韩国,10,一般贸易,31,上海市,450,千克,0,?,"75,274"
202001,3038910,冻带鱼,133,韩国,10,一般贸易,32,江苏省,612,千克,0,?,"6,092"
202001,3038910,冻带鱼,133,韩国,10,一般贸易,33,浙江省,3315,千克,0,?,"465,933"
202001,3038910,冻带鱼,133,韩国,10,一般贸易,37,山东省,19921,千克,0,?,"229,820"
202001,3038910,冻带鱼,134,斯里兰卡,10,一般贸易,37,山东省,76,千克,0,?,596
202001,3038910,冻带鱼,136,泰国,10,一般贸易,12,天津市,268738,千克,0,?,"3,311,171"
202001,3038910,冻带鱼,136,泰国,10,一般贸易,21,辽宁省,26500,千克,0,?,"213,168"
202001,3038910,冻带鱼,136,泰国,10,一般贸易,33,浙江省,10270,千克,0,?,"107,626"
202001,3038910,冻带鱼,136,泰国,10,一般贸易,35,福建省,188396,千克,0,?,"2,448,834"
202001,3038910,冻带鱼,136,泰国,10,一般贸易,62,甘肃省,12000,千克,0,?,"377,280"
202001,3038910,冻带鱼,141,越南,10,一般贸易,12,天津市,19279,千克,0,?,"190,154"
202001,3038910,冻带鱼,143,中国台湾,10,一般贸易,35,福建省,1658202,千克,0,?,"13,138,149"
202001,3038910,冻带鱼,143,中国台湾,39,其他,35,福建省,122010,千克,0,?,"996,994"
202001,3038910,冻带鱼,227,马达加斯加,10,一般贸易,31,上海市,22440,千克,0,?,"427,259"
202001,3038910,冻带鱼,230,毛里塔尼亚,10,一般贸易,11,北京市,25040,千克,0,?,"263,592"
202001,3038910,冻带鱼,230,毛里塔尼亚,10,一般贸易,31,上海市,30020,千克,0,?,"241,554"
202001,3038910,冻带鱼,240,塞内加尔,10,一般贸易,11,北京市,151347,千克,0,?,"1,985,557"
202001,3038910,冻带鱼,240,塞内加尔,10,一般贸易,21,辽宁省,1424,千克,0,?,"13,188"
202001,3038910,冻带鱼,240,塞内加尔,10,一般贸易,35,福建省,86360,千克,0,?,"929,454"
202001,3038910,冻带鱼,240,塞内加尔,10,一般贸易,44,广东省,20917,千克,0,?,"270,100"
202001,3038910,冻带鱼,243,索马里,15,进料加工贸易,37,山东省,46800,千克,0,?,"1,102,608"
202001,3038910,冻带鱼,244,南非,10,一般贸易,11,北京市,173127,千克,0,?,"2,914,872"
202001,3038910,冻带鱼,410,巴西,10,一般贸易,13,河北省,23880,千克,0,?,"348,934"
202001,3038910,冻带鱼,410,巴西,10,一般贸易,44,广东省,48300,千克,0,?,"491,435"
202001,3038910,冻带鱼,419,厄瓜多尔,10,一般贸易,11,北京市,53360,千克,0,?,"666,279"
202001,3038910,冻带鱼,419,厄瓜多尔,10,一般贸易,37,山东省,186020,千克,0,?,"2,316,922"
202001,3038910,冻带鱼,419,厄瓜多尔,10,一般贸易,44,广东省,9500,千克,0,?,"130,049"
202001,3038910,冻带鱼,441,苏里南,10,一般贸易,37,山东省,19124,千克,0,?,"191,379"
202001,3038910,冻带鱼,441,苏里南,10,一般贸易,45,广西壮族自治区,25000,千克,0,?,"352,158"
202001,3038920,冻黄鱼,410,巴西,10,一般贸易,32,江苏省,14160,千克,0,?,"251,988"
202001,3038920,冻黄鱼,424,圭亚那,10,一般贸易,12,天津市,50000,千克,0,?,"493,182"
202001,3038920,冻黄鱼,424,圭亚那,10,一般贸易,31,上海市,41030,千克,0,?,"383,570"
202001,3038920,冻黄鱼,424,圭亚那,10,一般贸易,35,福建省,73700,千克,0,?,"697,298"
202001,3038930,冻鲳鱼,103,孟加拉国,10,一般贸易,11,北京市,6209,千克,0,?,"288,231"
202001,3038930,冻鲳鱼,103,孟加拉国,10,一般贸易,65,新疆维吾尔自治区,54010,千克,0,?,"3,292,888"
202001,3038930,冻鲳鱼,111,印度,10,一般贸易,35,福建省,67260,千克,0,?,"1,892,812"
202001,3038930,冻鲳鱼,112,印度尼西亚,10,一般贸易,11,北京市,9070,千克,0,?,"254,382"
202001,3038930,冻鲳鱼,112,印度尼西亚,10,一般贸易,12,天津市,1760,千克,0,?,"52,924"
202001,3038930,冻鲳鱼,112,印度尼西亚,10,一般贸易,35,福建省,25530,千克,0,?,"253,120"
202001,3038930,冻鲳鱼,112,印度尼西亚,10,一般贸易,44,广东省,11955,千克,0,?,"216,696"
202001,3038930,冻鲳鱼,112,印度尼西亚,34,海关特殊监管区域物流货物,33,浙江省,1830,千克,0,?,"64,214"
202001,3038930,冻鲳鱼,122,马来西亚,10,一般贸易,35,福建省,2870,千克,0,?,"149,671"
202001,3038930,冻鲳鱼,127,巴基斯坦,10,一般贸易,11,北京市,2750,千克,0,?,"213,935"
202001,3038930,冻鲳鱼,127,巴基斯坦,10,一般贸易,50,重庆市,597,千克,0,?,"13,621"
202001,3038930,冻鲳鱼,133,韩国,10,一般贸易,37,山东省,41756,千克,0,?,"409,028"
202001,3038930,冻鲳鱼,136,泰国,10,一般贸易,12,天津市,3860,千克,0,?,"91,370"
202001,3038930,冻鲳鱼,143,中国台湾,39,其他,35,福建省,23814,千克,0,?,"216,611"
202001,3038930,冻鲳鱼,419,厄瓜多尔,10,一般贸易,11,北京市,26500,千克,0,?,"324,922"
202001,3038930,冻鲳鱼,419,厄瓜多尔,10,一般贸易,32,江苏省,104880,千克,0,?,"1,210,828"
202001,3038930,冻鲳鱼,419,厄瓜多尔,10,一般贸易,44,广东省,51870,千克,0,?,"625,027"
202001,3038930,冻鲳鱼,609,新西兰,14,来料加工贸易,21,辽宁省,59427,千克,0,?,"623,711"
202001,3038930,冻鲳鱼,609,新西兰,15,进料加工贸易,37,山东省,36000,千克,0,?,"1,130,365"
202001,3038990,未列名冻鱼,103,孟加拉国,10,一般贸易,11,北京市,55110,千克,0,?,"791,190"
202001,3038990,未列名冻鱼,103,孟加拉国,10,一般贸易,12,天津市,31800,千克,0,?,"669,507"
202001,3038990,未列名冻鱼,103,孟加拉国,10,一般贸易,65,新疆维吾尔自治区,56950,千克,0,?,"798,546"
202001,3038990,未列名冻鱼,111,印度,10,一般贸易,11,北京市,362860,千克,0,?,"4,372,059"
202001,3038990,未列名冻鱼,111,印度,10,一般贸易,12,天津市,2953810,千克,0,?,"38,502,269"
202001,3038990,未列名冻鱼,111,印度,10,一般贸易,13,河北省,52500,千克,0,?,"826,490"
202001,3038990,未列名冻鱼,111,印度,10,一般贸易,21,辽宁省,27546,千克,0,?,"110,774"
202001,3038990,未列名冻鱼,111,印度,10,一般贸易,31,上海市,78000,千克,0,?,"937,264"
202001,3038990,未列名冻鱼,111,印度,10,一般贸易,32,江苏省,415680,千克,0,?,"5,564,750"
202001,3038990,未列名冻鱼,111,印度,10,一般贸易,33,浙江省,754810,千克,0,?,"8,778,678"
202001,3038990,未列名冻鱼,111,印度,10,一般贸易,35,福建省,1548280,千克,0,?,"15,399,402"
202001,3038990,未列名冻鱼,111,印度,10,一般贸易,37,山东省,367150,千克,0,?,"3,543,971"
202001,3038990,未列名冻鱼,111,印度,10,一般贸易,41,河南省,26000,千克,0,?,"380,318"
202001,3038990,未列名冻鱼,111,印度,10,一般贸易,42,湖北省,52000,千克,0,?,"639,649"
202001,3038990,未列名冻鱼,111,印度,10,一般贸易,44,广东省,246930,千克,0,?,"3,125,025"
202001,3038990,未列名冻鱼,111,印度,10,一般贸易,65,新疆维吾尔自治区,78030,千克,0,?,"895,505"
202001,3038990,未列名冻鱼,111,印度,15,进料加工贸易,21,辽宁省,47380,千克,0,?,"830,683"
202001,3038990,未列名冻鱼,112,印度尼西亚,10,一般贸易,11,北京市,3172507,千克,0,?,"32,339,244"
202001,3038990,未列名冻鱼,112,印度尼西亚,10,一般贸易,21,辽宁省,26000,千克,0,?,"343,877"
202001,3038990,未列名冻鱼,112,印度尼西亚,10,一般贸易,31,上海市,6661,千克,0,?,"261,738"
202001,3038990,未列名冻鱼,112,印度尼西亚,10,一般贸易,33,浙江省,170426,千克,0,?,"1,512,459"
202001,3038990,未列名冻鱼,112,印度尼西亚,10,一般贸易,34,安徽省,27340,千克,0,?,"332,794"
202001,3038990,未列名冻鱼,112,印度尼西亚,10,一般贸易,35,福建省,2339175,千克,0,?,"24,792,454"
202001,3038990,未列名冻鱼,112,印度尼西亚,10,一般贸易,37,山东省,30800,千克,0,?,"240,474"
202001,3038990,未列名冻鱼,112,印度尼西亚,10,一般贸易,42,湖北省,26089,千克,0,?,"294,916"
202001,3038990,未列名冻鱼,112,印度尼西亚,10,一般贸易,44,广东省,867412,千克,0,?,"9,493,554"
202001,3038990,未列名冻鱼,112,印度尼西亚,10,一般贸易,46,海南省,7883,千克,0,?,"206,164"
202001,3038990,未列名冻鱼,112,印度尼西亚,10,一般贸易,51,四川省,7500,千克,0,?,"136,410"
202001,3038990,未列名冻鱼,116,日本,10,一般贸易,21,辽宁省,166241,千克,0,?,"1,412,931"
202001,3038990,未列名冻鱼,116,日本,10,一般贸易,31,上海市,2000,千克,0,?,"540,255"
202001,3038990,未列名冻鱼,116,日本,10,一般贸易,35,福建省,61338,千克,0,?,"640,675"
202001,3038990,未列名冻鱼,116,日本,10,一般贸易,37,山东省,122468,千克,0,?,"1,187,838"
202001,3038990,未列名冻鱼,116,日本,14,来料加工贸易,21,辽宁省,193308,千克,0,?,"2,164,091"
202001,3038990,未列名冻鱼,116,日本,14,来料加工贸易,37,山东省,245035,千克,0,?,"2,139,330"
202001,3038990,未列名冻鱼,116,日本,15,进料加工贸易,37,山东省,48000,千克,0,?,"490,660"
202001,3038990,未列名冻鱼,116,日本,33,保税监管场所进出境货物,21,辽宁省,45810,千克,0,?,"547,295"
202001,3038990,未列名冻鱼,122,马来西亚,10,一般贸易,12,天津市,26000,千克,0,?,"352,046"
202001,3038990,未列名冻鱼,122,马来西亚,10,一般贸易,33,浙江省,77932,千克,0,?,"767,408"
202001,3038990,未列名冻鱼,122,马来西亚,10,一般贸易,35,福建省,420257,千克,0,?,"4,724,940"
202001,3038990,未列名冻鱼,122,马来西亚,10,一般贸易,37,山东省,151163,千克,0,?,"1,160,685"
202001,3038990,未列名冻鱼,122,马来西亚,10,一般贸易,42,湖北省,2130,千克,0,?,"32,479"
202001,3038990,未列名冻鱼,122,马来西亚,10,一般贸易,44,广东省,103566,千克,0,?,"1,429,824"
202001,3038990,未列名冻鱼,127,巴基斯坦,10,一般贸易,11,北京市,907155,千克,0,?,"12,763,364"
202001,3038990,未列名冻鱼,127,巴基斯坦,10,一般贸易,12,天津市,62072,千克,0,?,"869,690"
202001,3038990,未列名冻鱼,127,巴基斯坦,10,一般贸易,35,福建省,109003,千克,0,?,"1,253,847"
202001,3038990,未列名冻鱼,127,巴基斯坦,10,一般贸易,37,山东省,140882,千克,0,?,"1,618,669"
202001,3038990,未列名冻鱼,127,巴基斯坦,10,一般贸易,44,广东省,551587,千克,0,?,"7,063,939"
202001,3038990,未列名冻鱼,127,巴基斯坦,10,一般贸易,50,重庆市,53468,千克,0,?,"545,598"
202001,3038990,未列名冻鱼,129,菲律宾,10,一般贸易,35,福建省,19269,千克,0,?,"543,932"
202001,3038990,未列名冻鱼,129,菲律宾,10,一般贸易,42,湖北省,5170,千克,0,?,"193,449"
202001,3038990,未列名冻鱼,133,韩国,10,一般贸易,31,上海市,375,千克,0,?,"5,000"
202001,3038990,未列名冻鱼,133,韩国,10,一般贸易,37,山东省,212256,千克,0,?,"1,914,237"
202001,3038990,未列名冻鱼,133,韩国,14,来料加工贸易,37,山东省,217893,千克,0,?,"3,934,042"
202001,3038990,未列名冻鱼,133,韩国,15,进料加工贸易,21,辽宁省,169217,千克,0,?,"4,101,092"
202001,3038990,未列名冻鱼,133,韩国,15,进料加工贸易,33,浙江省,425701,千克,0,?,"14,013,371"
202001,3038990,未列名冻鱼,133,韩国,15,进料加工贸易,37,山东省,163970,千克,0,?,"2,003,894"
202001,3038990,未列名冻鱼,134,斯里兰卡,10,一般贸易,44,广东省,84710,千克,0,?,"1,410,611"
202001,3038990,未列名冻鱼,136,泰国,10,一般贸易,12,天津市,14679,千克,0,?,"157,529"
202001,3038990,未列名冻鱼,136,泰国,10,一般贸易,33,浙江省,6272,千克,0,?,"89,810"
202001,3038990,未列名冻鱼,136,泰国,10,一般贸易,35,福建省,495065,千克,0,?,"5,260,961"
202001,3038990,未列名冻鱼,136,泰国,10,一般贸易,44,广东省,181149,千克,0,?,"1,418,888"
202001,3038990,未列名冻鱼,136,泰国,10,一般贸易,62,甘肃省,7,千克,0,?,"1,098"
202001,3038990,未列名冻鱼,141,越南,10,一般贸易,35,福建省,9374,千克,0,?,"65,786"
202001,3038990,未列名冻鱼,141,越南,10,一般贸易,44,广东省,71897,千克,0,?,"561,898"
202001,3038990,未列名冻鱼,143,中国台湾,10,一般贸易,35,福建省,27700,千克,0,?,"913,659"
202001,3038990,未列名冻鱼,143,中国台湾,14,来料加工贸易,37,山东省,76000,千克,0,?,"794,988"
202001,3038990,未列名冻鱼,143,中国台湾,15,进料加工贸易,21,辽宁省,25000,千克,0,?,"403,529"
202001,3038990,未列名冻鱼,143,中国台湾,15,进料加工贸易,37,山东省,91480,千克,0,?,"1,139,336"
202001,3038990,未列名冻鱼,143,中国台湾,39,其他,35,福建省,488138,千克,0,?,"4,143,318"
202001,3038990,未列名冻鱼,145,哈萨克斯坦,10,一般贸易,65,新疆维吾尔自治区,133588,千克,0,?,"962,786"
202001,3038990,未列名冻鱼,145,哈萨克斯坦,19,边境小额贸易,65,新疆维吾尔自治区,231320,千克,0,?,"2,269,198"
202001,3038990,未列名冻鱼,230,毛里塔尼亚,10,一般贸易,11,北京市,54000,千克,0,?,"265,276"
202001,3038990,未列名冻鱼,230,毛里塔尼亚,10,一般贸易,31,上海市,2070,千克,0,?,"28,967"
202001,3038990,未列名冻鱼,230,毛里塔尼亚,10,一般贸易,35,福建省,280980,千克,0,?,"2,644,204"
202001,3038990,未列名冻鱼,230,毛里塔尼亚,10,一般贸易,37,山东省,22220,千克,0,?,"77,969"
202001,3038990,未列名冻鱼,244,南非,10,一般贸易,33,浙江省,23719,千克,0,?,"141,768"
202001,3038990,未列名冻鱼,244,南非,10,一般贸易,35,福建省,20475,千克,0,?,"172,430"
202001,3038990,未列名冻鱼,311,葡萄牙,14,来料加工贸易,21,辽宁省,22680,千克,0,?,"159,165"
202001,3038990,未列名冻鱼,311,葡萄牙,15,进料加工贸易,21,辽宁省,112701,千克,0,?,"1,525,714"
202001,3038990,未列名冻鱼,312,西班牙,15,进料加工贸易,21,辽宁省,27484,千克,0,?,"392,557"
202001,3038990,未列名冻鱼,322,冰岛,10,一般贸易,12,天津市,23415,千克,0,?,"402,594"
202001,3038990,未列名冻鱼,326,挪威,10,一般贸易,31,上海市,22333,千克,0,?,"204,144"
202001,3038990,未列名冻鱼,326,挪威,10,一般贸易,33,浙江省,24689,千克,0,?,"242,570"
202001,3038990,未列名冻鱼,326,挪威,10,一般贸易,37,山东省,55306,千克,0,?,"481,400"
202001,3038990,未列名冻鱼,326,挪威,15,进料加工贸易,21,辽宁省,16636,千克,0,?,"269,098"
202001,3038990,未列名冻鱼,326,挪威,15,进料加工贸易,37,山东省,323313,千克,0,?,"4,958,879"
202001,3038990,未列名冻鱼,326,挪威,33,保税监管场所进出境货物,21,辽宁省,246399,千克,0,?,"2,213,377"
202001,3038990,未列名冻鱼,334,爱沙尼亚,15,进料加工贸易,21,辽宁省,74572,千克,0,?,"1,035,664"
202001,3038990,未列名冻鱼,344,俄罗斯,14,来料加工贸易,37,山东省,523152,千克,0,?,"5,857,034"
202001,3038990,未列名冻鱼,344,俄罗斯,19,边境小额贸易,23,黑龙江省,7378,千克,0,?,"71,278"
202001,3038990,未列名冻鱼,344,俄罗斯,33,保税监管场所进出境货物,37,山东省,96786,千克,0,?,"1,222,620"
202001,3038990,未列名冻鱼,402,阿根廷,10,一般贸易,13,河北省,55000,千克,0,?,"653,190"
202001,3038990,未列名冻鱼,402,阿根廷,10,一般贸易,21,辽宁省,27500,千克,0,?,"279,838"
202001,3038990,未列名冻鱼,402,阿根廷,10,一般贸易,33,浙江省,26800,千克,0,?,"244,890"
202001,3038990,未列名冻鱼,402,阿根廷,10,一般贸易,35,福建省,28000,千克,0,?,"255,451"
202001,3038990,未列名冻鱼,402,阿根廷,10,一般贸易,37,山东省,110440,千克,0,?,"1,168,302"
202001,3038990,未列名冻鱼,402,阿根廷,33,保税监管场所进出境货物,21,辽宁省,56020,千克,0,?,"464,275"
202001,3038990,未列名冻鱼,410,巴西,10,一般贸易,31,上海市,46680,千克,0,?,"531,745"
202001,3038990,未列名冻鱼,410,巴西,10,一般贸易,32,江苏省,56820,千克,0,?,"1,299,790"
202001,3038990,未列名冻鱼,410,巴西,10,一般贸易,35,福建省,161700,千克,0,?,"1,645,829"
202001,3038990,未列名冻鱼,410,巴西,10,一般贸易,37,山东省,90040,千克,0,?,"1,769,124"
202001,3038990,未列名冻鱼,412,智利,14,来料加工贸易,37,山东省,26197,千克,0,?,"626,462"
202001,3038990,未列名冻鱼,419,厄瓜多尔,10,一般贸易,33,浙江省,27000,千克,0,?,"278,812"
202001,3038990,未列名冻鱼,419,厄瓜多尔,10,一般贸易,35,福建省,422700,千克,0,?,"4,358,463"
202001,3038990,未列名冻鱼,419,厄瓜多尔,10,一般贸易,44,广东省,121849,千克,0,?,"1,299,068"
202001,3038990,未列名冻鱼,424,圭亚那,10,一般贸易,31,上海市,8970,千克,0,?,"138,435"
202001,3038990,未列名冻鱼,424,圭亚那,10,一般贸易,35,福建省,26300,千克,0,?,"365,884"
202001,3038990,未列名冻鱼,429,墨西哥,10,一般贸易,37,山东省,22995,千克,0,?,"225,106"
202001,3038990,未列名冻鱼,429,墨西哥,33,保税监管场所进出境货物,11,北京市,200730,千克,0,?,"1,843,417"
202001,3038990,未列名冻鱼,441,苏里南,10,一般贸易,37,山东省,4620,千克,0,?,"64,008"
202001,3038990,未列名冻鱼,441,苏里南,10,一般贸易,44,广东省,22995,千克,0,?,"303,347"
202001,3038990,未列名冻鱼,441,苏里南,10,一般贸易,65,新疆维吾尔自治区,23000,千克,0,?,"334,458"
202001,3038990,未列名冻鱼,444,乌拉圭,10,一般贸易,12,天津市,166967,千克,0,?,"1,781,724"
202001,3038990,未列名冻鱼,444,乌拉圭,10,一般贸易,13,河北省,20000,千克,0,?,"227,766"
202001,3038990,未列名冻鱼,444,乌拉圭,10,一般贸易,33,浙江省,54000,千克,0,?,"439,375"
202001,3038990,未列名冻鱼,444,乌拉圭,10,一般贸易,35,福建省,12989,千克,0,?,"124,644"
202001,3038990,未列名冻鱼,444,乌拉圭,33,保税监管场所进出境货物,37,山东省,27030,千克,0,?,"240,911"
202001,3038990,未列名冻鱼,501,加拿大,10,一般贸易,11,北京市,13256,千克,0,?,"905,388"
202001,3038990,未列名冻鱼,501,加拿大,10,一般贸易,44,广东省,680,千克,0,?,"58,476"
202001,3038990,未列名冻鱼,501,加拿大,14,来料加工贸易,37,山东省,39402,千克,0,?,"689,230"
202001,3038990,未列名冻鱼,501,加拿大,15,进料加工贸易,21,辽宁省,102939,千克,0,?,"1,488,868"
202001,3038990,未列名冻鱼,502,美国,10,一般贸易,37,山东省,20793,千克,0,?,"1,280,474"
202001,3038990,未列名冻鱼,502,美国,14,来料加工贸易,21,辽宁省,69120,千克,0,?,"846,345"
202001,3038990,未列名冻鱼,502,美国,14,来料加工贸易,37,山东省,20208,千克,0,?,"756,915"
202001,3038990,未列名冻鱼,502,美国,15,进料加工贸易,21,辽宁省,57841,千克,0,?,"1,050,591"
202001,3038990,未列名冻鱼,502,美国,15,进料加工贸易,37,山东省,129900,千克,0,?,"2,177,004"
202001,3038990,未列名冻鱼,502,美国,33,保税监管场所进出境货物,37,山东省,149990,千克,0,?,"3,836,583"
202001,3038990,未列名冻鱼,502,美国,34,海关特殊监管区域物流货物,21,辽宁省,68025,千克,0,?,"475,964"
202001,3038990,未列名冻鱼,601,澳大利亚,10,一般贸易,31,上海市,1136,千克,0,?,"56,787"
202001,3038990,未列名冻鱼,601,澳大利亚,10,一般贸易,37,山东省,9600,千克,0,?,"396,693"
202001,3038990,未列名冻鱼,601,澳大利亚,10,一般贸易,44,广东省,14280,千克,0,?,"282,844"
202001,3038990,未列名冻鱼,602,库克群岛,14,来料加工贸易,37,山东省,113046,千克,0,?,"4,378,204"
202001,3038990,未列名冻鱼,609,新西兰,10,一般贸易,21,辽宁省,54000,千克,0,?,"557,370"
202001,3038990,未列名冻鱼,609,新西兰,10,一般贸易,31,上海市,3229,千克,0,?,"81,639"
202001,3038990,未列名冻鱼,609,新西兰,10,一般贸易,32,江苏省,78383,千克,0,?,"3,190,548"
202001,3038990,未列名冻鱼,609,新西兰,10,一般贸易,35,福建省,1980,千克,0,?,"166,246"
202001,3038990,未列名冻鱼,609,新西兰,10,一般贸易,37,山东省,269219,千克,0,?,"6,720,177"
202001,3038990,未列名冻鱼,609,新西兰,10,一般贸易,44,广东省,70,千克,0,?,"5,721"
202001,3038990,未列名冻鱼,609,新西兰,14,来料加工贸易,37,山东省,62003,千克,0,?,"1,107,366"
202001,3038990,未列名冻鱼,609,新西兰,15,进料加工贸易,37,山东省,87482,千克,0,?,"2,903,034"
202001,3038990,未列名冻鱼,609,新西兰,34,海关特殊监管区域物流货物,37,山东省,17500,千克,0,?,"897,101"
202001,3039100,冻的鱼肝、鱼卵及鱼精,112,印度尼西亚,10,一般贸易,35,福建省,42000,千克,0,?,"2,789,653"
202001,3039100,冻的鱼肝、鱼卵及鱼精,143,中国台湾,39,其他,35,福建省,6213,千克,0,?,"217,822"
202001,3039100,冻的鱼肝、鱼卵及鱼精,302,丹麦,10,一般贸易,21,辽宁省,39600,千克,0,?,"2,103,016"
202001,3039100,冻的鱼肝、鱼卵及鱼精,302,丹麦,10,一般贸易,31,上海市,19200,千克,0,?,"1,071,211"
202001,3039100,冻的鱼肝、鱼卵及鱼精,302,丹麦,15,进料加工贸易,33,浙江省,163800,千克,0,?,"6,922,397"
202001,3039100,冻的鱼肝、鱼卵及鱼精,322,冰岛,10,一般贸易,35,福建省,48620,千克,0,?,"2,721,514"
202001,3039100,冻的鱼肝、鱼卵及鱼精,322,冰岛,10,一般贸易,37,山东省,24310,千克,0,?,"1,956,088"
202001,3039100,冻的鱼肝、鱼卵及鱼精,344,俄罗斯,10,一般贸易,21,辽宁省,49995,千克,0,?,"5,964,611"
202001,3039100,冻的鱼肝、鱼卵及鱼精,344,俄罗斯,14,来料加工贸易,37,山东省,14866,千克,0,?,"563,751"
202001,3039100,冻的鱼肝、鱼卵及鱼精,344,俄罗斯,14,来料加工贸易,46,海南省,24464,千克,0,?,"1,284,112"
202001,3039100,冻的鱼肝、鱼卵及鱼精,344,俄罗斯,33,保税监管场所进出境货物,37,山东省,10373,千克,0,?,"189,271"
202001,3039100,冻的鱼肝、鱼卵及鱼精,434,秘鲁,10,一般贸易,31,上海市,24000,千克,0,?,"2,021,153"
202001,3039100,冻的鱼肝、鱼卵及鱼精,434,秘鲁,10,一般贸易,35,福建省,69000,千克,0,?,"4,364,361"
202001,3039100,冻的鱼肝、鱼卵及鱼精,501,加拿大,14,来料加工贸易,21,辽宁省,13717,千克,0,?,"577,075"
202001,3039100,冻的鱼肝、鱼卵及鱼精,502,美国,14,来料加工贸易,37,山东省,60999,千克,0,?,"2,124,984"
202001,3039100,冻的鱼肝、鱼卵及鱼精,502,美国,15,进料加工贸易,37,山东省,55,千克,0,?,191
202001,3039200,冻鲨鱼翅,112,印度尼西亚,10,一般贸易,11,北京市,33014,千克,0,?,"2,415,147"
202001,3039200,冻鲨鱼翅,112,印度尼西亚,10,一般贸易,44,广东省,18610,千克,0,?,"430,604"
202001,3039200,冻鲨鱼翅,132,新加坡,10,一般贸易,21,辽宁省,27204,千克,0,?,"1,050,015"
202001,3039200,冻鲨鱼翅,132,新加坡,10,一般贸易,35,福建省,49554,千克,0,?,"2,816,888"
202001,3039200,冻鲨鱼翅,132,新加坡,10,一般贸易,44,广东省,12213,千克,0,?,"694,247"
202001,3039900,其他冻的可食用鱼杂碎,112,印度尼西亚,10,一般贸易,31,上海市,15500,千克,0,?,"256,261"
202001,3039900,其他冻的可食用鱼杂碎,116,日本,10,一般贸易,12,天津市,24064,千克,0,?,"337,757"
202001,3039900,其他冻的可食用鱼杂碎,116,日本,10,一般贸易,37,山东省,7080,千克,0,?,"26,314"
202001,3039900,其他冻的可食用鱼杂碎,127,巴基斯坦,10,一般贸易,11,北京市,21570,千克,0,?,"313,347"
202001,3039900,其他冻的可食用鱼杂碎,133,韩国,34,海关特殊监管区域物流货物,21,辽宁省,165200,千克,0,?,"1,159,356"
202001,3039900,其他冻的可食用鱼杂碎,141,越南,10,一般贸易,12,天津市,7500,千克,0,?,"58,617"
202001,3039900,其他冻的可食用鱼杂碎,141,越南,10,一般贸易,31,上海市,186400,千克,0,?,"1,691,927"
202001,3039900,其他冻的可食用鱼杂碎,141,越南,10,一般贸易,32,江苏省,47600,千克,0,?,"360,776"
202001,3039900,其他冻的可食用鱼杂碎,141,越南,10,一般贸易,37,山东省,79500,千克,0,?,"439,216"
202001,3039900,其他冻的可食用鱼杂碎,141,越南,10,一般贸易,42,湖北省,20700,千克,0,?,"152,714"
202001,3039900,其他冻的可食用鱼杂碎,141,越南,10,一般贸易,44,广东省,260000,千克,0,?,"2,476,544"
202001,3039900,其他冻的可食用鱼杂碎,141,越南,10,一般贸易,45,广西壮族自治区,104000,千克,0,?,"1,024,601"
202001,3039900,其他冻的可食用鱼杂碎,141,越南,10,一般贸易,50,重庆市,25000,千克,0,?,"307,033"
202001,3039900,其他冻的可食用鱼杂碎,141,越南,10,一般贸易,51,四川省,25000,千克,0,?,"473,165"
202001,3039900,其他冻的可食用鱼杂碎,141,越南,10,一般贸易,65,新疆维吾尔自治区,76000,千克,0,?,"430,197"
202001,3039900,其他冻的可食用鱼杂碎,302,丹麦,10,一般贸易,33,浙江省,31684,千克,0,?,"581,358"
202001,3039900,其他冻的可食用鱼杂碎,302,丹麦,33,保税监管场所进出境货物,37,山东省,14680,千克,0,?,"153,511"
202001,3039900,其他冻的可食用鱼杂碎,303,英国,10,一般贸易,31,上海市,69305,千克,0,?,"450,007"
202001,3039900,其他冻的可食用鱼杂碎,303,英国,10,一般贸易,32,江苏省,20000,千克,0,?,"106,353"
202001,3039900,其他冻的可食用鱼杂碎,303,英国,10,一般贸易,35,福建省,24000,千克,0,?,"164,219"
202001,3039900,其他冻的可食用鱼杂碎,303,英国,10,一般贸易,37,山东省,71000,千克,0,?,"478,000"
202001,3039900,其他冻的可食用鱼杂碎,303,英国,10,一般贸易,44,广东省,117225,千克,0,?,"691,611"
202001,3039900,其他冻的可食用鱼杂碎,304,德国,10,一般贸易,12,天津市,68520,千克,0,?,"1,727,193"
202001,3039900,其他冻的可食用鱼杂碎,305,法国,10,一般贸易,31,上海市,20900,千克,0,?,"146,235"
202001,3039900,其他冻的可食用鱼杂碎,305,法国,10,一般贸易,37,山东省,22000,千克,0,?,"123,145"
202001,3039900,其他冻的可食用鱼杂碎,309,荷兰,10,一般贸易,37,山东省,5120,千克,0,?,"125,384"
202001,3039900,其他冻的可食用鱼杂碎,311,葡萄牙,10,一般贸易,37,山东省,87322,千克,0,?,"1,934,227"
202001,3039900,其他冻的可食用鱼杂碎,312,西班牙,10,一般贸易,37,山东省,27690,千克,0,?,"474,389"
202001,3039900,其他冻的可食用鱼杂碎,312,西班牙,33,保税监管场所进出境货物,37,山东省,52150,千克,0,?,"1,379,886"
202001,3039900,其他冻的可食用鱼杂碎,322,冰岛,10,一般贸易,12,天津市,26000,千克,0,?,"618,791"
202001,3039900,其他冻的可食用鱼杂碎,322,冰岛,10,一般贸易,37,山东省,146516,千克,0,?,"2,421,404"
202001,3039900,其他冻的可食用鱼杂碎,322,冰岛,10,一般贸易,44,广东省,26000,千克,0,?,"428,773"
202001,3039900,其他冻的可食用鱼杂碎,326,挪威,10,一般贸易,12,天津市,55784,千克,0,?,"1,319,464"
202001,3039900,其他冻的可食用鱼杂碎,326,挪威,10,一般贸易,15,内蒙古自治区,4007,千克,0,?,"118,468"
202001,3039900,其他冻的可食用鱼杂碎,326,挪威,10,一般贸易,37,山东省,28010,千克,0,?,"215,610"
202001,3039900,其他冻的可食用鱼杂碎,326,挪威,10,一般贸易,44,广东省,61548,千克,0,?,"1,570,939"
202001,3039900,其他冻的可食用鱼杂碎,326,挪威,34,海关特殊监管区域物流货物,21,辽宁省,27000,千克,0,?,"147,516"
202001,3039900,其他冻的可食用鱼杂碎,326,挪威,34,海关特殊监管区域物流货物,37,山东省,692,千克,0,?,"4,845"
202001,3039900,其他冻的可食用鱼杂碎,327,波兰,10,一般贸易,12,天津市,25137,千克,0,?,"637,890"
202001,3039900,其他冻的可食用鱼杂碎,334,爱沙尼亚,10,一般贸易,12,天津市,12931,千克,0,?,"337,905"
202001,3039900,其他冻的可食用鱼杂碎,334,爱沙尼亚,10,一般贸易,37,山东省,8335,千克,0,?,"200,533"
202001,3039900,其他冻的可食用鱼杂碎,344,俄罗斯,10,一般贸易,21,辽宁省,3449,千克,0,?,"130,705"
202001,3039900,其他冻的可食用鱼杂碎,344,俄罗斯,10,一般贸易,37,山东省,106416,千克,0,?,"2,617,016"
202001,3039900,其他冻的可食用鱼杂碎,344,俄罗斯,10,一般贸易,44,广东省,23216,千克,0,?,"711,451"
202001,3039900,其他冻的可食用鱼杂碎,357,法罗群岛,10,一般贸易,31,上海市,129120,千克,0,?,"995,050"
202001,3039900,其他冻的可食用鱼杂碎,357,法罗群岛,10,一般贸易,44,广东省,51450,千克,0,?,"433,750"
202001,3039900,其他冻的可食用鱼杂碎,402,阿根廷,10,一般贸易,11,北京市,8790,千克,0,?,"160,373"
202001,3039900,其他冻的可食用鱼杂碎,412,智利,10,一般贸易,31,上海市,5626,千克,0,?,"50,462"
202001,3039900,其他冻的可食用鱼杂碎,501,加拿大,10,一般贸易,12,天津市,108,千克,0,?,"1,920"
202001,3039900,其他冻的可食用鱼杂碎,501,加拿大,10,一般贸易,21,辽宁省,16645,千克,0,?,"268,224"
202001,3039900,其他冻的可食用鱼杂碎,501,加拿大,10,一般贸易,31,上海市,35597,千克,0,?,"956,675"
202001,3039900,其他冻的可食用鱼杂碎,501,加拿大,10,一般贸易,35,福建省,92336,千克,0,?,"2,392,851"
202001,3039900,其他冻的可食用鱼杂碎,501,加拿大,10,一般贸易,37,山东省,135269,千克,0,?,"3,689,434"
202001,3039900,其他冻的可食用鱼杂碎,501,加拿大,10,一般贸易,44,广东省,234673,千克,0,?,"6,101,761"
202001,3039900,其他冻的可食用鱼杂碎,501,加拿大,33,保税监管场所进出境货物,37,山东省,67768,千克,0,?,"1,742,537"
202001,3039900,其他冻的可食用鱼杂碎,502,美国,15,进料加工贸易,37,山东省,2859,千克,0,?,"49,854"
202001,3039900,其他冻的可食用鱼杂碎,503,格陵兰,10,一般贸易,12,天津市,72902,千克,0,?,"1,845,430"
202001,3039900,其他冻的可食用鱼杂碎,503,格陵兰,10,一般贸易,31,上海市,20514,千克,0,?,"491,643"
202001,3039900,其他冻的可食用鱼杂碎,503,格陵兰,10,一般贸易,33,浙江省,107145,千克,0,?,"2,357,096"
202001,3039900,其他冻的可食用鱼杂碎,503,格陵兰,10,一般贸易,35,福建省,25078,千克,0,?,"648,755"
202001,3039900,其他冻的可食用鱼杂碎,503,格陵兰,10,一般贸易,37,山东省,67939,千克,0,?,"1,587,246"
202001,3039900,其他冻的可食用鱼杂碎,503,格陵兰,10,一般贸易,44,广东省,186697,千克,0,?,"4,009,784"
202001,3039900,其他冻的可食用鱼杂碎,503,格陵兰,33,保税监管场所进出境货物,37,山东省,32604,千克,0,?,"786,991"
202001,3039900,其他冻的可食用鱼杂碎,601,澳大利亚,10,一般贸易,37,山东省,13170,千克,0,?,"70,033"
202001,3039900,其他冻的可食用鱼杂碎,609,新西兰,10,一般贸易,31,上海市,7604,千克,0,?,"43,693"
202001,3039900,其他冻的可食用鱼杂碎,609,新西兰,10,一般贸易,35,福建省,7063,千克,0,?,"474,423"
202001,3044100,鲜或冷的大麻哈鱼、大西洋鲑鱼及多瑙哲罗鱼鱼片,326,挪威,10,一般贸易,31,上海市,2808,千克,0,?,"297,986"
202001,3044100,鲜或冷的大麻哈鱼、大西洋鲑鱼及多瑙哲罗鱼鱼片,357,法罗群岛,10,一般贸易,11,北京市,1762,千克,0,?,"219,595"
202001,3044100,鲜或冷的大麻哈鱼、大西洋鲑鱼及多瑙哲罗鱼鱼片,412,智利,10,一般贸易,31,上海市,5508,千克,0,?,"502,421"
202001,3044900,其他鲜或冷的鱼片,116,日本,10,一般贸易,11,北京市,124,千克,0,?,"52,191"
202001,3044900,其他鲜或冷的鱼片,116,日本,10,一般贸易,31,上海市,30,千克,0,?,"6,728"
202001,3044900,其他鲜或冷的鱼片,116,日本,10,一般贸易,33,浙江省,534,千克,0,?,"76,260"
202001,3044900,其他鲜或冷的鱼片,134,斯里兰卡,10,一般贸易,11,北京市,406,千克,0,?,"41,299"
202001,3044900,其他鲜或冷的鱼片,312,西班牙,10,一般贸易,31,上海市,56,千克,0,?,"21,805"
202001,3044900,其他鲜或冷的鱼片,326,挪威,10,一般贸易,11,北京市,962,千克,0,?,"106,038"
202001,3044900,其他鲜或冷的鱼片,326,挪威,10,一般贸易,31,上海市,510,千克,0,?,"69,313"
202001,3045200,鲜或冷的鲑科鱼鱼肉,357,法罗群岛,10,一般贸易,31,上海市,259,千克,0,?,"32,219"
202001,3045900,其他鲜或冷的鱼肉,116,日本,10,一般贸易,21,辽宁省,343,千克,0,?,"128,338"
202001,3045900,其他鲜或冷的鱼肉,116,日本,10,一般贸易,31,上海市,176,千克,0,?,"90,058"
202001,3045900,其他鲜或冷的鱼肉,116,日本,10,一般贸易,33,浙江省,8,千克,0,?,"3,182"
202001,3045900,其他鲜或冷的鱼肉,116,日本,10,一般贸易,44,广东省,160,千克,0,?,"32,224"
202001,3045900,其他鲜或冷的鱼肉,312,西班牙,10,一般贸易,44,广东省,207,千克,0,?,"79,664"
202001,3046100,冻罗非鱼鱼片,112,印度尼西亚,10,一般贸易,31,上海市,5297,千克,0,?,"331,045"
202001,3046290,其他冻鲶鱼鱼片,141,越南,10,一般贸易,11,北京市,3800515,千克,0,?,"47,974,780"
202001,3046290,其他冻鲶鱼鱼片,141,越南,10,一般贸易,12,天津市,1547735,千克,0,?,"19,837,508"
202001,3046290,其他冻鲶鱼鱼片,141,越南,10,一般贸易,13,河北省,150500,千克,0,?,"1,613,695"
202001,3046290,其他冻鲶鱼鱼片,141,越南,10,一般贸易,21,辽宁省,718524,千克,0,?,"8,674,029"
202001,3046290,其他冻鲶鱼鱼片,141,越南,10,一般贸易,31,上海市,3732457,千克,0,?,"57,441,043"
202001,3046290,其他冻鲶鱼鱼片,141,越南,10,一般贸易,32,江苏省,393900,千克,0,?,"4,968,937"
202001,3046290,其他冻鲶鱼鱼片,141,越南,10,一般贸易,33,浙江省,327000,千克,0,?,"4,334,830"
202001,3046290,其他冻鲶鱼鱼片,141,越南,10,一般贸易,34,安徽省,54000,千克,0,?,"636,706"
202001,3046290,其他冻鲶鱼鱼片,141,越南,10,一般贸易,35,福建省,886248,千克,0,?,"11,315,681"
202001,3046290,其他冻鲶鱼鱼片,141,越南,10,一般贸易,37,山东省,1285030,千克,0,?,"15,241,770"
202001,3046290,其他冻鲶鱼鱼片,141,越南,10,一般贸易,42,湖北省,368215,千克,0,?,"5,213,163"
202001,3046290,其他冻鲶鱼鱼片,141,越南,10,一般贸易,44,广东省,2193772,千克,0,?,"32,471,449"
202001,3046290,其他冻鲶鱼鱼片,141,越南,10,一般贸易,45,广西壮族自治区,344250,千克,0,?,"5,015,492"
202001,3046290,其他冻鲶鱼鱼片,141,越南,10,一般贸易,46,海南省,50000,千克,0,?,"493,982"
202001,3046290,其他冻鲶鱼鱼片,141,越南,10,一般贸易,50,重庆市,155300,千克,0,?,"1,915,361"
202001,3046290,其他冻鲶鱼鱼片,141,越南,10,一般贸易,51,四川省,25000,千克,0,?,"245,590"
202001,3046290,其他冻鲶鱼鱼片,141,越南,10,一般贸易,53,云南省,50000,千克,0,?,"539,679"
202001,3046290,其他冻鲶鱼鱼片,141,越南,10,一般贸易,61,陕西省,112800,千克,0,?,"2,171,808"
202001,3046290,其他冻鲶鱼鱼片,141,越南,10,一般贸易,62,甘肃省,315900,千克,0,?,"4,514,744"
202001,3046290,其他冻鲶鱼鱼片,141,越南,10,一般贸易,65,新疆维吾尔自治区,466900,千克,0,?,"5,914,299"
202001,3046290,其他冻鲶鱼鱼片,141,越南,33,保税监管场所进出境货物,32,江苏省,25000,千克,0,?,"315,805"
202001,3046290,其他冻鲶鱼鱼片,141,越南,34,海关特殊监管区域物流货物,31,上海市,75000,千克,0,?,"798,286"
202001,3046290,其他冻鲶鱼鱼片,141,越南,39,其他,37,山东省,197600,千克,0,?,"2,225,324"
202001,3047400,冻狗鳕鱼鱼片,244,南非,33,保税监管场所进出境货物,31,上海市,610,千克,0,?,"20,477"
202001,3047400,冻狗鳕鱼鱼片,402,阿根廷,34,海关特殊监管区域物流货物,37,山东省,84,千克,0,?,"1,769"
202001,3047500,冻狭鳕鱼鱼片,116,日本,10,一般贸易,21,辽宁省,15000,千克,0,?,"305,013"
202001,3047500,冻狭鳕鱼鱼片,142,中国,34,海关特殊监管区域物流货物,21,辽宁省,25000,千克,0,?,"489,783"
202001,3047500,冻狭鳕鱼鱼片,502,美国,10,一般贸易,44,广东省,65581,千克,0,?,"1,830,676"
202001,3047500,冻狭鳕鱼鱼片,502,美国,15,进料加工贸易,44,广东省,85320,千克,0,?,"2,355,848"
202001,3047900,其他冻的犀鳕科、多丝真鳕科、鳕科、长尾鳕科、黑鳕科、无须鳕科、深海鳕科及南极鳕科鱼鱼片,609,新西兰,10,一般贸易,31,上海市,3000,千克,0,?,"165,488"
202001,3047900,其他冻的犀鳕科、多丝真鳕科、鳕科、长尾鳕科、黑鳕科、无须鳕科、深海鳕科及南极鳕科鱼鱼片,609,新西兰,10,一般贸易,44,广东省,449,千克,0,?,"27,749"
202001,3047900,其他冻的犀鳕科、多丝真鳕科、鳕科、长尾鳕科、黑鳕科、无须鳕科、深海鳕科及南极鳕科鱼鱼片,609,新西兰,15,进料加工贸易,37,山东省,8650,千克,0,?,"236,749"
202001,3048100,冻的大麻哈鱼、大西洋鲑鱼及多瑙哲罗鱼鱼片,302,丹麦,10,一般贸易,35,福建省,24000,千克,0,?,"285,474"
202001,3048100,冻的大麻哈鱼、大西洋鲑鱼及多瑙哲罗鱼鱼片,326,挪威,10,一般贸易,15,内蒙古自治区,3,千克,0,?,277
202001,3048100,冻的大麻哈鱼、大西洋鲑鱼及多瑙哲罗鱼鱼片,412,智利,10,一般贸易,35,福建省,3217,千克,0,?,"225,780"
202001,3048100,冻的大麻哈鱼、大西洋鲑鱼及多瑙哲罗鱼鱼片,609,新西兰,10,一般贸易,31,上海市,3271,千克,0,?,"381,341"
202001,3048200,冻鳟鱼鱼片,412,智利,10,一般贸易,37,山东省,28,千克,0,?,"2,263"
202001,3048300,冻比目鱼鱼片,502,美国,14,来料加工贸易,21,辽宁省,18000,千克,0,?,"568,449"
202001,3048300,冻比目鱼鱼片,503,格陵兰,10,一般贸易,33,浙江省,8385,千克,0,?,"476,811"
202001,3048300,冻比目鱼鱼片,503,格陵兰,10,一般贸易,37,山东省,1920,千克,0,?,"128,660"
202001,3048500,冻南极犬牙鱼鱼片,412,智利,10,一般贸易,31,上海市,110,千克,0,?,"15,407"
202001,3048600,冻鲱鱼鱼片,322,冰岛,10,一般贸易,35,福建省,50000,千克,0,?,"615,070"
202001,3048700,冻的金枪鱼、鲣鱼或狐鲣鱼片,112,印度尼西亚,34,海关特殊监管区域物流货物,35,福建省,25323,千克,0,?,"1,333,004"
202001,3048700,冻的金枪鱼、鲣鱼或狐鲣鱼片,116,日本,10,一般贸易,35,福建省,571,千克,0,?,"299,687"
202001,3048700,冻的金枪鱼、鲣鱼或狐鲣鱼片,141,越南,10,一般贸易,44,广东省,1000,千克,0,?,"47,441"
202001,3048900,其他冻鱼片,112,印度尼西亚,10,一般贸易,31,上海市,38463,千克,0,?,"2,843,968"
202001,3048900,其他冻鱼片,112,印度尼西亚,10,一般贸易,35,福建省,6390,千克,0,?,"95,850"
202001,3048900,其他冻鱼片,122,马来西亚,10,一般贸易,35,福建省,21550,千克,0,?,"385,651"
202001,3048900,其他冻鱼片,133,韩国,10,一般贸易,37,山东省,24000,千克,0,?,"640,032"
202001,3048900,其他冻鱼片,143,中国台湾,39,其他,35,福建省,6167,千克,0,?,"38,787"
202001,3048900,其他冻鱼片,434,秘鲁,10,一般贸易,37,山东省,32,千克,0,?,"2,239"
202001,3048900,其他冻鱼片,502,美国,15,进料加工贸易,21,辽宁省,41878,千克,0,?,"986,369"
202001,3048900,其他冻鱼片,601,澳大利亚,10,一般贸易,31,上海市,4969,千克,0,?,"482,695"
202001,3048900,其他冻鱼片,609,新西兰,10,一般贸易,32,江苏省,80,千克,0,?,"8,984"
202001,3048900,其他冻鱼片,609,新西兰,10,一般贸易,37,山东省,500,千克,0,?,"55,975"
202001,3048900,其他冻鱼片,609,新西兰,10,一般贸易,44,广东省,10270,千克,0,?,"259,344"
202001,3048900,其他冻鱼片,609,新西兰,34,海关特殊监管区域物流货物,44,广东省,50,千克,0,?,"3,753"
202001,3049100,冻剑鱼鱼肉,312,西班牙,15,进料加工贸易,37,山东省,8663,千克,0,?,"727,344"
202001,3049300,冻的罗非鱼、鲶鱼、鳗鱼尼罗河鲈鱼及黑鱼鱼肉,141,越南,10,一般贸易,35,福建省,104000,千克,0,?,"1,223,858"
202001,3049400,冻狭鳕鱼鱼肉,502,美国,10,一般贸易,32,江苏省,192000,千克,0,?,"5,289,656"
202001,3049400,冻狭鳕鱼鱼肉,502,美国,33,保税监管场所进出境货物,37,山东省,21000,千克,0,?,"592,450"
202001,3049500,冻的犀鳕科、多丝真鳕科、鳕科、长尾鳕科、黑鳕科、无须鳕科、深海鳕科及南极鳕科鱼鱼肉,322,冰岛,34,海关特殊监管区域物流货物,21,辽宁省,77467,千克,0,?,"1,048,133"
202001,3049500,冻的犀鳕科、多丝真鳕科、鳕科、长尾鳕科、黑鳕科、无须鳕科、深海鳕科及南极鳕科鱼鱼肉,502,美国,14,来料加工贸易,21,辽宁省,57561,千克,0,?,"747,321"
202001,3049500,冻的犀鳕科、多丝真鳕科、鳕科、长尾鳕科、黑鳕科、无须鳕科、深海鳕科及南极鳕科鱼鱼肉,502,美国,15,进料加工贸易,37,山东省,15072,千克,0,?,"200,970"
202001,3049500,冻的犀鳕科、多丝真鳕科、鳕科、长尾鳕科、黑鳕科、无须鳕科、深海鳕科及南极鳕科鱼鱼肉,502,美国,34,海关特殊监管区域物流货物,21,辽宁省,69082,千克,0,?,"1,212,018"
202001,3049900,其他冻鱼肉,106,缅甸,10,一般贸易,44,广东省,15,千克,0,?,311
202001,3049900,其他冻鱼肉,111,印度,10,一般贸易,11,北京市,52000,千克,0,?,"857,586"
202001,3049900,其他冻鱼肉,111,印度,10,一般贸易,33,浙江省,200000,千克,0,?,"4,793,220"
202001,3049900,其他冻鱼肉,111,印度,10,一般贸易,35,福建省,50000,千克,0,?,"543,886"
202001,3049900,其他冻鱼肉,111,印度,10,一般贸易,37,山东省,25000,千克,0,?,"482,480"
202001,3049900,其他冻鱼肉,112,印度尼西亚,10,一般贸易,21,辽宁省,50000,千克,0,?,"945,999"
202001,3049900,其他冻鱼肉,112,印度尼西亚,10,一般贸易,31,上海市,57000,千克,0,?,"1,115,236"
202001,3049900,其他冻鱼肉,112,印度尼西亚,10,一般贸易,35,福建省,564000,千克,0,?,"9,223,335"
202001,3049900,其他冻鱼肉,112,印度尼西亚,10,一般贸易,45,广西壮族自治区,75000,千克,0,?,"1,530,824"
202001,3049900,其他冻鱼肉,116,日本,10,一般贸易,31,上海市,20000,千克,0,?,"414,056"
202001,3049900,其他冻鱼肉,116,日本,10,一般贸易,44,广东省,10,千克,0,?,"2,787"
202001,3049900,其他冻鱼肉,122,马来西亚,10,一般贸易,35,福建省,25987,千克,0,?,"273,381"
202001,3049900,其他冻鱼肉,122,马来西亚,10,一般贸易,37,山东省,20,千克,0,?,"1,432"
202001,3049900,其他冻鱼肉,122,马来西亚,15,进料加工贸易,44,广东省,20500,千克,0,?,"520,586"
202001,3049900,其他冻鱼肉,127,巴基斯坦,10,一般贸易,35,福建省,25000,千克,0,?,"280,716"
202001,3049900,其他冻鱼肉,127,巴基斯坦,10,一般贸易,37,山东省,297000,千克,0,?,"4,093,336"
202001,3049900,其他冻鱼肉,133,韩国,15,进料加工贸易,37,山东省,53550,千克,0,?,"459,955"
202001,3049900,其他冻鱼肉,136,泰国,10,一般贸易,31,上海市,54000,千克,0,?,"1,376,910"
202001,3049900,其他冻鱼肉,141,越南,10,一般贸易,11,北京市,52000,千克,0,?,"510,902"
202001,3049900,其他冻鱼肉,141,越南,10,一般贸易,21,辽宁省,96000,千克,0,?,"1,422,878"
202001,3049900,其他冻鱼肉,141,越南,10,一般贸易,31,上海市,199990,千克,0,?,"3,473,329"
202001,3049900,其他冻鱼肉,141,越南,10,一般贸易,33,浙江省,46000,千克,0,?,"531,956"
202001,3049900,其他冻鱼肉,141,越南,10,一般贸易,35,福建省,740000,千克,0,?,"9,449,731"
202001,3049900,其他冻鱼肉,141,越南,10,一般贸易,37,山东省,350500,千克,0,?,"5,040,625"
202001,3049900,其他冻鱼肉,141,越南,10,一般贸易,41,河南省,57000,千克,0,?,"1,037,221"
202001,3049900,其他冻鱼肉,141,越南,10,一般贸易,44,广东省,43280,千克,0,?,"900,006"
202001,3049900,其他冻鱼肉,141,越南,10,一般贸易,45,广西壮族自治区,25000,千克,0,?,"492,669"
202001,3049900,其他冻鱼肉,141,越南,14,来料加工贸易,44,广东省,50000,千克,0,?,"435,822"
202001,3049900,其他冻鱼肉,141,越南,15,进料加工贸易,21,辽宁省,85000,千克,0,?,"1,056,746"
202001,3049900,其他冻鱼肉,141,越南,15,进料加工贸易,44,广东省,49000,千克,0,?,"543,309"
202001,3049900,其他冻鱼肉,143,中国台湾,39,其他,35,福建省,4842,千克,0,?,"44,043"
202001,3049900,其他冻鱼肉,230,毛里塔尼亚,10,一般贸易,45,广西壮族自治区,330000,千克,0,?,"4,032,325"
202001,3049900,其他冻鱼肉,232,摩洛哥,10,一般贸易,21,辽宁省,7954,千克,0,?,"1,936,748"
202001,3049900,其他冻鱼肉,303,英国,10,一般贸易,32,江苏省,22267,千克,0,?,"155,799"
202001,3049900,其他冻鱼肉,303,英国,10,一般贸易,37,山东省,73015,千克,0,?,"488,043"
202001,3049900,其他冻鱼肉,303,英国,33,保税监管场所进出境货物,37,山东省,22920,千克,0,?,"953,058"
202001,3049900,其他冻鱼肉,305,法国,15,进料加工贸易,37,山东省,2505,千克,0,?,"323,267"
202001,3049900,其他冻鱼肉,307,意大利,15,进料加工贸易,37,山东省,1139,千克,0,?,"162,930"
202001,3049900,其他冻鱼肉,327,波兰,14,来料加工贸易,37,山东省,19145,千克,0,?,"671,788"
202001,3049900,其他冻鱼肉,412,智利,10,一般贸易,37,山东省,27,千克,0,?,"2,600"
202001,3049900,其他冻鱼肉,502,美国,34,海关特殊监管区域物流货物,37,山东省,71020,千克,0,?,"1,242,300"
202001,3049900,其他冻鱼肉,503,格陵兰,14,来料加工贸易,37,山东省,51680,千克,0,?,"1,813,424"
202001,3049900,其他冻鱼肉,609,新西兰,10,一般贸易,41,河南省,19500,千克,0,?,"186,922"
202001,3051000,适合供人食用的鱼的细粉、粗粉及团粒,326,挪威,10,一般贸易,23,黑龙江省,0,千克,0,?,369
202001,3051000,适合供人食用的鱼的细粉、粗粉及团粒,326,挪威,10,一般贸易,31,上海市,200,千克,0,?,"17,170"
202001,3052000,干、熏、盐腌或盐渍的鱼肝、鱼卵及鱼精,112,印度尼西亚,10,一般贸易,31,上海市,7000,千克,0,?,"1,825,002"
202001,3052000,干、熏、盐腌或盐渍的鱼肝、鱼卵及鱼精,112,印度尼西亚,10,一般贸易,35,福建省,29700,千克,0,?,"9,006,794"
202001,3053900,其他干、盐腌或盐渍的鱼片,112,印度尼西亚,10,一般贸易,44,广东省,8748,千克,0,?,"117,840"
202001,3054110,熏大西洋鲑鱼,303,英国,10,一般贸易,51,四川省,100,千克,0,?,"19,675"
202001,3054110,熏大西洋鲑鱼,305,法国,33,保税监管场所进出境货物,11,北京市,555,千克,0,?,"78,442"
202001,3054110,熏大西洋鲑鱼,309,荷兰,10,一般贸易,31,上海市,4650,千克,0,?,"613,498"
202001,3054900,其他熏鱼,309,荷兰,10,一般贸易,21,辽宁省,8400,千克,0,?,"514,930"
202001,3055400,干的鲱鱼、?鱼、沙丁鱼、小沙丁鱼属、黍鲱或西鲱、鲭鱼、印度鲭、马鲛鱼、竹荚鱼、?鱼、军曹鱼、银鲳、秋刀鱼、、多春鱼、剑鱼、鲔鱼、狐鲣、枪鱼 、旗鱼、四鳍旗鱼,116,日本,10,一般贸易,33,浙江省,10586,千克,0,?,"542,678"
202001,3055400,干的鲱鱼、?鱼、沙丁鱼、小沙丁鱼属、黍鲱或西鲱、鲭鱼、印度鲭、马鲛鱼、竹荚鱼、?鱼、军曹鱼、银鲳、秋刀鱼、、多春鱼、剑鱼、鲔鱼、狐鲣、枪鱼 、旗鱼、四鳍旗鱼,136,泰国,10,一般贸易,33,浙江省,158730,千克,0,?,"2,018,463"
202001,3055400,干的鲱鱼、?鱼、沙丁鱼、小沙丁鱼属、黍鲱或西鲱、鲭鱼、印度鲭、马鲛鱼、竹荚鱼、?鱼、军曹鱼、银鲳、秋刀鱼、、多春鱼、剑鱼、鲔鱼、狐鲣、枪鱼 、旗鱼、四鳍旗鱼,136,泰国,10,一般贸易,35,福建省,51750,千克,0,?,"490,287"
202001,3055400,干的鲱鱼、?鱼、沙丁鱼、小沙丁鱼属、黍鲱或西鲱、鲭鱼、印度鲭、马鲛鱼、竹荚鱼、?鱼、军曹鱼、银鲳、秋刀鱼、、多春鱼、剑鱼、鲔鱼、狐鲣、枪鱼 、旗鱼、四鳍旗鱼,141,越南,10,一般贸易,44,广东省,35556,千克,0,?,"499,057"
202001,3055990,其他干鱼,112,印度尼西亚,10,一般贸易,11,北京市,80172,千克,0,?,"832,140"
202001,3055990,其他干鱼,112,印度尼西亚,10,一般贸易,44,广东省,16416,千克,0,?,"186,216"
202001,3055990,其他干鱼,122,马来西亚,10,一般贸易,35,福建省,53184,千克,0,?,"445,066"
202001,3055990,其他干鱼,136,泰国,10,一般贸易,35,福建省,26865,千克,0,?,"226,243"
202001,3055990,其他干鱼,136,泰国,10,一般贸易,53,云南省,27300,千克,0,?,"540,540"
202001,3055990,其他干鱼,141,越南,10,一般贸易,21,辽宁省,13500,千克,0,?,"170,535"
202001,3055990,其他干鱼,141,越南,10,一般贸易,33,浙江省,395850,千克,0,?,"6,565,291"
202001,3055990,其他干鱼,141,越南,10,一般贸易,35,福建省,437922,千克,0,?,"3,561,836"
202001,3055990,其他干鱼,141,越南,10,一般贸易,43,湖南省,26390,千克,0,?,"444,485"
202001,3055990,其他干鱼,141,越南,10,一般贸易,44,广东省,209640,千克,0,?,"2,886,289"
202001,3055990,其他干鱼,141,越南,10,一般贸易,45,广西壮族自治区,87936,千克,0,?,"970,671"
202001,3055990,其他干鱼,141,越南,15,进料加工贸易,37,山东省,23700,千克,0,?,"893,995"
202001,3055990,其他干鱼,344,俄罗斯,15,进料加工贸易,22,吉林省,8060,千克,0,?,"559,752"
202001,3056400,盐腌及盐渍的罗非鱼、鲶鱼、鲤科鱼、鳗鱼、尼罗河鲈鱼及黑鱼,141,越南,10,一般贸易,12,天津市,53448,千克,0,?,"712,676"
202001,3056400,盐腌及盐渍的罗非鱼、鲶鱼、鲤科鱼、鳗鱼、尼罗河鲈鱼及黑鱼,141,越南,10,一般贸易,37,山东省,52944,千克,0,?,"728,249"
202001,3056400,盐腌及盐渍的罗非鱼、鲶鱼、鲤科鱼、鳗鱼、尼罗河鲈鱼及黑鱼,141,越南,10,一般贸易,44,广东省,244440,千克,0,?,"3,239,716"
202001,3056990,未列名盐腌及盐渍的鱼,112,印度尼西亚,10,一般贸易,44,广东省,49079,千克,0,?,"581,482"
202001,3056990,未列名盐腌及盐渍的鱼,116,日本,10,一般贸易,21,辽宁省,16,千克,0,?,"10,981"
202001,3056990,未列名盐腌及盐渍的鱼,127,巴基斯坦,10,一般贸易,31,上海市,450,千克,0,?,"4,514"
202001,3056990,未列名盐腌及盐渍的鱼,141,越南,34,海关特殊监管区域物流货物,44,广东省,21760,千克,0,?,"430,056"
202001,3057100,鲨鱼翅,110,中国香港,34,海关特殊监管区域物流货物,44,广东省,2715,千克,0,?,"151,945"
202001,3057100,鲨鱼翅,112,印度尼西亚,10,一般贸易,11,北京市,310,千克,0,?,"43,556"
202001,3057100,鲨鱼翅,312,西班牙,10,一般贸易,44,广东省,11419,千克,0,?,"1,438,067"
202001,3057200,鱼头、鱼尾、鱼鳔,112,印度尼西亚,10,一般贸易,11,北京市,1640,千克,0,?,"279,037"
202001,3057200,鱼头、鱼尾、鱼鳔,141,越南,10,一般贸易,44,广东省,7974,千克,0,?,"786,371"
202001,3057200,鱼头、鱼尾、鱼鳔,141,越南,10,一般贸易,45,广西壮族自治区,48000,千克,0,?,"2,687,274"
202001,3057200,鱼头、鱼尾、鱼鳔,141,越南,34,海关特殊监管区域物流货物,45,广西壮族自治区,38200,千克,0,?,"2,084,804"
202001,3057200,鱼头、鱼尾、鱼鳔,143,中国台湾,10,一般贸易,44,广东省,16591,千克,0,?,"174,216"
202001,3057200,鱼头、鱼尾、鱼鳔,143,中国台湾,39,其他,35,福建省,5823,千克,0,?,"48,892"
202001,3057200,鱼头、鱼尾、鱼鳔,250,乌干达,10,一般贸易,44,广东省,2833,千克,0,?,"904,909"
202001,3057200,鱼头、鱼尾、鱼鳔,322,冰岛,10,一般贸易,32,江苏省,88,千克,0,?,"30,815"
202001,3057200,鱼头、鱼尾、鱼鳔,326,挪威,10,一般贸易,37,山东省,960,千克,0,?,"23,560"
202001,3057200,鱼头、鱼尾、鱼鳔,326,挪威,10,一般贸易,45,广西壮族自治区,3600,千克,0,?,"505,288"
202001,3057200,鱼头、鱼尾、鱼鳔,609,新西兰,10,一般贸易,35,福建省,20,千克,0,?,"47,440"
202001,3057200,鱼头、鱼尾、鱼鳔,609,新西兰,10,一般贸易,44,广东省,10,千克,0,?,"23,720"
202001,3057900,其他鱼鳍及其他可食用杂碎,112,印度尼西亚,10,一般贸易,35,福建省,26000,千克,0,?,"547,396"
202001,3057900,其他鱼鳍及其他可食用杂碎,127,巴基斯坦,10,一般贸易,35,福建省,8330,千克,0,?,"73,074"
202001,3057900,其他鱼鳍及其他可食用杂碎,132,新加坡,31,免税外汇商品,11,北京市,20,千克,0,?,"3,604"
202001,3057900,其他鱼鳍及其他可食用杂碎,141,越南,10,一般贸易,44,广东省,65820,千克,0,?,"1,519,768"
202001,3057900,其他鱼鳍及其他可食用杂碎,143,中国台湾,10,一般贸易,44,广东省,17537,千克,0,?,"429,679"
202001,3057900,其他鱼鳍及其他可食用杂碎,143,中国台湾,39,其他,35,福建省,43968,千克,0,?,"642,992"
202001,3057900,其他鱼鳍及其他可食用杂碎,326,挪威,10,一般贸易,35,福建省,47525,千克,0,?,"329,233"
202001,3057900,其他鱼鳍及其他可食用杂碎,326,挪威,10,一般贸易,37,山东省,24415,千克,0,?,"214,177"
202001,3057900,其他鱼鳍及其他可食用杂碎,327,波兰,10,一般贸易,44,广东省,23800,千克,0,?,"168,133"
202001,3061100,冻的岩礁虾和其他龙虾,111,印度,10,一般贸易,11,北京市,32160,千克,0,?,"3,769,242"
202001,3061100,冻的岩礁虾和其他龙虾,111,印度,10,一般贸易,12,天津市,7479,千克,0,?,"937,468"
202001,3061100,冻的岩礁虾和其他龙虾,111,印度,10,一般贸易,37,山东省,13500,千克,0,?,"1,762,556"
202001,3061100,冻的岩礁虾和其他龙虾,111,印度,10,一般贸易,44,广东省,6372,千克,0,?,"838,774"
202001,3061100,冻的岩礁虾和其他龙虾,112,印度尼西亚,10,一般贸易,11,北京市,20768,千克,0,?,"1,748,962"
202001,3061100,冻的岩礁虾和其他龙虾,112,印度尼西亚,10,一般贸易,35,福建省,10610,千克,0,?,"596,158"
202001,3061100,冻的岩礁虾和其他龙虾,122,马来西亚,10,一般贸易,35,福建省,31960,千克,0,?,"3,264,866"
202001,3061100,冻的岩礁虾和其他龙虾,127,巴基斯坦,10,一般贸易,50,重庆市,92,千克,0,?,"5,962"
202001,3061100,冻的岩礁虾和其他龙虾,136,泰国,10,一般贸易,35,福建省,16990,千克,0,?,"1,728,892"
202001,3061100,冻的岩礁虾和其他龙虾,230,毛里塔尼亚,10,一般贸易,31,上海市,328,千克,0,?,"27,540"
202001,3061100,冻的岩礁虾和其他龙虾,244,南非,10,一般贸易,44,广东省,5920,千克,0,?,"477,779"
202001,3061100,冻的岩礁虾和其他龙虾,410,巴西,10,一般贸易,11,北京市,25630,千克,0,?,"3,867,176"
202001,3061100,冻的岩礁虾和其他龙虾,410,巴西,10,一般贸易,31,上海市,15410,千克,0,?,"2,256,465"
202001,3061100,冻的岩礁虾和其他龙虾,410,巴西,10,一般贸易,33,浙江省,28500,千克,0,?,"4,339,652"
202001,3061100,冻的岩礁虾和其他龙虾,410,巴西,10,一般贸易,35,福建省,15010,千克,0,?,"1,777,211"
202001,3061100,冻的岩礁虾和其他龙虾,416,古巴,10,一般贸易,11,北京市,62111,千克,0,?,"9,024,427"
202001,3061100,冻的岩礁虾和其他龙虾,419,厄瓜多尔,10,一般贸易,33,浙江省,12306,千克,0,?,"1,159,636"
202001,3061100,冻的岩礁虾和其他龙虾,427,牙买加,10,一般贸易,12,天津市,7830,千克,0,?,"1,023,610"
202001,3061100,冻的岩礁虾和其他龙虾,601,澳大利亚,10,一般贸易,11,北京市,90,千克,0,?,"66,466"
202001,3061200,冻鳌龙虾,501,加拿大,10,一般贸易,11,北京市,43088,千克,0,?,"4,487,432"
202001,3061200,冻鳌龙虾,501,加拿大,10,一般贸易,12,天津市,97012,千克,0,?,"10,275,235"
202001,3061200,冻鳌龙虾,501,加拿大,10,一般贸易,21,辽宁省,5874,千克,0,?,"527,114"
202001,3061200,冻鳌龙虾,501,加拿大,10,一般贸易,31,上海市,7375,千克,0,?,"582,266"
202001,3061200,冻鳌龙虾,501,加拿大,34,海关特殊监管区域物流货物,31,上海市,28328,千克,0,?,"2,514,375"
202001,3061410,冻梭子蟹,106,缅甸,10,一般贸易,44,广东省,5400,千克,0,?,"401,943"
202001,3061410,冻梭子蟹,127,巴基斯坦,10,一般贸易,35,福建省,14728,千克,0,?,"268,639"
202001,3061410,冻梭子蟹,127,巴基斯坦,10,一般贸易,37,山东省,14320,千克,0,?,"183,885"
202001,3061410,冻梭子蟹,127,巴基斯坦,10,一般贸易,50,重庆市,168,千克,0,?,"2,240"
202001,3061410,冻梭子蟹,133,韩国,10,一般贸易,37,山东省,3000,千克,0,?,"25,189"
202001,3061410,冻梭子蟹,142,中国,34,海关特殊监管区域物流货物,37,山东省,9040,千克,0,?,"1,719,903"
202001,3061490,其他冻蟹,136,泰国,10,一般贸易,12,天津市,20000,千克,0,?,"826,208"
202001,3061490,其他冻蟹,136,泰国,10,一般贸易,31,上海市,38880,千克,0,?,"1,532,285"
202001,3061490,其他冻蟹,136,泰国,10,一般贸易,33,浙江省,22500,千克,0,?,"497,218"
202001,3061490,其他冻蟹,136,泰国,10,一般贸易,35,福建省,42110,千克,0,?,"901,645"
202001,3061490,其他冻蟹,136,泰国,10,一般贸易,44,广东省,60000,千克,0,?,"1,486,720"
202001,3061490,其他冻蟹,303,英国,10,一般贸易,11,北京市,60000,千克,0,?,"2,413,932"
202001,3061490,其他冻蟹,303,英国,10,一般贸易,12,天津市,57800,千克,0,?,"2,500,564"
202001,3061490,其他冻蟹,303,英国,10,一般贸易,32,江苏省,180000,千克,0,?,"7,248,644"
202001,3061490,其他冻蟹,303,英国,10,一般贸易,44,广东省,4050,千克,0,?,"153,021"
202001,3061490,其他冻蟹,303,英国,33,保税监管场所进出境货物,33,浙江省,15700,千克,0,?,"637,138"
202001,3061490,其他冻蟹,303,英国,33,保税监管场所进出境货物,37,山东省,18140,千克,0,?,"581,311"
202001,3061490,其他冻蟹,306,爱尔兰,10,一般贸易,11,北京市,21340,千克,0,?,"808,713"
202001,3061490,其他冻蟹,306,爱尔兰,10,一般贸易,12,天津市,20470,千克,0,?,"811,658"
202001,3061490,其他冻蟹,306,爱尔兰,10,一般贸易,37,山东省,30420,千克,0,?,"1,231,601"
202001,3061490,其他冻蟹,306,爱尔兰,33,保税监管场所进出境货物,37,山东省,40000,千克,0,?,"1,399,380"
202001,3061490,其他冻蟹,326,挪威,14,来料加工贸易,37,山东省,20738,千克,0,?,"2,328,592"
202001,3061490,其他冻蟹,344,俄罗斯,15,进料加工贸易,37,山东省,15000,千克,0,?,"2,209,583"
202001,3061490,其他冻蟹,412,智利,10,一般贸易,11,北京市,81732,千克,0,?,"11,145,740"
202001,3061490,其他冻蟹,412,智利,10,一般贸易,12,天津市,83917,千克,0,?,"11,959,831"
202001,3061490,其他冻蟹,412,智利,10,一般贸易,21,辽宁省,8284,千克,0,?,"724,402"
202001,3061490,其他冻蟹,412,智利,10,一般贸易,31,上海市,26648,千克,0,?,"3,154,072"
202001,3061490,其他冻蟹,412,智利,10,一般贸易,33,浙江省,41543,千克,0,?,"5,266,941"
202001,3061490,其他冻蟹,412,智利,10,一般贸易,35,福建省,19957,千克,0,?,"2,962,385"
202001,3061490,其他冻蟹,412,智利,10,一般贸易,37,山东省,11008,千克,0,?,"1,540,493"
202001,3061490,其他冻蟹,412,智利,10,一般贸易,44,广东省,94281,千克,0,?,"11,613,601"
202001,3061490,其他冻蟹,412,智利,34,海关特殊监管区域物流货物,31,上海市,39794,千克,0,?,"5,729,580"
202001,3061490,其他冻蟹,501,加拿大,15,进料加工贸易,37,山东省,32658,千克,0,?,"3,031,728"
202001,3061490,其他冻蟹,502,美国,10,一般贸易,31,上海市,1379,千克,0,?,"80,285"
202001,3061490,其他冻蟹,503,格陵兰,10,一般贸易,37,山东省,1320,千克,0,?,"148,946"
202001,3061500,冻挪威海鳌虾,303,英国,10,一般贸易,31,上海市,10560,千克,0,?,"1,152,809"
202001,3061500,冻挪威海鳌虾,303,英国,10,一般贸易,35,福建省,12902,千克,0,?,"907,907"
202001,3061611,冻冷水小虾仁,302,丹麦,10,一般贸易,21,辽宁省,1500,千克,0,?,"123,954"
202001,3061612,其他冻北方长额小虾,302,丹麦,10,一般贸易,35,福建省,120000,千克,0,?,"4,668,331"
202001,3061612,其他冻北方长额小虾,302,丹麦,10,一般贸易,37,山东省,48000,千克,0,?,"1,701,314"
202001,3061612,其他冻北方长额小虾,302,丹麦,10,一般贸易,44,广东省,72000,千克,0,?,"3,249,360"
202001,3061612,其他冻北方长额小虾,302,丹麦,14,来料加工贸易,21,辽宁省,42588,千克,0,?,"1,974,013"
202001,3061612,其他冻北方长额小虾,302,丹麦,14,来料加工贸易,37,山东省,42048,千克,0,?,"1,487,321"
202001,3061612,其他冻北方长额小虾,334,爱沙尼亚,10,一般贸易,23,黑龙江省,23755,千克,0,?,"698,091"
202001,3061612,其他冻北方长额小虾,334,爱沙尼亚,10,一般贸易,37,山东省,73500,千克,0,?,"2,256,870"
202001,3061612,其他冻北方长额小虾,336,立陶宛,10,一般贸易,34,安徽省,21575,千克,0,?,"695,604"
202001,3061612,其他冻北方长额小虾,344,俄罗斯,10,一般贸易,11,北京市,81717,千克,0,?,"5,285,318"
202001,3061612,其他冻北方长额小虾,344,俄罗斯,10,一般贸易,21,辽宁省,45800,千克,0,?,"880,184"
202001,3061612,其他冻北方长额小虾,344,俄罗斯,10,一般贸易,31,上海市,10800,千克,0,?,"735,194"
202001,3061612,其他冻北方长额小虾,344,俄罗斯,10,一般贸易,35,福建省,46812,千克,0,?,"3,284,373"
202001,3061612,其他冻北方长额小虾,357,法罗群岛,33,保税监管场所进出境货物,37,山东省,23995,千克,0,?,"950,629"
202001,3061612,其他冻北方长额小虾,501,加拿大,10,一般贸易,21,辽宁省,279610,千克,0,?,"9,373,563"
202001,3061612,其他冻北方长额小虾,501,加拿大,10,一般贸易,31,上海市,24105,千克,0,?,"531,280"
202001,3061612,其他冻北方长额小虾,501,加拿大,10,一般贸易,33,浙江省,21190,千克,0,?,"880,668"
202001,3061612,其他冻北方长额小虾,501,加拿大,10,一般贸易,34,安徽省,68040,千克,0,?,"1,851,968"
202001,3061612,其他冻北方长额小虾,501,加拿大,10,一般贸易,35,福建省,164489,千克,0,?,"5,133,823"
202001,3061612,其他冻北方长额小虾,501,加拿大,10,一般贸易,37,山东省,1027864,千克,0,?,"30,383,508"
202001,3061612,其他冻北方长额小虾,501,加拿大,10,一般贸易,44,广东省,145805,千克,0,?,"4,775,567"
202001,3061612,其他冻北方长额小虾,501,加拿大,14,来料加工贸易,21,辽宁省,155779,千克,0,?,"5,177,301"
202001,3061612,其他冻北方长额小虾,501,加拿大,14,来料加工贸易,37,山东省,217712,千克,0,?,"5,208,938"
202001,3061612,其他冻北方长额小虾,501,加拿大,33,保税监管场所进出境货物,21,辽宁省,22800,千克,0,?,"561,704"
202001,3061612,其他冻北方长额小虾,501,加拿大,33,保税监管场所进出境货物,37,山东省,22152,千克,0,?,"777,302"
202001,3061612,其他冻北方长额小虾,503,格陵兰,10,一般贸易,21,辽宁省,819835,千克,0,?,"30,821,721"
202001,3061612,其他冻北方长额小虾,503,格陵兰,10,一般贸易,31,上海市,75000,千克,0,?,"2,866,653"
202001,3061612,其他冻北方长额小虾,503,格陵兰,10,一般贸易,35,福建省,192005,千克,0,?,"6,540,582"
202001,3061612,其他冻北方长额小虾,503,格陵兰,10,一般贸易,37,山东省,243865,千克,0,?,"9,222,245"
202001,3061612,其他冻北方长额小虾,503,格陵兰,10,一般贸易,44,广东省,359930,千克,0,?,"15,455,940"
202001,3061612,其他冻北方长额小虾,503,格陵兰,14,来料加工贸易,37,山东省,67032,千克,0,?,"3,095,486"
202001,3061619,其他冻冷水小虾,501,加拿大,10,一般贸易,31,上海市,48372,千克,0,?,"9,635,783"
202001,3061711,其他冻小虾仁,106,缅甸,10,一般贸易,21,辽宁省,11340,千克,0,?,"467,516"
202001,3061711,其他冻小虾仁,111,印度,10,一般贸易,11,北京市,19308,千克,0,?,"575,881"
202001,3061711,其他冻小虾仁,111,印度,10,一般贸易,12,天津市,47640,千克,0,?,"1,508,650"
202001,3061711,其他冻小虾仁,111,印度,10,一般贸易,31,上海市,40200,千克,0,?,"1,388,755"
202001,3061711,其他冻小虾仁,111,印度,10,一般贸易,33,浙江省,153652,千克,0,?,"5,031,857"
202001,3061711,其他冻小虾仁,111,印度,10,一般贸易,37,山东省,39200,千克,0,?,"1,242,307"
202001,3061711,其他冻小虾仁,111,印度,15,进料加工贸易,37,山东省,21000,千克,0,?,"781,091"
202001,3061711,其他冻小虾仁,111,印度,33,保税监管场所进出境货物,33,浙江省,79200,千克,0,?,"3,668,168"
202001,3061711,其他冻小虾仁,111,印度,34,海关特殊监管区域物流货物,21,辽宁省,13200,千克,0,?,"569,712"
202001,3061711,其他冻小虾仁,111,印度,34,海关特殊监管区域物流货物,33,浙江省,20000,千克,0,?,"830,918"
202001,3061711,其他冻小虾仁,116,日本,10,一般贸易,21,辽宁省,19,千克,0,?,"19,642"
202001,3061711,其他冻小虾仁,127,巴基斯坦,10,一般贸易,33,浙江省,42580,千克,0,?,"1,338,465"
202001,3061711,其他冻小虾仁,136,泰国,10,一般贸易,12,天津市,11980,千克,0,?,"1,040,280"
202001,3061711,其他冻小虾仁,136,泰国,10,一般贸易,31,上海市,40599,千克,0,?,"1,330,330"
202001,3061711,其他冻小虾仁,136,泰国,10,一般贸易,35,福建省,15201,千克,0,?,"395,323"
202001,3061719,其他冻小虾,111,印度,10,一般贸易,13,河北省,18000,千克,0,?,"202,115"
202001,3061719,其他冻小虾,111,印度,10,一般贸易,31,上海市,36112,千克,0,?,"1,568,129"
202001,3061719,其他冻小虾,122,马来西亚,10,一般贸易,35,福建省,19760,千克,0,?,"1,171,791"
202001,3061719,其他冻小虾,122,马来西亚,34,海关特殊监管区域物流货物,37,山东省,21216,千克,0,?,"1,636,693"
202001,3061719,其他冻小虾,143,中国台湾,39,其他,35,福建省,31926,千克,0,?,"287,812"
202001,3061719,其他冻小虾,402,阿根廷,10,一般贸易,11,北京市,24000,千克,0,?,"1,010,576"
202001,3061719,其他冻小虾,402,阿根廷,10,一般贸易,12,天津市,264000,千克,0,?,"10,775,019"
202001,3061719,其他冻小虾,402,阿根廷,10,一般贸易,13,河北省,23940,千克,0,?,"1,241,161"
202001,3061719,其他冻小虾,402,阿根廷,10,一般贸易,21,辽宁省,48000,千克,0,?,"1,717,980"
202001,3061719,其他冻小虾,402,阿根廷,10,一般贸易,31,上海市,1946160,千克,0,?,"82,406,115"
202001,3061719,其他冻小虾,402,阿根廷,10,一般贸易,32,江苏省,1040244,千克,0,?,"42,545,993"
202001,3061719,其他冻小虾,402,阿根廷,10,一般贸易,33,浙江省,149742,千克,0,?,"6,917,109"
202001,3061719,其他冻小虾,402,阿根廷,10,一般贸易,35,福建省,120000,千克,0,?,"5,063,640"
202001,3061719,其他冻小虾,402,阿根廷,10,一般贸易,37,山东省,722392,千克,0,?,"28,321,281"
202001,3061719,其他冻小虾,402,阿根廷,10,一般贸易,43,湖南省,312000,千克,0,?,"12,579,169"
202001,3061719,其他冻小虾,402,阿根廷,10,一般贸易,44,广东省,24000,千克,0,?,"976,890"
202001,3061719,其他冻小虾,402,阿根廷,14,来料加工贸易,37,山东省,86898,千克,0,?,"4,914,008"
202001,3061719,其他冻小虾,402,阿根廷,15,进料加工贸易,35,福建省,271816,千克,0,?,"14,906,827"
202001,3061719,其他冻小虾,402,阿根廷,33,保税监管场所进出境货物,32,江苏省,48000,千克,0,?,"1,989,547"
202001,3061719,其他冻小虾,402,阿根廷,33,保税监管场所进出境货物,33,浙江省,28000,千克,0,?,"1,296,906"
202001,3061719,其他冻小虾,402,阿根廷,33,保税监管场所进出境货物,37,山东省,432000,千克,0,?,"18,164,032"
202001,3061721,其他冻对虾仁,106,缅甸,10,一般贸易,11,北京市,52416,千克,0,?,"918,073"
202001,3061721,其他冻对虾仁,106,缅甸,10,一般贸易,37,山东省,7582,千克,0,?,"281,898"
202001,3061721,其他冻对虾仁,111,印度,10,一般贸易,12,天津市,124000,千克,0,?,"4,948,525"
202001,3061721,其他冻对虾仁,111,印度,10,一般贸易,21,辽宁省,21000,千克,0,?,"1,000,262"
202001,3061721,其他冻对虾仁,111,印度,10,一般贸易,31,上海市,168300,千克,0,?,"8,098,472"
202001,3061721,其他冻对虾仁,111,印度,10,一般贸易,33,浙江省,80180,千克,0,?,"3,471,551"
202001,3061721,其他冻对虾仁,111,印度,10,一般贸易,37,山东省,168432,千克,0,?,"6,382,289"
202001,3061721,其他冻对虾仁,111,印度,10,一般贸易,44,广东省,94248,千克,0,?,"4,179,283"
202001,3061721,其他冻对虾仁,111,印度,10,一般贸易,45,广西壮族自治区,62500,千克,0,?,"2,140,661"
202001,3061721,其他冻对虾仁,111,印度,15,进料加工贸易,44,广东省,19200,千克,0,?,"2,167,119"
202001,3061721,其他冻对虾仁,112,印度尼西亚,10,一般贸易,31,上海市,123244,千克,0,?,"4,265,129"
202001,3061721,其他冻对虾仁,112,印度尼西亚,10,一般贸易,44,广东省,81629,千克,0,?,"3,006,424"
202001,3061721,其他冻对虾仁,122,马来西亚,10,一般贸易,11,北京市,569,千克,0,?,"42,088"
202001,3061721,其他冻对虾仁,122,马来西亚,10,一般贸易,32,江苏省,5400,千克,0,?,"366,334"
202001,3061721,其他冻对虾仁,122,马来西亚,10,一般贸易,44,广东省,27674,千克,0,?,"1,557,782"
202001,3061721,其他冻对虾仁,127,巴基斯坦,10,一般贸易,11,北京市,39331,千克,0,?,"1,631,930"
202001,3061721,其他冻对虾仁,127,巴基斯坦,10,一般贸易,12,天津市,3600,千克,0,?,"201,863"
202001,3061721,其他冻对虾仁,127,巴基斯坦,10,一般贸易,33,浙江省,21000,千克,0,?,"688,876"
202001,3061721,其他冻对虾仁,127,巴基斯坦,10,一般贸易,37,山东省,21612,千克,0,?,"695,043"
202001,3061721,其他冻对虾仁,127,巴基斯坦,10,一般贸易,50,重庆市,1094,千克,0,?,"42,902"
202001,3061721,其他冻对虾仁,136,泰国,10,一般贸易,12,天津市,57163,千克,0,?,"2,327,696"
202001,3061721,其他冻对虾仁,136,泰国,10,一般贸易,31,上海市,10357,千克,0,?,"890,243"
202001,3061721,其他冻对虾仁,136,泰国,10,一般贸易,35,福建省,17551,千克,0,?,"461,285"
202001,3061721,其他冻对虾仁,136,泰国,10,一般贸易,44,广东省,76272,千克,0,?,"5,578,024"
202001,3061721,其他冻对虾仁,141,越南,10,一般贸易,11,北京市,512151,千克,0,?,"23,541,039"
202001,3061721,其他冻对虾仁,141,越南,10,一般贸易,12,天津市,128291,千克,0,?,"5,684,210"
202001,3061721,其他冻对虾仁,141,越南,10,一般贸易,31,上海市,124356,千克,0,?,"6,585,140"
202001,3061721,其他冻对虾仁,141,越南,10,一般贸易,42,湖北省,421,千克,0,?,"20,692"
202001,3061721,其他冻对虾仁,141,越南,10,一般贸易,44,广东省,265359,千克,0,?,"13,151,912"
202001,3061721,其他冻对虾仁,141,越南,10,一般贸易,45,广西壮族自治区,45555,千克,0,?,"2,020,761"
202001,3061729,其他冻对虾,103,孟加拉国,10,一般贸易,11,北京市,8580,千克,0,?,"659,269"
202001,3061729,其他冻对虾,103,孟加拉国,10,一般贸易,31,上海市,6800,千克,0,?,"338,824"
202001,3061729,其他冻对虾,106,缅甸,10,一般贸易,37,山东省,7742,千克,0,?,"677,943"
202001,3061729,其他冻对虾,111,印度,10,一般贸易,11,北京市,1072184,千克,0,?,"48,040,169"
202001,3061729,其他冻对虾,111,印度,10,一般贸易,12,天津市,1646820,千克,0,?,"72,371,361"
202001,3061729,其他冻对虾,111,印度,10,一般贸易,13,河北省,21600,千克,0,?,"860,843"
202001,3061729,其他冻对虾,111,印度,10,一般贸易,15,内蒙古自治区,35640,千克,0,?,"1,458,606"
202001,3061729,其他冻对虾,111,印度,10,一般贸易,21,辽宁省,604200,千克,0,?,"24,933,631"
202001,3061729,其他冻对虾,111,印度,10,一般贸易,31,上海市,43256,千克,0,?,"2,126,137"
202001,3061729,其他冻对虾,111,印度,10,一般贸易,32,江苏省,102426,千克,0,?,"4,894,017"
202001,3061729,其他冻对虾,111,印度,10,一般贸易,33,浙江省,940127,千克,0,?,"36,341,519"
202001,3061729,其他冻对虾,111,印度,10,一般贸易,35,福建省,531043,千克,0,?,"20,855,528"
202001,3061729,其他冻对虾,111,印度,10,一般贸易,37,山东省,973011,千克,0,?,"41,446,575"
202001,3061729,其他冻对虾,111,印度,10,一般贸易,44,广东省,5471314,千克,0,?,"244,510,252"
202001,3061729,其他冻对虾,111,印度,10,一般贸易,45,广西壮族自治区,441721,千克,0,?,"18,260,563"
202001,3061729,其他冻对虾,111,印度,10,一般贸易,51,四川省,17500,千克,0,?,"676,681"
202001,3061729,其他冻对虾,111,印度,10,一般贸易,54,西藏自治区,14040,千克,0,?,"826,001"
202001,3061729,其他冻对虾,111,印度,10,一般贸易,65,新疆维吾尔自治区,17280,千克,0,?,"878,246"
202001,3061729,其他冻对虾,112,印度尼西亚,10,一般贸易,11,北京市,403820,千克,0,?,"12,387,628"
202001,3061729,其他冻对虾,112,印度尼西亚,10,一般贸易,31,上海市,8916,千克,0,?,"257,132"
202001,3061729,其他冻对虾,112,印度尼西亚,10,一般贸易,32,江苏省,6400,千克,0,?,"618,606"
202001,3061729,其他冻对虾,112,印度尼西亚,10,一般贸易,35,福建省,243589,千克,0,?,"9,175,840"
202001,3061729,其他冻对虾,112,印度尼西亚,10,一般贸易,37,山东省,13777,千克,0,?,"733,393"
202001,3061729,其他冻对虾,112,印度尼西亚,10,一般贸易,44,广东省,230582,千克,0,?,"11,708,403"
202001,3061729,其他冻对虾,113,伊朗,10,一般贸易,12,天津市,258680,千克,0,?,"8,024,542"
202001,3061729,其他冻对虾,113,伊朗,10,一般贸易,21,辽宁省,187220,千克,0,?,"6,122,506"
202001,3061729,其他冻对虾,113,伊朗,10,一般贸易,35,福建省,22248,千克,0,?,"729,834"
202001,3061729,其他冻对虾,113,伊朗,10,一般贸易,37,山东省,259142,千克,0,?,"8,450,898"
202001,3061729,其他冻对虾,113,伊朗,39,其他,37,山东省,48000,千克,0,?,"1,611,778"
202001,3061729,其他冻对虾,122,马来西亚,10,一般贸易,11,北京市,87857,千克,0,?,"5,232,305"
202001,3061729,其他冻对虾,122,马来西亚,10,一般贸易,12,天津市,806805,千克,0,?,"29,490,925"
202001,3061729,其他冻对虾,122,马来西亚,10,一般贸易,21,辽宁省,132025,千克,0,?,"7,232,547"
202001,3061729,其他冻对虾,122,马来西亚,10,一般贸易,31,上海市,85638,千克,0,?,"5,192,201"
202001,3061729,其他冻对虾,122,马来西亚,10,一般贸易,32,江苏省,24290,千克,0,?,"1,666,745"
202001,3061729,其他冻对虾,122,马来西亚,10,一般贸易,33,浙江省,99586,千克,0,?,"4,374,637"
202001,3061729,其他冻对虾,122,马来西亚,10,一般贸易,35,福建省,433439,千克,0,?,"16,294,517"
202001,3061729,其他冻对虾,122,马来西亚,10,一般贸易,37,山东省,477813,千克,0,?,"21,587,671"
202001,3061729,其他冻对虾,122,马来西亚,10,一般贸易,44,广东省,554774,千克,0,?,"19,777,966"
202001,3061729,其他冻对虾,122,马来西亚,10,一般贸易,65,新疆维吾尔自治区,23988,千克,0,?,"905,560"
202001,3061729,其他冻对虾,122,马来西亚,39,其他,37,山东省,24000,千克,0,?,"890,005"
202001,3061729,其他冻对虾,127,巴基斯坦,10,一般贸易,11,北京市,45048,千克,0,?,"1,760,579"
202001,3061729,其他冻对虾,127,巴基斯坦,10,一般贸易,37,山东省,44342,千克,0,?,"2,586,910"
202001,3061729,其他冻对虾,127,巴基斯坦,10,一般贸易,50,重庆市,6682,千克,0,?,"268,752"
202001,3061729,其他冻对虾,131,沙特阿拉伯,10,一般贸易,11,北京市,673920,千克,0,?,"27,782,762"
202001,3061729,其他冻对虾,131,沙特阿拉伯,10,一般贸易,12,天津市,1467740,千克,0,?,"60,464,820"
202001,3061729,其他冻对虾,131,沙特阿拉伯,10,一般贸易,21,辽宁省,444700,千克,0,?,"18,542,390"
202001,3061729,其他冻对虾,131,沙特阿拉伯,10,一般贸易,37,山东省,81600,千克,0,?,"3,385,888"
202001,3061729,其他冻对虾,131,沙特阿拉伯,10,一般贸易,44,广东省,1238978,千克,0,?,"53,438,335"
202001,3061729,其他冻对虾,131,沙特阿拉伯,33,保税监管场所进出境货物,37,山东省,327040,千克,0,?,"14,276,244"
202001,3061729,其他冻对虾,136,泰国,10,一般贸易,11,北京市,34537,千克,0,?,"2,403,596"
202001,3061729,其他冻对虾,136,泰国,10,一般贸易,12,天津市,70713,千克,0,?,"3,661,820"
202001,3061729,其他冻对虾,136,泰国,10,一般贸易,13,河北省,15250,千克,0,?,"829,690"
202001,3061729,其他冻对虾,136,泰国,10,一般贸易,21,辽宁省,57040,千克,0,?,"3,900,434"
202001,3061729,其他冻对虾,136,泰国,10,一般贸易,31,上海市,765427,千克,0,?,"54,123,369"
202001,3061729,其他冻对虾,136,泰国,10,一般贸易,33,浙江省,71025,千克,0,?,"3,494,035"
202001,3061729,其他冻对虾,136,泰国,10,一般贸易,35,福建省,64332,千克,0,?,"4,219,657"
202001,3061729,其他冻对虾,136,泰国,10,一般贸易,37,山东省,166132,千克,0,?,"10,373,741"
202001,3061729,其他冻对虾,136,泰国,10,一般贸易,42,湖北省,61200,千克,0,?,"3,214,736"
202001,3061729,其他冻对虾,136,泰国,10,一般贸易,44,广东省,343027,千克,0,?,"22,906,186"
202001,3061729,其他冻对虾,136,泰国,10,一般贸易,45,广西壮族自治区,21149,千克,0,?,"1,115,439"
202001,3061729,其他冻对虾,136,泰国,10,一般贸易,46,海南省,15911,千克,0,?,"1,000,365"
202001,3061729,其他冻对虾,136,泰国,10,一般贸易,51,四川省,61996,千克,0,?,"4,682,369"
202001,3061729,其他冻对虾,136,泰国,34,海关特殊监管区域物流货物,37,山东省,36455,千克,0,?,"2,684,772"
202001,3061729,其他冻对虾,141,越南,10,一般贸易,11,北京市,801050,千克,0,?,"42,591,073"
202001,3061729,其他冻对虾,141,越南,10,一般贸易,12,天津市,93220,千克,0,?,"5,275,654"
202001,3061729,其他冻对虾,141,越南,10,一般贸易,31,上海市,196885,千克,0,?,"10,940,675"
202001,3061729,其他冻对虾,141,越南,10,一般贸易,33,浙江省,44099,千克,0,?,"1,556,005"
202001,3061729,其他冻对虾,141,越南,10,一般贸易,35,福建省,3967,千克,0,?,"270,256"
202001,3061729,其他冻对虾,141,越南,10,一般贸易,37,山东省,20373,千克,0,?,"1,175,340"
202001,3061729,其他冻对虾,141,越南,10,一般贸易,42,湖北省,41078,千克,0,?,"1,324,936"
202001,3061729,其他冻对虾,141,越南,10,一般贸易,44,广东省,314204,千克,0,?,"16,968,482"
202001,3061729,其他冻对虾,141,越南,10,一般贸易,45,广西壮族自治区,25265,千克,0,?,"1,014,051"
202001,3061729,其他冻对虾,141,越南,10,一般贸易,46,海南省,3409,千克,0,?,"236,408"
202001,3061729,其他冻对虾,141,越南,34,海关特殊监管区域物流货物,31,上海市,28258,千克,0,?,"2,052,510"
202001,3061729,其他冻对虾,143,中国台湾,10,一般贸易,35,福建省,537241,千克,0,?,"6,759,251"
202001,3061729,其他冻对虾,143,中国台湾,39,其他,35,福建省,56861,千克,0,?,"743,966"
202001,3061729,其他冻对虾,227,马达加斯加,10,一般贸易,12,天津市,9840,千克,0,?,"1,208,775"
202001,3061729,其他冻对虾,233,莫桑比克,10,一般贸易,11,北京市,21312,千克,0,?,"2,487,880"
202001,3061729,其他冻对虾,419,厄瓜多尔,10,一般贸易,11,北京市,1545806,千克,0,?,"64,954,687"
202001,3061729,其他冻对虾,419,厄瓜多尔,10,一般贸易,12,天津市,10646285,千克,0,?,"447,778,082"
202001,3061729,其他冻对虾,419,厄瓜多尔,10,一般贸易,13,河北省,675898,千克,0,?,"28,766,589"
202001,3061729,其他冻对虾,419,厄瓜多尔,10,一般贸易,21,辽宁省,3503851,千克,0,?,"146,103,505"
202001,3061729,其他冻对虾,419,厄瓜多尔,10,一般贸易,31,上海市,2811195,千克,0,?,"118,637,627"
202001,3061729,其他冻对虾,419,厄瓜多尔,10,一般贸易,32,江苏省,768934,千克,0,?,"31,858,244"
202001,3061729,其他冻对虾,419,厄瓜多尔,10,一般贸易,33,浙江省,624500,千克,0,?,"24,742,756"
202001,3061729,其他冻对虾,419,厄瓜多尔,10,一般贸易,35,福建省,2037583,千克,0,?,"86,682,454"
202001,3061729,其他冻对虾,419,厄瓜多尔,10,一般贸易,37,山东省,3700155,千克,0,?,"155,024,647"
202001,3061729,其他冻对虾,419,厄瓜多尔,10,一般贸易,41,河南省,233800,千克,0,?,"9,323,147"
202001,3061729,其他冻对虾,419,厄瓜多尔,10,一般贸易,42,湖北省,321600,千克,0,?,"13,190,293"
202001,3061729,其他冻对虾,419,厄瓜多尔,10,一般贸易,43,湖南省,893770,千克,0,?,"37,743,844"
202001,3061729,其他冻对虾,419,厄瓜多尔,10,一般贸易,44,广东省,5273107,千克,0,?,"226,815,176"
202001,3061729,其他冻对虾,419,厄瓜多尔,10,一般贸易,45,广西壮族自治区,17500,千克,0,?,"764,933"
202001,3061729,其他冻对虾,419,厄瓜多尔,10,一般贸易,50,重庆市,54600,千克,0,?,"2,163,064"
202001,3061729,其他冻对虾,419,厄瓜多尔,10,一般贸易,51,四川省,836221,千克,0,?,"37,867,103"
202001,3061729,其他冻对虾,419,厄瓜多尔,10,一般贸易,53,云南省,19800,千克,0,?,"916,854"
202001,3061729,其他冻对虾,419,厄瓜多尔,10,一般贸易,61,陕西省,45000,千克,0,?,"2,084,314"
202001,3061729,其他冻对虾,419,厄瓜多尔,10,一般贸易,64,宁夏回族自治区,91000,千克,0,?,"3,546,375"
202001,3061729,其他冻对虾,419,厄瓜多尔,15,进料加工贸易,21,辽宁省,96000,千克,0,?,"4,255,598"
202001,3061729,其他冻对虾,419,厄瓜多尔,15,进料加工贸易,35,福建省,39922,千克,0,?,"1,730,810"
202001,3061729,其他冻对虾,419,厄瓜多尔,33,保税监管场所进出境货物,37,山东省,137800,千克,0,?,"6,019,337"
202001,3061729,其他冻对虾,419,厄瓜多尔,34,海关特殊监管区域物流货物,31,上海市,126600,千克,0,?,"5,548,879"
202001,3061729,其他冻对虾,429,墨西哥,10,一般贸易,11,北京市,43200,千克,0,?,"2,122,210"
202001,3061729,其他冻对虾,429,墨西哥,10,一般贸易,12,天津市,206844,千克,0,?,"10,598,737"
202001,3061729,其他冻对虾,429,墨西哥,10,一般贸易,13,河北省,20004,千克,0,?,"685,149"
202001,3061729,其他冻对虾,429,墨西哥,10,一般贸易,21,辽宁省,207550,千克,0,?,"9,906,382"
202001,3061729,其他冻对虾,429,墨西哥,10,一般贸易,32,江苏省,86400,千克,0,?,"3,577,440"
202001,3061729,其他冻对虾,429,墨西哥,10,一般贸易,37,山东省,632220,千克,0,?,"28,334,108"
202001,3061729,其他冻对虾,429,墨西哥,10,一般贸易,43,湖南省,754200,千克,0,?,"39,507,036"
202001,3061729,其他冻对虾,429,墨西哥,10,一般贸易,44,广东省,144000,千克,0,?,"6,991,505"
202001,3061729,其他冻对虾,429,墨西哥,33,保税监管场所进出境货物,37,山东省,156600,千克,0,?,"9,067,009"
202001,3061729,其他冻对虾,434,秘鲁,10,一般贸易,12,天津市,45612,千克,0,?,"1,975,974"
202001,3061729,其他冻对虾,434,秘鲁,10,一般贸易,21,辽宁省,46800,千克,0,?,"2,039,354"
202001,3061729,其他冻对虾,434,秘鲁,10,一般贸易,31,上海市,93548,千克,0,?,"4,104,352"
202001,3061729,其他冻对虾,434,秘鲁,10,一般贸易,33,浙江省,340030,千克,0,?,"14,439,780"
202001,3061729,其他冻对虾,434,秘鲁,10,一般贸易,37,山东省,20762,千克,0,?,"737,475"
202001,3061729,其他冻对虾,434,秘鲁,10,一般贸易,42,湖北省,22134,千克,0,?,"851,086"
202001,3061729,其他冻对虾,434,秘鲁,10,一般贸易,44,广东省,68432,千克,0,?,"2,879,432"
202001,3061729,其他冻对虾,501,加拿大,10,一般贸易,31,上海市,21456,千克,0,?,"4,109,206"
202001,3061729,其他冻对虾,601,澳大利亚,10,一般贸易,11,北京市,41941,千克,0,?,"2,274,620"
202001,3061729,其他冻对虾,601,澳大利亚,10,一般贸易,12,天津市,229089,千克,0,?,"18,466,212"
202001,3061729,其他冻对虾,601,澳大利亚,10,一般贸易,13,河北省,3735,千克,0,?,"567,882"
202001,3061729,其他冻对虾,601,澳大利亚,10,一般贸易,21,辽宁省,41030,千克,0,?,"4,551,499"
202001,3061729,其他冻对虾,601,澳大利亚,10,一般贸易,44,广东省,140,千克,0,?,"13,588"
202001,3061990,"其他冻甲壳动物,包括适合供人食用的甲壳动物的细粉、粗粉及团粒",133,韩国,34,海关特殊监管区域物流货物,37,山东省,24000,千克,0,?,"415,112"
202001,3061990,"其他冻甲壳动物,包括适合供人食用的甲壳动物的细粉、粗粉及团粒",609,新西兰,10,一般贸易,31,上海市,24462,千克,0,?,"7,064,666"
202001,3061990,"其他冻甲壳动物,包括适合供人食用的甲壳动物的细粉、粗粉及团粒",609,新西兰,10,一般贸易,33,浙江省,8436,千克,0,?,"2,591,974"
202001,3061990,"其他冻甲壳动物,包括适合供人食用的甲壳动物的细粉、粗粉及团粒",609,新西兰,10,一般贸易,37,山东省,7650,千克,0,?,"2,432,078"
202001,3061990,"其他冻甲壳动物,包括适合供人食用的甲壳动物的细粉、粗粉及团粒",609,新西兰,10,一般贸易,44,广东省,4422,千克,0,?,"1,389,504"
202001,3063190,"活、鲜或冷的岩礁虾和其他龙虾,种苗除外",106,缅甸,10,一般贸易,31,上海市,7782,千克,0,?,"1,415,285"
202001,3063190,"活、鲜或冷的岩礁虾和其他龙虾,种苗除外",106,缅甸,10,一般贸易,44,广东省,64,千克,0,?,"11,498"
202001,3063190,"活、鲜或冷的岩礁虾和其他龙虾,种苗除外",111,印度,10,一般贸易,31,上海市,692,千克,0,?,"121,409"
202001,3063190,"活、鲜或冷的岩礁虾和其他龙虾,种苗除外",111,印度,10,一般贸易,44,广东省,2211,千克,0,?,"408,411"
202001,3063190,"活、鲜或冷的岩礁虾和其他龙虾,种苗除外",112,印度尼西亚,10,一般贸易,11,北京市,8117,千克,0,?,"1,795,911"
202001,3063190,"活、鲜或冷的岩礁虾和其他龙虾,种苗除外",112,印度尼西亚,10,一般贸易,31,上海市,73,千克,0,?,"16,813"
202001,3063190,"活、鲜或冷的岩礁虾和其他龙虾,种苗除外",112,印度尼西亚,10,一般贸易,35,福建省,19818,千克,0,?,"4,489,742"
202001,3063190,"活、鲜或冷的岩礁虾和其他龙虾,种苗除外",112,印度尼西亚,10,一般贸易,44,广东省,8408,千克,0,?,"2,054,142"
202001,3063190,"活、鲜或冷的岩礁虾和其他龙虾,种苗除外",116,日本,10,一般贸易,33,浙江省,25,千克,0,?,"15,018"
202001,3063190,"活、鲜或冷的岩礁虾和其他龙虾,种苗除外",129,菲律宾,10,一般贸易,35,福建省,14849,千克,0,?,"5,053,623"
202001,3063190,"活、鲜或冷的岩礁虾和其他龙虾,种苗除外",129,菲律宾,10,一般贸易,44,广东省,7326,千克,0,?,"2,112,376"
202001,3063190,"活、鲜或冷的岩礁虾和其他龙虾,种苗除外",134,斯里兰卡,10,一般贸易,44,广东省,270,千克,0,?,"44,243"
202001,3063190,"活、鲜或冷的岩礁虾和其他龙虾,种苗除外",136,泰国,10,一般贸易,11,北京市,351,千克,0,?,"49,266"
202001,3063190,"活、鲜或冷的岩礁虾和其他龙虾,种苗除外",136,泰国,10,一般贸易,31,上海市,161,千克,0,?,"35,553"
202001,3063190,"活、鲜或冷的岩礁虾和其他龙虾,种苗除外",136,泰国,10,一般贸易,44,广东省,105,千克,0,?,"25,016"
202001,3063190,"活、鲜或冷的岩礁虾和其他龙虾,种苗除外",141,越南,10,一般贸易,11,北京市,32097,千克,0,?,"7,257,178"
202001,3063190,"活、鲜或冷的岩礁虾和其他龙虾,种苗除外",215,埃及,10,一般贸易,50,重庆市,364,千克,0,?,"8,914"
202001,3063190,"活、鲜或冷的岩礁虾和其他龙虾,种苗除外",220,加纳,10,一般贸易,31,上海市,10176,千克,0,?,"1,433,527"
202001,3063190,"活、鲜或冷的岩礁虾和其他龙虾,种苗除外",220,加纳,10,一般贸易,44,广东省,908,千克,0,?,"125,975"
202001,3063190,"活、鲜或冷的岩礁虾和其他龙虾,种苗除外",223,科特迪瓦,10,一般贸易,44,广东省,585,千克,0,?,"71,845"
202001,3063190,"活、鲜或冷的岩礁虾和其他龙虾,种苗除外",224,肯尼亚,10,一般贸易,44,广东省,12313,千克,0,?,"2,159,710"
202001,3063190,"活、鲜或冷的岩礁虾和其他龙虾,种苗除外",227,马达加斯加,10,一般贸易,44,广东省,2068,千克,0,?,"382,919"
202001,3063190,"活、鲜或冷的岩礁虾和其他龙虾,种苗除外",230,毛里塔尼亚,10,一般贸易,11,北京市,200,千克,0,?,"28,117"
202001,3063190,"活、鲜或冷的岩礁虾和其他龙虾,种苗除外",230,毛里塔尼亚,10,一般贸易,31,上海市,1111,千克,0,?,"165,903"
202001,3063190,"活、鲜或冷的岩礁虾和其他龙虾,种苗除外",233,莫桑比克,10,一般贸易,44,广东省,5861,千克,0,?,"1,461,491"
202001,3063190,"活、鲜或冷的岩礁虾和其他龙虾,种苗除外",234,纳米比亚,10,一般贸易,11,北京市,8740,千克,0,?,"2,253,936"
202001,3063190,"活、鲜或冷的岩礁虾和其他龙虾,种苗除外",234,纳米比亚,10,一般贸易,31,上海市,900,千克,0,?,"191,214"
202001,3063190,"活、鲜或冷的岩礁虾和其他龙虾,种苗除外",234,纳米比亚,10,一般贸易,44,广东省,1780,千克,0,?,"463,566"
202001,3063190,"活、鲜或冷的岩礁虾和其他龙虾,种苗除外",240,塞内加尔,10,一般贸易,44,广东省,1593,千克,0,?,"244,537"
202001,3063190,"活、鲜或冷的岩礁虾和其他龙虾,种苗除外",244,南非,10,一般贸易,11,北京市,53252,千克,0,?,"15,658,564"
202001,3063190,"活、鲜或冷的岩礁虾和其他龙虾,种苗除外",244,南非,10,一般贸易,31,上海市,5100,千克,0,?,"1,333,410"
202001,3063190,"活、鲜或冷的岩礁虾和其他龙虾,种苗除外",244,南非,10,一般贸易,34,安徽省,400,千克,0,?,"103,865"
202001,3063190,"活、鲜或冷的岩礁虾和其他龙虾,种苗除外",244,南非,10,一般贸易,44,广东省,2028,千克,0,?,"572,771"
202001,3063190,"活、鲜或冷的岩礁虾和其他龙虾,种苗除外",247,坦桑尼亚,10,一般贸易,31,上海市,3842,千克,0,?,"1,001,405"
202001,3063190,"活、鲜或冷的岩礁虾和其他龙虾,种苗除外",247,坦桑尼亚,10,一般贸易,44,广东省,1096,千克,0,?,"292,351"
202001,3063190,"活、鲜或冷的岩礁虾和其他龙虾,种苗除外",412,智利,10,一般贸易,31,上海市,5365,千克,0,?,"1,825,025"
202001,3063190,"活、鲜或冷的岩礁虾和其他龙虾,种苗除外",412,智利,10,一般贸易,34,安徽省,1529,千克,0,?,"500,712"
202001,3063190,"活、鲜或冷的岩礁虾和其他龙虾,种苗除外",418,多米尼加,10,一般贸易,31,上海市,50,千克,0,?,"10,527"
202001,3063190,"活、鲜或冷的岩礁虾和其他龙虾,种苗除外",418,多米尼加,10,一般贸易,44,广东省,150,千克,0,?,"27,371"
202001,3063190,"活、鲜或冷的岩礁虾和其他龙虾,种苗除外",427,牙买加,10,一般贸易,44,广东省,1384,千克,0,?,"331,339"
202001,3063190,"活、鲜或冷的岩礁虾和其他龙虾,种苗除外",429,墨西哥,10,一般贸易,11,北京市,1289,千克,0,?,"542,430"
202001,3063190,"活、鲜或冷的岩礁虾和其他龙虾,种苗除外",429,墨西哥,10,一般贸易,31,上海市,147250,千克,0,?,"54,297,091"
202001,3063190,"活、鲜或冷的岩礁虾和其他龙虾,种苗除外",429,墨西哥,10,一般贸易,35,福建省,35588,千克,0,?,"13,722,762"
202001,3063190,"活、鲜或冷的岩礁虾和其他龙虾,种苗除外",429,墨西哥,10,一般贸易,43,湖南省,10185,千克,0,?,"3,970,301"
202001,3063190,"活、鲜或冷的岩礁虾和其他龙虾,种苗除外",429,墨西哥,10,一般贸易,44,广东省,49737,千克,0,?,"17,534,421"
202001,3063190,"活、鲜或冷的岩礁虾和其他龙虾,种苗除外",429,墨西哥,10,一般贸易,65,新疆维吾尔自治区,12016,千克,0,?,"3,537,281"
202001,3063190,"活、鲜或冷的岩礁虾和其他龙虾,种苗除外",432,巴拿马,10,一般贸易,44,广东省,2752,千克,0,?,"537,864"
202001,3063190,"活、鲜或冷的岩礁虾和其他龙虾,种苗除外",502,美国,10,一般贸易,31,上海市,56718,千克,0,?,"7,579,681"
202001,3063190,"活、鲜或冷的岩礁虾和其他龙虾,种苗除外",502,美国,10,一般贸易,35,福建省,1365,千克,0,?,"400,231"
202001,3063190,"活、鲜或冷的岩礁虾和其他龙虾,种苗除外",502,美国,10,一般贸易,43,湖南省,17094,千克,0,?,"2,129,189"
202001,3063190,"活、鲜或冷的岩礁虾和其他龙虾,种苗除外",502,美国,10,一般贸易,44,广东省,27320,千克,0,?,"4,549,079"
202001,3063190,"活、鲜或冷的岩礁虾和其他龙虾,种苗除外",601,澳大利亚,10,一般贸易,11,北京市,68457,千克,0,?,"36,799,004"
202001,3063190,"活、鲜或冷的岩礁虾和其他龙虾,种苗除外",601,澳大利亚,10,一般贸易,31,上海市,283556,千克,0,?,"134,469,722"
202001,3063190,"活、鲜或冷的岩礁虾和其他龙虾,种苗除外",601,澳大利亚,10,一般贸易,33,浙江省,4075,千克,0,?,"1,831,476"
202001,3063190,"活、鲜或冷的岩礁虾和其他龙虾,种苗除外",601,澳大利亚,10,一般贸易,35,福建省,212326,千克,0,?,"91,652,990"
202001,3063190,"活、鲜或冷的岩礁虾和其他龙虾,种苗除外",601,澳大利亚,10,一般贸易,43,湖南省,58130,千克,0,?,"28,266,775"
202001,3063190,"活、鲜或冷的岩礁虾和其他龙虾,种苗除外",601,澳大利亚,10,一般贸易,44,广东省,536256,千克,0,?,"247,128,728"
202001,3063190,"活、鲜或冷的岩礁虾和其他龙虾,种苗除外",609,新西兰,10,一般贸易,11,北京市,8814,千克,0,?,"4,733,315"
202001,3063190,"活、鲜或冷的岩礁虾和其他龙虾,种苗除外",609,新西兰,10,一般贸易,31,上海市,117532,千克,0,?,"63,153,824"
202001,3063190,"活、鲜或冷的岩礁虾和其他龙虾,种苗除外",609,新西兰,10,一般贸易,33,浙江省,2600,千克,0,?,"1,455,624"
202001,3063190,"活、鲜或冷的岩礁虾和其他龙虾,种苗除外",609,新西兰,10,一般贸易,43,湖南省,12391,千克,0,?,"6,814,842"
202001,3063190,"活、鲜或冷的岩礁虾和其他龙虾,种苗除外",609,新西兰,10,一般贸易,44,广东省,58219,千克,0,?,"31,629,097"
202001,3063190,"活、鲜或冷的岩礁虾和其他龙虾,种苗除外",609,新西兰,10,一般贸易,50,重庆市,93,千克,0,?,"48,783"
202001,3063190,"活、鲜或冷的岩礁虾和其他龙虾,种苗除外",611,巴布亚新几内亚,10,一般贸易,44,广东省,586,千克,0,?,"173,999"
202001,3063290,"活、鲜或冷的鳌龙虾,种苗除外",303,英国,10,一般贸易,11,北京市,1329,千克,0,?,"398,000"
202001,3063290,"活、鲜或冷的鳌龙虾,种苗除外",303,英国,10,一般贸易,31,上海市,3040,千克,0,?,"627,690"
202001,3063290,"活、鲜或冷的鳌龙虾,种苗除外",309,荷兰,10,一般贸易,31,上海市,90,千克,0,?,"27,818"
202001,3063290,"活、鲜或冷的鳌龙虾,种苗除外",501,加拿大,10,一般贸易,11,北京市,493661,千克,0,?,"92,871,819"
202001,3063290,"活、鲜或冷的鳌龙虾,种苗除外",501,加拿大,10,一般贸易,12,天津市,259044,千克,0,?,"43,285,840"
202001,3063290,"活、鲜或冷的鳌龙虾,种苗除外",501,加拿大,10,一般贸易,31,上海市,955938,千克,0,?,"162,953,766"
202001,3063290,"活、鲜或冷的鳌龙虾,种苗除外",501,加拿大,10,一般贸易,32,江苏省,58825,千克,0,?,"9,933,145"
202001,3063290,"活、鲜或冷的鳌龙虾,种苗除外",501,加拿大,10,一般贸易,33,浙江省,68232,千克,0,?,"11,611,798"
202001,3063290,"活、鲜或冷的鳌龙虾,种苗除外",501,加拿大,10,一般贸易,35,福建省,66530,千克,0,?,"11,989,341"
202001,3063290,"活、鲜或冷的鳌龙虾,种苗除外",501,加拿大,10,一般贸易,37,山东省,2742,千克,0,?,"488,052"
202001,3063290,"活、鲜或冷的鳌龙虾,种苗除外",501,加拿大,10,一般贸易,41,河南省,17251,千克,0,?,"3,234,964"
202001,3063290,"活、鲜或冷的鳌龙虾,种苗除外",501,加拿大,10,一般贸易,43,湖南省,1023022,千克,0,?,"154,038,204"
202001,3063290,"活、鲜或冷的鳌龙虾,种苗除外",501,加拿大,10,一般贸易,44,广东省,232001,千克,0,?,"38,163,366"
202001,3063290,"活、鲜或冷的鳌龙虾,种苗除外",501,加拿大,10,一般贸易,50,重庆市,9279,千克,0,?,"1,637,317"
202001,3063290,"活、鲜或冷的鳌龙虾,种苗除外",501,加拿大,10,一般贸易,51,四川省,1163,千克,0,?,"173,338"
202001,3063392,"活、鲜或冷的梭子蟹,种苗除外",103,孟加拉国,10,一般贸易,53,云南省,23352,千克,0,?,"1,143,873"
202001,3063392,"活、鲜或冷的梭子蟹,种苗除外",106,缅甸,10,一般贸易,53,云南省,16028,千克,0,?,"785,071"
202001,3063392,"活、鲜或冷的梭子蟹,种苗除外",111,印度,10,一般贸易,53,云南省,1631,千克,0,?,"79,884"
202001,3063392,"活、鲜或冷的梭子蟹,种苗除外",136,泰国,10,一般贸易,50,重庆市,192,千克,0,?,"10,307"
202001,3063392,"活、鲜或冷的梭子蟹,种苗除外",136,泰国,10,一般贸易,51,四川省,3564,千克,0,?,"200,095"
202001,3063392,"活、鲜或冷的梭子蟹,种苗除外",137,土耳其,10,一般贸易,31,上海市,366,千克,0,?,"25,776"
202001,3063399,"其他活、鲜或冷的蟹,种苗除外",103,孟加拉国,10,一般贸易,11,北京市,80400,千克,0,?,"4,278,845"
202001,3063399,"其他活、鲜或冷的蟹,种苗除外",103,孟加拉国,10,一般贸易,32,江苏省,55232,千克,0,?,"5,298,229"
202001,3063399,"其他活、鲜或冷的蟹,种苗除外",103,孟加拉国,10,一般贸易,35,福建省,624,千克,0,?,"30,654"
202001,3063399,"其他活、鲜或冷的蟹,种苗除外",103,孟加拉国,10,一般贸易,43,湖南省,12357,千克,0,?,"621,511"
202001,3063399,"其他活、鲜或冷的蟹,种苗除外",103,孟加拉国,10,一般贸易,44,广东省,134464,千克,0,?,"6,448,235"
202001,3063399,"其他活、鲜或冷的蟹,种苗除外",103,孟加拉国,10,一般贸易,65,新疆维吾尔自治区,38864,千克,0,?,"1,886,251"
202001,3063399,"其他活、鲜或冷的蟹,种苗除外",106,缅甸,10,一般贸易,11,北京市,6118,千克,0,?,"295,200"
202001,3063399,"其他活、鲜或冷的蟹,种苗除外",106,缅甸,10,一般贸易,44,广东省,33510,千克,0,?,"1,559,651"
202001,3063399,"其他活、鲜或冷的蟹,种苗除外",111,印度,10,一般贸易,11,北京市,33435,千克,0,?,"1,652,400"
202001,3063399,"其他活、鲜或冷的蟹,种苗除外",111,印度,10,一般贸易,31,上海市,136579,千克,0,?,"7,282,222"
202001,3063399,"其他活、鲜或冷的蟹,种苗除外",111,印度,10,一般贸易,32,江苏省,60080,千克,0,?,"6,374,824"
202001,3063399,"其他活、鲜或冷的蟹,种苗除外",111,印度,10,一般贸易,44,广东省,24975,千克,0,?,"1,193,529"
202001,3063399,"其他活、鲜或冷的蟹,种苗除外",111,印度,10,一般贸易,53,云南省,4457,千克,0,?,"218,296"
202001,3063399,"其他活、鲜或冷的蟹,种苗除外",112,印度尼西亚,10,一般贸易,11,北京市,192842,千克,0,?,"12,180,032"
202001,3063399,"其他活、鲜或冷的蟹,种苗除外",112,印度尼西亚,10,一般贸易,12,天津市,0,千克,0,?,321
202001,3063399,"其他活、鲜或冷的蟹,种苗除外",112,印度尼西亚,10,一般贸易,31,上海市,2,千克,0,?,140
202001,3063399,"其他活、鲜或冷的蟹,种苗除外",112,印度尼西亚,10,一般贸易,32,江苏省,3513,千克,0,?,"489,697"
202001,3063399,"其他活、鲜或冷的蟹,种苗除外",112,印度尼西亚,10,一般贸易,35,福建省,190744,千克,0,?,"15,337,285"
202001,3063399,"其他活、鲜或冷的蟹,种苗除外",112,印度尼西亚,10,一般贸易,44,广东省,7763,千克,0,?,"493,571"
202001,3063399,"其他活、鲜或冷的蟹,种苗除外",122,马来西亚,10,一般贸易,31,上海市,52372,千克,0,?,"2,946,838"
202001,3063399,"其他活、鲜或冷的蟹,种苗除外",122,马来西亚,10,一般贸易,35,福建省,5276,千克,0,?,"416,050"
202001,3063399,"其他活、鲜或冷的蟹,种苗除外",122,马来西亚,10,一般贸易,44,广东省,137300,千克,0,?,"7,784,306"
202001,3063399,"其他活、鲜或冷的蟹,种苗除外",127,巴基斯坦,10,一般贸易,11,北京市,690,千克,0,?,"34,324"
202001,3063399,"其他活、鲜或冷的蟹,种苗除外",127,巴基斯坦,10,一般贸易,31,上海市,33134,千克,0,?,"1,627,709"
202001,3063399,"其他活、鲜或冷的蟹,种苗除外",127,巴基斯坦,10,一般贸易,35,福建省,160,千克,0,?,"7,877"
202001,3063399,"其他活、鲜或冷的蟹,种苗除外",127,巴基斯坦,10,一般贸易,44,广东省,1600,千克,0,?,"78,600"
202001,3063399,"其他活、鲜或冷的蟹,种苗除外",129,菲律宾,10,一般贸易,11,北京市,7397,千克,0,?,"600,613"
202001,3063399,"其他活、鲜或冷的蟹,种苗除外",129,菲律宾,10,一般贸易,12,天津市,0,千克,0,?,83
202001,3063399,"其他活、鲜或冷的蟹,种苗除外",129,菲律宾,10,一般贸易,32,江苏省,1684,千克,0,?,"232,209"
202001,3063399,"其他活、鲜或冷的蟹,种苗除外",129,菲律宾,10,一般贸易,35,福建省,8691,千克,0,?,"719,847"
202001,3063399,"其他活、鲜或冷的蟹,种苗除外",129,菲律宾,10,一般贸易,44,广东省,5966,千克,0,?,"399,681"
202001,3063399,"其他活、鲜或冷的蟹,种苗除外",134,斯里兰卡,10,一般贸易,11,北京市,520,千克,0,?,"62,037"
202001,3063399,"其他活、鲜或冷的蟹,种苗除外",134,斯里兰卡,10,一般贸易,31,上海市,1070,千克,0,?,"155,215"
202001,3063399,"其他活、鲜或冷的蟹,种苗除外",134,斯里兰卡,10,一般贸易,44,广东省,7722,千克,0,?,"404,020"
202001,3063399,"其他活、鲜或冷的蟹,种苗除外",134,斯里兰卡,10,一般贸易,51,四川省,137,千克,0,?,"6,231"
202001,3063399,"其他活、鲜或冷的蟹,种苗除外",136,泰国,10,一般贸易,31,上海市,3784,千克,0,?,"212,444"
202001,3063399,"其他活、鲜或冷的蟹,种苗除外",136,泰国,10,一般贸易,44,广东省,345,千克,0,?,"12,567"
202001,3063399,"其他活、鲜或冷的蟹,种苗除外",141,越南,10,一般贸易,11,北京市,694,千克,0,?,"35,067"
202001,3063399,"其他活、鲜或冷的蟹,种苗除外",141,越南,10,一般贸易,31,上海市,26280,千克,0,?,"2,125,462"
202001,3063399,"其他活、鲜或冷的蟹,种苗除外",141,越南,10,一般贸易,35,福建省,3934,千克,0,?,"303,692"
202001,3063399,"其他活、鲜或冷的蟹,种苗除外",141,越南,10,一般贸易,45,广西壮族自治区,194107,千克,0,?,"11,820,468"
202001,3063399,"其他活、鲜或冷的蟹,种苗除外",224,肯尼亚,10,一般贸易,31,上海市,5627,千克,0,?,"344,591"
202001,3063399,"其他活、鲜或冷的蟹,种苗除外",224,肯尼亚,10,一般贸易,44,广东省,247,千克,0,?,"11,768"
202001,3063399,"其他活、鲜或冷的蟹,种苗除外",227,马达加斯加,10,一般贸易,31,上海市,99216,千克,0,?,"4,734,754"
202001,3063399,"其他活、鲜或冷的蟹,种苗除外",227,马达加斯加,10,一般贸易,44,广东省,73290,千克,0,?,"3,473,284"
202001,3063399,"其他活、鲜或冷的蟹,种苗除外",233,莫桑比克,10,一般贸易,31,上海市,434,千克,0,?,"21,904"
202001,3063399,"其他活、鲜或冷的蟹,种苗除外",233,莫桑比克,10,一般贸易,44,广东省,8500,千克,0,?,"429,443"
202001,3063399,"其他活、鲜或冷的蟹,种苗除外",247,坦桑尼亚,10,一般贸易,31,上海市,15566,千克,0,?,"769,737"
202001,3063399,"其他活、鲜或冷的蟹,种苗除外",247,坦桑尼亚,10,一般贸易,35,福建省,231,千克,0,?,"11,348"
202001,3063399,"其他活、鲜或冷的蟹,种苗除外",247,坦桑尼亚,10,一般贸易,44,广东省,22344,千克,0,?,"1,115,587"
202001,3063399,"其他活、鲜或冷的蟹,种苗除外",247,坦桑尼亚,10,一般贸易,51,四川省,1440,千克,0,?,"124,096"
202001,3063399,"其他活、鲜或冷的蟹,种苗除外",303,英国,10,一般贸易,11,北京市,5521,千克,0,?,"517,788"
202001,3063399,"其他活、鲜或冷的蟹,种苗除外",303,英国,10,一般贸易,31,上海市,135,千克,0,?,"12,440"
202001,3063399,"其他活、鲜或冷的蟹,种苗除外",303,英国,10,一般贸易,41,河南省,600,千克,0,?,"40,267"
202001,3063399,"其他活、鲜或冷的蟹,种苗除外",303,英国,10,一般贸易,44,广东省,13320,千克,0,?,"1,252,155"
202001,3063399,"其他活、鲜或冷的蟹,种苗除外",303,英国,34,海关特殊监管区域物流货物,11,北京市,3675,千克,0,?,"271,488"
202001,3063399,"其他活、鲜或冷的蟹,种苗除外",305,法国,10,一般贸易,11,北京市,300,千克,0,?,"37,677"
202001,3063399,"其他活、鲜或冷的蟹,种苗除外",306,爱尔兰,10,一般贸易,11,北京市,300,千克,0,?,"37,448"
202001,3063399,"其他活、鲜或冷的蟹,种苗除外",309,荷兰,10,一般贸易,11,北京市,92450,千克,0,?,"11,379,277"
202001,3063399,"其他活、鲜或冷的蟹,种苗除外",309,荷兰,10,一般贸易,31,上海市,180073,千克,0,?,"17,390,398"
202001,3063399,"其他活、鲜或冷的蟹,种苗除外",309,荷兰,10,一般贸易,32,江苏省,7250,千克,0,?,"922,410"
202001,3063399,"其他活、鲜或冷的蟹,种苗除外",309,荷兰,10,一般贸易,33,浙江省,600,千克,0,?,"69,251"
202001,3063399,"其他活、鲜或冷的蟹,种苗除外",309,荷兰,10,一般贸易,35,福建省,19230,千克,0,?,"2,379,704"
202001,3063399,"其他活、鲜或冷的蟹,种苗除外",309,荷兰,10,一般贸易,44,广东省,24650,千克,0,?,"2,489,359"
202001,3063399,"其他活、鲜或冷的蟹,种苗除外",309,荷兰,10,一般贸易,51,四川省,5250,千克,0,?,"676,669"
202001,3063399,"其他活、鲜或冷的蟹,种苗除外",311,葡萄牙,10,一般贸易,11,北京市,2040,千克,0,?,"264,996"
202001,3063399,"其他活、鲜或冷的蟹,种苗除外",311,葡萄牙,10,一般贸易,44,广东省,1220,千克,0,?,"92,191"
202001,3063399,"其他活、鲜或冷的蟹,种苗除外",326,挪威,10,一般贸易,11,北京市,2072,千克,0,?,"557,607"
202001,3063399,"其他活、鲜或冷的蟹,种苗除外",326,挪威,10,一般贸易,31,上海市,6073,千克,0,?,"1,628,259"
202001,3063399,"其他活、鲜或冷的蟹,种苗除外",326,挪威,10,一般贸易,44,广东省,1427,千克,0,?,"334,311"
202001,3063399,"其他活、鲜或冷的蟹,种苗除外",326,挪威,34,海关特殊监管区域物流货物,11,北京市,3701,千克,0,?,"878,716"
202001,3063399,"其他活、鲜或冷的蟹,种苗除外",344,俄罗斯,10,一般贸易,11,北京市,173840,千克,0,?,"46,933,338"
202001,3063399,"其他活、鲜或冷的蟹,种苗除外",344,俄罗斯,10,一般贸易,22,吉林省,151585,千克,0,?,"25,026,755"
202001,3063399,"其他活、鲜或冷的蟹,种苗除外",344,俄罗斯,10,一般贸易,23,黑龙江省,71047,千克,0,?,"19,837,918"
202001,3063399,"其他活、鲜或冷的蟹,种苗除外",344,俄罗斯,10,一般贸易,31,上海市,71308,千克,0,?,"22,454,920"
202001,3063399,"其他活、鲜或冷的蟹,种苗除外",344,俄罗斯,10,一般贸易,35,福建省,806355,千克,0,?,"192,718,592"
202001,3063399,"其他活、鲜或冷的蟹,种苗除外",344,俄罗斯,10,一般贸易,37,山东省,127330,千克,0,?,"29,161,510"
202001,3063399,"其他活、鲜或冷的蟹,种苗除外",344,俄罗斯,10,一般贸易,51,四川省,135,千克,0,?,"20,843"
202001,3063399,"其他活、鲜或冷的蟹,种苗除外",344,俄罗斯,34,海关特殊监管区域物流货物,22,吉林省,2998,千克,0,?,"341,547"
202001,3063399,"其他活、鲜或冷的蟹,种苗除外",344,俄罗斯,34,海关特殊监管区域物流货物,37,山东省,4160,千克,0,?,"261,964"
202001,3063399,"其他活、鲜或冷的蟹,种苗除外",501,加拿大,10,一般贸易,11,北京市,91155,千克,0,?,"13,128,878"
202001,3063399,"其他活、鲜或冷的蟹,种苗除外",501,加拿大,10,一般贸易,31,上海市,466600,千克,0,?,"64,761,678"
202001,3063399,"其他活、鲜或冷的蟹,种苗除外",501,加拿大,10,一般贸易,32,江苏省,5256,千克,0,?,"636,284"
202001,3063399,"其他活、鲜或冷的蟹,种苗除外",501,加拿大,10,一般贸易,33,浙江省,1080,千克,0,?,"145,400"
202001,3063399,"其他活、鲜或冷的蟹,种苗除外",501,加拿大,10,一般贸易,35,福建省,10968,千克,0,?,"1,382,891"
202001,3063399,"其他活、鲜或冷的蟹,种苗除外",501,加拿大,10,一般贸易,44,广东省,10530,千克,0,?,"1,196,610"
202001,3063399,"其他活、鲜或冷的蟹,种苗除外",501,加拿大,10,一般贸易,50,重庆市,270,千克,0,?,"42,107"
202001,3063399,"其他活、鲜或冷的蟹,种苗除外",502,美国,10,一般贸易,11,北京市,54584,千克,0,?,"6,249,347"
202001,3063399,"其他活、鲜或冷的蟹,种苗除外",502,美国,10,一般贸易,31,上海市,576508,千克,0,?,"62,785,280"
202001,3063399,"其他活、鲜或冷的蟹,种苗除外",502,美国,10,一般贸易,35,福建省,2790,千克,0,?,"259,072"
202001,3063399,"其他活、鲜或冷的蟹,种苗除外",502,美国,10,一般贸易,43,湖南省,43634,千克,0,?,"4,653,230"
202001,3063399,"其他活、鲜或冷的蟹,种苗除外",502,美国,10,一般贸易,44,广东省,36150,千克,0,?,"3,868,654"
202001,3063399,"其他活、鲜或冷的蟹,种苗除外",502,美国,10,一般贸易,50,重庆市,630,千克,0,?,"88,426"
202001,3063399,"其他活、鲜或冷的蟹,种苗除外",502,美国,34,海关特殊监管区域物流货物,11,北京市,6154,千克,0,?,"570,765"
202001,3063399,"其他活、鲜或冷的蟹,种苗除外",601,澳大利亚,10,一般贸易,11,北京市,3219,千克,0,?,"1,305,550"
202001,3063399,"其他活、鲜或冷的蟹,种苗除外",601,澳大利亚,10,一般贸易,31,上海市,2988,千克,0,?,"1,405,388"
202001,3063399,"其他活、鲜或冷的蟹,种苗除外",601,澳大利亚,10,一般贸易,35,福建省,3784,千克,0,?,"456,974"
202001,3063399,"其他活、鲜或冷的蟹,种苗除外",601,澳大利亚,10,一般贸易,44,广东省,4999,千克,0,?,"1,210,611"
202001,3063399,"其他活、鲜或冷的蟹,种苗除外",611,巴布亚新几内亚,10,一般贸易,31,上海市,9577,千克,0,?,"295,258"
202001,3063399,"其他活、鲜或冷的蟹,种苗除外",611,巴布亚新几内亚,10,一般贸易,32,江苏省,270,千克,0,?,"20,851"
202001,3063399,"其他活、鲜或冷的蟹,种苗除外",611,巴布亚新几内亚,10,一般贸易,44,广东省,14760,千克,0,?,"747,693"
202001,3063490,其他活、鲜或冷的挪威海鳌虾,303,英国,10,一般贸易,31,上海市,128,千克,0,?,"40,726"
202001,3063610,其他小虾种苗及对虾种苗,136,泰国,10,一般贸易,46,海南省,176,千克,0,?,"2,283,226"
202001,3063610,其他小虾种苗及对虾种苗,143,中国台湾,10,一般贸易,44,广东省,16,千克,0,?,"46,037"
202001,3063610,其他小虾种苗及对虾种苗,502,美国,10,一般贸易,31,上海市,624,千克,0,?,"2,189,579"
202001,3063690,"其他活的对虾及活、鲜或冷的小虾,种苗除外",112,印度尼西亚,10,一般贸易,12,天津市,9,千克,0,?,"3,426"
202001,3063690,"其他活的对虾及活、鲜或冷的小虾,种苗除外",112,印度尼西亚,10,一般贸易,31,上海市,18,千克,0,?,"14,319"
202001,3063690,"其他活的对虾及活、鲜或冷的小虾,种苗除外",112,印度尼西亚,10,一般贸易,35,福建省,16,千克,0,?,"10,804"
202001,3063690,"其他活的对虾及活、鲜或冷的小虾,种苗除外",112,印度尼西亚,10,一般贸易,44,广东省,12,千克,0,?,"7,446"
202001,3063690,"其他活的对虾及活、鲜或冷的小虾,种苗除外",116,日本,10,一般贸易,33,浙江省,48,千克,0,?,"16,645"
202001,3063690,"其他活的对虾及活、鲜或冷的小虾,种苗除外",122,马来西亚,10,一般贸易,11,北京市,167,千克,0,?,"23,369"
202001,3063690,"其他活的对虾及活、鲜或冷的小虾,种苗除外",122,马来西亚,10,一般贸易,31,上海市,11388,千克,0,?,"971,977"
202001,3063690,"其他活的对虾及活、鲜或冷的小虾,种苗除外",122,马来西亚,10,一般贸易,44,广东省,142265,千克,0,?,"12,743,389"
202001,3063690,"其他活的对虾及活、鲜或冷的小虾,种苗除外",129,菲律宾,10,一般贸易,12,天津市,0,千克,0,?,603
202001,3063690,"其他活的对虾及活、鲜或冷的小虾,种苗除外",129,菲律宾,10,一般贸易,21,辽宁省,3,千克,0,?,54
202001,3063690,"其他活的对虾及活、鲜或冷的小虾,种苗除外",129,菲律宾,10,一般贸易,37,山东省,1,千克,0,?,573
202001,3063690,"其他活的对虾及活、鲜或冷的小虾,种苗除外",129,菲律宾,10,一般贸易,44,广东省,6,千克,0,?,"3,969"
202001,3063690,"其他活的对虾及活、鲜或冷的小虾,种苗除外",134,斯里兰卡,10,一般贸易,37,山东省,16,千克,0,?,"18,994"
202001,3063690,"其他活的对虾及活、鲜或冷的小虾,种苗除外",136,泰国,10,一般贸易,31,上海市,212298,千克,0,?,"18,520,816"
202001,3063690,"其他活的对虾及活、鲜或冷的小虾,种苗除外",136,泰国,10,一般贸易,33,浙江省,13476,千克,0,?,"1,159,915"
202001,3063690,"其他活的对虾及活、鲜或冷的小虾,种苗除外",136,泰国,10,一般贸易,44,广东省,386244,千克,0,?,"34,029,429"
202001,3063690,"其他活的对虾及活、鲜或冷的小虾,种苗除外",136,泰国,10,一般贸易,50,重庆市,74052,千克,0,?,"4,359,643"
202001,3063690,"其他活的对虾及活、鲜或冷的小虾,种苗除外",136,泰国,10,一般贸易,51,四川省,308561,千克,0,?,"17,452,049"
202001,3063690,"其他活的对虾及活、鲜或冷的小虾,种苗除外",136,泰国,10,一般贸易,53,云南省,142958,千克,0,?,"12,640,589"
202001,3063690,"其他活的对虾及活、鲜或冷的小虾,种苗除外",136,泰国,10,一般贸易,61,陕西省,4896,千克,0,?,"458,852"
202001,3063690,"其他活的对虾及活、鲜或冷的小虾,种苗除外",136,泰国,34,海关特殊监管区域物流货物,44,广东省,811,千克,0,?,"65,273"
202001,3063690,"其他活的对虾及活、鲜或冷的小虾,种苗除外",141,越南,10,一般贸易,11,北京市,232944,千克,0,?,"20,012,569"
202001,3063690,"其他活的对虾及活、鲜或冷的小虾,种苗除外",141,越南,10,一般贸易,44,广东省,30900,千克,0,?,"2,710,660"
202001,3063690,"其他活的对虾及活、鲜或冷的小虾,种苗除外",143,中国台湾,10,一般贸易,35,福建省,450,千克,0,?,"14,169"
202001,3063990,"未列名活、鲜或冷的甲壳动物（种苗除外）,包括适合供人食用的甲壳动物的细粉、粗粉及团粒",106,缅甸,10,一般贸易,44,广东省,30017,千克,0,?,"6,025,531"
202001,3063990,"未列名活、鲜或冷的甲壳动物（种苗除外）,包括适合供人食用的甲壳动物的细粉、粗粉及团粒",112,印度尼西亚,10,一般贸易,11,北京市,30416,千克,0,?,"6,615,688"
202001,3063990,"未列名活、鲜或冷的甲壳动物（种苗除外）,包括适合供人食用的甲壳动物的细粉、粗粉及团粒",112,印度尼西亚,10,一般贸易,35,福建省,7053,千克,0,?,"1,372,751"
202001,3063990,"未列名活、鲜或冷的甲壳动物（种苗除外）,包括适合供人食用的甲壳动物的细粉、粗粉及团粒",112,印度尼西亚,10,一般贸易,44,广东省,34628,千克,0,?,"7,410,262"
202001,3063990,"未列名活、鲜或冷的甲壳动物（种苗除外）,包括适合供人食用的甲壳动物的细粉、粗粉及团粒",129,菲律宾,10,一般贸易,35,福建省,147,千克,0,?,"34,090"
202001,3063990,"未列名活、鲜或冷的甲壳动物（种苗除外）,包括适合供人食用的甲壳动物的细粉、粗粉及团粒",129,菲律宾,10,一般贸易,44,广东省,424,千克,0,?,"43,975"
202001,3063990,"未列名活、鲜或冷的甲壳动物（种苗除外）,包括适合供人食用的甲壳动物的细粉、粗粉及团粒",134,斯里兰卡,10,一般贸易,44,广东省,4,千克,0,?,"14,946"
202001,3063990,"未列名活、鲜或冷的甲壳动物（种苗除外）,包括适合供人食用的甲壳动物的细粉、粗粉及团粒",136,泰国,10,一般贸易,31,上海市,7669,千克,0,?,"1,614,598"
202001,3063990,"未列名活、鲜或冷的甲壳动物（种苗除外）,包括适合供人食用的甲壳动物的细粉、粗粉及团粒",136,泰国,10,一般贸易,35,福建省,81,千克,0,?,"13,927"
202001,3063990,"未列名活、鲜或冷的甲壳动物（种苗除外）,包括适合供人食用的甲壳动物的细粉、粗粉及团粒",136,泰国,10,一般贸易,44,广东省,2548,千克,0,?,"498,734"
202001,3063990,"未列名活、鲜或冷的甲壳动物（种苗除外）,包括适合供人食用的甲壳动物的细粉、粗粉及团粒",141,越南,10,一般贸易,11,北京市,390,千克,0,?,"76,635"
202001,3063990,"未列名活、鲜或冷的甲壳动物（种苗除外）,包括适合供人食用的甲壳动物的细粉、粗粉及团粒",215,埃及,10,一般贸易,11,北京市,1158,千克,0,?,"46,916"
202001,3063990,"未列名活、鲜或冷的甲壳动物（种苗除外）,包括适合供人食用的甲壳动物的细粉、粗粉及团粒",215,埃及,10,一般贸易,44,广东省,2298,千克,0,?,"56,277"
202001,3063990,"未列名活、鲜或冷的甲壳动物（种苗除外）,包括适合供人食用的甲壳动物的细粉、粗粉及团粒",220,加纳,10,一般贸易,44,广东省,45,千克,0,?,"5,667"
202001,3063990,"未列名活、鲜或冷的甲壳动物（种苗除外）,包括适合供人食用的甲壳动物的细粉、粗粉及团粒",227,马达加斯加,10,一般贸易,44,广东省,12,千克,0,?,"1,684"
202001,3063990,"未列名活、鲜或冷的甲壳动物（种苗除外）,包括适合供人食用的甲壳动物的细粉、粗粉及团粒",230,毛里塔尼亚,10,一般贸易,31,上海市,102,千克,0,?,"14,317"
202001,3063990,"未列名活、鲜或冷的甲壳动物（种苗除外）,包括适合供人食用的甲壳动物的细粉、粗粉及团粒",240,塞内加尔,10,一般贸易,44,广东省,764,千克,0,?,"116,247"
202001,3069590,本品目所列其他方法加工的其他小虾及对虾,111,印度,10,一般贸易,35,福建省,14000,千克,0,?,"707,403"
202001,3069590,本品目所列其他方法加工的其他小虾及对虾,112,印度尼西亚,10,一般贸易,31,上海市,21615,千克,0,?,"409,568"
202001,3069590,本品目所列其他方法加工的其他小虾及对虾,122,马来西亚,10,一般贸易,32,江苏省,29000,千克,0,?,"466,693"
202001,3069590,本品目所列其他方法加工的其他小虾及对虾,122,马来西亚,10,一般贸易,35,福建省,167183,千克,0,?,"2,373,912"
202001,3069590,本品目所列其他方法加工的其他小虾及对虾,122,马来西亚,10,一般贸易,37,山东省,29000,千克,0,?,"466,693"
202001,3069590,本品目所列其他方法加工的其他小虾及对虾,127,巴基斯坦,10,一般贸易,31,上海市,8146,千克,0,?,"204,261"
202001,3069900,"本品目所列其他方法加工的未列名甲壳动物,包括适合供人食用的甲壳动物的细粉、粗粉及团粒",133,韩国,10,一般贸易,21,辽宁省,48,千克,0,?,"12,035"
202001,3071190,"活、鲜或冷的牡蛎,种苗除外",116,日本,10,一般贸易,33,浙江省,520,千克,0,?,"86,402"
202001,3071190,"活、鲜或冷的牡蛎,种苗除外",133,韩国,10,一般贸易,37,山东省,53025,千克,0,?,"565,383"
202001,3071190,"活、鲜或冷的牡蛎,种苗除外",133,韩国,10,一般贸易,44,广东省,325,千克,0,?,"9,579"
202001,3071190,"活、鲜或冷的牡蛎,种苗除外",234,纳米比亚,10,一般贸易,11,北京市,2063,千克,0,?,"148,964"
202001,3071190,"活、鲜或冷的牡蛎,种苗除外",234,纳米比亚,10,一般贸易,31,上海市,589,千克,0,?,"39,131"
202001,3071190,"活、鲜或冷的牡蛎,种苗除外",234,纳米比亚,10,一般贸易,44,广东省,760,千克,0,?,"56,306"
202001,3071190,"活、鲜或冷的牡蛎,种苗除外",244,南非,10,一般贸易,44,广东省,741,千克,0,?,"39,972"
202001,3071190,"活、鲜或冷的牡蛎,种苗除外",305,法国,10,一般贸易,11,北京市,28991,千克,0,?,"2,670,624"
202001,3071190,"活、鲜或冷的牡蛎,种苗除外",305,法国,10,一般贸易,31,上海市,81810,千克,0,?,"8,322,820"
202001,3071190,"活、鲜或冷的牡蛎,种苗除外",305,法国,10,一般贸易,37,山东省,139,千克,0,?,"4,742"
202001,3071190,"活、鲜或冷的牡蛎,种苗除外",305,法国,10,一般贸易,44,广东省,43186,千克,0,?,"3,661,240"
202001,3071190,"活、鲜或冷的牡蛎,种苗除外",305,法国,10,一般贸易,51,四川省,618,千克,0,?,"42,410"
202001,3071190,"活、鲜或冷的牡蛎,种苗除外",306,爱尔兰,10,一般贸易,11,北京市,2426,千克,0,?,"176,573"
202001,3071190,"活、鲜或冷的牡蛎,种苗除外",306,爱尔兰,10,一般贸易,31,上海市,9607,千克,0,?,"696,613"
202001,3071190,"活、鲜或冷的牡蛎,种苗除外",306,爱尔兰,10,一般贸易,44,广东省,10523,千克,0,?,"702,396"
202001,3071190,"活、鲜或冷的牡蛎,种苗除外",309,荷兰,10,一般贸易,11,北京市,1000,千克,0,?,"76,914"
202001,3071190,"活、鲜或冷的牡蛎,种苗除外",309,荷兰,10,一般贸易,31,上海市,539,千克,0,?,"46,384"
202001,3071190,"活、鲜或冷的牡蛎,种苗除外",429,墨西哥,10,一般贸易,44,广东省,870,千克,0,?,"34,851"
202001,3071190,"活、鲜或冷的牡蛎,种苗除外",501,加拿大,10,一般贸易,11,北京市,780,千克,0,?,"37,393"
202001,3071190,"活、鲜或冷的牡蛎,种苗除外",501,加拿大,10,一般贸易,31,上海市,2896,千克,0,?,"170,089"
202001,3071190,"活、鲜或冷的牡蛎,种苗除外",501,加拿大,10,一般贸易,44,广东省,1958,千克,0,?,"103,202"
202001,3071190,"活、鲜或冷的牡蛎,种苗除外",502,美国,10,一般贸易,11,北京市,5655,千克,0,?,"155,132"
202001,3071190,"活、鲜或冷的牡蛎,种苗除外",502,美国,10,一般贸易,31,上海市,2484,千克,0,?,"108,198"
202001,3071190,"活、鲜或冷的牡蛎,种苗除外",502,美国,10,一般贸易,44,广东省,226,千克,0,?,"14,790"
202001,3071190,"活、鲜或冷的牡蛎,种苗除外",609,新西兰,10,一般贸易,11,北京市,3240,千克,0,?,"342,407"
202001,3071190,"活、鲜或冷的牡蛎,种苗除外",609,新西兰,10,一般贸易,31,上海市,4231,千克,0,?,"453,963"
202001,3071200,冻牡蛎,116,日本,10,一般贸易,21,辽宁省,14870,千克,0,?,"304,004"
202001,3071200,冻牡蛎,133,韩国,15,进料加工贸易,37,山东省,24600,千克,0,?,"1,063,208"
202001,3072190,"活、鲜或冷的扇贝,种苗除外",116,日本,10,一般贸易,21,辽宁省,14298,千克,0,?,"374,505"
202001,3072190,"活、鲜或冷的扇贝,种苗除外",116,日本,10,一般贸易,31,上海市,70824,千克,0,?,"1,788,127"
202001,3072190,"活、鲜或冷的扇贝,种苗除外",116,日本,10,一般贸易,32,江苏省,24000,千克,0,?,"582,659"
202001,3072190,"活、鲜或冷的扇贝,种苗除外",116,日本,10,一般贸易,33,浙江省,336,千克,0,?,"22,177"
202001,3072190,"活、鲜或冷的扇贝,种苗除外",116,日本,10,一般贸易,44,广东省,334589,千克,0,?,"9,954,278"
202001,3072190,"活、鲜或冷的扇贝,种苗除外",305,法国,10,一般贸易,44,广东省,80,千克,0,?,"11,321"
202001,3072190,"活、鲜或冷的扇贝,种苗除外",344,俄罗斯,10,一般贸易,21,辽宁省,1625,千克,0,?,"56,875"
202001,3072190,"活、鲜或冷的扇贝,种苗除外",412,智利,33,保税监管场所进出境货物,31,上海市,1120,千克,0,?,"25,593"
202001,3072200,冻扇贝,112,印度尼西亚,10,一般贸易,44,广东省,22000,千克,0,?,"187,372"
202001,3072200,冻扇贝,116,日本,10,一般贸易,21,辽宁省,141700,千克,0,?,"3,054,093"
202001,3072200,冻扇贝,116,日本,10,一般贸易,31,上海市,2270,千克,0,?,"429,302"
202001,3072200,冻扇贝,116,日本,10,一般贸易,33,浙江省,46000,千克,0,?,"1,036,381"
202001,3072200,冻扇贝,116,日本,15,进料加工贸易,13,河北省,527308,千克,0,?,"16,835,618"
202001,3072200,冻扇贝,116,日本,15,进料加工贸易,21,辽宁省,106167,千克,0,?,"4,397,180"
202001,3072200,冻扇贝,116,日本,15,进料加工贸易,37,山东省,442204,千克,0,?,"12,909,302"
202001,3072200,冻扇贝,116,日本,34,海关特殊监管区域物流货物,13,河北省,215200,千克,0,?,"1,378,994"
202001,3072200,冻扇贝,116,日本,34,海关特殊监管区域物流货物,21,辽宁省,35895,千克,0,?,"1,481,414"
202001,3072200,冻扇贝,116,日本,39,其他,37,山东省,10,千克,0,?,449
202001,3072200,冻扇贝,129,菲律宾,10,一般贸易,37,山东省,9936,千克,0,?,"289,378"
202001,3072200,冻扇贝,143,中国台湾,10,一般贸易,44,广东省,9002,千克,0,?,"220,451"
202001,3072200,冻扇贝,601,澳大利亚,10,一般贸易,11,北京市,408,千克,0,?,"74,056"
202001,3072200,冻扇贝,601,澳大利亚,10,一般贸易,31,上海市,12000,千克,0,?,"1,283,276"
202001,3072200,冻扇贝,601,澳大利亚,10,一般贸易,44,广东省,3764,千克,0,?,"453,797"
202001,3072900,干、盐腌、盐渍或熏制的扇贝,116,日本,33,保税监管场所进出境货物,44,广东省,4000,千克,0,?,"2,840,114"
202001,3073190,"活、鲜或冷的贻贝,种苗除外",305,法国,10,一般贸易,11,北京市,260,千克,0,?,"24,934"
202001,3073190,"活、鲜或冷的贻贝,种苗除外",305,法国,10,一般贸易,31,上海市,2000,千克,0,?,"89,694"
202001,3073190,"活、鲜或冷的贻贝,种苗除外",305,法国,10,一般贸易,44,广东省,24,千克,0,?,"1,168"
202001,3073190,"活、鲜或冷的贻贝,种苗除外",309,荷兰,10,一般贸易,31,上海市,500,千克,0,?,"15,231"
202001,3073190,"活、鲜或冷的贻贝,种苗除外",309,荷兰,10,一般贸易,44,广东省,264,千克,0,?,"5,740"
202001,3073190,"活、鲜或冷的贻贝,种苗除外",502,美国,10,一般贸易,11,北京市,276,千克,0,?,"6,780"
202001,3073190,"活、鲜或冷的贻贝,种苗除外",601,澳大利亚,10,一般贸易,44,广东省,360,千克,0,?,"15,497"
202001,3073190,"活、鲜或冷的贻贝,种苗除外",609,新西兰,10,一般贸易,11,北京市,2627,千克,0,?,"108,406"
202001,3073190,"活、鲜或冷的贻贝,种苗除外",609,新西兰,10,一般贸易,31,上海市,39266,千克,0,?,"1,327,858"
202001,3073190,"活、鲜或冷的贻贝,种苗除外",609,新西兰,10,一般贸易,44,广东省,61917,千克,0,?,"2,016,876"
202001,3073200,冻贻贝,112,印度尼西亚,10,一般贸易,11,北京市,3670,千克,0,?,"36,074"
202001,3073200,冻贻贝,609,新西兰,10,一般贸易,11,北京市,127493,千克,0,?,"5,168,937"
202001,3073200,冻贻贝,609,新西兰,10,一般贸易,12,天津市,41600,千克,0,?,"2,019,055"
202001,3073200,冻贻贝,609,新西兰,10,一般贸易,31,上海市,148354,千克,0,?,"6,822,915"
202001,3073200,冻贻贝,609,新西兰,10,一般贸易,33,浙江省,43800,千克,0,?,"2,159,604"
202001,3073200,冻贻贝,609,新西兰,10,一般贸易,37,山东省,8100,千克,0,?,"229,533"
202001,3074291,"活、鲜或冷的墨鱼（乌贼属、巨粒僧头乌贼、耳乌贼属）及鱿鱼（柔鱼属、枪乌贼属、双柔鱼属、拟乌贼属）,种苗除外",116,日本,10,一般贸易,33,浙江省,114,千克,0,?,"32,577"
202001,3074291,"活、鲜或冷的墨鱼（乌贼属、巨粒僧头乌贼、耳乌贼属）及鱿鱼（柔鱼属、枪乌贼属、双柔鱼属、拟乌贼属）,种苗除外",133,韩国,10,一般贸易,37,山东省,2331,千克,0,?,"35,912"
202001,3074299,其他活、鲜或冷的墨鱼及鱿鱼,116,日本,10,一般贸易,33,浙江省,553,千克,0,?,"134,903"
202001,3074299,其他活、鲜或冷的墨鱼及鱿鱼,127,巴基斯坦,10,一般贸易,11,北京市,1104,千克,0,?,"38,739"
202001,3074299,其他活、鲜或冷的墨鱼及鱿鱼,142,中国,33,保税监管场所进出境货物,31,上海市,999,千克,0,?,"32,047"
202001,3074310,冻的墨鱼（乌贼属、巨粒僧头乌贼、耳乌贼属）及鱿鱼（柔鱼属、枪乌贼属、双柔鱼属、拟乌贼属）,103,孟加拉国,10,一般贸易,11,北京市,17760,千克,0,?,"266,346"
202001,3074310,冻的墨鱼（乌贼属、巨粒僧头乌贼、耳乌贼属）及鱿鱼（柔鱼属、枪乌贼属、双柔鱼属、拟乌贼属）,103,孟加拉国,10,一般贸易,65,新疆维吾尔自治区,23910,千克,0,?,"498,493"
202001,3074310,冻的墨鱼（乌贼属、巨粒僧头乌贼、耳乌贼属）及鱿鱼（柔鱼属、枪乌贼属、双柔鱼属、拟乌贼属）,111,印度,10,一般贸易,11,北京市,531899,千克,0,?,"8,888,715"
202001,3074310,冻的墨鱼（乌贼属、巨粒僧头乌贼、耳乌贼属）及鱿鱼（柔鱼属、枪乌贼属、双柔鱼属、拟乌贼属）,111,印度,10,一般贸易,12,天津市,256000,千克,0,?,"4,187,662"
202001,3074310,冻的墨鱼（乌贼属、巨粒僧头乌贼、耳乌贼属）及鱿鱼（柔鱼属、枪乌贼属、双柔鱼属、拟乌贼属）,111,印度,10,一般贸易,32,江苏省,48380,千克,0,?,"466,591"
202001,3074310,冻的墨鱼（乌贼属、巨粒僧头乌贼、耳乌贼属）及鱿鱼（柔鱼属、枪乌贼属、双柔鱼属、拟乌贼属）,111,印度,10,一般贸易,33,浙江省,169540,千克,0,?,"1,709,377"
202001,3074310,冻的墨鱼（乌贼属、巨粒僧头乌贼、耳乌贼属）及鱿鱼（柔鱼属、枪乌贼属、双柔鱼属、拟乌贼属）,111,印度,10,一般贸易,35,福建省,1113366,千克,0,?,"14,028,576"
202001,3074310,冻的墨鱼（乌贼属、巨粒僧头乌贼、耳乌贼属）及鱿鱼（柔鱼属、枪乌贼属、双柔鱼属、拟乌贼属）,111,印度,10,一般贸易,37,山东省,52860,千克,0,?,"328,027"
202001,3074310,冻的墨鱼（乌贼属、巨粒僧头乌贼、耳乌贼属）及鱿鱼（柔鱼属、枪乌贼属、双柔鱼属、拟乌贼属）,111,印度,10,一般贸易,44,广东省,271440,千克,0,?,"3,196,062"
202001,3074310,冻的墨鱼（乌贼属、巨粒僧头乌贼、耳乌贼属）及鱿鱼（柔鱼属、枪乌贼属、双柔鱼属、拟乌贼属）,111,印度,10,一般贸易,45,广西壮族自治区,467600,千克,0,?,"3,739,412"
202001,3074310,冻的墨鱼（乌贼属、巨粒僧头乌贼、耳乌贼属）及鱿鱼（柔鱼属、枪乌贼属、双柔鱼属、拟乌贼属）,111,印度,34,海关特殊监管区域物流货物,21,辽宁省,24500,千克,0,?,"421,249"
202001,3074310,冻的墨鱼（乌贼属、巨粒僧头乌贼、耳乌贼属）及鱿鱼（柔鱼属、枪乌贼属、双柔鱼属、拟乌贼属）,111,印度,34,海关特殊监管区域物流货物,31,上海市,27000,千克,0,?,"348,298"
202001,3074310,冻的墨鱼（乌贼属、巨粒僧头乌贼、耳乌贼属）及鱿鱼（柔鱼属、枪乌贼属、双柔鱼属、拟乌贼属）,112,印度尼西亚,10,一般贸易,11,北京市,3655925,千克,0,?,"71,478,334"
202001,3074310,冻的墨鱼（乌贼属、巨粒僧头乌贼、耳乌贼属）及鱿鱼（柔鱼属、枪乌贼属、双柔鱼属、拟乌贼属）,112,印度尼西亚,10,一般贸易,12,天津市,2926,千克,0,?,"53,509"
202001,3074310,冻的墨鱼（乌贼属、巨粒僧头乌贼、耳乌贼属）及鱿鱼（柔鱼属、枪乌贼属、双柔鱼属、拟乌贼属）,112,印度尼西亚,10,一般贸易,13,河北省,68190,千克,0,?,"1,219,672"
202001,3074310,冻的墨鱼（乌贼属、巨粒僧头乌贼、耳乌贼属）及鱿鱼（柔鱼属、枪乌贼属、双柔鱼属、拟乌贼属）,112,印度尼西亚,10,一般贸易,31,上海市,26401,千克,0,?,"1,623,924"
202001,3074310,冻的墨鱼（乌贼属、巨粒僧头乌贼、耳乌贼属）及鱿鱼（柔鱼属、枪乌贼属、双柔鱼属、拟乌贼属）,112,印度尼西亚,10,一般贸易,33,浙江省,24386,千克,0,?,"471,950"
202001,3074310,冻的墨鱼（乌贼属、巨粒僧头乌贼、耳乌贼属）及鱿鱼（柔鱼属、枪乌贼属、双柔鱼属、拟乌贼属）,112,印度尼西亚,10,一般贸易,34,安徽省,18820,千克,0,?,"268,659"
202001,3074310,冻的墨鱼（乌贼属、巨粒僧头乌贼、耳乌贼属）及鱿鱼（柔鱼属、枪乌贼属、双柔鱼属、拟乌贼属）,112,印度尼西亚,10,一般贸易,35,福建省,1470265,千克,0,?,"25,081,759"
202001,3074310,冻的墨鱼（乌贼属、巨粒僧头乌贼、耳乌贼属）及鱿鱼（柔鱼属、枪乌贼属、双柔鱼属、拟乌贼属）,112,印度尼西亚,10,一般贸易,37,山东省,37141,千克,0,?,"643,328"
202001,3074310,冻的墨鱼（乌贼属、巨粒僧头乌贼、耳乌贼属）及鱿鱼（柔鱼属、枪乌贼属、双柔鱼属、拟乌贼属）,112,印度尼西亚,10,一般贸易,44,广东省,89373,千克,0,?,"1,390,855"
202001,3074310,冻的墨鱼（乌贼属、巨粒僧头乌贼、耳乌贼属）及鱿鱼（柔鱼属、枪乌贼属、双柔鱼属、拟乌贼属）,112,印度尼西亚,10,一般贸易,45,广西壮族自治区,157121,千克,0,?,"2,589,006"
202001,3074310,冻的墨鱼（乌贼属、巨粒僧头乌贼、耳乌贼属）及鱿鱼（柔鱼属、枪乌贼属、双柔鱼属、拟乌贼属）,112,印度尼西亚,34,海关特殊监管区域物流货物,33,浙江省,197518,千克,0,?,"6,711,745"
202001,3074310,冻的墨鱼（乌贼属、巨粒僧头乌贼、耳乌贼属）及鱿鱼（柔鱼属、枪乌贼属、双柔鱼属、拟乌贼属）,113,伊朗,10,一般贸易,33,浙江省,3604,千克,0,?,"54,768"
202001,3074310,冻的墨鱼（乌贼属、巨粒僧头乌贼、耳乌贼属）及鱿鱼（柔鱼属、枪乌贼属、双柔鱼属、拟乌贼属）,113,伊朗,10,一般贸易,44,广东省,27240,千克,0,?,"244,159"
202001,3074310,冻的墨鱼（乌贼属、巨粒僧头乌贼、耳乌贼属）及鱿鱼（柔鱼属、枪乌贼属、双柔鱼属、拟乌贼属）,116,日本,10,一般贸易,35,福建省,8955,千克,0,?,"144,544"
202001,3074310,冻的墨鱼（乌贼属、巨粒僧头乌贼、耳乌贼属）及鱿鱼（柔鱼属、枪乌贼属、双柔鱼属、拟乌贼属）,122,马来西亚,10,一般贸易,13,河北省,20410,千克,0,?,"592,206"
202001,3074310,冻的墨鱼（乌贼属、巨粒僧头乌贼、耳乌贼属）及鱿鱼（柔鱼属、枪乌贼属、双柔鱼属、拟乌贼属）,122,马来西亚,10,一般贸易,31,上海市,61080,千克,0,?,"1,839,335"
202001,3074310,冻的墨鱼（乌贼属、巨粒僧头乌贼、耳乌贼属）及鱿鱼（柔鱼属、枪乌贼属、双柔鱼属、拟乌贼属）,122,马来西亚,10,一般贸易,32,江苏省,26380,千克,0,?,"181,710"
202001,3074310,冻的墨鱼（乌贼属、巨粒僧头乌贼、耳乌贼属）及鱿鱼（柔鱼属、枪乌贼属、双柔鱼属、拟乌贼属）,122,马来西亚,10,一般贸易,33,浙江省,157910,千克,0,?,"2,038,618"
202001,3074310,冻的墨鱼（乌贼属、巨粒僧头乌贼、耳乌贼属）及鱿鱼（柔鱼属、枪乌贼属、双柔鱼属、拟乌贼属）,122,马来西亚,10,一般贸易,35,福建省,768941,千克,0,?,"12,246,554"
202001,3074310,冻的墨鱼（乌贼属、巨粒僧头乌贼、耳乌贼属）及鱿鱼（柔鱼属、枪乌贼属、双柔鱼属、拟乌贼属）,122,马来西亚,10,一般贸易,37,山东省,69911,千克,0,?,"784,698"
202001,3074310,冻的墨鱼（乌贼属、巨粒僧头乌贼、耳乌贼属）及鱿鱼（柔鱼属、枪乌贼属、双柔鱼属、拟乌贼属）,122,马来西亚,10,一般贸易,42,湖北省,6010,千克,0,?,"161,411"
202001,3074310,冻的墨鱼（乌贼属、巨粒僧头乌贼、耳乌贼属）及鱿鱼（柔鱼属、枪乌贼属、双柔鱼属、拟乌贼属）,122,马来西亚,10,一般贸易,44,广东省,225983,千克,0,?,"5,239,384"
202001,3074310,冻的墨鱼（乌贼属、巨粒僧头乌贼、耳乌贼属）及鱿鱼（柔鱼属、枪乌贼属、双柔鱼属、拟乌贼属）,122,马来西亚,33,保税监管场所进出境货物,21,辽宁省,48000,千克,0,?,"976,890"
202001,3074310,冻的墨鱼（乌贼属、巨粒僧头乌贼、耳乌贼属）及鱿鱼（柔鱼属、枪乌贼属、双柔鱼属、拟乌贼属）,127,巴基斯坦,10,一般贸易,11,北京市,91860,千克,0,?,"999,601"
202001,3074310,冻的墨鱼（乌贼属、巨粒僧头乌贼、耳乌贼属）及鱿鱼（柔鱼属、枪乌贼属、双柔鱼属、拟乌贼属）,127,巴基斯坦,10,一般贸易,21,辽宁省,24000,千克,0,?,"235,801"
202001,3074310,冻的墨鱼（乌贼属、巨粒僧头乌贼、耳乌贼属）及鱿鱼（柔鱼属、枪乌贼属、双柔鱼属、拟乌贼属）,127,巴基斯坦,10,一般贸易,31,上海市,13,千克,0,?,7
202001,3074310,冻的墨鱼（乌贼属、巨粒僧头乌贼、耳乌贼属）及鱿鱼（柔鱼属、枪乌贼属、双柔鱼属、拟乌贼属）,127,巴基斯坦,10,一般贸易,35,福建省,26500,千克,0,?,"464,935"
202001,3074310,冻的墨鱼（乌贼属、巨粒僧头乌贼、耳乌贼属）及鱿鱼（柔鱼属、枪乌贼属、双柔鱼属、拟乌贼属）,127,巴基斯坦,10,一般贸易,37,山东省,101520,千克,0,?,"1,314,690"
202001,3074310,冻的墨鱼（乌贼属、巨粒僧头乌贼、耳乌贼属）及鱿鱼（柔鱼属、枪乌贼属、双柔鱼属、拟乌贼属）,127,巴基斯坦,10,一般贸易,44,广东省,181800,千克,0,?,"2,765,366"
202001,3074310,冻的墨鱼（乌贼属、巨粒僧头乌贼、耳乌贼属）及鱿鱼（柔鱼属、枪乌贼属、双柔鱼属、拟乌贼属）,127,巴基斯坦,10,一般贸易,45,广西壮族自治区,79500,千克,0,?,"901,103"
202001,3074310,冻的墨鱼（乌贼属、巨粒僧头乌贼、耳乌贼属）及鱿鱼（柔鱼属、枪乌贼属、双柔鱼属、拟乌贼属）,127,巴基斯坦,10,一般贸易,50,重庆市,9695,千克,0,?,"130,718"
202001,3074310,冻的墨鱼（乌贼属、巨粒僧头乌贼、耳乌贼属）及鱿鱼（柔鱼属、枪乌贼属、双柔鱼属、拟乌贼属）,127,巴基斯坦,10,一般贸易,65,新疆维吾尔自治区,184000,千克,0,?,"3,121,284"
202001,3074310,冻的墨鱼（乌贼属、巨粒僧头乌贼、耳乌贼属）及鱿鱼（柔鱼属、枪乌贼属、双柔鱼属、拟乌贼属）,129,菲律宾,10,一般贸易,35,福建省,1520,千克,0,?,"24,855"
202001,3074310,冻的墨鱼（乌贼属、巨粒僧头乌贼、耳乌贼属）及鱿鱼（柔鱼属、枪乌贼属、双柔鱼属、拟乌贼属）,134,斯里兰卡,10,一般贸易,11,北京市,10,千克,0,?,281
202001,3074310,冻的墨鱼（乌贼属、巨粒僧头乌贼、耳乌贼属）及鱿鱼（柔鱼属、枪乌贼属、双柔鱼属、拟乌贼属）,134,斯里兰卡,10,一般贸易,37,山东省,171,千克,0,?,"2,789"
202001,3074310,冻的墨鱼（乌贼属、巨粒僧头乌贼、耳乌贼属）及鱿鱼（柔鱼属、枪乌贼属、双柔鱼属、拟乌贼属）,136,泰国,10,一般贸易,31,上海市,20295,千克,0,?,"423,413"
202001,3074310,冻的墨鱼（乌贼属、巨粒僧头乌贼、耳乌贼属）及鱿鱼（柔鱼属、枪乌贼属、双柔鱼属、拟乌贼属）,136,泰国,10,一般贸易,33,浙江省,1854,千克,0,?,"34,082"
202001,3074310,冻的墨鱼（乌贼属、巨粒僧头乌贼、耳乌贼属）及鱿鱼（柔鱼属、枪乌贼属、双柔鱼属、拟乌贼属）,136,泰国,10,一般贸易,35,福建省,588579,千克,0,?,"9,938,314"
202001,3074310,冻的墨鱼（乌贼属、巨粒僧头乌贼、耳乌贼属）及鱿鱼（柔鱼属、枪乌贼属、双柔鱼属、拟乌贼属）,141,越南,10,一般贸易,13,河北省,38764,千克,0,?,"979,941"
202001,3074310,冻的墨鱼（乌贼属、巨粒僧头乌贼、耳乌贼属）及鱿鱼（柔鱼属、枪乌贼属、双柔鱼属、拟乌贼属）,141,越南,10,一般贸易,21,辽宁省,288688,千克,0,?,"2,841,078"
202001,3074310,冻的墨鱼（乌贼属、巨粒僧头乌贼、耳乌贼属）及鱿鱼（柔鱼属、枪乌贼属、双柔鱼属、拟乌贼属）,141,越南,10,一般贸易,33,浙江省,5299,千克,0,?,"179,590"
202001,3074310,冻的墨鱼（乌贼属、巨粒僧头乌贼、耳乌贼属）及鱿鱼（柔鱼属、枪乌贼属、双柔鱼属、拟乌贼属）,141,越南,10,一般贸易,35,福建省,65356,千克,0,?,"550,394"
202001,3074310,冻的墨鱼（乌贼属、巨粒僧头乌贼、耳乌贼属）及鱿鱼（柔鱼属、枪乌贼属、双柔鱼属、拟乌贼属）,141,越南,10,一般贸易,37,山东省,17496,千克,0,?,"503,739"
202001,3074310,冻的墨鱼（乌贼属、巨粒僧头乌贼、耳乌贼属）及鱿鱼（柔鱼属、枪乌贼属、双柔鱼属、拟乌贼属）,141,越南,10,一般贸易,44,广东省,1410,千克,0,?,"147,720"
202001,3074310,冻的墨鱼（乌贼属、巨粒僧头乌贼、耳乌贼属）及鱿鱼（柔鱼属、枪乌贼属、双柔鱼属、拟乌贼属）,142,中国,33,保税监管场所进出境货物,37,山东省,21755,千克,0,?,"1,610,437"
202001,3074310,冻的墨鱼（乌贼属、巨粒僧头乌贼、耳乌贼属）及鱿鱼（柔鱼属、枪乌贼属、双柔鱼属、拟乌贼属）,143,中国台湾,10,一般贸易,35,福建省,397891,千克,0,?,"4,153,906"
202001,3074310,冻的墨鱼（乌贼属、巨粒僧头乌贼、耳乌贼属）及鱿鱼（柔鱼属、枪乌贼属、双柔鱼属、拟乌贼属）,143,中国台湾,39,其他,35,福建省,259369,千克,0,?,"2,727,362"
202001,3074310,冻的墨鱼（乌贼属、巨粒僧头乌贼、耳乌贼属）及鱿鱼（柔鱼属、枪乌贼属、双柔鱼属、拟乌贼属）,230,毛里塔尼亚,10,一般贸易,11,北京市,25997,千克,0,?,"827,554"
202001,3074310,冻的墨鱼（乌贼属、巨粒僧头乌贼、耳乌贼属）及鱿鱼（柔鱼属、枪乌贼属、双柔鱼属、拟乌贼属）,230,毛里塔尼亚,10,一般贸易,33,浙江省,72457,千克,0,?,"2,237,373"
202001,3074310,冻的墨鱼（乌贼属、巨粒僧头乌贼、耳乌贼属）及鱿鱼（柔鱼属、枪乌贼属、双柔鱼属、拟乌贼属）,232,摩洛哥,10,一般贸易,35,福建省,20270,千克,0,?,"633,024"
202001,3074310,冻的墨鱼（乌贼属、巨粒僧头乌贼、耳乌贼属）及鱿鱼（柔鱼属、枪乌贼属、双柔鱼属、拟乌贼属）,240,塞内加尔,10,一般贸易,11,北京市,44052,千克,0,?,"622,180"
202001,3074310,冻的墨鱼（乌贼属、巨粒僧头乌贼、耳乌贼属）及鱿鱼（柔鱼属、枪乌贼属、双柔鱼属、拟乌贼属）,240,塞内加尔,10,一般贸易,21,辽宁省,25570,千克,0,?,"471,067"
202001,3074310,冻的墨鱼（乌贼属、巨粒僧头乌贼、耳乌贼属）及鱿鱼（柔鱼属、枪乌贼属、双柔鱼属、拟乌贼属）,240,塞内加尔,10,一般贸易,35,福建省,38264,千克,0,?,"566,709"
202001,3074310,冻的墨鱼（乌贼属、巨粒僧头乌贼、耳乌贼属）及鱿鱼（柔鱼属、枪乌贼属、双柔鱼属、拟乌贼属）,303,英国,10,一般贸易,32,江苏省,54009,千克,0,?,"1,307,648"
202001,3074310,冻的墨鱼（乌贼属、巨粒僧头乌贼、耳乌贼属）及鱿鱼（柔鱼属、枪乌贼属、双柔鱼属、拟乌贼属）,303,英国,10,一般贸易,37,山东省,53999,千克,0,?,"1,421,094"
202001,3074310,冻的墨鱼（乌贼属、巨粒僧头乌贼、耳乌贼属）及鱿鱼（柔鱼属、枪乌贼属、双柔鱼属、拟乌贼属）,312,西班牙,10,一般贸易,32,江苏省,27070,千克,0,?,"567,329"
202001,3074310,冻的墨鱼（乌贼属、巨粒僧头乌贼、耳乌贼属）及鱿鱼（柔鱼属、枪乌贼属、双柔鱼属、拟乌贼属）,312,西班牙,10,一般贸易,33,浙江省,128085,千克,0,?,"3,505,658"
202001,3074310,冻的墨鱼（乌贼属、巨粒僧头乌贼、耳乌贼属）及鱿鱼（柔鱼属、枪乌贼属、双柔鱼属、拟乌贼属）,312,西班牙,10,一般贸易,35,福建省,53869,千克,0,?,"1,134,140"
202001,3074310,冻的墨鱼（乌贼属、巨粒僧头乌贼、耳乌贼属）及鱿鱼（柔鱼属、枪乌贼属、双柔鱼属、拟乌贼属）,312,西班牙,10,一般贸易,37,山东省,135388,千克,0,?,"3,049,729"
202001,3074310,冻的墨鱼（乌贼属、巨粒僧头乌贼、耳乌贼属）及鱿鱼（柔鱼属、枪乌贼属、双柔鱼属、拟乌贼属）,312,西班牙,10,一般贸易,44,广东省,54051,千克,0,?,"1,170,806"
202001,3074310,冻的墨鱼（乌贼属、巨粒僧头乌贼、耳乌贼属）及鱿鱼（柔鱼属、枪乌贼属、双柔鱼属、拟乌贼属）,312,西班牙,10,一般贸易,45,广西壮族自治区,27336,千克,0,?,"316,538"
202001,3074310,冻的墨鱼（乌贼属、巨粒僧头乌贼、耳乌贼属）及鱿鱼（柔鱼属、枪乌贼属、双柔鱼属、拟乌贼属）,312,西班牙,33,保税监管场所进出境货物,37,山东省,69162,千克,0,?,"1,893,016"
202001,3074310,冻的墨鱼（乌贼属、巨粒僧头乌贼、耳乌贼属）及鱿鱼（柔鱼属、枪乌贼属、双柔鱼属、拟乌贼属）,312,西班牙,34,海关特殊监管区域物流货物,45,广西壮族自治区,79180,千克,0,?,"916,870"
202001,3074310,冻的墨鱼（乌贼属、巨粒僧头乌贼、耳乌贼属）及鱿鱼（柔鱼属、枪乌贼属、双柔鱼属、拟乌贼属）,419,厄瓜多尔,10,一般贸易,31,上海市,26800,千克,0,?,"295,063"
202001,3074310,冻的墨鱼（乌贼属、巨粒僧头乌贼、耳乌贼属）及鱿鱼（柔鱼属、枪乌贼属、双柔鱼属、拟乌贼属）,434,秘鲁,10,一般贸易,21,辽宁省,72720,千克,0,?,"1,030,888"
202001,3074310,冻的墨鱼（乌贼属、巨粒僧头乌贼、耳乌贼属）及鱿鱼（柔鱼属、枪乌贼属、双柔鱼属、拟乌贼属）,434,秘鲁,10,一般贸易,33,浙江省,23982,千克,0,?,"513,324"
202001,3074310,冻的墨鱼（乌贼属、巨粒僧头乌贼、耳乌贼属）及鱿鱼（柔鱼属、枪乌贼属、双柔鱼属、拟乌贼属）,434,秘鲁,10,一般贸易,37,山东省,542414,千克,0,?,"8,675,245"
202001,3074310,冻的墨鱼（乌贼属、巨粒僧头乌贼、耳乌贼属）及鱿鱼（柔鱼属、枪乌贼属、双柔鱼属、拟乌贼属）,434,秘鲁,10,一般贸易,44,广东省,24620,千克,0,?,"613,687"
202001,3074310,冻的墨鱼（乌贼属、巨粒僧头乌贼、耳乌贼属）及鱿鱼（柔鱼属、枪乌贼属、双柔鱼属、拟乌贼属）,434,秘鲁,10,一般贸易,45,广西壮族自治区,19920,千克,0,?,"255,827"
202001,3074310,冻的墨鱼（乌贼属、巨粒僧头乌贼、耳乌贼属）及鱿鱼（柔鱼属、枪乌贼属、双柔鱼属、拟乌贼属）,502,美国,10,一般贸易,37,山东省,240030,千克,0,?,"5,017,282"
202001,3074310,冻的墨鱼（乌贼属、巨粒僧头乌贼、耳乌贼属）及鱿鱼（柔鱼属、枪乌贼属、双柔鱼属、拟乌贼属）,502,美国,10,一般贸易,44,广东省,72000,千克,0,?,"1,584,050"
202001,3074310,冻的墨鱼（乌贼属、巨粒僧头乌贼、耳乌贼属）及鱿鱼（柔鱼属、枪乌贼属、双柔鱼属、拟乌贼属）,502,美国,15,进料加工贸易,21,辽宁省,66528,千克,0,?,"675,042"
202001,3074310,冻的墨鱼（乌贼属、巨粒僧头乌贼、耳乌贼属）及鱿鱼（柔鱼属、枪乌贼属、双柔鱼属、拟乌贼属）,502,美国,33,保税监管场所进出境货物,21,辽宁省,64514,千克,0,?,"1,743,524"
202001,3074310,冻的墨鱼（乌贼属、巨粒僧头乌贼、耳乌贼属）及鱿鱼（柔鱼属、枪乌贼属、双柔鱼属、拟乌贼属）,502,美国,33,保税监管场所进出境货物,37,山东省,48000,千克,0,?,"1,043,904"
202001,3074310,冻的墨鱼（乌贼属、巨粒僧头乌贼、耳乌贼属）及鱿鱼（柔鱼属、枪乌贼属、双柔鱼属、拟乌贼属）,502,美国,34,海关特殊监管区域物流货物,21,辽宁省,80393,千克,0,?,"2,290,504"
202001,3074310,冻的墨鱼（乌贼属、巨粒僧头乌贼、耳乌贼属）及鱿鱼（柔鱼属、枪乌贼属、双柔鱼属、拟乌贼属）,609,新西兰,10,一般贸易,37,山东省,145710,千克,0,?,"4,088,268"
202001,3074310,冻的墨鱼（乌贼属、巨粒僧头乌贼、耳乌贼属）及鱿鱼（柔鱼属、枪乌贼属、双柔鱼属、拟乌贼属）,609,新西兰,33,保税监管场所进出境货物,37,山东省,20913,千克,0,?,"546,263"
202001,3074390,其他冻的墨鱼及鱿鱼,111,印度,10,一般贸易,21,辽宁省,26340,千克,0,?,"147,881"
202001,3074390,其他冻的墨鱼及鱿鱼,111,印度,10,一般贸易,35,福建省,111750,千克,0,?,"1,148,906"
202001,3074390,其他冻的墨鱼及鱿鱼,111,印度,10,一般贸易,44,广东省,98900,千克,0,?,"1,765,925"
202001,3074390,其他冻的墨鱼及鱿鱼,122,马来西亚,10,一般贸易,33,浙江省,19200,千克,0,?,"1,326,819"
202001,3074390,其他冻的墨鱼及鱿鱼,127,巴基斯坦,10,一般贸易,35,福建省,14040,千克,0,?,"220,896"
202001,3074390,其他冻的墨鱼及鱿鱼,127,巴基斯坦,10,一般贸易,37,山东省,26000,千克,0,?,"202,228"
202001,3074390,其他冻的墨鱼及鱿鱼,127,巴基斯坦,10,一般贸易,44,广东省,67060,千克,0,?,"1,143,793"
202001,3074390,其他冻的墨鱼及鱿鱼,133,韩国,14,来料加工贸易,37,山东省,24484,千克,0,?,"257,735"
202001,3074390,其他冻的墨鱼及鱿鱼,133,韩国,33,保税监管场所进出境货物,37,山东省,45940,千克,0,?,"957,645"
202001,3074390,其他冻的墨鱼及鱿鱼,134,斯里兰卡,10,一般贸易,44,广东省,57135,千克,0,?,"1,115,726"
202001,3074390,其他冻的墨鱼及鱿鱼,141,越南,10,一般贸易,35,福建省,16512,千克,0,?,"490,582"
202001,3074390,其他冻的墨鱼及鱿鱼,142,中国,33,保税监管场所进出境货物,37,山东省,29398,千克,0,?,"1,794,541"
202001,3074390,其他冻的墨鱼及鱿鱼,143,中国台湾,10,一般贸易,35,福建省,83689,千克,0,?,"878,345"
202001,3074390,其他冻的墨鱼及鱿鱼,143,中国台湾,39,其他,35,福建省,145584,千克,0,?,"1,210,233"
202001,3074390,其他冻的墨鱼及鱿鱼,312,西班牙,10,一般贸易,37,山东省,54192,千克,0,?,"1,175,437"
202001,3074390,其他冻的墨鱼及鱿鱼,402,阿根廷,10,一般贸易,33,浙江省,27125,千克,0,?,"462,575"
202001,3074390,其他冻的墨鱼及鱿鱼,402,阿根廷,10,一般贸易,35,福建省,53991,千克,0,?,"455,114"
202001,3074390,其他冻的墨鱼及鱿鱼,412,智利,10,一般贸易,32,江苏省,207600,千克,0,?,"2,397,524"
202001,3074390,其他冻的墨鱼及鱿鱼,412,智利,10,一般贸易,35,福建省,27000,千克,0,?,"290,884"
202001,3074390,其他冻的墨鱼及鱿鱼,412,智利,10,一般贸易,37,山东省,598218,千克,0,?,"6,554,912"
202001,3074390,其他冻的墨鱼及鱿鱼,419,厄瓜多尔,10,一般贸易,32,江苏省,26880,千克,0,?,"229,326"
202001,3074390,其他冻的墨鱼及鱿鱼,419,厄瓜多尔,10,一般贸易,33,浙江省,26500,千克,0,?,"204,852"
202001,3074390,其他冻的墨鱼及鱿鱼,419,厄瓜多尔,10,一般贸易,35,福建省,106000,千克,0,?,"818,286"
202001,3074390,其他冻的墨鱼及鱿鱼,419,厄瓜多尔,10,一般贸易,37,山东省,47400,千克,0,?,"603,295"
202001,3074390,其他冻的墨鱼及鱿鱼,419,厄瓜多尔,15,进料加工贸易,33,浙江省,54000,千克,0,?,"585,640"
202001,3074390,其他冻的墨鱼及鱿鱼,434,秘鲁,10,一般贸易,21,辽宁省,54000,千克,0,?,"890,570"
202001,3074390,其他冻的墨鱼及鱿鱼,434,秘鲁,10,一般贸易,23,黑龙江省,13420,千克,0,?,"178,407"
202001,3074390,其他冻的墨鱼及鱿鱼,434,秘鲁,10,一般贸易,32,江苏省,641588,千克,0,?,"8,489,049"
202001,3074390,其他冻的墨鱼及鱿鱼,434,秘鲁,10,一般贸易,33,浙江省,473550,千克,0,?,"7,426,763"
202001,3074390,其他冻的墨鱼及鱿鱼,434,秘鲁,10,一般贸易,35,福建省,947783,千克,0,?,"13,635,834"
202001,3074390,其他冻的墨鱼及鱿鱼,434,秘鲁,10,一般贸易,37,山东省,2371662,千克,0,?,"37,102,055"
202001,3074390,其他冻的墨鱼及鱿鱼,434,秘鲁,33,保税监管场所进出境货物,32,江苏省,80460,千克,0,?,"1,016,388"
202001,3074390,其他冻的墨鱼及鱿鱼,434,秘鲁,33,保税监管场所进出境货物,35,福建省,684940,千克,0,?,"9,794,589"
202001,3074390,其他冻的墨鱼及鱿鱼,434,秘鲁,34,海关特殊监管区域物流货物,37,山东省,24840,千克,0,?,"536,919"
202001,3074390,其他冻的墨鱼及鱿鱼,434,秘鲁,34,海关特殊监管区域物流货物,45,广西壮族自治区,27000,千克,0,?,"341,069"
202001,3074390,其他冻的墨鱼及鱿鱼,444,乌拉圭,10,一般贸易,35,福建省,12399,千克,0,?,"232,686"
202001,3074390,其他冻的墨鱼及鱿鱼,502,美国,10,一般贸易,33,浙江省,23054,千克,0,?,"322,610"
202001,3074390,其他冻的墨鱼及鱿鱼,502,美国,14,来料加工贸易,37,山东省,120000,千克,0,?,"842,147"
202001,3074390,其他冻的墨鱼及鱿鱼,502,美国,15,进料加工贸易,37,山东省,374857,千克,0,?,"7,549,501"
202001,3074390,其他冻的墨鱼及鱿鱼,502,美国,33,保税监管场所进出境货物,37,山东省,94098,千克,0,?,"2,202,655"
202001,3074910,干、盐腌、盐渍或熏制的墨鱼（乌贼属、巨粒僧头乌贼、耳乌贼属）及鱿鱼（柔鱼属、枪乌贼属、双柔鱼属、拟乌贼属）,112,印度尼西亚,10,一般贸易,11,北京市,460,千克,0,?,"5,811"
202001,3074910,干、盐腌、盐渍或熏制的墨鱼（乌贼属、巨粒僧头乌贼、耳乌贼属）及鱿鱼（柔鱼属、枪乌贼属、双柔鱼属、拟乌贼属）,112,印度尼西亚,10,一般贸易,44,广东省,238,千克,0,?,"18,404"
202001,3074910,干、盐腌、盐渍或熏制的墨鱼（乌贼属、巨粒僧头乌贼、耳乌贼属）及鱿鱼（柔鱼属、枪乌贼属、双柔鱼属、拟乌贼属）,127,巴基斯坦,10,一般贸易,31,上海市,9179,千克,0,?,"100,056"
202001,3074910,干、盐腌、盐渍或熏制的墨鱼（乌贼属、巨粒僧头乌贼、耳乌贼属）及鱿鱼（柔鱼属、枪乌贼属、双柔鱼属、拟乌贼属）,141,越南,10,一般贸易,35,福建省,159500,千克,0,?,"2,350,644"
202001,3074990,其他干、盐腌、盐渍或熏制的墨鱼及鱿鱼,136,泰国,10,一般贸易,37,山东省,50800,千克,0,?,"588,240"
202001,3074990,其他干、盐腌、盐渍或熏制的墨鱼及鱿鱼,434,秘鲁,10,一般贸易,23,黑龙江省,13480,千克,0,?,"226,364"
202001,3075100,活、鲜或冷的章鱼,112,印度尼西亚,10,一般贸易,12,天津市,0,千克,0,?,7
202001,3075200,冻章鱼,111,印度,10,一般贸易,35,福建省,94432,千克,0,?,"1,137,880"
202001,3075200,冻章鱼,111,印度,10,一般贸易,37,山东省,138520,千克,0,?,"1,179,620"
202001,3075200,冻章鱼,111,印度,15,进料加工贸易,33,浙江省,46800,千克,0,?,"1,088,691"
202001,3075200,冻章鱼,112,印度尼西亚,10,一般贸易,11,北京市,242714,千克,0,?,"2,655,300"
202001,3075200,冻章鱼,112,印度尼西亚,10,一般贸易,33,浙江省,1249,千克,0,?,"14,156"
202001,3075200,冻章鱼,112,印度尼西亚,10,一般贸易,35,福建省,230071,千克,0,?,"3,514,856"
202001,3075200,冻章鱼,112,印度尼西亚,10,一般贸易,37,山东省,7,千克,0,?,"1,137"
202001,3075200,冻章鱼,112,印度尼西亚,10,一般贸易,44,广东省,8800,千克,0,?,"110,392"
202001,3075200,冻章鱼,122,马来西亚,10,一般贸易,33,浙江省,15053,千克,0,?,"161,097"
202001,3075200,冻章鱼,122,马来西亚,10,一般贸易,35,福建省,50372,千克,0,?,"609,669"
202001,3075200,冻章鱼,122,马来西亚,10,一般贸易,37,山东省,21690,千克,0,?,"220,297"
202001,3075200,冻章鱼,122,马来西亚,10,一般贸易,44,广东省,1447,千克,0,?,"60,930"
202001,3075200,冻章鱼,127,巴基斯坦,10,一般贸易,44,广东省,1830,千克,0,?,"27,671"
202001,3075200,冻章鱼,127,巴基斯坦,10,一般贸易,50,重庆市,2220,千克,0,?,"40,507"
202001,3075200,冻章鱼,136,泰国,10,一般贸易,33,浙江省,1200,千克,0,?,"18,527"
202001,3075200,冻章鱼,136,泰国,10,一般贸易,35,福建省,44831,千克,0,?,"645,761"
202001,3075200,冻章鱼,141,越南,10,一般贸易,13,河北省,19840,千克,0,?,"717,060"
202001,3075200,冻章鱼,141,越南,10,一般贸易,32,江苏省,11940,千克,0,?,"561,417"
202001,3075200,冻章鱼,141,越南,10,一般贸易,33,浙江省,1536,千克,0,?,"60,189"
202001,3075200,冻章鱼,141,越南,34,海关特殊监管区域物流货物,35,福建省,4248,千克,0,?,"157,226"
202001,3075200,冻章鱼,142,中国,34,海关特殊监管区域物流货物,37,山东省,5858,千克,0,?,"453,286"
202001,3075200,冻章鱼,143,中国台湾,39,其他,35,福建省,7258,千克,0,?,"81,254"
202001,3075200,冻章鱼,230,毛里塔尼亚,10,一般贸易,11,北京市,28718,千克,0,?,"1,669,890"
202001,3075200,冻章鱼,230,毛里塔尼亚,10,一般贸易,37,山东省,84860,千克,0,?,"3,432,802"
202001,3075200,冻章鱼,230,毛里塔尼亚,15,进料加工贸易,37,山东省,167724,千克,0,?,"7,676,043"
202001,3075200,冻章鱼,429,墨西哥,15,进料加工贸易,37,山东省,269370,千克,0,?,"9,517,130"
202001,3076010,"蜗牛及螺种苗,海螺除外",112,印度尼西亚,10,一般贸易,12,天津市,0,千克,0,?,138
202001,3076090,"活、鲜、冷、冻、干、盐腌、盐渍或熏制的蜗牛及螺（不包括海螺）,种苗除外",106,缅甸,10,一般贸易,44,广东省,29906,千克,0,?,"797,535"
202001,3076090,"活、鲜、冷、冻、干、盐腌、盐渍或熏制的蜗牛及螺（不包括海螺）,种苗除外",106,缅甸,10,一般贸易,53,云南省,6578,千克,0,?,"92,051"
202001,3076090,"活、鲜、冷、冻、干、盐腌、盐渍或熏制的蜗牛及螺（不包括海螺）,种苗除外",112,印度尼西亚,10,一般贸易,12,天津市,0,千克,0,?,142
202001,3076090,"活、鲜、冷、冻、干、盐腌、盐渍或熏制的蜗牛及螺（不包括海螺）,种苗除外",112,印度尼西亚,10,一般贸易,44,广东省,106,千克,0,?,"6,899"
202001,3076090,"活、鲜、冷、冻、干、盐腌、盐渍或熏制的蜗牛及螺（不包括海螺）,种苗除外",127,巴基斯坦,10,一般贸易,11,北京市,12060,千克,0,?,"330,724"
202001,3076090,"活、鲜、冷、冻、干、盐腌、盐渍或熏制的蜗牛及螺（不包括海螺）,种苗除外",127,巴基斯坦,10,一般贸易,53,云南省,9321,千克,0,?,"130,436"
202001,3076090,"活、鲜、冷、冻、干、盐腌、盐渍或熏制的蜗牛及螺（不包括海螺）,种苗除外",129,菲律宾,10,一般贸易,12,天津市,0,千克,0,?,326
202001,3076090,"活、鲜、冷、冻、干、盐腌、盐渍或熏制的蜗牛及螺（不包括海螺）,种苗除外",129,菲律宾,10,一般贸易,44,广东省,20,千克,0,?,"2,781"
202001,3076090,"活、鲜、冷、冻、干、盐腌、盐渍或熏制的蜗牛及螺（不包括海螺）,种苗除外",136,泰国,10,一般贸易,35,福建省,52800,千克,0,?,"575,027"
202001,3076090,"活、鲜、冷、冻、干、盐腌、盐渍或熏制的蜗牛及螺（不包括海螺）,种苗除外",240,塞内加尔,10,一般贸易,11,北京市,27000,千克,0,?,"253,530"
202001,3076090,"活、鲜、冷、冻、干、盐腌、盐渍或熏制的蜗牛及螺（不包括海螺）,种苗除外",240,塞内加尔,10,一般贸易,44,广东省,600,千克,0,?,"41,981"
202001,3076090,"活、鲜、冷、冻、干、盐腌、盐渍或熏制的蜗牛及螺（不包括海螺）,种苗除外",502,美国,10,一般贸易,44,广东省,2674,千克,0,?,"150,140"
202001,3077191,"活、鲜或冷的蛤,种苗除外",112,印度尼西亚,10,一般贸易,35,福建省,70829,千克,0,?,"945,392"
202001,3077191,"活、鲜或冷的蛤,种苗除外",112,印度尼西亚,10,一般贸易,44,广东省,6226,千克,0,?,"67,367"
202001,3077191,"活、鲜或冷的蛤,种苗除外",129,菲律宾,10,一般贸易,44,广东省,5,千克,0,?,"1,651"
202001,3077191,"活、鲜或冷的蛤,种苗除外",609,新西兰,10,一般贸易,31,上海市,555,千克,0,?,"18,841"
202001,3077199,"活、鲜或冷的鸟蛤及舟贝,种苗除外",106,缅甸,10,一般贸易,44,广东省,10686,千克,0,?,"347,564"
202001,3077199,"活、鲜或冷的鸟蛤及舟贝,种苗除外",106,缅甸,10,一般贸易,53,云南省,1904,千克,0,?,"38,636"
202001,3077199,"活、鲜或冷的鸟蛤及舟贝,种苗除外",127,巴基斯坦,10,一般贸易,11,北京市,8165,千克,0,?,"198,557"
202001,3077199,"活、鲜或冷的鸟蛤及舟贝,种苗除外",127,巴基斯坦,10,一般贸易,31,上海市,32820,千克,0,?,"981,729"
202001,3077199,"活、鲜或冷的鸟蛤及舟贝,种苗除外",127,巴基斯坦,10,一般贸易,35,福建省,540,千克,0,?,"9,495"
202001,3077199,"活、鲜或冷的鸟蛤及舟贝,种苗除外",129,菲律宾,10,一般贸易,44,广东省,8472,千克,0,?,"118,909"
202001,3077199,"活、鲜或冷的鸟蛤及舟贝,种苗除外",133,韩国,15,进料加工贸易,37,山东省,6000,千克,0,?,"58,774"
202001,3077199,"活、鲜或冷的鸟蛤及舟贝,种苗除外",136,泰国,10,一般贸易,44,广东省,532,千克,0,?,"4,840"
202001,3077199,"活、鲜或冷的鸟蛤及舟贝,种苗除外",303,英国,10,一般贸易,31,上海市,203,千克,0,?,"26,012"
202001,3077199,"活、鲜或冷的鸟蛤及舟贝,种苗除外",303,英国,10,一般贸易,44,广东省,230,千克,0,?,"22,677"
202001,3077199,"活、鲜或冷的鸟蛤及舟贝,种苗除外",306,爱尔兰,10,一般贸易,31,上海市,160,千克,0,?,"32,161"
202001,3077199,"活、鲜或冷的鸟蛤及舟贝,种苗除外",306,爱尔兰,10,一般贸易,44,广东省,11872,千克,0,?,"963,856"
202001,3077200,冻的蛤、鸟蛤及舟贝,112,印度尼西亚,10,一般贸易,11,北京市,9732,千克,0,?,"118,844"
202001,3077200,冻的蛤、鸟蛤及舟贝,112,印度尼西亚,10,一般贸易,35,福建省,2500,千克,0,?,"19,340"
202001,3077200,冻的蛤、鸟蛤及舟贝,344,俄罗斯,34,海关特殊监管区域物流货物,22,吉林省,17798,千克,0,?,"996,247"
202001,3077200,冻的蛤、鸟蛤及舟贝,501,加拿大,10,一般贸易,11,北京市,253960,千克,0,?,"18,523,950"
202001,3077200,冻的蛤、鸟蛤及舟贝,501,加拿大,10,一般贸易,31,上海市,174390,千克,0,?,"13,657,656"
202001,3077200,冻的蛤、鸟蛤及舟贝,501,加拿大,14,来料加工贸易,37,山东省,109456,千克,0,?,"4,564,497"
202001,3077200,冻的蛤、鸟蛤及舟贝,501,加拿大,15,进料加工贸易,37,山东省,17890,千克,0,?,"1,744,115"
202001,3078190,"活、鲜或冷的鲍鱼,种苗除外",116,日本,10,一般贸易,33,浙江省,9,千克,0,?,"7,689"
202001,3078190,"活、鲜或冷的鲍鱼,种苗除外",244,南非,10,一般贸易,11,北京市,848,千克,0,?,"104,563"
202001,3078190,"活、鲜或冷的鲍鱼,种苗除外",244,南非,10,一般贸易,31,上海市,2757,千克,0,?,"341,756"
202001,3078190,"活、鲜或冷的鲍鱼,种苗除外",244,南非,10,一般贸易,44,广东省,4659,千克,0,?,"737,666"
202001,3078190,"活、鲜或冷的鲍鱼,种苗除外",601,澳大利亚,10,一般贸易,11,北京市,5448,千克,0,?,"2,127,047"
202001,3078190,"活、鲜或冷的鲍鱼,种苗除外",601,澳大利亚,10,一般贸易,31,上海市,27520,千克,0,?,"10,656,828"
202001,3078190,"活、鲜或冷的鲍鱼,种苗除外",601,澳大利亚,10,一般贸易,43,湖南省,3756,千克,0,?,"1,560,192"
202001,3078190,"活、鲜或冷的鲍鱼,种苗除外",601,澳大利亚,10,一般贸易,44,广东省,68324,千克,0,?,"28,147,427"
202001,3078190,"活、鲜或冷的鲍鱼,种苗除外",609,新西兰,10,一般贸易,11,北京市,771,千克,0,?,"184,791"
202001,3078190,"活、鲜或冷的鲍鱼,种苗除外",609,新西兰,10,一般贸易,31,上海市,3236,千克,0,?,"892,684"
202001,3078190,"活、鲜或冷的鲍鱼,种苗除外",609,新西兰,10,一般贸易,44,广东省,2312,千克,0,?,"642,327"
202001,3078290,"活、鲜或冷的凤螺,种苗除外",111,印度,10,一般贸易,44,广东省,11984,千克,0,?,"334,784"
202001,3078290,"活、鲜或冷的凤螺,种苗除外",111,印度,10,一般贸易,50,重庆市,1104,千克,0,?,"19,370"
202001,3078290,"活、鲜或冷的凤螺,种苗除外",112,印度尼西亚,10,一般贸易,35,福建省,59300,千克,0,?,"1,978,063"
202001,3078290,"活、鲜或冷的凤螺,种苗除外",136,泰国,10,一般贸易,44,广东省,120,千克,0,?,"3,200"
202001,3078300,冻鲍鱼,122,马来西亚,10,一般贸易,35,福建省,3740,千克,0,?,"91,864"
202001,3078300,冻鲍鱼,129,菲律宾,10,一般贸易,35,福建省,16700,千克,0,?,"1,702,540"
202001,3078300,冻鲍鱼,133,韩国,10,一般贸易,21,辽宁省,2828,千克,0,?,"617,894"
202001,3078300,冻鲍鱼,601,澳大利亚,10,一般贸易,11,北京市,1255,千克,0,?,"927,900"
202001,3078300,冻鲍鱼,601,澳大利亚,10,一般贸易,31,上海市,1068,千克,0,?,"468,749"
202001,3078300,冻鲍鱼,601,澳大利亚,10,一般贸易,35,福建省,433,千克,0,?,"406,123"
202001,3078300,冻鲍鱼,601,澳大利亚,10,一般贸易,44,广东省,4910,千克,0,?,"2,536,363"
202001,3078300,冻鲍鱼,609,新西兰,10,一般贸易,11,北京市,1350,千克,0,?,"481,386"
202001,3078300,冻鲍鱼,609,新西兰,10,一般贸易,44,广东省,1310,千克,0,?,"340,016"
202001,3078400,冻凤螺,112,印度尼西亚,10,一般贸易,11,北京市,15260,千克,0,?,"192,768"
202001,3078400,冻凤螺,112,印度尼西亚,10,一般贸易,35,福建省,12454,千克,0,?,"145,207"
202001,3078700,干、盐腌、盐渍或熏制的鲍鱼,116,日本,10,一般贸易,44,广东省,110,千克,0,?,"491,938"
202001,3078700,干、盐腌、盐渍或熏制的鲍鱼,601,澳大利亚,10,一般贸易,37,山东省,110,千克,0,?,"343,907"
202001,3078700,干、盐腌、盐渍或熏制的鲍鱼,601,澳大利亚,10,一般贸易,44,广东省,2336,千克,0,?,"1,369,406"
202001,3079190,"未列名活、鲜、冷的软体动物,种苗除外",111,印度,10,一般贸易,44,广东省,9241,千克,0,?,"267,248"
202001,3079190,"未列名活、鲜、冷的软体动物,种苗除外",112,印度尼西亚,10,一般贸易,12,天津市,0,千克,0,?,60
202001,3079190,"未列名活、鲜、冷的软体动物,种苗除外",112,印度尼西亚,10,一般贸易,44,广东省,1259,千克,0,?,"35,337"
202001,3079190,"未列名活、鲜、冷的软体动物,种苗除外",116,日本,10,一般贸易,33,浙江省,60,千克,0,?,"7,097"
202001,3079190,"未列名活、鲜、冷的软体动物,种苗除外",127,巴基斯坦,10,一般贸易,11,北京市,200,千克,0,?,"4,211"
202001,3079190,"未列名活、鲜、冷的软体动物,种苗除外",127,巴基斯坦,10,一般贸易,44,广东省,10681,千克,0,?,"299,840"
202001,3079190,"未列名活、鲜、冷的软体动物,种苗除外",129,菲律宾,10,一般贸易,44,广东省,3,千克,0,?,"2,242"
202001,3079190,"未列名活、鲜、冷的软体动物,种苗除外",133,韩国,10,一般贸易,21,辽宁省,76600,千克,0,?,"1,397,127"
202001,3079190,"未列名活、鲜、冷的软体动物,种苗除外",133,韩国,10,一般贸易,37,山东省,99140,千克,0,?,"876,452"
202001,3079190,"未列名活、鲜、冷的软体动物,种苗除外",133,韩国,34,海关特殊监管区域物流货物,37,山东省,8700,千克,0,?,"69,968"
202001,3079190,"未列名活、鲜、冷的软体动物,种苗除外",136,泰国,10,一般贸易,35,福建省,222,千克,0,?,"3,107"
202001,3079190,"未列名活、鲜、冷的软体动物,种苗除外",136,泰国,10,一般贸易,44,广东省,1711,千克,0,?,"51,777"
202001,3079190,"未列名活、鲜、冷的软体动物,种苗除外",429,墨西哥,10,一般贸易,11,北京市,10700,千克,0,?,"767,846"
202001,3079190,"未列名活、鲜、冷的软体动物,种苗除外",429,墨西哥,10,一般贸易,31,上海市,17800,千克,0,?,"1,203,921"
202001,3079190,"未列名活、鲜、冷的软体动物,种苗除外",429,墨西哥,10,一般贸易,43,湖南省,1000,千克,0,?,"48,978"
202001,3079190,"未列名活、鲜、冷的软体动物,种苗除外",429,墨西哥,10,一般贸易,44,广东省,135206,千克,0,?,"13,909,939"
202001,3079190,"未列名活、鲜、冷的软体动物,种苗除外",501,加拿大,10,一般贸易,11,北京市,5046,千克,0,?,"1,055,441"
202001,3079190,"未列名活、鲜、冷的软体动物,种苗除外",501,加拿大,10,一般贸易,31,上海市,35282,千克,0,?,"8,843,547"
202001,3079190,"未列名活、鲜、冷的软体动物,种苗除外",501,加拿大,10,一般贸易,43,湖南省,7297,千克,0,?,"2,064,937"
202001,3079190,"未列名活、鲜、冷的软体动物,种苗除外",501,加拿大,10,一般贸易,44,广东省,95446,千克,0,?,"21,868,527"
202001,3079190,"未列名活、鲜、冷的软体动物,种苗除外",502,美国,10,一般贸易,31,上海市,42500,千克,0,?,"9,219,874"
202001,3079190,"未列名活、鲜、冷的软体动物,种苗除外",502,美国,10,一般贸易,44,广东省,39615,千克,0,?,"6,891,593"
202001,3079190,"未列名活、鲜、冷的软体动物,种苗除外",601,澳大利亚,10,一般贸易,44,广东省,638,千克,0,?,"441,721"
202001,3079200,未列名冻的软体动物,133,韩国,10,一般贸易,37,山东省,29284,千克,0,?,"284,742"
202001,3079200,未列名冻的软体动物,136,泰国,10,一般贸易,33,浙江省,79336,千克,0,?,"608,939"
202001,3079200,未列名冻的软体动物,136,泰国,10,一般贸易,35,福建省,318439,千克,0,?,"3,267,494"
202001,3079200,未列名冻的软体动物,136,泰国,10,一般贸易,65,新疆维吾尔自治区,26388,千克,0,?,"346,173"
202001,3079200,未列名冻的软体动物,230,毛里塔尼亚,10,一般贸易,11,北京市,137360,千克,0,?,"2,235,361"
202001,3079200,未列名冻的软体动物,230,毛里塔尼亚,10,一般贸易,31,上海市,21040,千克,0,?,"220,822"
202001,3079200,未列名冻的软体动物,230,毛里塔尼亚,10,一般贸易,35,福建省,133595,千克,0,?,"1,588,523"
202001,3079200,未列名冻的软体动物,240,塞内加尔,10,一般贸易,11,北京市,79156,千克,0,?,"1,130,252"
202001,3079200,未列名冻的软体动物,240,塞内加尔,10,一般贸易,35,福建省,11860,千克,0,?,"166,464"
202001,3079200,未列名冻的软体动物,240,塞内加尔,10,一般贸易,44,广东省,53744,千克,0,?,"732,126"
202001,3079200,未列名冻的软体动物,303,英国,10,一般贸易,11,北京市,42264,千克,0,?,"1,212,440"
202001,3079200,未列名冻的软体动物,303,英国,10,一般贸易,44,广东省,14500,千克,0,?,"415,966"
202001,3079200,未列名冻的软体动物,306,爱尔兰,15,进料加工贸易,21,辽宁省,22000,千克,0,?,"1,801,002"
202001,3079200,未列名冻的软体动物,344,俄罗斯,14,来料加工贸易,21,辽宁省,47520,千克,0,?,"2,665,606"
202001,3079200,未列名冻的软体动物,429,墨西哥,33,保税监管场所进出境货物,11,北京市,33225,千克,0,?,"835,736"
202001,3079200,未列名冻的软体动物,429,墨西哥,33,保税监管场所进出境货物,37,山东省,23250,千克,0,?,"578,440"
202001,3079200,未列名冻的软体动物,501,加拿大,14,来料加工贸易,37,山东省,7480,千克,0,?,"654,210"
202001,3081190,"活、鲜或冷的海参,种苗除外",133,韩国,10,一般贸易,37,山东省,1580,千克,0,?,"111,585"
202001,3081200,冻海参,112,印度尼西亚,10,一般贸易,32,江苏省,9100,千克,0,?,"702,491"
202001,3081200,冻海参,112,印度尼西亚,10,一般贸易,37,山东省,20340,千克,0,?,"1,569,902"
202001,3081200,冻海参,122,马来西亚,10,一般贸易,35,福建省,13350,千克,0,?,"918,993"
202001,3081200,冻海参,122,马来西亚,10,一般贸易,44,广东省,10644,千克,0,?,"930,938"
202001,3081200,冻海参,137,土耳其,10,一般贸易,44,广东省,1008,千克,0,?,"113,185"
202001,3081200,冻海参,141,越南,10,一般贸易,44,广东省,28950,千克,0,?,"1,640,738"
202001,3081200,冻海参,143,中国台湾,10,一般贸易,44,广东省,26666,千克,0,?,"932,897"
202001,3081200,冻海参,322,冰岛,10,一般贸易,37,山东省,129741,千克,0,?,"2,535,424"
202001,3081200,冻海参,322,冰岛,33,保税监管场所进出境货物,12,天津市,82291,千克,0,?,"2,454,415"
202001,3081200,冻海参,322,冰岛,33,保税监管场所进出境货物,37,山东省,25920,千克,0,?,"603,920"
202001,3081200,冻海参,501,加拿大,10,一般贸易,11,北京市,23250,千克,0,?,"771,639"
202001,3081200,冻海参,501,加拿大,10,一般贸易,12,天津市,13063,千克,0,?,"237,431"
202001,3081200,冻海参,501,加拿大,10,一般贸易,21,辽宁省,508,千克,0,?,"67,741"
202001,3081200,冻海参,501,加拿大,10,一般贸易,31,上海市,7706,千克,0,?,"1,582,330"
202001,3081200,冻海参,501,加拿大,10,一般贸易,35,福建省,1500,千克,0,?,"400,107"
202001,3081200,冻海参,501,加拿大,10,一般贸易,37,山东省,41979,千克,0,?,"361,784"
202001,3081200,冻海参,501,加拿大,10,一般贸易,44,广东省,1166,千克,0,?,"257,707"
202001,3081200,冻海参,501,加拿大,15,进料加工贸易,37,山东省,242875,千克,0,?,"8,064,632"
202001,3081900,干、盐腌、盐渍或熏制的海参,112,印度尼西亚,10,一般贸易,12,天津市,1080,千克,0,?,"566,749"
202001,3081900,干、盐腌、盐渍或熏制的海参,112,印度尼西亚,10,一般贸易,31,上海市,93,千克,0,?,"4,544"
202001,3081900,干、盐腌、盐渍或熏制的海参,112,印度尼西亚,10,一般贸易,35,福建省,1407,千克,0,?,"217,079"
202001,3081900,干、盐腌、盐渍或熏制的海参,112,印度尼西亚,10,一般贸易,44,广东省,72343,千克,0,?,"6,146,454"
202001,3081900,干、盐腌、盐渍或熏制的海参,116,日本,10,一般贸易,33,浙江省,12,千克,0,?,"141,488"
202001,3081900,干、盐腌、盐渍或熏制的海参,116,日本,10,一般贸易,44,广东省,100,千克,0,?,"309,856"
202001,3081900,干、盐腌、盐渍或熏制的海参,122,马来西亚,10,一般贸易,32,江苏省,10000,千克,0,?,"1,259,442"
202001,3081900,干、盐腌、盐渍或熏制的海参,122,马来西亚,10,一般贸易,35,福建省,24015,千克,0,?,"3,033,667"
202001,3081900,干、盐腌、盐渍或熏制的海参,122,马来西亚,10,一般贸易,37,山东省,22335,千克,0,?,"2,821,434"
202001,3081900,干、盐腌、盐渍或熏制的海参,122,马来西亚,10,一般贸易,44,广东省,95135,千克,0,?,"10,476,870"
202001,3081900,干、盐腌、盐渍或熏制的海参,129,菲律宾,10,一般贸易,44,广东省,23440,千克,0,?,"3,014,277"
202001,3081900,干、盐腌、盐渍或熏制的海参,133,韩国,10,一般贸易,37,山东省,1262,千克,0,?,"461,742"
202001,3081900,干、盐腌、盐渍或熏制的海参,137,土耳其,10,一般贸易,37,山东省,100,千克,0,?,"82,811"
202001,3081900,干、盐腌、盐渍或熏制的海参,137,土耳其,10,一般贸易,44,广东省,2382,千克,0,?,"1,001,758"
202001,3081900,干、盐腌、盐渍或熏制的海参,141,越南,10,一般贸易,44,广东省,12390,千克,0,?,"1,220,456"
202001,3081900,干、盐腌、盐渍或熏制的海参,230,毛里塔尼亚,10,一般贸易,21,辽宁省,5970,千克,0,?,"460,865"
202001,3081900,干、盐腌、盐渍或熏制的海参,230,毛里塔尼亚,10,一般贸易,31,上海市,1000,千克,0,?,"105,268"
202001,3081900,干、盐腌、盐渍或熏制的海参,230,毛里塔尼亚,10,一般贸易,37,山东省,690,千克,0,?,"159,857"
202001,3081900,干、盐腌、盐渍或熏制的海参,230,毛里塔尼亚,10,一般贸易,44,广东省,3840,千克,0,?,"499,955"
202001,3081900,干、盐腌、盐渍或熏制的海参,233,莫桑比克,10,一般贸易,44,广东省,7808,千克,0,?,"221,064"
202001,3081900,干、盐腌、盐渍或熏制的海参,344,俄罗斯,10,一般贸易,23,黑龙江省,320,千克,0,?,"251,875"
202001,3081900,干、盐腌、盐渍或熏制的海参,501,加拿大,10,一般贸易,11,北京市,189,千克,0,?,"104,855"
202001,3081900,干、盐腌、盐渍或熏制的海参,501,加拿大,10,一般贸易,12,天津市,914,千克,0,?,"194,455"
202001,3081900,干、盐腌、盐渍或熏制的海参,501,加拿大,10,一般贸易,21,辽宁省,528,千克,0,?,"609,570"
202001,3081900,干、盐腌、盐渍或熏制的海参,501,加拿大,10,一般贸易,31,上海市,454,千克,0,?,"63,826"
202001,3081900,干、盐腌、盐渍或熏制的海参,501,加拿大,10,一般贸易,44,广东省,216,千克,0,?,"20,272"
202001,3081900,干、盐腌、盐渍或熏制的海参,501,加拿大,10,一般贸易,46,海南省,458,千克,0,?,"325,468"
202001,3081900,干、盐腌、盐渍或熏制的海参,502,美国,10,一般贸易,11,北京市,15,千克,0,?,"13,959"
202001,3082190,"活、鲜或冷的海胆,种苗除外",112,印度尼西亚,10,一般贸易,12,天津市,2,千克,0,?,557
202001,3082190,"活、鲜或冷的海胆,种苗除外",112,印度尼西亚,10,一般贸易,44,广东省,6,千克,0,?,"2,144"
202001,3082190,"活、鲜或冷的海胆,种苗除外",116,日本,10,一般贸易,31,上海市,8,千克,0,?,"17,942"
202001,3082190,"活、鲜或冷的海胆,种苗除外",116,日本,10,一般贸易,33,浙江省,9,千克,0,?,"28,067"
202001,3082190,"活、鲜或冷的海胆,种苗除外",129,菲律宾,10,一般贸易,12,天津市,0,千克,0,?,131
202001,3082190,"活、鲜或冷的海胆,种苗除外",129,菲律宾,10,一般贸易,44,广东省,10,千克,0,?,"1,397"
202001,3082190,"活、鲜或冷的海胆,种苗除外",501,加拿大,10,一般贸易,11,北京市,26,千克,0,?,"14,316"
202001,3082190,"活、鲜或冷的海胆,种苗除外",501,加拿大,10,一般贸易,44,广东省,70,千克,0,?,"38,626"
202001,3083090,冻、干、盐腌、盐渍或熏制的海蜇,111,印度,10,一般贸易,31,上海市,29400,千克,0,?,"206,326"
202001,3083090,冻、干、盐腌、盐渍或熏制的海蜇,111,印度,10,一般贸易,35,福建省,13975,千克,0,?,"98,075"
202001,3083090,冻、干、盐腌、盐渍或熏制的海蜇,112,印度尼西亚,10,一般贸易,12,天津市,7740,千克,0,?,"38,104"
202001,3083090,冻、干、盐腌、盐渍或熏制的海蜇,112,印度尼西亚,10,一般贸易,21,辽宁省,927478,千克,0,?,"7,431,276"
202001,3083090,冻、干、盐腌、盐渍或熏制的海蜇,112,印度尼西亚,10,一般贸易,35,福建省,257200,千克,0,?,"2,394,917"
202001,3083090,冻、干、盐腌、盐渍或熏制的海蜇,112,印度尼西亚,10,一般贸易,37,山东省,248410,千克,0,?,"1,847,008"
202001,3083090,冻、干、盐腌、盐渍或熏制的海蜇,112,印度尼西亚,10,一般贸易,44,广东省,56000,千克,0,?,"470,192"
202001,3083090,冻、干、盐腌、盐渍或熏制的海蜇,122,马来西亚,10,一般贸易,21,辽宁省,112872,千克,0,?,"635,417"
202001,3083090,冻、干、盐腌、盐渍或熏制的海蜇,122,马来西亚,10,一般贸易,31,上海市,180150,千克,0,?,"1,287,528"
202001,3083090,冻、干、盐腌、盐渍或熏制的海蜇,122,马来西亚,10,一般贸易,37,山东省,26400,千克,0,?,"213,905"
202001,3083090,冻、干、盐腌、盐渍或熏制的海蜇,136,泰国,10,一般贸易,37,山东省,173810,千克,0,?,"1,341,759"
202001,3083090,冻、干、盐腌、盐渍或熏制的海蜇,227,马达加斯加,10,一般贸易,44,广东省,32200,千克,0,?,"271,172"
202001,3083090,冻、干、盐腌、盐渍或熏制的海蜇,429,墨西哥,10,一般贸易,21,辽宁省,98400,千克,0,?,"828,672"
202001,3089019,"未列名活、鲜或冷的不属于甲壳动物及软体动物的水生无脊椎动物, 种苗除外",112,印度尼西亚,10,一般贸易,12,天津市,2,千克,0,?,"2,049"
202001,3089019,"未列名活、鲜或冷的不属于甲壳动物及软体动物的水生无脊椎动物, 种苗除外",112,印度尼西亚,10,一般贸易,31,上海市,7,千克,0,?,"4,544"
202001,3089019,"未列名活、鲜或冷的不属于甲壳动物及软体动物的水生无脊椎动物, 种苗除外",112,印度尼西亚,10,一般贸易,35,福建省,17,千克,0,?,"4,750"
202001,3089019,"未列名活、鲜或冷的不属于甲壳动物及软体动物的水生无脊椎动物, 种苗除外",112,印度尼西亚,10,一般贸易,44,广东省,15,千克,0,?,"4,028"
202001,3089019,"未列名活、鲜或冷的不属于甲壳动物及软体动物的水生无脊椎动物, 种苗除外",122,马来西亚,10,一般贸易,11,北京市,15,千克,0,?,"12,462"
202001,3089019,"未列名活、鲜或冷的不属于甲壳动物及软体动物的水生无脊椎动物, 种苗除外",122,马来西亚,10,一般贸易,12,天津市,60,千克,0,?,"19,490"
202001,3089019,"未列名活、鲜或冷的不属于甲壳动物及软体动物的水生无脊椎动物, 种苗除外",122,马来西亚,10,一般贸易,31,上海市,414,千克,0,?,"26,159"
202001,3089019,"未列名活、鲜或冷的不属于甲壳动物及软体动物的水生无脊椎动物, 种苗除外",122,马来西亚,10,一般贸易,37,山东省,265,千克,0,?,"31,521"
202001,3089019,"未列名活、鲜或冷的不属于甲壳动物及软体动物的水生无脊椎动物, 种苗除外",129,菲律宾,10,一般贸易,12,天津市,1,千克,0,?,"4,886"
202001,3089019,"未列名活、鲜或冷的不属于甲壳动物及软体动物的水生无脊椎动物, 种苗除外",129,菲律宾,10,一般贸易,21,辽宁省,13,千克,0,?,"5,685"
202001,3089019,"未列名活、鲜或冷的不属于甲壳动物及软体动物的水生无脊椎动物, 种苗除外",129,菲律宾,10,一般贸易,37,山东省,2,千克,0,?,"7,435"
202001,3089019,"未列名活、鲜或冷的不属于甲壳动物及软体动物的水生无脊椎动物, 种苗除外",129,菲律宾,10,一般贸易,44,广东省,321,千克,0,?,"35,137"
202001,3089019,"未列名活、鲜或冷的不属于甲壳动物及软体动物的水生无脊椎动物, 种苗除外",134,斯里兰卡,10,一般贸易,44,广东省,0,千克,0,?,191
202001,3089019,"未列名活、鲜或冷的不属于甲壳动物及软体动物的水生无脊椎动物, 种苗除外",601,澳大利亚,10,一般贸易,31,上海市,606,千克,0,?,"192,813"
202001,4011000,"未浓缩及未加糖或其他甜物质的乳及奶油, 含脂量不超过1%",133,韩国,10,一般贸易,37,山东省,22328,千克,0,?,"276,207"
202001,4011000,"未浓缩及未加糖或其他甜物质的乳及奶油, 含脂量不超过1%",301,比利时,10,一般贸易,37,山东省,44626,千克,0,?,"160,775"
202001,4011000,"未浓缩及未加糖或其他甜物质的乳及奶油, 含脂量不超过1%",301,比利时,34,海关特殊监管区域物流货物,37,山东省,123350,千克,0,?,"558,465"
202001,4011000,"未浓缩及未加糖或其他甜物质的乳及奶油, 含脂量不超过1%",304,德国,10,一般贸易,11,北京市,676608,千克,0,?,"2,853,686"
202001,4011000,"未浓缩及未加糖或其他甜物质的乳及奶油, 含脂量不超过1%",304,德国,10,一般贸易,12,天津市,182888,千克,0,?,"730,957"
202001,4011000,"未浓缩及未加糖或其他甜物质的乳及奶油, 含脂量不超过1%",304,德国,10,一般贸易,31,上海市,2135560,千克,0,?,"9,701,003"
202001,4011000,"未浓缩及未加糖或其他甜物质的乳及奶油, 含脂量不超过1%",304,德国,10,一般贸易,32,江苏省,210118,千克,0,?,"955,937"
202001,4011000,"未浓缩及未加糖或其他甜物质的乳及奶油, 含脂量不超过1%",304,德国,10,一般贸易,33,浙江省,268013,千克,0,?,"879,646"
202001,4011000,"未浓缩及未加糖或其他甜物质的乳及奶油, 含脂量不超过1%",304,德国,10,一般贸易,35,福建省,301451,千克,0,?,"1,355,451"
202001,4011000,"未浓缩及未加糖或其他甜物质的乳及奶油, 含脂量不超过1%",304,德国,10,一般贸易,37,山东省,1318,千克,0,?,"17,918"
202001,4011000,"未浓缩及未加糖或其他甜物质的乳及奶油, 含脂量不超过1%",304,德国,10,一般贸易,41,河南省,5566,千克,0,?,"229,581"
202001,4011000,"未浓缩及未加糖或其他甜物质的乳及奶油, 含脂量不超过1%",304,德国,10,一般贸易,44,广东省,865191,千克,0,?,"3,491,709"
202001,4011000,"未浓缩及未加糖或其他甜物质的乳及奶油, 含脂量不超过1%",304,德国,10,一般贸易,50,重庆市,1318,千克,0,?,"17,852"
202001,4011000,"未浓缩及未加糖或其他甜物质的乳及奶油, 含脂量不超过1%",305,法国,10,一般贸易,35,福建省,43369,千克,0,?,"385,977"
202001,4011000,"未浓缩及未加糖或其他甜物质的乳及奶油, 含脂量不超过1%",306,爱尔兰,10,一般贸易,44,广东省,62039,千克,0,?,"367,344"
202001,4011000,"未浓缩及未加糖或其他甜物质的乳及奶油, 含脂量不超过1%",307,意大利,10,一般贸易,31,上海市,42776,千克,0,?,"204,667"
202001,4011000,"未浓缩及未加糖或其他甜物质的乳及奶油, 含脂量不超过1%",309,荷兰,34,海关特殊监管区域物流货物,37,山东省,46882,千克,0,?,"422,634"
202001,4011000,"未浓缩及未加糖或其他甜物质的乳及奶油, 含脂量不超过1%",312,西班牙,10,一般贸易,11,北京市,11146,千克,0,?,"44,825"
202001,4011000,"未浓缩及未加糖或其他甜物质的乳及奶油, 含脂量不超过1%",312,西班牙,10,一般贸易,33,浙江省,23198,千克,0,?,"91,279"
202001,4011000,"未浓缩及未加糖或其他甜物质的乳及奶油, 含脂量不超过1%",315,奥地利,10,一般贸易,33,浙江省,149704,千克,0,?,"695,644"
202001,4011000,"未浓缩及未加糖或其他甜物质的乳及奶油, 含脂量不超过1%",315,奥地利,10,一般贸易,44,广东省,21600,千克,0,?,"106,560"
202001,4011000,"未浓缩及未加糖或其他甜物质的乳及奶油, 含脂量不超过1%",327,波兰,10,一般贸易,11,北京市,35712,千克,0,?,"137,508"
202001,4011000,"未浓缩及未加糖或其他甜物质的乳及奶油, 含脂量不超过1%",327,波兰,10,一般贸易,12,天津市,21300,千克,0,?,"104,828"
202001,4011000,"未浓缩及未加糖或其他甜物质的乳及奶油, 含脂量不超过1%",327,波兰,10,一般贸易,33,浙江省,29900,千克,0,?,"145,870"
202001,4011000,"未浓缩及未加糖或其他甜物质的乳及奶油, 含脂量不超过1%",327,波兰,10,一般贸易,44,广东省,29562,千克,0,?,"383,494"
202001,4011000,"未浓缩及未加糖或其他甜物质的乳及奶油, 含脂量不超过1%",344,俄罗斯,34,海关特殊监管区域物流货物,21,辽宁省,300,千克,0,?,"2,018"
202001,4011000,"未浓缩及未加糖或其他甜物质的乳及奶油, 含脂量不超过1%",502,美国,10,一般贸易,11,北京市,10233,千克,0,?,"606,949"
202001,4011000,"未浓缩及未加糖或其他甜物质的乳及奶油, 含脂量不超过1%",601,澳大利亚,10,一般贸易,11,北京市,25412,千克,0,?,"131,334"
202001,4011000,"未浓缩及未加糖或其他甜物质的乳及奶油, 含脂量不超过1%",601,澳大利亚,10,一般贸易,12,天津市,3300,千克,0,?,"24,463"
202001,4011000,"未浓缩及未加糖或其他甜物质的乳及奶油, 含脂量不超过1%",601,澳大利亚,10,一般贸易,31,上海市,3300,千克,0,?,"24,452"
202001,4011000,"未浓缩及未加糖或其他甜物质的乳及奶油, 含脂量不超过1%",601,澳大利亚,10,一般贸易,32,江苏省,83114,千克,0,?,"721,232"
202001,4011000,"未浓缩及未加糖或其他甜物质的乳及奶油, 含脂量不超过1%",601,澳大利亚,10,一般贸易,33,浙江省,56560,千克,0,?,"484,288"
202001,4011000,"未浓缩及未加糖或其他甜物质的乳及奶油, 含脂量不超过1%",601,澳大利亚,10,一般贸易,37,山东省,445810,千克,0,?,"2,283,408"
202001,4011000,"未浓缩及未加糖或其他甜物质的乳及奶油, 含脂量不超过1%",601,澳大利亚,10,一般贸易,44,广东省,76244,千克,0,?,"521,096"
202001,4011000,"未浓缩及未加糖或其他甜物质的乳及奶油, 含脂量不超过1%",609,新西兰,10,一般贸易,11,北京市,4173,千克,0,?,"37,394"
202001,4011000,"未浓缩及未加糖或其他甜物质的乳及奶油, 含脂量不超过1%",609,新西兰,10,一般贸易,31,上海市,398256,千克,0,?,"1,834,655"
202001,4012000,"未浓缩及未加糖或其他甜物质的乳及奶油, 含脂量超过1%,但不超过6%",133,韩国,10,一般贸易,11,北京市,7792,千克,0,?,"121,575"
202001,4012000,"未浓缩及未加糖或其他甜物质的乳及奶油, 含脂量超过1%,但不超过6%",133,韩国,10,一般贸易,37,山东省,703161,千克,0,?,"8,960,318"
202001,4012000,"未浓缩及未加糖或其他甜物质的乳及奶油, 含脂量超过1%,但不超过6%",136,泰国,34,海关特殊监管区域物流货物,21,辽宁省,13505,千克,0,?,"164,501"
202001,4012000,"未浓缩及未加糖或其他甜物质的乳及奶油, 含脂量超过1%,但不超过6%",143,中国台湾,10,一般贸易,35,福建省,3720,千克,0,?,"45,243"
202001,4012000,"未浓缩及未加糖或其他甜物质的乳及奶油, 含脂量超过1%,但不超过6%",143,中国台湾,39,其他,35,福建省,6000,千克,0,?,"73,467"
202001,4012000,"未浓缩及未加糖或其他甜物质的乳及奶油, 含脂量超过1%,但不超过6%",301,比利时,10,一般贸易,31,上海市,664474,千克,0,?,"3,052,762"
202001,4012000,"未浓缩及未加糖或其他甜物质的乳及奶油, 含脂量超过1%,但不超过6%",301,比利时,10,一般贸易,35,福建省,80092,千克,0,?,"571,854"
202001,4012000,"未浓缩及未加糖或其他甜物质的乳及奶油, 含脂量超过1%,但不超过6%",301,比利时,10,一般贸易,37,山东省,44452,千克,0,?,"207,624"
202001,4012000,"未浓缩及未加糖或其他甜物质的乳及奶油, 含脂量超过1%,但不超过6%",301,比利时,10,一般贸易,44,广东省,362201,千克,0,?,"2,462,208"
202001,4012000,"未浓缩及未加糖或其他甜物质的乳及奶油, 含脂量超过1%,但不超过6%",301,比利时,34,海关特殊监管区域物流货物,37,山东省,141250,千克,0,?,"834,118"
202001,4012000,"未浓缩及未加糖或其他甜物质的乳及奶油, 含脂量超过1%,但不超过6%",302,丹麦,10,一般贸易,11,北京市,113899,千克,0,?,"1,027,026"
202001,4012000,"未浓缩及未加糖或其他甜物质的乳及奶油, 含脂量超过1%,但不超过6%",304,德国,10,一般贸易,11,北京市,1808033,千克,0,?,"9,509,025"
202001,4012000,"未浓缩及未加糖或其他甜物质的乳及奶油, 含脂量超过1%,但不超过6%",304,德国,10,一般贸易,12,天津市,522503,千克,0,?,"2,759,487"
202001,4012000,"未浓缩及未加糖或其他甜物质的乳及奶油, 含脂量超过1%,但不超过6%",304,德国,10,一般贸易,31,上海市,6050723,千克,0,?,"32,145,342"
202001,4012000,"未浓缩及未加糖或其他甜物质的乳及奶油, 含脂量超过1%,但不超过6%",304,德国,10,一般贸易,32,江苏省,469605,千克,0,?,"2,821,012"
202001,4012000,"未浓缩及未加糖或其他甜物质的乳及奶油, 含脂量超过1%,但不超过6%",304,德国,10,一般贸易,33,浙江省,43797,千克,0,?,"185,591"
202001,4012000,"未浓缩及未加糖或其他甜物质的乳及奶油, 含脂量超过1%,但不超过6%",304,德国,10,一般贸易,35,福建省,330839,千克,0,?,"1,580,557"
202001,4012000,"未浓缩及未加糖或其他甜物质的乳及奶油, 含脂量超过1%,但不超过6%",304,德国,10,一般贸易,37,山东省,18332,千克,0,?,"155,163"
202001,4012000,"未浓缩及未加糖或其他甜物质的乳及奶油, 含脂量超过1%,但不超过6%",304,德国,10,一般贸易,41,河南省,57014,千克,0,?,"2,351,844"
202001,4012000,"未浓缩及未加糖或其他甜物质的乳及奶油, 含脂量超过1%,但不超过6%",304,德国,10,一般贸易,44,广东省,2160740,千克,0,?,"12,561,517"
202001,4012000,"未浓缩及未加糖或其他甜物质的乳及奶油, 含脂量超过1%,但不超过6%",304,德国,10,一般贸易,50,重庆市,62856,千克,0,?,"364,138"
202001,4012000,"未浓缩及未加糖或其他甜物质的乳及奶油, 含脂量超过1%,但不超过6%",304,德国,34,海关特殊监管区域物流货物,21,辽宁省,4788,千克,0,?,"26,887"
202001,4012000,"未浓缩及未加糖或其他甜物质的乳及奶油, 含脂量超过1%,但不超过6%",304,德国,34,海关特殊监管区域物流货物,50,重庆市,85608,千克,0,?,"493,811"
202001,4012000,"未浓缩及未加糖或其他甜物质的乳及奶油, 含脂量超过1%,但不超过6%",305,法国,10,一般贸易,11,北京市,22800,千克,0,?,"108,905"
202001,4012000,"未浓缩及未加糖或其他甜物质的乳及奶油, 含脂量超过1%,但不超过6%",305,法国,10,一般贸易,31,上海市,398689,千克,0,?,"1,914,721"
202001,4012000,"未浓缩及未加糖或其他甜物质的乳及奶油, 含脂量超过1%,但不超过6%",305,法国,10,一般贸易,33,浙江省,88935,千克,0,?,"619,692"
202001,4012000,"未浓缩及未加糖或其他甜物质的乳及奶油, 含脂量超过1%,但不超过6%",305,法国,10,一般贸易,35,福建省,155400,千克,0,?,"864,766"
202001,4012000,"未浓缩及未加糖或其他甜物质的乳及奶油, 含脂量超过1%,但不超过6%",305,法国,10,一般贸易,44,广东省,23842,千克,0,?,"127,314"
202001,4012000,"未浓缩及未加糖或其他甜物质的乳及奶油, 含脂量超过1%,但不超过6%",305,法国,34,海关特殊监管区域物流货物,31,上海市,24,千克,0,?,169
202001,4012000,"未浓缩及未加糖或其他甜物质的乳及奶油, 含脂量超过1%,但不超过6%",306,爱尔兰,10,一般贸易,11,北京市,121751,千克,0,?,"655,391"
202001,4012000,"未浓缩及未加糖或其他甜物质的乳及奶油, 含脂量超过1%,但不超过6%",306,爱尔兰,10,一般贸易,44,广东省,314376,千克,0,?,"1,928,151"
202001,4012000,"未浓缩及未加糖或其他甜物质的乳及奶油, 含脂量超过1%,但不超过6%",307,意大利,10,一般贸易,31,上海市,191621,千克,0,?,"893,415"
202001,4012000,"未浓缩及未加糖或其他甜物质的乳及奶油, 含脂量超过1%,但不超过6%",307,意大利,10,一般贸易,33,浙江省,46466,千克,0,?,"327,159"
202001,4012000,"未浓缩及未加糖或其他甜物质的乳及奶油, 含脂量超过1%,但不超过6%",307,意大利,33,保税监管场所进出境货物,31,上海市,7113,千克,0,?,"72,892"
202001,4012000,"未浓缩及未加糖或其他甜物质的乳及奶油, 含脂量超过1%,但不超过6%",308,卢森堡,10,一般贸易,41,河南省,2056,千克,0,?,"21,654"
202001,4012000,"未浓缩及未加糖或其他甜物质的乳及奶油, 含脂量超过1%,但不超过6%",309,荷兰,10,一般贸易,23,黑龙江省,256738,千克,0,?,"2,651,015"
202001,4012000,"未浓缩及未加糖或其他甜物质的乳及奶油, 含脂量超过1%,但不超过6%",309,荷兰,10,一般贸易,31,上海市,25289,千克,0,?,"122,188"
202001,4012000,"未浓缩及未加糖或其他甜物质的乳及奶油, 含脂量超过1%,但不超过6%",311,葡萄牙,10,一般贸易,52,贵州省,67500,千克,0,?,"198,635"
202001,4012000,"未浓缩及未加糖或其他甜物质的乳及奶油, 含脂量超过1%,但不超过6%",312,西班牙,10,一般贸易,11,北京市,12028,千克,0,?,"48,560"
202001,4012000,"未浓缩及未加糖或其他甜物质的乳及奶油, 含脂量超过1%,但不超过6%",312,西班牙,10,一般贸易,33,浙江省,46396,千克,0,?,"209,766"
202001,4012000,"未浓缩及未加糖或其他甜物质的乳及奶油, 含脂量超过1%,但不超过6%",312,西班牙,10,一般贸易,44,广东省,23130,千克,0,?,"100,056"
202001,4012000,"未浓缩及未加糖或其他甜物质的乳及奶油, 含脂量超过1%,但不超过6%",315,奥地利,10,一般贸易,12,天津市,17412,千克,0,?,"94,605"
202001,4012000,"未浓缩及未加糖或其他甜物质的乳及奶油, 含脂量超过1%,但不超过6%",315,奥地利,10,一般贸易,31,上海市,66892,千克,0,?,"291,734"
202001,4012000,"未浓缩及未加糖或其他甜物质的乳及奶油, 含脂量超过1%,但不超过6%",315,奥地利,10,一般贸易,33,浙江省,151092,千克,0,?,"820,933"
202001,4012000,"未浓缩及未加糖或其他甜物质的乳及奶油, 含脂量超过1%,但不超过6%",315,奥地利,10,一般贸易,35,福建省,682888,千克,0,?,"3,879,328"
202001,4012000,"未浓缩及未加糖或其他甜物质的乳及奶油, 含脂量超过1%,但不超过6%",315,奥地利,10,一般贸易,44,广东省,64800,千克,0,?,"352,080"
202001,4012000,"未浓缩及未加糖或其他甜物质的乳及奶油, 含脂量超过1%,但不超过6%",315,奥地利,33,保税监管场所进出境货物,31,上海市,22545,千克,0,?,"162,741"
202001,4012000,"未浓缩及未加糖或其他甜物质的乳及奶油, 含脂量超过1%,但不超过6%",327,波兰,10,一般贸易,11,北京市,3401364,千克,0,?,"13,310,436"
202001,4012000,"未浓缩及未加糖或其他甜物质的乳及奶油, 含脂量超过1%,但不超过6%",327,波兰,10,一般贸易,12,天津市,370407,千克,0,?,"1,479,343"
202001,4012000,"未浓缩及未加糖或其他甜物质的乳及奶油, 含脂量超过1%,但不超过6%",327,波兰,10,一般贸易,21,辽宁省,1472093,千克,0,?,"6,016,030"
202001,4012000,"未浓缩及未加糖或其他甜物质的乳及奶油, 含脂量超过1%,但不超过6%",327,波兰,10,一般贸易,31,上海市,594246,千克,0,?,"1,679,523"
202001,4012000,"未浓缩及未加糖或其他甜物质的乳及奶油, 含脂量超过1%,但不超过6%",327,波兰,10,一般贸易,33,浙江省,459793,千克,0,?,"2,451,712"
202001,4012000,"未浓缩及未加糖或其他甜物质的乳及奶油, 含脂量超过1%,但不超过6%",327,波兰,10,一般贸易,35,福建省,155435,千克,0,?,"615,078"
202001,4012000,"未浓缩及未加糖或其他甜物质的乳及奶油, 含脂量超过1%,但不超过6%",327,波兰,10,一般贸易,37,山东省,21030,千克,0,?,"99,379"
202001,4012000,"未浓缩及未加糖或其他甜物质的乳及奶油, 含脂量超过1%,但不超过6%",327,波兰,10,一般贸易,43,湖南省,35528,千克,0,?,"276,364"
202001,4012000,"未浓缩及未加糖或其他甜物质的乳及奶油, 含脂量超过1%,但不超过6%",327,波兰,10,一般贸易,44,广东省,411432,千克,0,?,"3,271,151"
202001,4012000,"未浓缩及未加糖或其他甜物质的乳及奶油, 含脂量超过1%,但不超过6%",327,波兰,10,一般贸易,65,新疆维吾尔自治区,460719,千克,0,?,"1,758,312"
202001,4012000,"未浓缩及未加糖或其他甜物质的乳及奶油, 含脂量超过1%,但不超过6%",327,波兰,33,保税监管场所进出境货物,31,上海市,21000,千克,0,?,"96,662"
202001,4012000,"未浓缩及未加糖或其他甜物质的乳及奶油, 含脂量超过1%,但不超过6%",331,瑞士,10,一般贸易,44,广东省,44200,千克,0,?,"414,084"
202001,4012000,"未浓缩及未加糖或其他甜物质的乳及奶油, 含脂量超过1%,但不超过6%",340,白俄罗斯,10,一般贸易,32,江苏省,16583,千克,0,?,"112,500"
202001,4012000,"未浓缩及未加糖或其他甜物质的乳及奶油, 含脂量超过1%,但不超过6%",340,白俄罗斯,10,一般贸易,41,河南省,172570,千克,0,?,"764,966"
202001,4012000,"未浓缩及未加糖或其他甜物质的乳及奶油, 含脂量超过1%,但不超过6%",344,俄罗斯,10,一般贸易,11,北京市,20694,千克,0,?,"123,257"
202001,4012000,"未浓缩及未加糖或其他甜物质的乳及奶油, 含脂量超过1%,但不超过6%",350,斯洛文尼亚,10,一般贸易,44,广东省,42909,千克,0,?,"217,429"
202001,4012000,"未浓缩及未加糖或其他甜物质的乳及奶油, 含脂量超过1%,但不超过6%",412,智利,10,一般贸易,42,湖北省,38934,千克,0,?,"174,823"
202001,4012000,"未浓缩及未加糖或其他甜物质的乳及奶油, 含脂量超过1%,但不超过6%",501,加拿大,10,一般贸易,11,北京市,3857,千克,0,?,"87,956"
202001,4012000,"未浓缩及未加糖或其他甜物质的乳及奶油, 含脂量超过1%,但不超过6%",502,美国,10,一般贸易,33,浙江省,681,千克,0,?,"65,105"
202001,4012000,"未浓缩及未加糖或其他甜物质的乳及奶油, 含脂量超过1%,但不超过6%",502,美国,10,一般贸易,35,福建省,666,千克,0,?,"27,153"
202001,4012000,"未浓缩及未加糖或其他甜物质的乳及奶油, 含脂量超过1%,但不超过6%",601,澳大利亚,10,一般贸易,11,北京市,115357,千克,0,?,"709,134"
202001,4012000,"未浓缩及未加糖或其他甜物质的乳及奶油, 含脂量超过1%,但不超过6%",601,澳大利亚,10,一般贸易,12,天津市,35980,千克,0,?,"310,398"
202001,4012000,"未浓缩及未加糖或其他甜物质的乳及奶油, 含脂量超过1%,但不超过6%",601,澳大利亚,10,一般贸易,31,上海市,1235684,千克,0,?,"8,545,715"
202001,4012000,"未浓缩及未加糖或其他甜物质的乳及奶油, 含脂量超过1%,但不超过6%",601,澳大利亚,10,一般贸易,32,江苏省,330944,千克,0,?,"2,033,156"
202001,4012000,"未浓缩及未加糖或其他甜物质的乳及奶油, 含脂量超过1%,但不超过6%",601,澳大利亚,10,一般贸易,33,浙江省,262630,千克,0,?,"2,800,320"
202001,4012000,"未浓缩及未加糖或其他甜物质的乳及奶油, 含脂量超过1%,但不超过6%",601,澳大利亚,10,一般贸易,35,福建省,2524,千克,0,?,"45,251"
202001,4012000,"未浓缩及未加糖或其他甜物质的乳及奶油, 含脂量超过1%,但不超过6%",601,澳大利亚,10,一般贸易,37,山东省,1533377,千克,0,?,"8,335,341"
202001,4012000,"未浓缩及未加糖或其他甜物质的乳及奶油, 含脂量超过1%,但不超过6%",601,澳大利亚,10,一般贸易,41,河南省,28020,千克,0,?,"268,741"
202001,4012000,"未浓缩及未加糖或其他甜物质的乳及奶油, 含脂量超过1%,但不超过6%",601,澳大利亚,10,一般贸易,43,湖南省,2312,千克,0,?,"45,438"
202001,4012000,"未浓缩及未加糖或其他甜物质的乳及奶油, 含脂量超过1%,但不超过6%",601,澳大利亚,10,一般贸易,44,广东省,370520,千克,0,?,"2,317,426"
202001,4012000,"未浓缩及未加糖或其他甜物质的乳及奶油, 含脂量超过1%,但不超过6%",601,澳大利亚,10,一般贸易,51,四川省,6455,千克,0,?,"68,822"
202001,4012000,"未浓缩及未加糖或其他甜物质的乳及奶油, 含脂量超过1%,但不超过6%",601,澳大利亚,33,保税监管场所进出境货物,31,上海市,27686,千克,0,?,"195,932"
202001,4012000,"未浓缩及未加糖或其他甜物质的乳及奶油, 含脂量超过1%,但不超过6%",601,澳大利亚,34,海关特殊监管区域物流货物,11,北京市,2608,千克,0,?,"48,190"
202001,4012000,"未浓缩及未加糖或其他甜物质的乳及奶油, 含脂量超过1%,但不超过6%",601,澳大利亚,34,海关特殊监管区域物流货物,31,上海市,317257,千克,0,?,"1,849,068"
202001,4012000,"未浓缩及未加糖或其他甜物质的乳及奶油, 含脂量超过1%,但不超过6%",601,澳大利亚,34,海关特殊监管区域物流货物,32,江苏省,5957,千克,0,?,"66,760"
202001,4012000,"未浓缩及未加糖或其他甜物质的乳及奶油, 含脂量超过1%,但不超过6%",609,新西兰,10,一般贸易,11,北京市,27557,千克,0,?,"254,016"
202001,4012000,"未浓缩及未加糖或其他甜物质的乳及奶油, 含脂量超过1%,但不超过6%",609,新西兰,10,一般贸易,12,天津市,6,千克,0,?,875
202001,4012000,"未浓缩及未加糖或其他甜物质的乳及奶油, 含脂量超过1%,但不超过6%",609,新西兰,10,一般贸易,15,内蒙古自治区,1401253,千克,0,?,"8,462,757"
202001,4012000,"未浓缩及未加糖或其他甜物质的乳及奶油, 含脂量超过1%,但不超过6%",609,新西兰,10,一般贸易,31,上海市,5951165,千克,0,?,"34,019,653"
202001,4012000,"未浓缩及未加糖或其他甜物质的乳及奶油, 含脂量超过1%,但不超过6%",609,新西兰,10,一般贸易,32,江苏省,125843,千克,0,?,"726,217"
202001,4012000,"未浓缩及未加糖或其他甜物质的乳及奶油, 含脂量超过1%,但不超过6%",609,新西兰,10,一般贸易,33,浙江省,11355,千克,0,?,"157,385"
202001,4012000,"未浓缩及未加糖或其他甜物质的乳及奶油, 含脂量超过1%,但不超过6%",609,新西兰,10,一般贸易,34,安徽省,5284153,千克,0,?,"56,342,812"
202001,4012000,"未浓缩及未加糖或其他甜物质的乳及奶油, 含脂量超过1%,但不超过6%",609,新西兰,10,一般贸易,37,山东省,30591,千克,0,?,"323,371"
202001,4012000,"未浓缩及未加糖或其他甜物质的乳及奶油, 含脂量超过1%,但不超过6%",609,新西兰,10,一般贸易,44,广东省,1257329,千克,0,?,"6,665,554"
202001,4012000,"未浓缩及未加糖或其他甜物质的乳及奶油, 含脂量超过1%,但不超过6%",609,新西兰,33,保税监管场所进出境货物,31,上海市,20606,千克,0,?,"462,300"
202001,4012000,"未浓缩及未加糖或其他甜物质的乳及奶油, 含脂量超过1%,但不超过6%",609,新西兰,34,海关特殊监管区域物流货物,31,上海市,19,千克,0,?,"3,239"
202001,4012000,"未浓缩及未加糖或其他甜物质的乳及奶油, 含脂量超过1%,但不超过6%",609,新西兰,34,海关特殊监管区域物流货物,33,浙江省,1980473,千克,0,?,"11,910,672"
202001,4015000,"未浓缩及未加糖或其他甜物质的乳及奶油, 含脂量超过10％",301,比利时,10,一般贸易,31,上海市,244436,千克,0,?,"4,799,963"
202001,4015000,"未浓缩及未加糖或其他甜物质的乳及奶油, 含脂量超过10％",303,英国,10,一般贸易,35,福建省,23756,千克,0,?,"443,333"
202001,4015000,"未浓缩及未加糖或其他甜物质的乳及奶油, 含脂量超过10％",303,英国,10,一般贸易,50,重庆市,852566,千克,0,?,"16,922,673"
202001,4015000,"未浓缩及未加糖或其他甜物质的乳及奶油, 含脂量超过10％",304,德国,10,一般贸易,11,北京市,82788,千克,0,?,"1,611,043"
202001,4015000,"未浓缩及未加糖或其他甜物质的乳及奶油, 含脂量超过10％",304,德国,10,一般贸易,31,上海市,119408,千克,0,?,"2,386,808"
202001,4015000,"未浓缩及未加糖或其他甜物质的乳及奶油, 含脂量超过10％",304,德国,10,一般贸易,44,广东省,42370,千克,0,?,"815,231"
202001,4015000,"未浓缩及未加糖或其他甜物质的乳及奶油, 含脂量超过10％",304,德国,33,保税监管场所进出境货物,31,上海市,7140,千克,0,?,"139,259"
202001,4015000,"未浓缩及未加糖或其他甜物质的乳及奶油, 含脂量超过10％",305,法国,10,一般贸易,11,北京市,494408,千克,0,?,"11,479,782"
202001,4015000,"未浓缩及未加糖或其他甜物质的乳及奶油, 含脂量超过10％",305,法国,10,一般贸易,31,上海市,1469014,千克,0,?,"32,310,604"
202001,4015000,"未浓缩及未加糖或其他甜物质的乳及奶油, 含脂量超过10％",305,法国,10,一般贸易,32,江苏省,154,千克,0,?,"8,290"
202001,4015000,"未浓缩及未加糖或其他甜物质的乳及奶油, 含脂量超过10％",305,法国,10,一般贸易,44,广东省,558703,千克,0,?,"12,930,318"
202001,4015000,"未浓缩及未加糖或其他甜物质的乳及奶油, 含脂量超过10％",305,法国,33,保税监管场所进出境货物,31,上海市,13733,千克,0,?,"411,734"
202001,4015000,"未浓缩及未加糖或其他甜物质的乳及奶油, 含脂量超过10％",305,法国,34,海关特殊监管区域物流货物,31,上海市,24,千克,0,?,506
202001,4015000,"未浓缩及未加糖或其他甜物质的乳及奶油, 含脂量超过10％",306,爱尔兰,10,一般贸易,31,上海市,216247,千克,0,?,"4,107,505"
202001,4015000,"未浓缩及未加糖或其他甜物质的乳及奶油, 含脂量超过10％",307,意大利,10,一般贸易,31,上海市,14160,千克,0,?,"281,193"
202001,4015000,"未浓缩及未加糖或其他甜物质的乳及奶油, 含脂量超过10％",307,意大利,10,一般贸易,33,浙江省,24200,千克,0,?,"509,757"
202001,4015000,"未浓缩及未加糖或其他甜物质的乳及奶油, 含脂量超过10％",307,意大利,34,海关特殊监管区域物流货物,31,上海市,69293,千克,0,?,"1,302,379"
202001,4015000,"未浓缩及未加糖或其他甜物质的乳及奶油, 含脂量超过10％",310,希腊,10,一般贸易,11,北京市,1152,千克,0,?,"44,937"
202001,4015000,"未浓缩及未加糖或其他甜物质的乳及奶油, 含脂量超过10％",312,西班牙,10,一般贸易,32,江苏省,463057,千克,0,?,"10,118,034"
202001,4015000,"未浓缩及未加糖或其他甜物质的乳及奶油, 含脂量超过10％",312,西班牙,10,一般贸易,42,湖北省,71760,千克,0,?,"1,123,654"
202001,4015000,"未浓缩及未加糖或其他甜物质的乳及奶油, 含脂量超过10％",601,澳大利亚,10,一般贸易,11,北京市,98880,千克,0,?,"2,421,487"
202001,4015000,"未浓缩及未加糖或其他甜物质的乳及奶油, 含脂量超过10％",601,澳大利亚,10,一般贸易,31,上海市,18700,千克,0,?,"138,562"
202001,4015000,"未浓缩及未加糖或其他甜物质的乳及奶油, 含脂量超过10％",601,澳大利亚,10,一般贸易,32,江苏省,23460,千克,0,?,"499,881"
202001,4015000,"未浓缩及未加糖或其他甜物质的乳及奶油, 含脂量超过10％",601,澳大利亚,10,一般贸易,44,广东省,54248,千克,0,?,"924,136"
202001,4015000,"未浓缩及未加糖或其他甜物质的乳及奶油, 含脂量超过10％",601,澳大利亚,33,保税监管场所进出境货物,31,上海市,12000,千克,0,?,"248,548"
202001,4015000,"未浓缩及未加糖或其他甜物质的乳及奶油, 含脂量超过10％",609,新西兰,10,一般贸易,11,北京市,130530,千克,0,?,"3,078,170"
202001,4015000,"未浓缩及未加糖或其他甜物质的乳及奶油, 含脂量超过10％",609,新西兰,10,一般贸易,12,天津市,25200,千克,0,?,"604,900"
202001,4015000,"未浓缩及未加糖或其他甜物质的乳及奶油, 含脂量超过10％",609,新西兰,10,一般贸易,31,上海市,679774,千克,0,?,"13,484,272"
202001,4015000,"未浓缩及未加糖或其他甜物质的乳及奶油, 含脂量超过10％",609,新西兰,10,一般贸易,33,浙江省,49780,千克,0,?,"1,206,749"
202001,4015000,"未浓缩及未加糖或其他甜物质的乳及奶油, 含脂量超过10％",609,新西兰,10,一般贸易,35,福建省,9427528,千克,0,?,"215,455,329"
202001,4015000,"未浓缩及未加糖或其他甜物质的乳及奶油, 含脂量超过10％",609,新西兰,10,一般贸易,44,广东省,197760,千克,0,?,"3,816,384"
202001,4021000,"粉状、粒状或其他固状乳及奶油,含脂量≤1.5％",112,印度尼西亚,34,海关特殊监管区域物流货物,21,辽宁省,2701,千克,0,?,"101,735"
202001,4021000,"粉状、粒状或其他固状乳及奶油,含脂量≤1.5％",301,比利时,10,一般贸易,34,安徽省,25000,千克,0,?,"486,285"
202001,4021000,"粉状、粒状或其他固状乳及奶油,含脂量≤1.5％",302,丹麦,10,一般贸易,11,北京市,52000,千克,0,?,"891,769"
202001,4021000,"粉状、粒状或其他固状乳及奶油,含脂量≤1.5％",302,丹麦,10,一般贸易,12,天津市,608000,千克,0,?,"10,604,042"
202001,4021000,"粉状、粒状或其他固状乳及奶油,含脂量≤1.5％",302,丹麦,10,一般贸易,31,上海市,26000,千克,0,?,"496,822"
202001,4021000,"粉状、粒状或其他固状乳及奶油,含脂量≤1.5％",304,德国,10,一般贸易,11,北京市,40000,千克,0,?,"779,280"
202001,4021000,"粉状、粒状或其他固状乳及奶油,含脂量≤1.5％",304,德国,10,一般贸易,15,内蒙古自治区,150000,千克,0,?,"2,785,096"
202001,4021000,"粉状、粒状或其他固状乳及奶油,含脂量≤1.5％",304,德国,10,一般贸易,32,江苏省,50000,千克,0,?,"932,291"
202001,4021000,"粉状、粒状或其他固状乳及奶油,含脂量≤1.5％",304,德国,10,一般贸易,34,安徽省,34460,千克,0,?,"1,505,522"
202001,4021000,"粉状、粒状或其他固状乳及奶油,含脂量≤1.5％",304,德国,10,一般贸易,35,福建省,200000,千克,0,?,"3,778,326"
202001,4021000,"粉状、粒状或其他固状乳及奶油,含脂量≤1.5％",304,德国,10,一般贸易,37,山东省,150000,千克,0,?,"2,957,196"
202001,4021000,"粉状、粒状或其他固状乳及奶油,含脂量≤1.5％",304,德国,10,一般贸易,42,湖北省,8,千克,0,?,525
202001,4021000,"粉状、粒状或其他固状乳及奶油,含脂量≤1.5％",304,德国,34,海关特殊监管区域物流货物,21,辽宁省,24,千克,0,?,"1,309"
202001,4021000,"粉状、粒状或其他固状乳及奶油,含脂量≤1.5％",304,德国,34,海关特殊监管区域物流货物,31,上海市,200000,千克,0,?,"3,373,906"
202001,4021000,"粉状、粒状或其他固状乳及奶油,含脂量≤1.5％",305,法国,10,一般贸易,13,河北省,25000,千克,0,?,"585,120"
202001,4021000,"粉状、粒状或其他固状乳及奶油,含脂量≤1.5％",305,法国,10,一般贸易,31,上海市,149000,千克,0,?,"2,834,030"
202001,4021000,"粉状、粒状或其他固状乳及奶油,含脂量≤1.5％",305,法国,10,一般贸易,32,江苏省,299925,千克,0,?,"5,078,480"
202001,4021000,"粉状、粒状或其他固状乳及奶油,含脂量≤1.5％",305,法国,10,一般贸易,37,山东省,155500,千克,0,?,"4,227,026"
202001,4021000,"粉状、粒状或其他固状乳及奶油,含脂量≤1.5％",305,法国,33,保税监管场所进出境货物,37,山东省,66300,千克,0,?,"1,810,362"
202001,4021000,"粉状、粒状或其他固状乳及奶油,含脂量≤1.5％",305,法国,34,海关特殊监管区域物流货物,12,天津市,250000,千克,0,?,"4,280,049"
202001,4021000,"粉状、粒状或其他固状乳及奶油,含脂量≤1.5％",305,法国,34,海关特殊监管区域物流货物,31,上海市,302696,千克,0,?,"5,426,925"
202001,4021000,"粉状、粒状或其他固状乳及奶油,含脂量≤1.5％",306,爱尔兰,10,一般贸易,12,天津市,100000,千克,0,?,"1,750,679"
202001,4021000,"粉状、粒状或其他固状乳及奶油,含脂量≤1.5％",306,爱尔兰,10,一般贸易,23,黑龙江省,200000,千克,0,?,"3,367,226"
202001,4021000,"粉状、粒状或其他固状乳及奶油,含脂量≤1.5％",306,爱尔兰,10,一般贸易,44,广东省,3602,千克,0,?,"110,994"
202001,4021000,"粉状、粒状或其他固状乳及奶油,含脂量≤1.5％",306,爱尔兰,33,保税监管场所进出境货物,44,广东省,197900,千克,0,?,"3,705,448"
202001,4021000,"粉状、粒状或其他固状乳及奶油,含脂量≤1.5％",306,爱尔兰,34,海关特殊监管区域物流货物,12,天津市,99850,千克,0,?,"1,617,570"
202001,4021000,"粉状、粒状或其他固状乳及奶油,含脂量≤1.5％",307,意大利,10,一般贸易,31,上海市,7,千克,0,?,439
202001,4021000,"粉状、粒状或其他固状乳及奶油,含脂量≤1.5％",309,荷兰,10,一般贸易,31,上海市,9,千克,0,?,648
202001,4021000,"粉状、粒状或其他固状乳及奶油,含脂量≤1.5％",309,荷兰,10,一般贸易,41,河南省,14,千克,0,?,983
202001,4021000,"粉状、粒状或其他固状乳及奶油,含脂量≤1.5％",309,荷兰,10,一般贸易,42,湖北省,8055,千克,0,?,"144,990"
202001,4021000,"粉状、粒状或其他固状乳及奶油,含脂量≤1.5％",309,荷兰,10,一般贸易,44,广东省,25500,千克,0,?,"497,165"
202001,4021000,"粉状、粒状或其他固状乳及奶油,含脂量≤1.5％",309,荷兰,34,海关特殊监管区域物流货物,31,上海市,83501,千克,0,?,"2,241,606"
202001,4021000,"粉状、粒状或其他固状乳及奶油,含脂量≤1.5％",312,西班牙,10,一般贸易,35,福建省,48850,千克,0,?,"2,667,757"
202001,4021000,"粉状、粒状或其他固状乳及奶油,含脂量≤1.5％",318,芬兰,10,一般贸易,31,上海市,1433000,千克,0,?,"20,965,800"
202001,4021000,"粉状、粒状或其他固状乳及奶油,含脂量≤1.5％",327,波兰,10,一般贸易,11,北京市,132000,千克,0,?,"2,509,003"
202001,4021000,"粉状、粒状或其他固状乳及奶油,含脂量≤1.5％",327,波兰,10,一般贸易,44,广东省,11,千克,0,?,"2,379"
202001,4021000,"粉状、粒状或其他固状乳及奶油,含脂量≤1.5％",330,瑞典,10,一般贸易,33,浙江省,1,千克,0,?,816
202001,4021000,"粉状、粒状或其他固状乳及奶油,含脂量≤1.5％",331,瑞士,10,一般贸易,12,天津市,200000,千克,0,?,"3,758,328"
202001,4021000,"粉状、粒状或其他固状乳及奶油,含脂量≤1.5％",331,瑞士,10,一般贸易,31,上海市,100000,千克,0,?,"2,088,576"
202001,4021000,"粉状、粒状或其他固状乳及奶油,含脂量≤1.5％",331,瑞士,10,一般贸易,32,江苏省,100000,千克,0,?,"2,134,056"
202001,4021000,"粉状、粒状或其他固状乳及奶油,含脂量≤1.5％",331,瑞士,10,一般贸易,34,安徽省,150000,千克,0,?,"3,060,508"
202001,4021000,"粉状、粒状或其他固状乳及奶油,含脂量≤1.5％",331,瑞士,10,一般贸易,35,福建省,100000,千克,0,?,"2,102,568"
202001,4021000,"粉状、粒状或其他固状乳及奶油,含脂量≤1.5％",331,瑞士,10,一般贸易,37,山东省,46800,千克,0,?,"957,806"
202001,4021000,"粉状、粒状或其他固状乳及奶油,含脂量≤1.5％",331,瑞士,34,海关特殊监管区域物流货物,31,上海市,100000,千克,0,?,"2,029,100"
202001,4021000,"粉状、粒状或其他固状乳及奶油,含脂量≤1.5％",340,白俄罗斯,10,一般贸易,44,广东省,175000,千克,0,?,"2,847,748"
202001,4021000,"粉状、粒状或其他固状乳及奶油,含脂量≤1.5％",340,白俄罗斯,33,保税监管场所进出境货物,50,重庆市,650000,千克,0,?,"10,005,580"
202001,4021000,"粉状、粒状或其他固状乳及奶油,含脂量≤1.5％",402,阿根廷,10,一般贸易,11,北京市,403200,千克,0,?,"7,477,458"
202001,4021000,"粉状、粒状或其他固状乳及奶油,含脂量≤1.5％",402,阿根廷,10,一般贸易,35,福建省,100800,千克,0,?,"1,798,483"
202001,4021000,"粉状、粒状或其他固状乳及奶油,含脂量≤1.5％",502,美国,10,一般贸易,11,北京市,3,千克,0,?,"1,725"
202001,4021000,"粉状、粒状或其他固状乳及奶油,含脂量≤1.5％",502,美国,10,一般贸易,23,黑龙江省,67500,千克,0,?,"1,397,437"
202001,4021000,"粉状、粒状或其他固状乳及奶油,含脂量≤1.5％",502,美国,33,保税监管场所进出境货物,31,上海市,79925,千克,0,?,"1,395,591"
202001,4021000,"粉状、粒状或其他固状乳及奶油,含脂量≤1.5％",601,澳大利亚,10,一般贸易,11,北京市,484485,千克,0,?,"11,503,370"
202001,4021000,"粉状、粒状或其他固状乳及奶油,含脂量≤1.5％",601,澳大利亚,10,一般贸易,12,天津市,31809,千克,0,?,"1,499,763"
202001,4021000,"粉状、粒状或其他固状乳及奶油,含脂量≤1.5％",601,澳大利亚,10,一般贸易,31,上海市,641486,千克,0,?,"13,044,129"
202001,4021000,"粉状、粒状或其他固状乳及奶油,含脂量≤1.5％",601,澳大利亚,10,一般贸易,32,江苏省,110150,千克,0,?,"2,215,949"
202001,4021000,"粉状、粒状或其他固状乳及奶油,含脂量≤1.5％",601,澳大利亚,10,一般贸易,33,浙江省,238920,千克,0,?,"10,803,484"
202001,4021000,"粉状、粒状或其他固状乳及奶油,含脂量≤1.5％",601,澳大利亚,10,一般贸易,34,安徽省,316215,千克,0,?,"7,976,256"
202001,4021000,"粉状、粒状或其他固状乳及奶油,含脂量≤1.5％",601,澳大利亚,10,一般贸易,35,福建省,715200,千克,0,?,"13,033,338"
202001,4021000,"粉状、粒状或其他固状乳及奶油,含脂量≤1.5％",601,澳大利亚,10,一般贸易,37,山东省,127849,千克,0,?,"4,477,969"
202001,4021000,"粉状、粒状或其他固状乳及奶油,含脂量≤1.5％",601,澳大利亚,10,一般贸易,41,河南省,2744,千克,0,?,"225,170"
202001,4021000,"粉状、粒状或其他固状乳及奶油,含脂量≤1.5％",601,澳大利亚,10,一般贸易,44,广东省,14805,千克,0,?,"911,987"
202001,4021000,"粉状、粒状或其他固状乳及奶油,含脂量≤1.5％",601,澳大利亚,10,一般贸易,46,海南省,5642,千克,0,?,"232,449"
202001,4021000,"粉状、粒状或其他固状乳及奶油,含脂量≤1.5％",601,澳大利亚,10,一般贸易,50,重庆市,1860,千克,0,?,"113,093"
202001,4021000,"粉状、粒状或其他固状乳及奶油,含脂量≤1.5％",601,澳大利亚,10,一般贸易,51,四川省,20636,千克,0,?,"861,554"
202001,4021000,"粉状、粒状或其他固状乳及奶油,含脂量≤1.5％",601,澳大利亚,10,一般贸易,52,贵州省,12,千克,0,?,910
202001,4021000,"粉状、粒状或其他固状乳及奶油,含脂量≤1.5％",601,澳大利亚,34,海关特殊监管区域物流货物,31,上海市,104400,千克,0,?,"2,164,567"
202001,4021000,"粉状、粒状或其他固状乳及奶油,含脂量≤1.5％",609,新西兰,10,一般贸易,11,北京市,929035,千克,0,?,"17,389,901"
202001,4021000,"粉状、粒状或其他固状乳及奶油,含脂量≤1.5％",609,新西兰,10,一般贸易,12,天津市,2310576,千克,0,?,"47,988,032"
202001,4021000,"粉状、粒状或其他固状乳及奶油,含脂量≤1.5％",609,新西兰,10,一般贸易,15,内蒙古自治区,15800100,千克,0,?,"298,721,517"
202001,4021000,"粉状、粒状或其他固状乳及奶油,含脂量≤1.5％",609,新西兰,10,一般贸易,23,黑龙江省,297000,千克,0,?,"5,691,169"
202001,4021000,"粉状、粒状或其他固状乳及奶油,含脂量≤1.5％",609,新西兰,10,一般贸易,31,上海市,4091405,千克,0,?,"77,574,892"
202001,4021000,"粉状、粒状或其他固状乳及奶油,含脂量≤1.5％",609,新西兰,10,一般贸易,32,江苏省,1367925,千克,0,?,"26,186,267"
202001,4021000,"粉状、粒状或其他固状乳及奶油,含脂量≤1.5％",609,新西兰,10,一般贸易,33,浙江省,1732488,千克,0,?,"33,066,265"
202001,4021000,"粉状、粒状或其他固状乳及奶油,含脂量≤1.5％",609,新西兰,10,一般贸易,34,安徽省,395975,千克,0,?,"7,452,832"
202001,4021000,"粉状、粒状或其他固状乳及奶油,含脂量≤1.5％",609,新西兰,10,一般贸易,35,福建省,992815,千克,0,?,"18,777,284"
202001,4021000,"粉状、粒状或其他固状乳及奶油,含脂量≤1.5％",609,新西兰,10,一般贸易,36,江西省,100600,千克,0,?,"1,889,236"
202001,4021000,"粉状、粒状或其他固状乳及奶油,含脂量≤1.5％",609,新西兰,10,一般贸易,37,山东省,306745,千克,0,?,"5,750,152"
202001,4021000,"粉状、粒状或其他固状乳及奶油,含脂量≤1.5％",609,新西兰,10,一般贸易,42,湖北省,7674,千克,0,?,"246,937"
202001,4021000,"粉状、粒状或其他固状乳及奶油,含脂量≤1.5％",609,新西兰,10,一般贸易,44,广东省,731206,千克,0,?,"14,218,137"
202001,4021000,"粉状、粒状或其他固状乳及奶油,含脂量≤1.5％",609,新西兰,10,一般贸易,46,海南省,177,千克,0,?,"12,328"
202001,4021000,"粉状、粒状或其他固状乳及奶油,含脂量≤1.5％",609,新西兰,10,一般贸易,50,重庆市,3537,千克,0,?,"111,822"
202001,4021000,"粉状、粒状或其他固状乳及奶油,含脂量≤1.5％",609,新西兰,10,一般贸易,51,四川省,491240,千克,0,?,"9,200,089"
202001,4021000,"粉状、粒状或其他固状乳及奶油,含脂量≤1.5％",609,新西兰,34,海关特殊监管区域物流货物,12,天津市,572000,千克,0,?,"10,810,150"
202001,4021000,"粉状、粒状或其他固状乳及奶油,含脂量≤1.5％",609,新西兰,34,海关特殊监管区域物流货物,31,上海市,235739,千克,0,?,"4,862,116"
202001,4022100,"粉状、粒状或其他固状乳及奶油,含脂量＞1.5％,未加糖或其他甜物质",110,中国香港,34,海关特殊监管区域物流货物,21,辽宁省,10,千克,0,?,"1,335"
202001,4022100,"粉状、粒状或其他固状乳及奶油,含脂量＞1.5％,未加糖或其他甜物质",122,马来西亚,10,一般贸易,42,湖北省,1020,千克,0,?,"45,000"
202001,4022100,"粉状、粒状或其他固状乳及奶油,含脂量＞1.5％,未加糖或其他甜物质",132,新加坡,10,一般贸易,33,浙江省,189,千克,0,?,"26,311"
202001,4022100,"粉状、粒状或其他固状乳及奶油,含脂量＞1.5％,未加糖或其他甜物质",143,中国台湾,10,一般贸易,42,湖北省,8011,千克,0,?,"426,780"
202001,4022100,"粉状、粒状或其他固状乳及奶油,含脂量＞1.5％,未加糖或其他甜物质",304,德国,10,一般贸易,33,浙江省,210,千克,0,?,"21,948"
202001,4022100,"粉状、粒状或其他固状乳及奶油,含脂量＞1.5％,未加糖或其他甜物质",304,德国,10,一般贸易,36,江西省,17280,千克,0,?,"876,276"
202001,4022100,"粉状、粒状或其他固状乳及奶油,含脂量＞1.5％,未加糖或其他甜物质",305,法国,10,一般贸易,13,河北省,64850,千克,0,?,"1,895,358"
202001,4022100,"粉状、粒状或其他固状乳及奶油,含脂量＞1.5％,未加糖或其他甜物质",305,法国,10,一般贸易,31,上海市,4320,千克,0,?,"417,528"
202001,4022100,"粉状、粒状或其他固状乳及奶油,含脂量＞1.5％,未加糖或其他甜物质",305,法国,33,保税监管场所进出境货物,37,山东省,237425,千克,0,?,"8,372,373"
202001,4022100,"粉状、粒状或其他固状乳及奶油,含脂量＞1.5％,未加糖或其他甜物质",306,爱尔兰,10,一般贸易,44,广东省,3823,千克,0,?,"134,222"
202001,4022100,"粉状、粒状或其他固状乳及奶油,含脂量＞1.5％,未加糖或其他甜物质",307,意大利,10,一般贸易,31,上海市,67,千克,0,?,"3,893"
202001,4022100,"粉状、粒状或其他固状乳及奶油,含脂量＞1.5％,未加糖或其他甜物质",307,意大利,10,一般贸易,44,广东省,26000,千克,0,?,"572,013"
202001,4022100,"粉状、粒状或其他固状乳及奶油,含脂量＞1.5％,未加糖或其他甜物质",309,荷兰,10,一般贸易,13,河北省,50900,千克,0,?,"2,204,783"
202001,4022100,"粉状、粒状或其他固状乳及奶油,含脂量＞1.5％,未加糖或其他甜物质",309,荷兰,10,一般贸易,31,上海市,60114,千克,0,?,"2,635,590"
202001,4022100,"粉状、粒状或其他固状乳及奶油,含脂量＞1.5％,未加糖或其他甜物质",309,荷兰,10,一般贸易,33,浙江省,3284,千克,0,?,"109,988"
202001,4022100,"粉状、粒状或其他固状乳及奶油,含脂量＞1.5％,未加糖或其他甜物质",309,荷兰,10,一般贸易,35,福建省,92000,千克,0,?,"5,218,309"
202001,4022100,"粉状、粒状或其他固状乳及奶油,含脂量＞1.5％,未加糖或其他甜物质",309,荷兰,10,一般贸易,42,湖北省,4080,千克,0,?,"336,000"
202001,4022100,"粉状、粒状或其他固状乳及奶油,含脂量＞1.5％,未加糖或其他甜物质",309,荷兰,10,一般贸易,44,广东省,432,千克,0,?,"9,498"
202001,4022100,"粉状、粒状或其他固状乳及奶油,含脂量＞1.5％,未加糖或其他甜物质",309,荷兰,10,一般贸易,51,四川省,800,千克,0,?,"115,668"
202001,4022100,"粉状、粒状或其他固状乳及奶油,含脂量＞1.5％,未加糖或其他甜物质",309,荷兰,33,保税监管场所进出境货物,51,四川省,16330,千克,0,?,"566,209"
202001,4022100,"粉状、粒状或其他固状乳及奶油,含脂量＞1.5％,未加糖或其他甜物质",309,荷兰,34,海关特殊监管区域物流货物,31,上海市,6998,千克,0,?,"232,075"
202001,4022100,"粉状、粒状或其他固状乳及奶油,含脂量＞1.5％,未加糖或其他甜物质",309,荷兰,34,海关特殊监管区域物流货物,37,山东省,36180,千克,0,?,"3,118,280"
202001,4022100,"粉状、粒状或其他固状乳及奶油,含脂量＞1.5％,未加糖或其他甜物质",315,奥地利,10,一般贸易,11,北京市,5,千克,0,?,812
202001,4022100,"粉状、粒状或其他固状乳及奶油,含脂量＞1.5％,未加糖或其他甜物质",315,奥地利,10,一般贸易,33,浙江省,780,千克,0,?,"18,864"
202001,4022100,"粉状、粒状或其他固状乳及奶油,含脂量＞1.5％,未加糖或其他甜物质",327,波兰,10,一般贸易,43,湖南省,4704,千克,0,?,"128,708"
202001,4022100,"粉状、粒状或其他固状乳及奶油,含脂量＞1.5％,未加糖或其他甜物质",344,俄罗斯,34,海关特殊监管区域物流货物,21,辽宁省,29,千克,0,?,"3,195"
202001,4022100,"粉状、粒状或其他固状乳及奶油,含脂量＞1.5％,未加糖或其他甜物质",412,智利,10,一般贸易,31,上海市,275000,千克,0,?,"5,997,568"
202001,4022100,"粉状、粒状或其他固状乳及奶油,含脂量＞1.5％,未加糖或其他甜物质",444,乌拉圭,10,一般贸易,34,安徽省,100000,千克,0,?,"2,140,457"
202001,4022100,"粉状、粒状或其他固状乳及奶油,含脂量＞1.5％,未加糖或其他甜物质",444,乌拉圭,34,海关特殊监管区域物流货物,12,天津市,1000000,千克,0,?,"21,701,938"
202001,4022100,"粉状、粒状或其他固状乳及奶油,含脂量＞1.5％,未加糖或其他甜物质",502,美国,34,海关特殊监管区域物流货物,31,上海市,204,千克,0,?,"6,877"
202001,4022100,"粉状、粒状或其他固状乳及奶油,含脂量＞1.5％,未加糖或其他甜物质",601,澳大利亚,10,一般贸易,11,北京市,92928,千克,0,?,"8,141,033"
202001,4022100,"粉状、粒状或其他固状乳及奶油,含脂量＞1.5％,未加糖或其他甜物质",601,澳大利亚,10,一般贸易,12,天津市,37440,千克,0,?,"1,931,338"
202001,4022100,"粉状、粒状或其他固状乳及奶油,含脂量＞1.5％,未加糖或其他甜物质",601,澳大利亚,10,一般贸易,31,上海市,121252,千克,0,?,"4,498,232"
202001,4022100,"粉状、粒状或其他固状乳及奶油,含脂量＞1.5％,未加糖或其他甜物质",601,澳大利亚,10,一般贸易,32,江苏省,5000,千克,0,?,"143,865"
202001,4022100,"粉状、粒状或其他固状乳及奶油,含脂量＞1.5％,未加糖或其他甜物质",601,澳大利亚,10,一般贸易,33,浙江省,211058,千克,0,?,"14,278,845"
202001,4022100,"粉状、粒状或其他固状乳及奶油,含脂量＞1.5％,未加糖或其他甜物质",601,澳大利亚,10,一般贸易,34,安徽省,526182,千克,0,?,"18,224,131"
202001,4022100,"粉状、粒状或其他固状乳及奶油,含脂量＞1.5％,未加糖或其他甜物质",601,澳大利亚,10,一般贸易,37,山东省,289184,千克,0,?,"9,871,013"
202001,4022100,"粉状、粒状或其他固状乳及奶油,含脂量＞1.5％,未加糖或其他甜物质",601,澳大利亚,10,一般贸易,41,河南省,26583,千克,0,?,"2,014,731"
202001,4022100,"粉状、粒状或其他固状乳及奶油,含脂量＞1.5％,未加糖或其他甜物质",601,澳大利亚,10,一般贸易,44,广东省,43577,千克,0,?,"2,919,657"
202001,4022100,"粉状、粒状或其他固状乳及奶油,含脂量＞1.5％,未加糖或其他甜物质",601,澳大利亚,10,一般贸易,46,海南省,1029,千克,0,?,"83,838"
202001,4022100,"粉状、粒状或其他固状乳及奶油,含脂量＞1.5％,未加糖或其他甜物质",601,澳大利亚,10,一般贸易,50,重庆市,33272,千克,0,?,"2,383,884"
202001,4022100,"粉状、粒状或其他固状乳及奶油,含脂量＞1.5％,未加糖或其他甜物质",601,澳大利亚,10,一般贸易,51,四川省,30076,千克,0,?,"1,300,997"
202001,4022100,"粉状、粒状或其他固状乳及奶油,含脂量＞1.5％,未加糖或其他甜物质",601,澳大利亚,10,一般贸易,52,贵州省,24,千克,0,?,"1,820"
202001,4022100,"粉状、粒状或其他固状乳及奶油,含脂量＞1.5％,未加糖或其他甜物质",601,澳大利亚,34,海关特殊监管区域物流货物,31,上海市,17755,千克,0,?,"699,813"
202001,4022100,"粉状、粒状或其他固状乳及奶油,含脂量＞1.5％,未加糖或其他甜物质",609,新西兰,10,一般贸易,11,北京市,4466050,千克,0,?,"99,967,619"
202001,4022100,"粉状、粒状或其他固状乳及奶油,含脂量＞1.5％,未加糖或其他甜物质",609,新西兰,10,一般贸易,12,天津市,31076359,千克,0,?,"719,088,444"
202001,4022100,"粉状、粒状或其他固状乳及奶油,含脂量＞1.5％,未加糖或其他甜物质",609,新西兰,10,一般贸易,15,内蒙古自治区,25170350,千克,0,?,"569,528,018"
202001,4022100,"粉状、粒状或其他固状乳及奶油,含脂量＞1.5％,未加糖或其他甜物质",609,新西兰,10,一般贸易,23,黑龙江省,877800,千克,0,?,"19,457,507"
202001,4022100,"粉状、粒状或其他固状乳及奶油,含脂量＞1.5％,未加糖或其他甜物质",609,新西兰,10,一般贸易,31,上海市,11616298,千克,0,?,"263,468,170"
202001,4022100,"粉状、粒状或其他固状乳及奶油,含脂量＞1.5％,未加糖或其他甜物质",609,新西兰,10,一般贸易,32,江苏省,4286129,千克,0,?,"99,700,965"
202001,4022100,"粉状、粒状或其他固状乳及奶油,含脂量＞1.5％,未加糖或其他甜物质",609,新西兰,10,一般贸易,33,浙江省,4012016,千克,0,?,"92,058,381"
202001,4022100,"粉状、粒状或其他固状乳及奶油,含脂量＞1.5％,未加糖或其他甜物质",609,新西兰,10,一般贸易,34,安徽省,5070325,千克,0,?,"118,020,273"
202001,4022100,"粉状、粒状或其他固状乳及奶油,含脂量＞1.5％,未加糖或其他甜物质",609,新西兰,10,一般贸易,35,福建省,7537466,千克,0,?,"173,268,880"
202001,4022100,"粉状、粒状或其他固状乳及奶油,含脂量＞1.5％,未加糖或其他甜物质",609,新西兰,10,一般贸易,36,江西省,496875,千克,0,?,"11,629,176"
202001,4022100,"粉状、粒状或其他固状乳及奶油,含脂量＞1.5％,未加糖或其他甜物质",609,新西兰,10,一般贸易,37,山东省,3372367,千克,0,?,"77,876,375"
202001,4022100,"粉状、粒状或其他固状乳及奶油,含脂量＞1.5％,未加糖或其他甜物质",609,新西兰,10,一般贸易,42,湖北省,66156,千克,0,?,"2,385,892"
202001,4022100,"粉状、粒状或其他固状乳及奶油,含脂量＞1.5％,未加糖或其他甜物质",609,新西兰,10,一般贸易,44,广东省,7776534,千克,0,?,"179,505,069"
202001,4022100,"粉状、粒状或其他固状乳及奶油,含脂量＞1.5％,未加糖或其他甜物质",609,新西兰,10,一般贸易,46,海南省,3509,千克,0,?,"207,161"
202001,4022100,"粉状、粒状或其他固状乳及奶油,含脂量＞1.5％,未加糖或其他甜物质",609,新西兰,10,一般贸易,50,重庆市,16862,千克,0,?,"570,827"
202001,4022100,"粉状、粒状或其他固状乳及奶油,含脂量＞1.5％,未加糖或其他甜物质",609,新西兰,10,一般贸易,51,四川省,6090785,千克,0,?,"139,997,096"
202001,4022100,"粉状、粒状或其他固状乳及奶油,含脂量＞1.5％,未加糖或其他甜物质",609,新西兰,33,保税监管场所进出境货物,13,河北省,768000,千克,0,?,"18,769,336"
202001,4022100,"粉状、粒状或其他固状乳及奶油,含脂量＞1.5％,未加糖或其他甜物质",609,新西兰,33,保税监管场所进出境货物,43,湖南省,806,千克,0,?,"35,700"
202001,4022100,"粉状、粒状或其他固状乳及奶油,含脂量＞1.5％,未加糖或其他甜物质",609,新西兰,33,保税监管场所进出境货物,44,广东省,2569475,千克,0,?,"57,003,923"
202001,4022100,"粉状、粒状或其他固状乳及奶油,含脂量＞1.5％,未加糖或其他甜物质",609,新西兰,34,海关特殊监管区域物流货物,12,天津市,17440977,千克,0,?,"392,816,245"
202001,4022100,"粉状、粒状或其他固状乳及奶油,含脂量＞1.5％,未加糖或其他甜物质",609,新西兰,34,海关特殊监管区域物流货物,31,上海市,295224,千克,0,?,"8,636,287"
202001,4022100,"粉状、粒状或其他固状乳及奶油,含脂量＞1.5％,未加糖或其他甜物质",609,新西兰,34,海关特殊监管区域物流货物,46,海南省,1122,千克,0,?,"1,106,015"
202001,4022900,"粉状、粒状或其他固状乳及奶油,含脂量＞1.5％,加糖或其他甜物质",132,新加坡,10,一般贸易,12,天津市,184,千克,0,?,"25,559"
202001,4022900,"粉状、粒状或其他固状乳及奶油,含脂量＞1.5％,加糖或其他甜物质",132,新加坡,10,一般贸易,33,浙江省,130,千克,0,?,"24,649"
202001,4022900,"粉状、粒状或其他固状乳及奶油,含脂量＞1.5％,加糖或其他甜物质",132,新加坡,10,一般贸易,42,湖北省,20520,千克,0,?,"1,587,000"
202001,4022900,"粉状、粒状或其他固状乳及奶油,含脂量＞1.5％,加糖或其他甜物质",133,韩国,34,海关特殊监管区域物流货物,37,山东省,3515,千克,0,?,"447,045"
202001,4022900,"粉状、粒状或其他固状乳及奶油,含脂量＞1.5％,加糖或其他甜物质",143,中国台湾,10,一般贸易,33,浙江省,2315,千克,0,?,"165,641"
202001,4022900,"粉状、粒状或其他固状乳及奶油,含脂量＞1.5％,加糖或其他甜物质",309,荷兰,10,一般贸易,33,浙江省,10238,千克,0,?,"443,755"
202001,4022900,"粉状、粒状或其他固状乳及奶油,含脂量＞1.5％,加糖或其他甜物质",309,荷兰,10,一般贸易,41,河南省,150,千克,0,?,"6,927"
202001,4022900,"粉状、粒状或其他固状乳及奶油,含脂量＞1.5％,加糖或其他甜物质",309,荷兰,10,一般贸易,42,湖北省,5610,千克,0,?,"462,000"
202001,4022900,"粉状、粒状或其他固状乳及奶油,含脂量＞1.5％,加糖或其他甜物质",309,荷兰,10,一般贸易,50,重庆市,1145,千克,0,?,"47,745"
202001,4022900,"粉状、粒状或其他固状乳及奶油,含脂量＞1.5％,加糖或其他甜物质",309,荷兰,10,一般贸易,51,四川省,709,千克,0,?,"102,720"
202001,4022900,"粉状、粒状或其他固状乳及奶油,含脂量＞1.5％,加糖或其他甜物质",315,奥地利,10,一般贸易,33,浙江省,12720,千克,0,?,"331,974"
202001,4022900,"粉状、粒状或其他固状乳及奶油,含脂量＞1.5％,加糖或其他甜物质",502,美国,34,海关特殊监管区域物流货物,21,辽宁省,301,千克,0,?,"35,173"
202001,4022900,"粉状、粒状或其他固状乳及奶油,含脂量＞1.5％,加糖或其他甜物质",601,澳大利亚,10,一般贸易,12,天津市,85304,千克,0,?,"1,630,526"
202001,4022900,"粉状、粒状或其他固状乳及奶油,含脂量＞1.5％,加糖或其他甜物质",601,澳大利亚,10,一般贸易,33,浙江省,37632,千克,0,?,"4,010,778"
202001,4022900,"粉状、粒状或其他固状乳及奶油,含脂量＞1.5％,加糖或其他甜物质",601,澳大利亚,10,一般贸易,37,山东省,20165,千克,0,?,"1,494,165"
202001,4022900,"粉状、粒状或其他固状乳及奶油,含脂量＞1.5％,加糖或其他甜物质",601,澳大利亚,10,一般贸易,41,河南省,164,千克,0,?,"99,924"
202001,4022900,"粉状、粒状或其他固状乳及奶油,含脂量＞1.5％,加糖或其他甜物质",601,澳大利亚,10,一般贸易,44,广东省,118923,千克,0,?,"13,520,165"
202001,4022900,"粉状、粒状或其他固状乳及奶油,含脂量＞1.5％,加糖或其他甜物质",601,澳大利亚,10,一般贸易,50,重庆市,10,千克,0,?,921
202001,4022900,"粉状、粒状或其他固状乳及奶油,含脂量＞1.5％,加糖或其他甜物质",601,澳大利亚,10,一般贸易,51,四川省,2043,千克,0,?,"226,531"
202001,4022900,"粉状、粒状或其他固状乳及奶油,含脂量＞1.5％,加糖或其他甜物质",601,澳大利亚,34,海关特殊监管区域物流货物,31,上海市,9600,千克,0,?,"391,312"
202001,4022900,"粉状、粒状或其他固状乳及奶油,含脂量＞1.5％,加糖或其他甜物质",609,新西兰,10,一般贸易,33,浙江省,17761,千克,0,?,"1,199,391"
202001,4022900,"粉状、粒状或其他固状乳及奶油,含脂量＞1.5％,加糖或其他甜物质",609,新西兰,10,一般贸易,37,山东省,389,千克,0,?,"24,181"
202001,4022900,"粉状、粒状或其他固状乳及奶油,含脂量＞1.5％,加糖或其他甜物质",609,新西兰,10,一般贸易,41,河南省,21,千克,0,?,"4,522"
202001,4022900,"粉状、粒状或其他固状乳及奶油,含脂量＞1.5％,加糖或其他甜物质",609,新西兰,10,一般贸易,44,广东省,14904,千克,0,?,"928,235"
202001,4022900,"粉状、粒状或其他固状乳及奶油,含脂量＞1.5％,加糖或其他甜物质",609,新西兰,10,一般贸易,50,重庆市,1602,千克,0,?,"106,160"
202001,4029100,"非固状乳及奶油,未加糖或其他甜物质",133,韩国,33,保税监管场所进出境货物,44,广东省,6,千克,0,?,291
202001,4029100,"非固状乳及奶油,未加糖或其他甜物质",304,德国,33,保税监管场所进出境货物,42,湖北省,2,千克,0,?,37
202001,4029100,"非固状乳及奶油,未加糖或其他甜物质",305,法国,33,保税监管场所进出境货物,31,上海市,115,千克,0,?,"6,610"
202001,4029100,"非固状乳及奶油,未加糖或其他甜物质",309,荷兰,10,一般贸易,31,上海市,168960,千克,0,?,"2,170,872"
202001,4029100,"非固状乳及奶油,未加糖或其他甜物质",309,荷兰,10,一般贸易,44,广东省,270336,千克,0,?,"3,473,395"
202001,4029100,"非固状乳及奶油,未加糖或其他甜物质",309,荷兰,34,海关特殊监管区域物流货物,31,上海市,202752,千克,0,?,"2,605,046"
202001,4029100,"非固状乳及奶油,未加糖或其他甜物质",336,立陶宛,10,一般贸易,44,广东省,18106,千克,0,?,"211,859"
202001,4029100,"非固状乳及奶油,未加糖或其他甜物质",601,澳大利亚,10,一般贸易,11,北京市,347541,千克,0,?,"3,113,194"
202001,4029100,"非固状乳及奶油,未加糖或其他甜物质",601,澳大利亚,10,一般贸易,31,上海市,58780,千克,0,?,"2,118,081"
202001,4029900,"非固状乳及奶油,加糖或其他甜物质",122,马来西亚,10,一般贸易,11,北京市,75600,千克,0,?,"970,826"
202001,4029900,"非固状乳及奶油,加糖或其他甜物质",122,马来西亚,34,海关特殊监管区域物流货物,21,辽宁省,190872,千克,0,?,"1,080,788"
202001,4029900,"非固状乳及奶油,加糖或其他甜物质",304,德国,10,一般贸易,34,安徽省,173425,千克,0,?,"2,171,553"
202001,4029900,"非固状乳及奶油,加糖或其他甜物质",304,德国,10,一般贸易,44,广东省,20000,千克,0,?,"250,400"
202001,4029900,"非固状乳及奶油,加糖或其他甜物质",309,荷兰,10,一般贸易,31,上海市,37752,千克,0,?,"463,312"
202001,4029900,"非固状乳及奶油,加糖或其他甜物质",309,荷兰,10,一般贸易,44,广东省,94517,千克,0,?,"1,260,136"
202001,4029900,"非固状乳及奶油,加糖或其他甜物质",310,希腊,10,一般贸易,11,北京市,1728,千克,0,?,"60,665"
202001,4029900,"非固状乳及奶油,加糖或其他甜物质",601,澳大利亚,10,一般贸易,42,湖北省,1,千克,0,?,382
202001,4029900,"非固状乳及奶油,加糖或其他甜物质",601,澳大利亚,10,一般贸易,44,广东省,450,千克,0,?,"25,973"
202001,4029900,"非固状乳及奶油,加糖或其他甜物质",601,澳大利亚,34,海关特殊监管区域物流货物,31,上海市,47395,千克,0,?,"522,127"
202001,4031000,酸乳,133,韩国,10,一般贸易,37,山东省,2333,千克,0,?,"48,967"
202001,4031000,酸乳,304,德国,10,一般贸易,11,北京市,132060,千克,0,?,"1,249,251"
202001,4031000,酸乳,304,德国,10,一般贸易,31,上海市,1006666,千克,0,?,"9,085,618"
202001,4031000,酸乳,304,德国,10,一般贸易,32,江苏省,73649,千克,0,?,"694,703"
202001,4031000,酸乳,304,德国,10,一般贸易,33,浙江省,5440,千克,0,?,"190,400"
202001,4031000,酸乳,304,德国,10,一般贸易,44,广东省,12583,千克,0,?,"416,658"
202001,4031000,酸乳,304,德国,33,保税监管场所进出境货物,31,上海市,10800,千克,0,?,"103,917"
202001,4031000,酸乳,304,德国,34,海关特殊监管区域物流货物,21,辽宁省,83,千克,0,?,990
202001,4031000,酸乳,305,法国,10,一般贸易,33,浙江省,50,千克,0,?,598
202001,4031000,酸乳,305,法国,34,海关特殊监管区域物流货物,31,上海市,10625,千克,0,?,"336,542"
202001,4031000,酸乳,306,爱尔兰,34,海关特殊监管区域物流货物,31,上海市,9500,千克,0,?,"448,256"
202001,4031000,酸乳,310,希腊,10,一般贸易,11,北京市,2041,千克,0,?,"120,598"
202001,4031000,酸乳,310,希腊,33,保税监管场所进出境货物,31,上海市,242,千克,0,?,"13,132"
202001,4031000,酸乳,312,西班牙,10,一般贸易,11,北京市,38088,千克,0,?,"686,696"
202001,4031000,酸乳,312,西班牙,10,一般贸易,31,上海市,75354,千克,0,?,"1,001,685"
202001,4031000,酸乳,315,奥地利,10,一般贸易,35,福建省,115029,千克,0,?,"897,396"
202001,4031000,酸乳,315,奥地利,10,一般贸易,44,广东省,18523,千克,0,?,"158,962"
202001,4031000,酸乳,315,奥地利,33,保税监管场所进出境货物,33,浙江省,20612,千克,0,?,"150,989"
202001,4031000,酸乳,331,瑞士,10,一般贸易,44,广东省,38551,千克,0,?,"1,201,753"
202001,4031000,酸乳,502,美国,10,一般贸易,11,北京市,1534,千克,0,?,"51,237"
202001,4031000,酸乳,502,美国,10,一般贸易,44,广东省,0,千克,0,?,23
202001,4031000,酸乳,601,澳大利亚,10,一般贸易,11,北京市,8176,千克,0,?,"255,663"
202001,4031000,酸乳,601,澳大利亚,10,一般贸易,31,上海市,4700,千克,0,?,"111,064"
202001,4031000,酸乳,601,澳大利亚,10,一般贸易,61,陕西省,885,千克,0,?,"31,209"
202001,4031000,酸乳,601,澳大利亚,34,海关特殊监管区域物流货物,44,广东省,4251,千克,0,?,"120,306"
202001,4031000,酸乳,609,新西兰,10,一般贸易,31,上海市,60664,千克,0,?,"757,753"
202001,4031000,酸乳,609,新西兰,33,保税监管场所进出境货物,31,上海市,4978,千克,0,?,"291,319"
202001,4039000,其他酪乳、结块的乳及奶油、酸乳酒及其他发酵或酸化的乳和奶油,302,丹麦,10,一般贸易,21,辽宁省,143,千克,0,?,"15,826"
202001,4039000,其他酪乳、结块的乳及奶油、酸乳酒及其他发酵或酸化的乳和奶油,302,丹麦,10,一般贸易,50,重庆市,65,千克,0,?,"5,206"
202001,4039000,其他酪乳、结块的乳及奶油、酸乳酒及其他发酵或酸化的乳和奶油,304,德国,10,一般贸易,31,上海市,2400,千克,0,?,"61,726"
202001,4039000,其他酪乳、结块的乳及奶油、酸乳酒及其他发酵或酸化的乳和奶油,304,德国,10,一般贸易,44,广东省,1,千克,0,?,485
202001,4039000,其他酪乳、结块的乳及奶油、酸乳酒及其他发酵或酸化的乳和奶油,304,德国,33,保税监管场所进出境货物,31,上海市,3468,千克,0,?,"72,149"
202001,4039000,其他酪乳、结块的乳及奶油、酸乳酒及其他发酵或酸化的乳和奶油,305,法国,10,一般贸易,31,上海市,101,千克,0,?,"5,762"
202001,4039000,其他酪乳、结块的乳及奶油、酸乳酒及其他发酵或酸化的乳和奶油,312,西班牙,10,一般贸易,31,上海市,19602,千克,0,?,"337,448"
202001,4039000,其他酪乳、结块的乳及奶油、酸乳酒及其他发酵或酸化的乳和奶油,502,美国,10,一般贸易,12,天津市,1075,千克,0,?,"59,509"
202001,4039000,其他酪乳、结块的乳及奶油、酸乳酒及其他发酵或酸化的乳和奶油,502,美国,10,一般贸易,31,上海市,19777,千克,0,?,"231,654"
202001,4039000,其他酪乳、结块的乳及奶油、酸乳酒及其他发酵或酸化的乳和奶油,601,澳大利亚,10,一般贸易,44,广东省,2,千克,0,?,270
202001,4039000,其他酪乳、结块的乳及奶油、酸乳酒及其他发酵或酸化的乳和奶油,609,新西兰,10,一般贸易,12,天津市,25600,千克,0,?,"452,794"
202001,4039000,其他酪乳、结块的乳及奶油、酸乳酒及其他发酵或酸化的乳和奶油,609,新西兰,10,一般贸易,33,浙江省,25600,千克,0,?,"503,304"
202001,4039000,其他酪乳、结块的乳及奶油、酸乳酒及其他发酵或酸化的乳和奶油,609,新西兰,10,一般贸易,44,广东省,51200,千克,0,?,"996,527"
202001,4041000,"乳清及改性乳清,不论是否浓缩、加糖或其他甜物质",132,新加坡,10,一般贸易,12,天津市,156800,千克,0,?,"6,253,550"
202001,4041000,"乳清及改性乳清,不论是否浓缩、加糖或其他甜物质",132,新加坡,10,一般贸易,32,江苏省,67200,千克,0,?,"2,944,956"
202001,4041000,"乳清及改性乳清,不论是否浓缩、加糖或其他甜物质",133,韩国,10,一般贸易,37,山东省,96375,千克,0,?,"3,373,125"
202001,4041000,"乳清及改性乳清,不论是否浓缩、加糖或其他甜物质",301,比利时,10,一般贸易,11,北京市,99975,千克,0,?,"1,142,649"
202001,4041000,"乳清及改性乳清,不论是否浓缩、加糖或其他甜物质",301,比利时,10,一般贸易,35,福建省,243600,千克,0,?,"3,106,534"
202001,4041000,"乳清及改性乳清,不论是否浓缩、加糖或其他甜物质",302,丹麦,10,一般贸易,11,北京市,157965,千克,0,?,"11,151,771"
202001,4041000,"乳清及改性乳清,不论是否浓缩、加糖或其他甜物质",302,丹麦,10,一般贸易,31,上海市,25330,千克,0,?,"1,060,071"
202001,4041000,"乳清及改性乳清,不论是否浓缩、加糖或其他甜物质",303,英国,10,一般贸易,31,上海市,199625,千克,0,?,"2,095,134"
202001,4041000,"乳清及改性乳清,不论是否浓缩、加糖或其他甜物质",304,德国,10,一般贸易,11,北京市,208000,千克,0,?,"3,032,511"
202001,4041000,"乳清及改性乳清,不论是否浓缩、加糖或其他甜物质",304,德国,10,一般贸易,15,内蒙古自治区,72000,千克,0,?,"1,731,129"
202001,4041000,"乳清及改性乳清,不论是否浓缩、加糖或其他甜物质",304,德国,10,一般贸易,21,辽宁省,408000,千克,0,?,"6,260,928"
202001,4041000,"乳清及改性乳清,不论是否浓缩、加糖或其他甜物质",304,德国,10,一般贸易,23,黑龙江省,188400,千克,0,?,"4,242,908"
202001,4041000,"乳清及改性乳清,不论是否浓缩、加糖或其他甜物质",304,德国,10,一般贸易,31,上海市,192500,千克,0,?,"2,781,262"
202001,4041000,"乳清及改性乳清,不论是否浓缩、加糖或其他甜物质",304,德国,10,一般贸易,32,江苏省,50000,千克,0,?,"358,874"
202001,4041000,"乳清及改性乳清,不论是否浓缩、加糖或其他甜物质",304,德国,10,一般贸易,33,浙江省,200000,千克,0,?,"1,435,390"
202001,4041000,"乳清及改性乳清,不论是否浓缩、加糖或其他甜物质",304,德国,10,一般贸易,34,安徽省,75000,千克,0,?,"918,343"
202001,4041000,"乳清及改性乳清,不论是否浓缩、加糖或其他甜物质",304,德国,10,一般贸易,44,广东省,148000,千克,0,?,"1,051,757"
202001,4041000,"乳清及改性乳清,不论是否浓缩、加糖或其他甜物质",305,法国,10,一般贸易,11,北京市,665335,千克,0,?,"9,659,665"
202001,4041000,"乳清及改性乳清,不论是否浓缩、加糖或其他甜物质",305,法国,10,一般贸易,15,内蒙古自治区,145000,千克,0,?,"2,684,327"
202001,4041000,"乳清及改性乳清,不论是否浓缩、加糖或其他甜物质",305,法国,10,一般贸易,21,辽宁省,998575,千克,0,?,"10,797,675"
202001,4041000,"乳清及改性乳清,不论是否浓缩、加糖或其他甜物质",305,法国,10,一般贸易,23,黑龙江省,374000,千克,0,?,"5,125,676"
202001,4041000,"乳清及改性乳清,不论是否浓缩、加糖或其他甜物质",305,法国,10,一般贸易,31,上海市,864001,千克,0,?,"9,297,134"
202001,4041000,"乳清及改性乳清,不论是否浓缩、加糖或其他甜物质",305,法国,10,一般贸易,32,江苏省,195975,千克,0,?,"1,757,681"
202001,4041000,"乳清及改性乳清,不论是否浓缩、加糖或其他甜物质",305,法国,10,一般贸易,34,安徽省,159650,千克,0,?,"2,281,539"
202001,4041000,"乳清及改性乳清,不论是否浓缩、加糖或其他甜物质",305,法国,10,一般贸易,35,福建省,445925,千克,0,?,"6,570,199"
202001,4041000,"乳清及改性乳清,不论是否浓缩、加糖或其他甜物质",305,法国,10,一般贸易,37,山东省,406258,千克,0,?,"11,023,520"
202001,4041000,"乳清及改性乳清,不论是否浓缩、加糖或其他甜物质",305,法国,33,保税监管场所进出境货物,31,上海市,48000,千克,0,?,"355,753"
202001,4041000,"乳清及改性乳清,不论是否浓缩、加糖或其他甜物质",305,法国,33,保税监管场所进出境货物,37,山东省,237604,千克,0,?,"10,440,853"
202001,4041000,"乳清及改性乳清,不论是否浓缩、加糖或其他甜物质",305,法国,34,海关特殊监管区域物流货物,31,上海市,20000,千克,0,?,"236,540"
202001,4041000,"乳清及改性乳清,不论是否浓缩、加糖或其他甜物质",306,爱尔兰,10,一般贸易,12,天津市,282800,千克,0,?,"3,548,712"
202001,4041000,"乳清及改性乳清,不论是否浓缩、加糖或其他甜物质",306,爱尔兰,10,一般贸易,15,内蒙古自治区,300000,千克,0,?,"3,528,474"
202001,4041000,"乳清及改性乳清,不论是否浓缩、加糖或其他甜物质",306,爱尔兰,10,一般贸易,37,山东省,20000,千克,0,?,"137,139"
202001,4041000,"乳清及改性乳清,不论是否浓缩、加糖或其他甜物质",306,爱尔兰,34,海关特殊监管区域物流货物,12,天津市,222750,千克,0,?,"2,561,625"
202001,4041000,"乳清及改性乳清,不论是否浓缩、加糖或其他甜物质",307,意大利,10,一般贸易,34,安徽省,78450,千克,0,?,"4,385,474"
202001,4041000,"乳清及改性乳清,不论是否浓缩、加糖或其他甜物质",307,意大利,10,一般贸易,37,山东省,50175,千克,0,?,"2,935,840"
202001,4041000,"乳清及改性乳清,不论是否浓缩、加糖或其他甜物质",307,意大利,34,海关特殊监管区域物流货物,12,天津市,40760,千克,0,?,"1,266,283"
202001,4041000,"乳清及改性乳清,不论是否浓缩、加糖或其他甜物质",309,荷兰,10,一般贸易,11,北京市,204000,千克,0,?,"572,950"
202001,4041000,"乳清及改性乳清,不论是否浓缩、加糖或其他甜物质",309,荷兰,10,一般贸易,12,天津市,76500,千克,0,?,"782,673"
202001,4041000,"乳清及改性乳清,不论是否浓缩、加糖或其他甜物质",309,荷兰,10,一般贸易,21,辽宁省,75000,千克,0,?,"1,218,510"
202001,4041000,"乳清及改性乳清,不论是否浓缩、加糖或其他甜物质",309,荷兰,10,一般贸易,31,上海市,1049500,千克,0,?,"16,087,819"
202001,4041000,"乳清及改性乳清,不论是否浓缩、加糖或其他甜物质",309,荷兰,10,一般贸易,32,江苏省,300000,千克,0,?,"4,591,243"
202001,4041000,"乳清及改性乳清,不论是否浓缩、加糖或其他甜物质",309,荷兰,10,一般贸易,33,浙江省,274750,千克,0,?,"1,506,468"
202001,4041000,"乳清及改性乳清,不论是否浓缩、加糖或其他甜物质",309,荷兰,10,一般贸易,34,安徽省,200000,千克,0,?,"755,665"
202001,4041000,"乳清及改性乳清,不论是否浓缩、加糖或其他甜物质",309,荷兰,10,一般贸易,35,福建省,425000,千克,0,?,"1,678,225"
202001,4041000,"乳清及改性乳清,不论是否浓缩、加糖或其他甜物质",309,荷兰,34,海关特殊监管区域物流货物,31,上海市,50000,千克,0,?,"702,144"
202001,4041000,"乳清及改性乳清,不论是否浓缩、加糖或其他甜物质",312,西班牙,10,一般贸易,31,上海市,24000,千克,0,?,"170,200"
202001,4041000,"乳清及改性乳清,不论是否浓缩、加糖或其他甜物质",312,西班牙,34,海关特殊监管区域物流货物,12,天津市,50000,千克,0,?,"1,560,320"
202001,4041000,"乳清及改性乳清,不论是否浓缩、加糖或其他甜物质",318,芬兰,10,一般贸易,31,上海市,775000,千克,0,?,"8,185,000"
202001,4041000,"乳清及改性乳清,不论是否浓缩、加糖或其他甜物质",327,波兰,10,一般贸易,11,北京市,354000,千克,0,?,"2,470,357"
202001,4041000,"乳清及改性乳清,不论是否浓缩、加糖或其他甜物质",327,波兰,10,一般贸易,31,上海市,505000,千克,0,?,"3,329,825"
202001,4041000,"乳清及改性乳清,不论是否浓缩、加糖或其他甜物质",327,波兰,10,一般贸易,32,江苏省,115000,千克,0,?,"740,272"
202001,4041000,"乳清及改性乳清,不论是否浓缩、加糖或其他甜物质",327,波兰,10,一般贸易,34,安徽省,447500,千克,0,?,"2,713,223"
202001,4041000,"乳清及改性乳清,不论是否浓缩、加糖或其他甜物质",327,波兰,10,一般贸易,35,福建省,557000,千克,0,?,"3,026,769"
202001,4041000,"乳清及改性乳清,不论是否浓缩、加糖或其他甜物质",327,波兰,10,一般贸易,44,广东省,220000,千克,0,?,"1,369,994"
202001,4041000,"乳清及改性乳清,不论是否浓缩、加糖或其他甜物质",327,波兰,10,一般贸易,65,新疆维吾尔自治区,663000,千克,0,?,"4,568,080"
202001,4041000,"乳清及改性乳清,不论是否浓缩、加糖或其他甜物质",327,波兰,15,进料加工贸易,31,上海市,110000,千克,0,?,"781,231"
202001,4041000,"乳清及改性乳清,不论是否浓缩、加糖或其他甜物质",334,爱沙尼亚,10,一般贸易,34,安徽省,39925,千克,0,?,"1,962,317"
202001,4041000,"乳清及改性乳清,不论是否浓缩、加糖或其他甜物质",336,立陶宛,10,一般贸易,34,安徽省,400000,千克,0,?,"1,315,417"
202001,4041000,"乳清及改性乳清,不论是否浓缩、加糖或其他甜物质",336,立陶宛,10,一般贸易,35,福建省,75000,千克,0,?,"467,043"
202001,4041000,"乳清及改性乳清,不论是否浓缩、加糖或其他甜物质",340,白俄罗斯,10,一般贸易,12,天津市,150000,千克,0,?,"902,600"
202001,4041000,"乳清及改性乳清,不论是否浓缩、加糖或其他甜物质",340,白俄罗斯,10,一般贸易,21,辽宁省,18000,千克,0,?,"182,619"
202001,4041000,"乳清及改性乳清,不论是否浓缩、加糖或其他甜物质",340,白俄罗斯,10,一般贸易,22,吉林省,824975,千克,0,?,"4,562,787"
202001,4041000,"乳清及改性乳清,不论是否浓缩、加糖或其他甜物质",340,白俄罗斯,10,一般贸易,23,黑龙江省,25575,千克,0,?,"162,850"
202001,4041000,"乳清及改性乳清,不论是否浓缩、加糖或其他甜物质",340,白俄罗斯,10,一般贸易,32,江苏省,100000,千克,0,?,"601,733"
202001,4041000,"乳清及改性乳清,不论是否浓缩、加糖或其他甜物质",340,白俄罗斯,10,一般贸易,34,安徽省,725000,千克,0,?,"4,224,378"
202001,4041000,"乳清及改性乳清,不论是否浓缩、加糖或其他甜物质",340,白俄罗斯,10,一般贸易,35,福建省,300000,千克,0,?,"1,731,341"
202001,4041000,"乳清及改性乳清,不论是否浓缩、加糖或其他甜物质",340,白俄罗斯,10,一般贸易,37,山东省,350000,千克,0,?,"2,190,029"
202001,4041000,"乳清及改性乳清,不论是否浓缩、加糖或其他甜物质",340,白俄罗斯,10,一般贸易,44,广东省,500000,千克,0,?,"2,873,248"
202001,4041000,"乳清及改性乳清,不论是否浓缩、加糖或其他甜物质",340,白俄罗斯,10,一般贸易,65,新疆维吾尔自治区,100000,千克,0,?,"519,170"
202001,4041000,"乳清及改性乳清,不论是否浓缩、加糖或其他甜物质",340,白俄罗斯,33,保税监管场所进出境货物,50,重庆市,375000,千克,0,?,"1,941,645"
202001,4041000,"乳清及改性乳清,不论是否浓缩、加糖或其他甜物质",347,乌克兰,10,一般贸易,11,北京市,250000,千克,0,?,"1,574,149"
202001,4041000,"乳清及改性乳清,不论是否浓缩、加糖或其他甜物质",347,乌克兰,10,一般贸易,12,天津市,225000,千克,0,?,"1,513,080"
202001,4041000,"乳清及改性乳清,不论是否浓缩、加糖或其他甜物质",352,捷克,10,一般贸易,37,山东省,96000,千克,0,?,"927,810"
202001,4041000,"乳清及改性乳清,不论是否浓缩、加糖或其他甜物质",402,阿根廷,10,一般贸易,11,北京市,425000,千克,0,?,"3,841,664"
202001,4041000,"乳清及改性乳清,不论是否浓缩、加糖或其他甜物质",402,阿根廷,10,一般贸易,23,黑龙江省,150000,千克,0,?,"2,268,533"
202001,4041000,"乳清及改性乳清,不论是否浓缩、加糖或其他甜物质",402,阿根廷,10,一般贸易,31,上海市,200800,千克,0,?,"1,216,481"
202001,4041000,"乳清及改性乳清,不论是否浓缩、加糖或其他甜物质",402,阿根廷,10,一般贸易,32,江苏省,50400,千克,0,?,"313,853"
202001,4041000,"乳清及改性乳清,不论是否浓缩、加糖或其他甜物质",402,阿根廷,10,一般贸易,34,安徽省,220160,千克,0,?,"2,574,440"
202001,4041000,"乳清及改性乳清,不论是否浓缩、加糖或其他甜物质",402,阿根廷,10,一般贸易,35,福建省,99950,千克,0,?,"656,670"
202001,4041000,"乳清及改性乳清,不论是否浓缩、加糖或其他甜物质",402,阿根廷,10,一般贸易,44,广东省,604000,千克,0,?,"3,443,874"
202001,4041000,"乳清及改性乳清,不论是否浓缩、加糖或其他甜物质",412,智利,10,一般贸易,32,江苏省,200000,千克,0,?,"1,294,426"
202001,4041000,"乳清及改性乳清,不论是否浓缩、加糖或其他甜物质",412,智利,10,一般贸易,44,广东省,100000,千克,0,?,"655,603"
202001,4041000,"乳清及改性乳清,不论是否浓缩、加糖或其他甜物质",444,乌拉圭,10,一般贸易,35,福建省,150000,千克,0,?,"1,089,404"
202001,4041000,"乳清及改性乳清,不论是否浓缩、加糖或其他甜物质",502,美国,10,一般贸易,11,北京市,5901727,千克,0,?,"15,917,174"
202001,4041000,"乳清及改性乳清,不论是否浓缩、加糖或其他甜物质",502,美国,10,一般贸易,12,天津市,449470,千克,0,?,"6,388,755"
202001,4041000,"乳清及改性乳清,不论是否浓缩、加糖或其他甜物质",502,美国,10,一般贸易,15,内蒙古自治区,299175,千克,0,?,"6,865,117"
202001,4041000,"乳清及改性乳清,不论是否浓缩、加糖或其他甜物质",502,美国,10,一般贸易,21,辽宁省,241750,千克,0,?,"742,051"
202001,4041000,"乳清及改性乳清,不论是否浓缩、加糖或其他甜物质",502,美国,10,一般贸易,31,上海市,791675,千克,0,?,"2,333,850"
202001,4041000,"乳清及改性乳清,不论是否浓缩、加糖或其他甜物质",502,美国,10,一般贸易,32,江苏省,36860,千克,0,?,"1,964,593"
202001,4041000,"乳清及改性乳清,不论是否浓缩、加糖或其他甜物质",502,美国,10,一般贸易,33,浙江省,661775,千克,0,?,"1,866,327"
202001,4041000,"乳清及改性乳清,不论是否浓缩、加糖或其他甜物质",502,美国,10,一般贸易,34,安徽省,1213360,千克,0,?,"4,694,251"
202001,4041000,"乳清及改性乳清,不论是否浓缩、加糖或其他甜物质",502,美国,10,一般贸易,35,福建省,5712200,千克,0,?,"17,552,068"
202001,4041000,"乳清及改性乳清,不论是否浓缩、加糖或其他甜物质",502,美国,10,一般贸易,37,山东省,812975,千克,0,?,"2,907,759"
202001,4041000,"乳清及改性乳清,不论是否浓缩、加糖或其他甜物质",502,美国,10,一般贸易,44,广东省,120000,千克,0,?,"486,985"
202001,4041000,"乳清及改性乳清,不论是否浓缩、加糖或其他甜物质",502,美国,34,海关特殊监管区域物流货物,12,天津市,156000,千克,0,?,"1,571,464"
202001,4041000,"乳清及改性乳清,不论是否浓缩、加糖或其他甜物质",502,美国,34,海关特殊监管区域物流货物,31,上海市,232750,千克,0,?,"1,302,504"
202001,4041000,"乳清及改性乳清,不论是否浓缩、加糖或其他甜物质",601,澳大利亚,10,一般贸易,32,江苏省,71925,千克,0,?,"690,190"
202001,4041000,"乳清及改性乳清,不论是否浓缩、加糖或其他甜物质",601,澳大利亚,10,一般贸易,44,广东省,446657,千克,0,?,"8,935,008"
202001,4041000,"乳清及改性乳清,不论是否浓缩、加糖或其他甜物质",609,新西兰,10,一般贸易,31,上海市,46400,千克,0,?,"1,558,350"
202001,4041000,"乳清及改性乳清,不论是否浓缩、加糖或其他甜物质",609,新西兰,10,一般贸易,33,浙江省,83145,千克,0,?,"1,633,850"
202001,4041000,"乳清及改性乳清,不论是否浓缩、加糖或其他甜物质",609,新西兰,10,一般贸易,35,福建省,4675,千克,0,?,"179,908"
202001,4041000,"乳清及改性乳清,不论是否浓缩、加糖或其他甜物质",609,新西兰,10,一般贸易,44,广东省,53650,千克,0,?,"448,959"
202001,4049000,"未列名含天然乳产品,不论是否加糖或其他甜物质",133,韩国,10,一般贸易,44,广东省,20,千克,0,?,686
202001,4049000,"未列名含天然乳产品,不论是否加糖或其他甜物质",143,中国台湾,10,一般贸易,21,辽宁省,2,千克,0,?,729
202001,4049000,"未列名含天然乳产品,不论是否加糖或其他甜物质",143,中国台湾,10,一般贸易,35,福建省,600,千克,0,?,"7,347"
202001,4049000,"未列名含天然乳产品,不论是否加糖或其他甜物质",143,中国台湾,10,一般贸易,44,广东省,66,千克,0,?,"1,950"
202001,4049000,"未列名含天然乳产品,不论是否加糖或其他甜物质",143,中国台湾,39,其他,35,福建省,4620,千克,0,?,"56,570"
202001,4049000,"未列名含天然乳产品,不论是否加糖或其他甜物质",303,英国,10,一般贸易,23,黑龙江省,76,千克,0,?,"4,420"
202001,4049000,"未列名含天然乳产品,不论是否加糖或其他甜物质",307,意大利,10,一般贸易,31,上海市,293,千克,0,?,"8,468"
202001,4049000,"未列名含天然乳产品,不论是否加糖或其他甜物质",307,意大利,10,一般贸易,33,浙江省,2,千克,0,?,169
202001,4049000,"未列名含天然乳产品,不论是否加糖或其他甜物质",309,荷兰,10,一般贸易,44,广东省,10721,千克,0,?,"365,832"
202001,4049000,"未列名含天然乳产品,不论是否加糖或其他甜物质",312,西班牙,10,一般贸易,31,上海市,1,千克,0,?,434
202001,4049000,"未列名含天然乳产品,不论是否加糖或其他甜物质",318,芬兰,34,海关特殊监管区域物流货物,31,上海市,8400,千克,0,?,"264,180"
202001,4049000,"未列名含天然乳产品,不论是否加糖或其他甜物质",327,波兰,10,一般贸易,33,浙江省,1344,千克,0,?,"15,728"
202001,4049000,"未列名含天然乳产品,不论是否加糖或其他甜物质",340,白俄罗斯,10,一般贸易,31,上海市,25000,千克,0,?,"428,560"
202001,4049000,"未列名含天然乳产品,不论是否加糖或其他甜物质",502,美国,10,一般贸易,23,黑龙江省,1665,千克,0,?,"149,614"
202001,4049000,"未列名含天然乳产品,不论是否加糖或其他甜物质",502,美国,10,一般贸易,33,浙江省,183,千克,0,?,"14,574"
202001,4049000,"未列名含天然乳产品,不论是否加糖或其他甜物质",601,澳大利亚,10,一般贸易,11,北京市,25849,千克,0,?,"165,935"
202001,4049000,"未列名含天然乳产品,不论是否加糖或其他甜物质",601,澳大利亚,10,一般贸易,31,上海市,38000,千克,0,?,"438,706"
202001,4049000,"未列名含天然乳产品,不论是否加糖或其他甜物质",601,澳大利亚,10,一般贸易,44,广东省,40,千克,0,?,"1,856"
202001,4049000,"未列名含天然乳产品,不论是否加糖或其他甜物质",601,澳大利亚,34,海关特殊监管区域物流货物,31,上海市,7469,千克,0,?,"46,768"
202001,4049000,"未列名含天然乳产品,不论是否加糖或其他甜物质",609,新西兰,10,一般贸易,11,北京市,22650,千克,0,?,"1,228,218"
202001,4049000,"未列名含天然乳产品,不论是否加糖或其他甜物质",609,新西兰,10,一般贸易,12,天津市,12800,千克,0,?,"555,274"
202001,4049000,"未列名含天然乳产品,不论是否加糖或其他甜物质",609,新西兰,10,一般贸易,23,黑龙江省,27,千克,0,?,"1,704"
202001,4049000,"未列名含天然乳产品,不论是否加糖或其他甜物质",609,新西兰,10,一般贸易,35,福建省,12800,千克,0,?,"555,274"
202001,4051000,黄油,141,越南,34,海关特殊监管区域物流货物,21,辽宁省,792,千克,0,?,"8,570"
202001,4051000,黄油,301,比利时,10,一般贸易,31,上海市,22400,千克,0,?,"883,240"
202001,4051000,黄油,301,比利时,10,一般贸易,44,广东省,22400,千克,0,?,"917,468"
202001,4051000,黄油,303,英国,10,一般贸易,37,山东省,40,千克,0,?,"1,404"
202001,4051000,黄油,304,德国,10,一般贸易,34,安徽省,175000,千克,0,?,"5,324,592"
202001,4051000,黄油,305,法国,10,一般贸易,11,北京市,47121,千克,0,?,"2,762,852"
202001,4051000,黄油,305,法国,10,一般贸易,31,上海市,117835,千克,0,?,"5,444,786"
202001,4051000,黄油,305,法国,10,一般贸易,44,广东省,21968,千克,0,?,"1,314,628"
202001,4051000,黄油,305,法国,33,保税监管场所进出境货物,31,上海市,90221,千克,0,?,"5,546,661"
202001,4051000,黄油,305,法国,34,海关特殊监管区域物流货物,31,上海市,40,千克,0,?,"1,888"
202001,4051000,黄油,305,法国,34,海关特殊监管区域物流货物,32,江苏省,23040,千克,0,?,"844,820"
202001,4051000,黄油,306,爱尔兰,10,一般贸易,11,北京市,25000,千克,0,?,"753,916"
202001,4051000,黄油,307,意大利,10,一般贸易,31,上海市,10008,千克,0,?,"371,984"
202001,4051000,黄油,309,荷兰,10,一般贸易,12,天津市,7700,千克,0,?,"281,050"
202001,4051000,黄油,309,荷兰,10,一般贸易,31,上海市,109800,千克,0,?,"3,595,950"
202001,4051000,黄油,309,荷兰,10,一般贸易,42,湖北省,16000,千克,0,?,"617,075"
202001,4051000,黄油,309,荷兰,10,一般贸易,44,广东省,44000,千克,0,?,"1,399,200"
202001,4051000,黄油,502,美国,10,一般贸易,31,上海市,9,千克,0,?,"1,571"
202001,4051000,黄油,601,澳大利亚,10,一般贸易,31,上海市,25000,千克,0,?,"857,120"
202001,4051000,黄油,609,新西兰,10,一般贸易,11,北京市,476975,千克,0,?,"14,714,949"
202001,4051000,黄油,609,新西兰,10,一般贸易,12,天津市,629300,千克,0,?,"19,134,892"
202001,4051000,黄油,609,新西兰,10,一般贸易,15,内蒙古自治区,75575,千克,0,?,"2,235,488"
202001,4051000,黄油,609,新西兰,10,一般贸易,31,上海市,3282865,千克,0,?,"103,466,248"
202001,4051000,黄油,609,新西兰,10,一般贸易,33,浙江省,451525,千克,0,?,"13,581,313"
202001,4051000,黄油,609,新西兰,10,一般贸易,35,福建省,13046869,千克,0,?,"412,746,936"
202001,4051000,黄油,609,新西兰,10,一般贸易,44,广东省,642100,千克,0,?,"19,962,500"
202001,4051000,黄油,609,新西兰,10,一般贸易,51,四川省,371335,千克,0,?,"13,046,360"
202001,4059000,其他从乳中提取的脂和油,301,比利时,10,一般贸易,31,上海市,44800,千克,0,?,"2,110,190"
202001,4059000,其他从乳中提取的脂和油,301,比利时,10,一般贸易,35,福建省,20000,千克,0,?,"819,168"
202001,4059000,其他从乳中提取的脂和油,303,英国,10,一般贸易,11,北京市,17900,千克,0,?,"888,037"
202001,4059000,其他从乳中提取的脂和油,309,荷兰,10,一般贸易,32,江苏省,9900,千克,0,?,"366,300"
202001,4059000,其他从乳中提取的脂和油,609,新西兰,10,一般贸易,11,北京市,147200,千克,0,?,"5,680,915"
202001,4059000,其他从乳中提取的脂和油,609,新西兰,10,一般贸易,12,天津市,67200,千克,0,?,"2,395,131"
202001,4059000,其他从乳中提取的脂和油,609,新西兰,10,一般贸易,15,内蒙古自治区,352800,千克,0,?,"13,952,590"
202001,4059000,其他从乳中提取的脂和油,609,新西兰,10,一般贸易,31,上海市,638400,千克,0,?,"23,357,818"
202001,4059000,其他从乳中提取的脂和油,609,新西兰,10,一般贸易,32,江苏省,33600,千克,0,?,"1,227,975"
202001,4059000,其他从乳中提取的脂和油,609,新西兰,10,一般贸易,33,浙江省,347960,千克,0,?,"12,966,655"
202001,4059000,其他从乳中提取的脂和油,609,新西兰,10,一般贸易,35,福建省,187890,千克,0,?,"7,629,195"
202001,4059000,其他从乳中提取的脂和油,609,新西兰,10,一般贸易,37,山东省,1427370,千克,0,?,"53,400,574"
202001,4059000,其他从乳中提取的脂和油,609,新西兰,10,一般贸易,42,湖北省,16800,千克,0,?,"630,105"
202001,4059000,其他从乳中提取的脂和油,609,新西兰,10,一般贸易,44,广东省,132930,千克,0,?,"4,803,711"
202001,4059000,其他从乳中提取的脂和油,609,新西兰,10,一般贸易,51,四川省,16800,千克,0,?,"632,053"
202001,4061000,鲜乳酪包括乳清乳酪；凝乳,304,德国,10,一般贸易,12,天津市,20945,千克,0,?,"571,905"
202001,4061000,鲜乳酪包括乳清乳酪；凝乳,305,法国,34,海关特殊监管区域物流货物,31,上海市,4,千克,0,?,226
202001,4061000,鲜乳酪包括乳清乳酪；凝乳,307,意大利,10,一般贸易,11,北京市,15600,千克,0,?,"690,859"
202001,4061000,鲜乳酪包括乳清乳酪；凝乳,307,意大利,10,一般贸易,31,上海市,30633,千克,0,?,"1,006,618"
202001,4061000,鲜乳酪包括乳清乳酪；凝乳,307,意大利,10,一般贸易,44,广东省,15228,千克,0,?,"660,664"
202001,4061000,鲜乳酪包括乳清乳酪；凝乳,307,意大利,34,海关特殊监管区域物流货物,31,上海市,1426,千克,0,?,"51,736"
202001,4061000,鲜乳酪包括乳清乳酪；凝乳,312,西班牙,10,一般贸易,31,上海市,14260,千克,0,?,"461,388"
202001,4061000,鲜乳酪包括乳清乳酪；凝乳,315,奥地利,10,一般贸易,31,上海市,25358,千克,0,?,"727,462"
202001,4061000,鲜乳酪包括乳清乳酪；凝乳,331,瑞士,10,一般贸易,31,上海市,16810,千克,0,?,"440,549"
202001,4061000,鲜乳酪包括乳清乳酪；凝乳,336,立陶宛,10,一般贸易,34,安徽省,20,千克,0,?,708
202001,4061000,鲜乳酪包括乳清乳酪；凝乳,402,阿根廷,10,一般贸易,31,上海市,24984,千克,0,?,"594,201"
202001,4061000,鲜乳酪包括乳清乳酪；凝乳,412,智利,10,一般贸易,31,上海市,23507,千克,0,?,"641,466"
202001,4061000,鲜乳酪包括乳清乳酪；凝乳,502,美国,10,一般贸易,31,上海市,2155,千克,0,?,"81,160"
202001,4061000,鲜乳酪包括乳清乳酪；凝乳,601,澳大利亚,10,一般贸易,11,北京市,450790,千克,0,?,"12,089,078"
202001,4061000,鲜乳酪包括乳清乳酪；凝乳,601,澳大利亚,10,一般贸易,12,天津市,177380,千克,0,?,"4,248,244"
202001,4061000,鲜乳酪包括乳清乳酪；凝乳,601,澳大利亚,10,一般贸易,15,内蒙古自治区,190300,千克,0,?,"5,975,846"
202001,4061000,鲜乳酪包括乳清乳酪；凝乳,601,澳大利亚,10,一般贸易,31,上海市,240281,千克,0,?,"6,952,581"
202001,4061000,鲜乳酪包括乳清乳酪；凝乳,601,澳大利亚,10,一般贸易,44,广东省,165008,千克,0,?,"4,509,206"
202001,4061000,鲜乳酪包括乳清乳酪；凝乳,601,澳大利亚,34,海关特殊监管区域物流货物,31,上海市,17340,千克,0,?,"480,404"
202001,4061000,鲜乳酪包括乳清乳酪；凝乳,601,澳大利亚,39,其他,11,北京市,100,千克,0,?,"3,352"
202001,4061000,鲜乳酪包括乳清乳酪；凝乳,609,新西兰,10,一般贸易,11,北京市,51160,千克,0,?,"1,628,724"
202001,4061000,鲜乳酪包括乳清乳酪；凝乳,609,新西兰,10,一般贸易,12,天津市,251100,千克,0,?,"7,519,927"
202001,4061000,鲜乳酪包括乳清乳酪；凝乳,609,新西兰,10,一般贸易,15,内蒙古自治区,49840,千克,0,?,"1,185,666"
202001,4061000,鲜乳酪包括乳清乳酪；凝乳,609,新西兰,10,一般贸易,31,上海市,25700,千克,0,?,"597,962"
202001,4061000,鲜乳酪包括乳清乳酪；凝乳,609,新西兰,10,一般贸易,33,浙江省,50800,千克,0,?,"1,608,727"
202001,4061000,鲜乳酪包括乳清乳酪；凝乳,609,新西兰,10,一般贸易,35,福建省,5725272,千克,0,?,"169,634,271"
202001,4061000,鲜乳酪包括乳清乳酪；凝乳,609,新西兰,10,一般贸易,44,广东省,25060,千克,0,?,"755,578"
202001,4062000,各种磨碎或粉化的乳酪,122,马来西亚,10,一般贸易,37,山东省,17625,千克,0,?,"844,744"
202001,4062000,各种磨碎或粉化的乳酪,136,泰国,10,一般贸易,44,广东省,1500,千克,0,?,"108,102"
202001,4062000,各种磨碎或粉化的乳酪,302,丹麦,10,一般贸易,11,北京市,33600,千克,0,?,"875,840"
202001,4062000,各种磨碎或粉化的乳酪,302,丹麦,34,海关特殊监管区域物流货物,31,上海市,72660,千克,0,?,"4,098,965"
202001,4062000,各种磨碎或粉化的乳酪,305,法国,10,一般贸易,35,福建省,34560,千克,0,?,"943,682"
202001,4062000,各种磨碎或粉化的乳酪,307,意大利,10,一般贸易,11,北京市,4200,千克,0,?,"237,559"
202001,4062000,各种磨碎或粉化的乳酪,307,意大利,10,一般贸易,31,上海市,13360,千克,0,?,"680,232"
202001,4062000,各种磨碎或粉化的乳酪,309,荷兰,10,一般贸易,31,上海市,13400,千克,0,?,"809,013"
202001,4062000,各种磨碎或粉化的乳酪,502,美国,10,一般贸易,11,北京市,6941,千克,0,?,"392,378"
202001,4062000,各种磨碎或粉化的乳酪,502,美国,10,一般贸易,31,上海市,75283,千克,0,?,"1,787,122"
202001,4062000,各种磨碎或粉化的乳酪,502,美国,10,一般贸易,35,福建省,54377,千克,0,?,"1,318,156"
202001,4062000,各种磨碎或粉化的乳酪,502,美国,10,一般贸易,44,广东省,31718,千克,0,?,"2,495,578"
202001,4062000,各种磨碎或粉化的乳酪,502,美国,39,其他,31,上海市,4,千克,0,?,482
202001,4062000,各种磨碎或粉化的乳酪,601,澳大利亚,10,一般贸易,31,上海市,3984,千克,0,?,"174,182"
202001,4062000,各种磨碎或粉化的乳酪,601,澳大利亚,10,一般贸易,37,山东省,12800,千克,0,?,"656,792"
202001,4062000,各种磨碎或粉化的乳酪,601,澳大利亚,34,海关特殊监管区域物流货物,31,上海市,46810,千克,0,?,"2,516,007"
202001,4062000,各种磨碎或粉化的乳酪,609,新西兰,10,一般贸易,31,上海市,580608,千克,0,?,"16,137,768"
202001,4062000,各种磨碎或粉化的乳酪,609,新西兰,10,一般贸易,35,福建省,1491096,千克,0,?,"50,494,895"
202001,4063000,经过加工的乳酪（但磨碎或粉化的除外）,132,新加坡,10,一般贸易,31,上海市,24840,千克,0,?,"1,237,898"
202001,4063000,经过加工的乳酪（但磨碎或粉化的除外）,132,新加坡,10,一般贸易,41,河南省,10000,千克,0,?,"545,758"
202001,4063000,经过加工的乳酪（但磨碎或粉化的除外）,132,新加坡,39,其他,31,上海市,300,千克,0,?,"16,163"
202001,4063000,经过加工的乳酪（但磨碎或粉化的除外）,143,中国台湾,10,一般贸易,35,福建省,9000,千克,0,?,"367,500"
202001,4063000,经过加工的乳酪（但磨碎或粉化的除外）,302,丹麦,10,一般贸易,11,北京市,29799,千克,0,?,"768,462"
202001,4063000,经过加工的乳酪（但磨碎或粉化的除外）,302,丹麦,10,一般贸易,44,广东省,60,千克,0,?,"6,652"
202001,4063000,经过加工的乳酪（但磨碎或粉化的除外）,302,丹麦,10,一般贸易,50,重庆市,4,千克,0,?,"3,126"
202001,4063000,经过加工的乳酪（但磨碎或粉化的除外）,303,英国,10,一般贸易,31,上海市,116,千克,0,?,"2,622"
202001,4063000,经过加工的乳酪（但磨碎或粉化的除外）,304,德国,10,一般贸易,11,北京市,1426,千克,0,?,"110,542"
202001,4063000,经过加工的乳酪（但磨碎或粉化的除外）,304,德国,10,一般贸易,31,上海市,51370,千克,0,?,"1,302,496"
202001,4063000,经过加工的乳酪（但磨碎或粉化的除外）,305,法国,10,一般贸易,11,北京市,30000,千克,0,?,"1,481,100"
202001,4063000,经过加工的乳酪（但磨碎或粉化的除外）,305,法国,10,一般贸易,42,湖北省,50,千克,0,?,"3,564"
202001,4063000,经过加工的乳酪（但磨碎或粉化的除外）,305,法国,10,一般贸易,44,广东省,13354,千克,0,?,"727,618"
202001,4063000,经过加工的乳酪（但磨碎或粉化的除外）,305,法国,33,保税监管场所进出境货物,31,上海市,79963,千克,0,?,"4,540,061"
202001,4063000,经过加工的乳酪（但磨碎或粉化的除外）,305,法国,34,海关特殊监管区域物流货物,31,上海市,128,千克,0,?,"28,865"
202001,4063000,经过加工的乳酪（但磨碎或粉化的除外）,306,爱尔兰,10,一般贸易,32,江苏省,23211,千克,0,?,"871,433"
202001,4063000,经过加工的乳酪（但磨碎或粉化的除外）,307,意大利,10,一般贸易,11,北京市,8156,千克,0,?,"314,582"
202001,4063000,经过加工的乳酪（但磨碎或粉化的除外）,307,意大利,10,一般贸易,31,上海市,1490,千克,0,?,"77,478"
202001,4063000,经过加工的乳酪（但磨碎或粉化的除外）,307,意大利,10,一般贸易,44,广东省,18,千克,0,?,952
202001,4063000,经过加工的乳酪（但磨碎或粉化的除外）,307,意大利,34,海关特殊监管区域物流货物,31,上海市,169,千克,0,?,"31,054"
202001,4063000,经过加工的乳酪（但磨碎或粉化的除外）,307,意大利,39,其他,44,广东省,18,千克,0,?,"2,288"
202001,4063000,经过加工的乳酪（但磨碎或粉化的除外）,309,荷兰,10,一般贸易,31,上海市,30,千克,0,?,"1,451"
202001,4063000,经过加工的乳酪（但磨碎或粉化的除外）,309,荷兰,10,一般贸易,42,湖北省,56,千克,0,?,"4,490"
202001,4063000,经过加工的乳酪（但磨碎或粉化的除外）,310,希腊,10,一般贸易,11,北京市,3593,千克,0,?,"198,713"
202001,4063000,经过加工的乳酪（但磨碎或粉化的除外）,312,西班牙,10,一般贸易,31,上海市,567,千克,0,?,"71,647"
202001,4063000,经过加工的乳酪（但磨碎或粉化的除外）,315,奥地利,10,一般贸易,31,上海市,22679,千克,0,?,"625,022"
202001,4063000,经过加工的乳酪（但磨碎或粉化的除外）,315,奥地利,10,一般贸易,35,福建省,6694,千克,0,?,"228,575"
202001,4063000,经过加工的乳酪（但磨碎或粉化的除外）,330,瑞典,10,一般贸易,44,广东省,1,千克,0,?,170
202001,4063000,经过加工的乳酪（但磨碎或粉化的除外）,502,美国,10,一般贸易,11,北京市,3694,千克,0,?,"219,091"
202001,4063000,经过加工的乳酪（但磨碎或粉化的除外）,502,美国,10,一般贸易,31,上海市,5716,千克,0,?,"212,137"
202001,4063000,经过加工的乳酪（但磨碎或粉化的除外）,502,美国,10,一般贸易,33,浙江省,16000,千克,0,?,"613,992"
202001,4063000,经过加工的乳酪（但磨碎或粉化的除外）,601,澳大利亚,10,一般贸易,11,北京市,16992,千克,0,?,"575,315"
202001,4063000,经过加工的乳酪（但磨碎或粉化的除外）,601,澳大利亚,10,一般贸易,31,上海市,13662,千克,0,?,"428,859"
202001,4063000,经过加工的乳酪（但磨碎或粉化的除外）,601,澳大利亚,10,一般贸易,44,广东省,47832,千克,0,?,"1,549,041"
202001,4063000,经过加工的乳酪（但磨碎或粉化的除外）,601,澳大利亚,33,保税监管场所进出境货物,31,上海市,20738,千克,0,?,"1,003,940"
202001,4063000,经过加工的乳酪（但磨碎或粉化的除外）,609,新西兰,10,一般贸易,35,福建省,642991,千克,0,?,"23,359,920"
202001,4063000,经过加工的乳酪（但磨碎或粉化的除外）,609,新西兰,10,一般贸易,44,广东省,114212,千克,0,?,"4,016,249"
202001,4064000,蓝纹乳酪和娄地青霉生产的带纹理的其他乳酪,302,丹麦,34,海关特殊监管区域物流货物,31,上海市,903,千克,0,?,"43,056"
202001,4064000,蓝纹乳酪和娄地青霉生产的带纹理的其他乳酪,305,法国,10,一般贸易,31,上海市,313,千克,0,?,"37,463"
202001,4064000,蓝纹乳酪和娄地青霉生产的带纹理的其他乳酪,305,法国,33,保税监管场所进出境货物,31,上海市,479,千克,0,?,"50,003"
202001,4064000,蓝纹乳酪和娄地青霉生产的带纹理的其他乳酪,305,法国,34,海关特殊监管区域物流货物,31,上海市,20,千克,0,?,"3,992"
202001,4064000,蓝纹乳酪和娄地青霉生产的带纹理的其他乳酪,307,意大利,10,一般贸易,31,上海市,595,千克,0,?,"36,419"
202001,4064000,蓝纹乳酪和娄地青霉生产的带纹理的其他乳酪,307,意大利,34,海关特殊监管区域物流货物,31,上海市,49,千克,0,?,"2,757"
202001,4069000,未列名的乳酪,133,韩国,10,一般贸易,37,山东省,5247,千克,0,?,"379,531"
202001,4069000,未列名的乳酪,136,泰国,10,一般贸易,44,广东省,4700,千克,0,?,"223,307"
202001,4069000,未列名的乳酪,302,丹麦,10,一般贸易,11,北京市,809,千克,0,?,"111,266"
202001,4069000,未列名的乳酪,302,丹麦,10,一般贸易,34,安徽省,17183,千克,0,?,"922,699"
202001,4069000,未列名的乳酪,302,丹麦,34,海关特殊监管区域物流货物,31,上海市,15803,千克,0,?,"956,504"
202001,4069000,未列名的乳酪,303,英国,10,一般贸易,31,上海市,5067,千克,0,?,"257,527"
202001,4069000,未列名的乳酪,303,英国,10,一般贸易,34,安徽省,20456,千克,0,?,"670,286"
202001,4069000,未列名的乳酪,304,德国,10,一般贸易,11,北京市,22958,千克,0,?,"647,043"
202001,4069000,未列名的乳酪,304,德国,10,一般贸易,44,广东省,14040,千克,0,?,"207,576"
202001,4069000,未列名的乳酪,305,法国,10,一般贸易,31,上海市,19099,千克,0,?,"1,108,871"
202001,4069000,未列名的乳酪,305,法国,10,一般贸易,42,湖北省,9,千克,0,?,348
202001,4069000,未列名的乳酪,305,法国,33,保税监管场所进出境货物,31,上海市,4542,千克,0,?,"544,624"
202001,4069000,未列名的乳酪,306,爱尔兰,10,一般贸易,31,上海市,20235,千克,0,?,"536,748"
202001,4069000,未列名的乳酪,307,意大利,10,一般贸易,11,北京市,207,千克,0,?,"30,189"
202001,4069000,未列名的乳酪,307,意大利,10,一般贸易,31,上海市,44731,千克,0,?,"2,456,415"
202001,4069000,未列名的乳酪,307,意大利,10,一般贸易,44,广东省,10000,千克,0,?,"434,016"
202001,4069000,未列名的乳酪,307,意大利,33,保税监管场所进出境货物,31,上海市,120,千克,0,?,"6,523"
202001,4069000,未列名的乳酪,307,意大利,34,海关特殊监管区域物流货物,31,上海市,100010,千克,0,?,"3,578,775"
202001,4069000,未列名的乳酪,309,荷兰,10,一般贸易,31,上海市,18762,千克,0,?,"694,520"
202001,4069000,未列名的乳酪,309,荷兰,34,海关特殊监管区域物流货物,31,上海市,13662,千克,0,?,"472,174"
202001,4069000,未列名的乳酪,312,西班牙,10,一般贸易,11,北京市,769,千克,0,?,"81,782"
202001,4069000,未列名的乳酪,312,西班牙,10,一般贸易,31,上海市,663,千克,0,?,"50,603"
202001,4069000,未列名的乳酪,312,西班牙,10,一般贸易,32,江苏省,53,千克,0,?,"6,397"
202001,4069000,未列名的乳酪,312,西班牙,34,海关特殊监管区域物流货物,31,上海市,664,千克,0,?,"49,183"
202001,4069000,未列名的乳酪,315,奥地利,10,一般贸易,33,浙江省,8064,千克,0,?,"554,908"
202001,4069000,未列名的乳酪,318,芬兰,10,一般贸易,31,上海市,34,千克,0,?,"5,504"
202001,4069000,未列名的乳酪,327,波兰,34,海关特殊监管区域物流货物,31,上海市,3564,千克,0,?,"146,296"
202001,4069000,未列名的乳酪,331,瑞士,10,一般贸易,44,广东省,2683,千克,0,?,"205,917"
202001,4069000,未列名的乳酪,336,立陶宛,34,海关特殊监管区域物流货物,31,上海市,282,千克,0,?,"26,217"
202001,4069000,未列名的乳酪,402,阿根廷,10,一般贸易,44,广东省,25013,千克,0,?,"647,526"
202001,4069000,未列名的乳酪,444,乌拉圭,10,一般贸易,44,广东省,50000,千克,0,?,"1,314,713"
202001,4069000,未列名的乳酪,502,美国,10,一般贸易,31,上海市,280625,千克,0,?,"10,607,448"
202001,4069000,未列名的乳酪,601,澳大利亚,10,一般贸易,11,北京市,240175,千克,0,?,"7,879,962"
202001,4069000,未列名的乳酪,601,澳大利亚,10,一般贸易,12,天津市,72000,千克,0,?,"2,106,184"
202001,4069000,未列名的乳酪,601,澳大利亚,10,一般贸易,31,上海市,37124,千克,0,?,"1,204,755"
202001,4069000,未列名的乳酪,601,澳大利亚,10,一般贸易,44,广东省,39940,千克,0,?,"1,427,361"
202001,4069000,未列名的乳酪,609,新西兰,10,一般贸易,11,北京市,453240,千克,0,?,"12,722,405"
202001,4069000,未列名的乳酪,609,新西兰,10,一般贸易,12,天津市,453240,千克,0,?,"12,850,007"
202001,4069000,未列名的乳酪,609,新西兰,10,一般贸易,15,内蒙古自治区,25200,千克,0,?,"731,547"
202001,4069000,未列名的乳酪,609,新西兰,10,一般贸易,31,上海市,604260,千克,0,?,"16,972,462"
202001,4069000,未列名的乳酪,609,新西兰,10,一般贸易,35,福建省,2134000,千克,0,?,"63,360,666"
202001,4069000,未列名的乳酪,609,新西兰,10,一般贸易,44,广东省,70180,千克,0,?,"1,965,452"
202001,4069000,未列名的乳酪,609,新西兰,34,海关特殊监管区域物流货物,44,广东省,66480,千克,0,?,"1,814,219"
202001,4090000,天然蜂蜜,110,中国香港,10,一般贸易,31,上海市,2,千克,0,?,164
202001,4090000,天然蜂蜜,110,中国香港,10,一般贸易,44,广东省,50,千克,0,?,"19,772"
202001,4090000,天然蜂蜜,136,泰国,10,一般贸易,35,福建省,18107,千克,0,?,"480,391"
202001,4090000,天然蜂蜜,137,土耳其,10,一般贸易,31,上海市,1310,千克,0,?,"34,672"
202001,4090000,天然蜂蜜,143,中国台湾,10,一般贸易,21,辽宁省,1,千克,0,?,510
202001,4090000,天然蜂蜜,143,中国台湾,39,其他,35,福建省,6,千克,0,?,96
202001,4090000,天然蜂蜜,146,吉尔吉斯斯坦,10,一般贸易,12,天津市,1008,千克,0,?,"24,192"
202001,4090000,天然蜂蜜,146,吉尔吉斯斯坦,10,一般贸易,61,陕西省,2030,千克,0,?,"48,293"
202001,4090000,天然蜂蜜,146,吉尔吉斯斯坦,19,边境小额贸易,65,新疆维吾尔自治区,3506,千克,0,?,"73,750"
202001,4090000,天然蜂蜜,302,丹麦,10,一般贸易,12,天津市,906,千克,0,?,"85,158"
202001,4090000,天然蜂蜜,303,英国,10,一般贸易,11,北京市,23,千克,0,?,"20,503"
202001,4090000,天然蜂蜜,303,英国,10,一般贸易,12,天津市,1239,千克,0,?,"72,969"
202001,4090000,天然蜂蜜,303,英国,10,一般贸易,31,上海市,1622,千克,0,?,"57,730"
202001,4090000,天然蜂蜜,303,英国,10,一般贸易,44,广东省,409,千克,0,?,"23,976"
202001,4090000,天然蜂蜜,304,德国,10,一般贸易,11,北京市,1,千克,0,?,225
202001,4090000,天然蜂蜜,304,德国,10,一般贸易,21,辽宁省,1,千克,0,?,194
202001,4090000,天然蜂蜜,304,德国,10,一般贸易,31,上海市,19,千克,0,?,"2,865"
202001,4090000,天然蜂蜜,304,德国,10,一般贸易,37,山东省,1328,千克,0,?,"70,863"
202001,4090000,天然蜂蜜,304,德国,10,一般贸易,42,湖北省,18,千克,0,?,"1,301"
202001,4090000,天然蜂蜜,304,德国,10,一般贸易,44,广东省,84,千克,0,?,"7,414"
202001,4090000,天然蜂蜜,304,德国,34,海关特殊监管区域物流货物,21,辽宁省,60,千克,0,?,"2,392"
202001,4090000,天然蜂蜜,305,法国,10,一般贸易,31,上海市,0,千克,0,?,183
202001,4090000,天然蜂蜜,305,法国,10,一般贸易,33,浙江省,1775,千克,0,?,"143,316"
202001,4090000,天然蜂蜜,305,法国,10,一般贸易,51,四川省,1,千克,0,?,480
202001,4090000,天然蜂蜜,307,意大利,33,保税监管场所进出境货物,31,上海市,6,千克,0,?,865
202001,4090000,天然蜂蜜,311,葡萄牙,10,一般贸易,33,浙江省,64,千克,0,?,"6,055"
202001,4090000,天然蜂蜜,312,西班牙,10,一般贸易,32,江苏省,610,千克,0,?,"22,843"
202001,4090000,天然蜂蜜,312,西班牙,10,一般贸易,51,四川省,6,千克,0,?,510
202001,4090000,天然蜂蜜,312,西班牙,34,海关特殊监管区域物流货物,50,重庆市,3120,千克,0,?,"129,319"
202001,4090000,天然蜂蜜,315,奥地利,10,一般贸易,31,上海市,2531,千克,0,?,"128,103"
202001,4090000,天然蜂蜜,315,奥地利,10,一般贸易,44,广东省,12,千克,0,?,588
202001,4090000,天然蜂蜜,316,保加利亚,10,一般贸易,53,云南省,1030,千克,0,?,"41,679"
202001,4090000,天然蜂蜜,321,匈牙利,10,一般贸易,11,北京市,350,千克,0,?,"33,001"
202001,4090000,天然蜂蜜,330,瑞典,10,一般贸易,44,广东省,26,千克,0,?,"1,813"
202001,4090000,天然蜂蜜,331,瑞士,10,一般贸易,11,北京市,4445,千克,0,?,"388,754"
202001,4090000,天然蜂蜜,331,瑞士,10,一般贸易,44,广东省,1,千克,0,?,60
202001,4090000,天然蜂蜜,334,爱沙尼亚,10,一般贸易,33,浙江省,1314,千克,0,?,"94,213"
202001,4090000,天然蜂蜜,344,俄罗斯,10,一般贸易,12,天津市,19933,千克,0,?,"272,128"
202001,4090000,天然蜂蜜,344,俄罗斯,10,一般贸易,23,黑龙江省,15000,千克,0,?,"487,186"
202001,4090000,天然蜂蜜,344,俄罗斯,10,一般贸易,31,上海市,2080,千克,0,?,"227,456"
202001,4090000,天然蜂蜜,344,俄罗斯,19,边境小额贸易,23,黑龙江省,980,千克,0,?,"31,249"
202001,4090000,天然蜂蜜,429,墨西哥,10,一般贸易,12,天津市,0,千克,0,?,107
202001,4090000,天然蜂蜜,429,墨西哥,10,一般贸易,31,上海市,3,千克,0,?,473
202001,4090000,天然蜂蜜,501,加拿大,10,一般贸易,21,辽宁省,19668,千克,0,?,"961,295"
202001,4090000,天然蜂蜜,501,加拿大,10,一般贸易,37,山东省,1172,千克,0,?,"65,137"
202001,4090000,天然蜂蜜,501,加拿大,10,一般贸易,44,广东省,26,千克,0,?,"1,545"
202001,4090000,天然蜂蜜,501,加拿大,34,海关特殊监管区域物流货物,37,山东省,2880,千克,0,?,"132,997"
202001,4090000,天然蜂蜜,501,加拿大,34,海关特殊监管区域物流货物,41,河南省,1098,千克,0,?,"77,867"
202001,4090000,天然蜂蜜,502,美国,10,一般贸易,11,北京市,8092,千克,0,?,"507,701"
202001,4090000,天然蜂蜜,502,美国,10,一般贸易,12,天津市,1,千克,0,?,250
202001,4090000,天然蜂蜜,502,美国,10,一般贸易,31,上海市,303,千克,0,?,"35,358"
202001,4090000,天然蜂蜜,502,美国,10,一般贸易,33,浙江省,271,千克,0,?,"10,269"
202001,4090000,天然蜂蜜,502,美国,10,一般贸易,35,福建省,1306,千克,0,?,"76,800"
202001,4090000,天然蜂蜜,502,美国,10,一般贸易,44,广东省,890,千克,0,?,"33,755"
202001,4090000,天然蜂蜜,601,澳大利亚,10,一般贸易,31,上海市,11467,千克,0,?,"2,407,706"
202001,4090000,天然蜂蜜,601,澳大利亚,10,一般贸易,33,浙江省,9149,千克,0,?,"857,931"
202001,4090000,天然蜂蜜,601,澳大利亚,10,一般贸易,35,福建省,25,千克,0,?,"12,820"
202001,4090000,天然蜂蜜,601,澳大利亚,10,一般贸易,37,山东省,294,千克,0,?,"31,084"
202001,4090000,天然蜂蜜,601,澳大利亚,10,一般贸易,41,河南省,56,千克,0,?,"13,041"
202001,4090000,天然蜂蜜,601,澳大利亚,10,一般贸易,44,广东省,2817,千克,0,?,"317,536"
202001,4090000,天然蜂蜜,601,澳大利亚,10,一般贸易,50,重庆市,10,千克,0,?,783
202001,4090000,天然蜂蜜,601,澳大利亚,33,保税监管场所进出境货物,31,上海市,2564,千克,0,?,"391,532"
202001,4090000,天然蜂蜜,601,澳大利亚,33,保税监管场所进出境货物,32,江苏省,2304,千克,0,?,"418,901"
202001,4090000,天然蜂蜜,601,澳大利亚,33,保税监管场所进出境货物,44,广东省,12,千克,0,?,"5,831"
202001,4090000,天然蜂蜜,601,澳大利亚,34,海关特殊监管区域物流货物,31,上海市,20497,千克,0,?,"1,561,471"
202001,4090000,天然蜂蜜,601,澳大利亚,34,海关特殊监管区域物流货物,37,山东省,1200,千克,0,?,"96,389"
202001,4090000,天然蜂蜜,601,澳大利亚,34,海关特殊监管区域物流货物,41,河南省,2152,千克,0,?,"271,858"
202001,4090000,天然蜂蜜,601,澳大利亚,41,免税品,44,广东省,120,千克,0,?,"18,116"
202001,4090000,天然蜂蜜,609,新西兰,10,一般贸易,11,北京市,525,千克,0,?,"96,449"
202001,4090000,天然蜂蜜,609,新西兰,10,一般贸易,12,天津市,64,千克,0,?,"35,767"
202001,4090000,天然蜂蜜,609,新西兰,10,一般贸易,21,辽宁省,11763,千克,0,?,"2,048,076"
202001,4090000,天然蜂蜜,609,新西兰,10,一般贸易,31,上海市,3195,千克,0,?,"914,256"
202001,4090000,天然蜂蜜,609,新西兰,10,一般贸易,32,江苏省,590,千克,0,?,"392,621"
202001,4090000,天然蜂蜜,609,新西兰,10,一般贸易,33,浙江省,15988,千克,0,?,"7,386,720"
202001,4090000,天然蜂蜜,609,新西兰,10,一般贸易,35,福建省,22,千克,0,?,"9,078"
202001,4090000,天然蜂蜜,609,新西兰,10,一般贸易,41,河南省,67,千克,0,?,"19,444"
202001,4090000,天然蜂蜜,609,新西兰,10,一般贸易,42,湖北省,1,千克,0,?,340
202001,4090000,天然蜂蜜,609,新西兰,10,一般贸易,43,湖南省,4,千克,0,?,"1,800"
202001,4090000,天然蜂蜜,609,新西兰,10,一般贸易,44,广东省,70938,千克,0,?,"9,190,886"
202001,4090000,天然蜂蜜,609,新西兰,10,一般贸易,50,重庆市,200,千克,0,?,"24,676"
202001,4090000,天然蜂蜜,609,新西兰,10,一般贸易,51,四川省,1570,千克,0,?,"327,365"
202001,4090000,天然蜂蜜,609,新西兰,10,一般贸易,61,陕西省,7822,千克,0,?,"776,400"
202001,4090000,天然蜂蜜,609,新西兰,31,免税外汇商品,11,北京市,288,千克,0,?,"93,953"
202001,4090000,天然蜂蜜,609,新西兰,33,保税监管场所进出境货物,31,上海市,4130,千克,0,?,"835,348"
202001,4090000,天然蜂蜜,609,新西兰,41,免税品,44,广东省,36,千克,0,?,"35,327"
202001,4100010,燕窝,112,印度尼西亚,10,一般贸易,11,北京市,426,千克,0,?,"7,012,285"
202001,4100010,燕窝,112,印度尼西亚,10,一般贸易,31,上海市,2145,千克,0,?,"24,998,362"
202001,4100010,燕窝,112,印度尼西亚,10,一般贸易,33,浙江省,136,千克,0,?,"1,353,043"
202001,4100010,燕窝,112,印度尼西亚,10,一般贸易,34,安徽省,132,千克,0,?,"2,580,260"
202001,4100010,燕窝,112,印度尼西亚,10,一般贸易,35,福建省,3611,千克,0,?,"43,186,126"
202001,4100010,燕窝,112,印度尼西亚,10,一般贸易,37,山东省,378,千克,0,?,"5,070,775"
202001,4100010,燕窝,112,印度尼西亚,10,一般贸易,43,湖南省,42,千克,0,?,"660,508"
202001,4100010,燕窝,112,印度尼西亚,10,一般贸易,44,广东省,5168,千克,0,?,"59,172,631"
202001,4100010,燕窝,112,印度尼西亚,10,一般贸易,45,广西壮族自治区,36,千克,0,?,"464,640"
202001,4100010,燕窝,112,印度尼西亚,10,一般贸易,50,重庆市,39,千克,0,?,"448,014"
202001,4100010,燕窝,112,印度尼西亚,10,一般贸易,51,四川省,168,千克,0,?,"1,724,175"
202001,4100010,燕窝,112,印度尼西亚,10,一般贸易,52,贵州省,20,千克,0,?,"330,000"
202001,4100010,燕窝,122,马来西亚,10,一般贸易,11,北京市,900,千克,0,?,"13,195,139"
202001,4100010,燕窝,122,马来西亚,10,一般贸易,21,辽宁省,162,千克,0,?,"1,365,200"
202001,4100010,燕窝,122,马来西亚,10,一般贸易,31,上海市,222,千克,0,?,"3,099,955"
202001,4100010,燕窝,122,马来西亚,10,一般贸易,32,江苏省,33,千克,0,?,"453,080"
202001,4100010,燕窝,122,马来西亚,10,一般贸易,33,浙江省,140,千克,0,?,"1,870,889"
202001,4100010,燕窝,122,马来西亚,10,一般贸易,35,福建省,716,千克,0,?,"8,188,760"
202001,4100010,燕窝,122,马来西亚,10,一般贸易,37,山东省,864,千克,0,?,"10,896,866"
202001,4100010,燕窝,122,马来西亚,10,一般贸易,41,河南省,115,千克,0,?,"977,501"
202001,4100010,燕窝,122,马来西亚,10,一般贸易,43,湖南省,20,千克,0,?,"202,000"
202001,4100010,燕窝,122,马来西亚,10,一般贸易,44,广东省,1474,千克,0,?,"19,662,583"
202001,4100010,燕窝,122,马来西亚,10,一般贸易,45,广西壮族自治区,10,千克,0,?,"100,000"
202001,4100010,燕窝,122,马来西亚,10,一般贸易,46,海南省,5,千克,0,?,"60,000"
202001,4100010,燕窝,122,马来西亚,10,一般贸易,50,重庆市,33,千克,0,?,"550,400"
202001,4100010,燕窝,122,马来西亚,10,一般贸易,51,四川省,164,千克,0,?,"2,282,000"
202001,4100010,燕窝,122,马来西亚,33,保税监管场所进出境货物,33,浙江省,30,千克,0,?,"446,880"
202001,4100010,燕窝,122,马来西亚,34,海关特殊监管区域物流货物,35,福建省,692,千克,0,?,"5,541,338"
202001,4100010,燕窝,132,新加坡,10,一般贸易,44,广东省,2,千克,0,?,382
202001,4100010,燕窝,136,泰国,10,一般贸易,31,上海市,51,千克,0,?,"13,600"
202001,4100010,燕窝,136,泰国,10,一般贸易,44,广东省,7509,千克,0,?,"1,258,550"
202001,4100010,燕窝,142,中国,10,一般贸易,44,广东省,48,千克,0,?,"6,352"
202001,4100041,鲜蜂王浆,502,美国,10,一般贸易,31,上海市,3,千克,0,?,416
202001,4100043,蜂花粉,502,美国,10,一般贸易,31,上海市,5,千克,0,?,856
202001,4100043,蜂花粉,502,美国,10,一般贸易,46,海南省,5,千克,0,?,"4,110"
202001,4100049,其他蜂产品,110,中国香港,10,一般贸易,44,广东省,61,千克,0,?,"15,090"
202001,4100049,其他蜂产品,116,日本,10,一般贸易,33,浙江省,2,千克,0,?,"5,247"
202001,4100049,其他蜂产品,116,日本,34,海关特殊监管区域物流货物,21,辽宁省,5,千克,0,?,"10,120"
202001,4100049,其他蜂产品,142,中国,10,一般贸易,44,广东省,1,千克,0,?,726
202001,4100049,其他蜂产品,410,巴西,10,一般贸易,13,河北省,8,千克,0,?,"2,721"
202001,4100049,其他蜂产品,410,巴西,10,一般贸易,31,上海市,300,千克,0,?,"209,907"
202001,4100049,其他蜂产品,410,巴西,10,一般贸易,33,浙江省,36,千克,0,?,"157,500"
202001,4100049,其他蜂产品,410,巴西,34,海关特殊监管区域物流货物,31,上海市,10,千克,0,?,"11,930"
202001,4100049,其他蜂产品,444,乌拉圭,10,一般贸易,51,四川省,19,千克,0,?,"4,704"
202001,4100049,其他蜂产品,502,美国,10,一般贸易,11,北京市,0,千克,0,?,639
202001,4100049,其他蜂产品,502,美国,10,一般贸易,31,上海市,0,千克,0,?,104
202001,4100049,其他蜂产品,502,美国,10,一般贸易,33,浙江省,99,千克,0,?,"226,279"
202001,4100049,其他蜂产品,502,美国,10,一般贸易,44,广东省,2,千克,0,?,"3,094"
202001,4100049,其他蜂产品,601,澳大利亚,10,一般贸易,31,上海市,1,千克,0,?,49
202001,4100049,其他蜂产品,601,澳大利亚,10,一般贸易,33,浙江省,2338,千克,0,?,"599,330"
202001,4100049,其他蜂产品,601,澳大利亚,10,一般贸易,37,山东省,55,千克,0,?,"16,796"
202001,4100049,其他蜂产品,601,澳大利亚,10,一般贸易,44,广东省,11,千克,0,?,"2,730"
202001,4100049,其他蜂产品,609,新西兰,10,一般贸易,12,天津市,1,千克,0,?,"1,849"
202001,4100049,其他蜂产品,609,新西兰,10,一般贸易,21,辽宁省,1,千克,0,?,798
202001,4100049,其他蜂产品,609,新西兰,10,一般贸易,31,上海市,1,千克,0,?,634
202001,4100049,其他蜂产品,609,新西兰,10,一般贸易,33,浙江省,3222,千克,0,?,"360,252"
202001,5021010,猪鬃,142,中国,33,保税监管场所进出境货物,31,上海市,1302,千克,0,?,"81,280"
202001,5040011,盐渍猪肠衣（猪大肠头除外）,302,丹麦,14,来料加工贸易,32,江苏省,120000,千克,0,?,"841,230"
202001,5040011,盐渍猪肠衣（猪大肠头除外）,304,德国,14,来料加工贸易,13,河北省,22814,千克,0,?,"1,133,192"
202001,5040011,盐渍猪肠衣（猪大肠头除外）,304,德国,14,来料加工贸易,31,上海市,33660,千克,0,?,"52,397"
202001,5040011,盐渍猪肠衣（猪大肠头除外）,304,德国,14,来料加工贸易,32,江苏省,336373,千克,0,?,"2,510,892"
202001,5040011,盐渍猪肠衣（猪大肠头除外）,304,德国,14,来料加工贸易,33,浙江省,82820,千克,0,?,"3,083,115"
202001,5040011,盐渍猪肠衣（猪大肠头除外）,304,德国,14,来料加工贸易,43,湖南省,24140,千克,0,?,"1,154,637"
202001,5040011,盐渍猪肠衣（猪大肠头除外）,304,德国,14,来料加工贸易,50,重庆市,9000,千克,0,?,"12,747"
202001,5040011,盐渍猪肠衣（猪大肠头除外）,304,德国,15,进料加工贸易,21,辽宁省,303844,千克,0,?,"4,137,820"
202001,5040011,盐渍猪肠衣（猪大肠头除外）,304,德国,15,进料加工贸易,32,江苏省,22400,千克,0,?,"955,712"
202001,5040011,盐渍猪肠衣（猪大肠头除外）,304,德国,15,进料加工贸易,33,浙江省,167209,千克,0,?,"7,742,055"
202001,5040011,盐渍猪肠衣（猪大肠头除外）,305,法国,14,来料加工贸易,31,上海市,51000,千克,0,?,"132,532"
202001,5040011,盐渍猪肠衣（猪大肠头除外）,305,法国,14,来料加工贸易,32,江苏省,144378,千克,0,?,"735,943"
202001,5040011,盐渍猪肠衣（猪大肠头除外）,305,法国,15,进料加工贸易,32,江苏省,45883,千克,0,?,"2,990,576"
202001,5040011,盐渍猪肠衣（猪大肠头除外）,306,爱尔兰,15,进料加工贸易,21,辽宁省,21480,千克,0,?,"1,226,555"
202001,5040011,盐渍猪肠衣（猪大肠头除外）,309,荷兰,14,来料加工贸易,31,上海市,390766,千克,0,?,"1,000,568"
202001,5040011,盐渍猪肠衣（猪大肠头除外）,309,荷兰,14,来料加工贸易,32,江苏省,246715,千克,0,?,"6,076,447"
202001,5040011,盐渍猪肠衣（猪大肠头除外）,309,荷兰,14,来料加工贸易,43,湖南省,308600,千克,0,?,"12,572,531"
202001,5040011,盐渍猪肠衣（猪大肠头除外）,309,荷兰,15,进料加工贸易,21,辽宁省,44140,千克,0,?,"1,771,398"
202001,5040011,盐渍猪肠衣（猪大肠头除外）,312,西班牙,14,来料加工贸易,13,河北省,28000,千克,0,?,"1,119,023"
202001,5040011,盐渍猪肠衣（猪大肠头除外）,312,西班牙,14,来料加工贸易,31,上海市,121004,千克,0,?,"415,302"
202001,5040011,盐渍猪肠衣（猪大肠头除外）,312,西班牙,14,来料加工贸易,32,江苏省,170015,千克,0,?,"3,791,499"
202001,5040011,盐渍猪肠衣（猪大肠头除外）,312,西班牙,14,来料加工贸易,33,浙江省,75860,千克,0,?,"2,445,784"
202001,5040011,盐渍猪肠衣（猪大肠头除外）,312,西班牙,14,来料加工贸易,43,湖南省,90825,千克,0,?,"4,330,470"
202001,5040011,盐渍猪肠衣（猪大肠头除外）,312,西班牙,15,进料加工贸易,21,辽宁省,21600,千克,0,?,"1,384,698"
202001,5040011,盐渍猪肠衣（猪大肠头除外）,312,西班牙,15,进料加工贸易,23,黑龙江省,44160,千克,0,?,"2,016,715"
202001,5040011,盐渍猪肠衣（猪大肠头除外）,312,西班牙,15,进料加工贸易,32,江苏省,94858,千克,0,?,"4,069,223"
202001,5040011,盐渍猪肠衣（猪大肠头除外）,412,智利,15,进料加工贸易,21,辽宁省,23940,千克,0,?,"962,092"
202001,5040011,盐渍猪肠衣（猪大肠头除外）,501,加拿大,14,来料加工贸易,32,江苏省,48048,千克,0,?,"308,888"
202001,5040011,盐渍猪肠衣（猪大肠头除外）,501,加拿大,14,来料加工贸易,43,湖南省,24095,千克,0,?,"1,028,524"
202001,5040011,盐渍猪肠衣（猪大肠头除外）,502,美国,14,来料加工贸易,23,黑龙江省,32000,千克,0,?,"1,134,256"
202001,5040011,盐渍猪肠衣（猪大肠头除外）,502,美国,14,来料加工贸易,31,上海市,1185594,千克,0,?,"2,578,212"
202001,5040011,盐渍猪肠衣（猪大肠头除外）,502,美国,14,来料加工贸易,32,江苏省,891628,千克,0,?,"11,514,676"
202001,5040011,盐渍猪肠衣（猪大肠头除外）,502,美国,14,来料加工贸易,33,浙江省,117408,千克,0,?,"4,496,208"
202001,5040011,盐渍猪肠衣（猪大肠头除外）,502,美国,14,来料加工贸易,43,湖南省,475456,千克,0,?,"18,637,789"
202001,5040011,盐渍猪肠衣（猪大肠头除外）,502,美国,15,进料加工贸易,21,辽宁省,19866,千克,0,?,"861,350"
202001,5040011,盐渍猪肠衣（猪大肠头除外）,502,美国,15,进料加工贸易,37,山东省,19831,千克,0,?,"761,727"
202001,5040011,盐渍猪肠衣（猪大肠头除外）,601,澳大利亚,14,来料加工贸易,31,上海市,15438,千克,0,?,"50,373"
202001,5040011,盐渍猪肠衣（猪大肠头除外）,601,澳大利亚,15,进料加工贸易,13,河北省,17030,千克,0,?,"171,599"
202001,5040011,盐渍猪肠衣（猪大肠头除外）,601,澳大利亚,15,进料加工贸易,32,江苏省,16949,千克,0,?,"142,561"
202001,5040012,盐渍绵羊肠衣,142,中国,34,海关特殊监管区域物流货物,31,上海市,23000,千克,0,?,"3,603,278"
202001,5040012,盐渍绵羊肠衣,149,乌兹别克斯坦,15,进料加工贸易,37,山东省,68,千克,0,?,"10,330"
202001,5040012,盐渍绵羊肠衣,309,荷兰,14,来料加工贸易,31,上海市,60481,千克,0,?,"448,314"
202001,5040012,盐渍绵羊肠衣,502,美国,14,来料加工贸易,31,上海市,19170,千克,0,?,"386,579"
202001,5040012,盐渍绵羊肠衣,502,美国,14,来料加工贸易,32,江苏省,40260,千克,0,?,"781,269"
202001,5040012,盐渍绵羊肠衣,601,澳大利亚,14,来料加工贸易,12,天津市,22675,千克,0,?,"651,898"
202001,5040012,盐渍绵羊肠衣,601,澳大利亚,14,来料加工贸易,31,上海市,578563,千克,0,?,"1,015,987"
202001,5040012,盐渍绵羊肠衣,601,澳大利亚,14,来料加工贸易,32,江苏省,640920,千克,0,?,"3,113,297"
202001,5040012,盐渍绵羊肠衣,601,澳大利亚,15,进料加工贸易,12,天津市,139299,千克,0,?,"2,697,029"
202001,5040012,盐渍绵羊肠衣,601,澳大利亚,15,进料加工贸易,13,河北省,25026,千克,0,?,"428,876"
202001,5040012,盐渍绵羊肠衣,601,澳大利亚,15,进料加工贸易,41,河南省,34889,千克,0,?,"598,383"
202001,5040012,盐渍绵羊肠衣,609,新西兰,14,来料加工贸易,12,天津市,16060,千克,0,?,"521,238"
202001,5040012,盐渍绵羊肠衣,609,新西兰,14,来料加工贸易,31,上海市,433183,千克,0,?,"1,260,135"
202001,5040012,盐渍绵羊肠衣,609,新西兰,14,来料加工贸易,32,江苏省,196447,千克,0,?,"709,985"
202001,5040013,盐渍山羊肠衣,601,澳大利亚,14,来料加工贸易,32,江苏省,1688,千克,0,?,"13,831"
202001,5040013,盐渍山羊肠衣,609,新西兰,14,来料加工贸易,31,上海市,9439,千克,0,?,"32,471"
202001,5040019,其他动物肠衣,601,澳大利亚,15,进料加工贸易,37,山东省,25002,千克,0,?,"278,197"
202001,5040021,冷、冻的鸡肫,136,泰国,10,一般贸易,31,上海市,15012,千克,0,?,"262,594"
202001,5040021,冷、冻的鸡肫,136,泰国,10,一般贸易,37,山东省,24000,千克,0,?,"520,514"
202001,5040021,冷、冻的鸡肫,136,泰国,10,一般贸易,44,广东省,110016,千克,0,?,"2,193,153"
202001,5040021,冷、冻的鸡肫,344,俄罗斯,10,一般贸易,12,天津市,27000,千克,0,?,"493,705"
202001,5040021,冷、冻的鸡肫,344,俄罗斯,10,一般贸易,37,山东省,252,千克,0,?,"5,659"
202001,5040029,其他动物的胃,302,丹麦,10,一般贸易,11,北京市,53325,千克,0,?,"1,525,282"
202001,5040029,其他动物的胃,302,丹麦,10,一般贸易,31,上海市,108900,千克,0,?,"3,481,228"
202001,5040029,其他动物的胃,302,丹麦,10,一般贸易,34,安徽省,55665,千克,0,?,"1,674,774"
202001,5040029,其他动物的胃,302,丹麦,10,一般贸易,37,山东省,27795,千克,0,?,"869,876"
202001,5040029,其他动物的胃,302,丹麦,10,一般贸易,44,广东省,162900,千克,0,?,"5,173,888"
202001,5040029,其他动物的胃,302,丹麦,34,海关特殊监管区域物流货物,31,上海市,26980,千克,0,?,"906,127"
202001,5040029,其他动物的胃,501,加拿大,10,一般贸易,21,辽宁省,25000,千克,0,?,"886,968"
202001,5040029,其他动物的胃,501,加拿大,10,一般贸易,35,福建省,6880,千克,0,?,"250,452"
202001,5040029,其他动物的胃,501,加拿大,10,一般贸易,37,山东省,75000,千克,0,?,"2,510,505"
202001,5040029,其他动物的胃,502,美国,10,一般贸易,31,上海市,254707,千克,0,?,"5,455,820"
202001,5040029,其他动物的胃,502,美国,10,一般贸易,34,安徽省,713073,千克,0,?,"25,951,639"
202001,5040029,其他动物的胃,502,美国,10,一般贸易,37,山东省,23583,千克,0,?,"632,958"
202001,5040029,其他动物的胃,502,美国,10,一般贸易,44,广东省,9988,千克,0,?,"244,164"
202001,5040029,其他动物的胃,609,新西兰,10,一般贸易,11,北京市,41888,千克,0,?,"2,097,783"
202001,5040029,其他动物的胃,609,新西兰,10,一般贸易,12,天津市,26736,千克,0,?,"1,360,554"
202001,5040029,其他动物的胃,609,新西兰,10,一般贸易,21,辽宁省,186775,千克,0,?,"9,830,427"
202001,5040029,其他动物的胃,609,新西兰,10,一般贸易,23,黑龙江省,84000,千克,0,?,"3,452,911"
202001,5040029,其他动物的胃,609,新西兰,10,一般贸易,31,上海市,144033,千克,0,?,"7,147,109"
202001,5040029,其他动物的胃,609,新西兰,10,一般贸易,37,山东省,50211,千克,0,?,"2,160,341"
202001,5040029,其他动物的胃,609,新西兰,10,一般贸易,43,湖南省,7015,千克,0,?,"386,392"
202001,5040029,其他动物的胃,609,新西兰,10,一般贸易,44,广东省,16973,千克,0,?,"728,002"
202001,5040029,其他动物的胃,609,新西兰,10,一般贸易,50,重庆市,11920,千克,0,?,"434,043"
202001,5051000,填充用羽毛；羽绒,112,印度尼西亚,10,一般贸易,32,江苏省,54090,千克,0,?,"368,975"
202001,5051000,填充用羽毛；羽绒,112,印度尼西亚,10,一般贸易,45,广西壮族自治区,16000,千克,0,?,"336,859"
202001,5051000,填充用羽毛；羽绒,116,日本,10,一般贸易,32,江苏省,273,千克,0,?,"14,603"
202001,5051000,填充用羽毛；羽绒,116,日本,14,来料加工贸易,32,江苏省,451,千克,0,?,"117,902"
202001,5051000,填充用羽毛；羽绒,122,马来西亚,10,一般贸易,33,浙江省,15608,千克,0,?,"331,776"
202001,5051000,填充用羽毛；羽绒,127,巴基斯坦,10,一般贸易,32,江苏省,7260,千克,0,?,"169,145"
202001,5051000,填充用羽毛；羽绒,127,巴基斯坦,10,一般贸易,33,浙江省,23000,千克,0,?,"2,477,315"
202001,5051000,填充用羽毛；羽绒,127,巴基斯坦,10,一般贸易,36,江西省,3400,千克,0,?,"47,722"
202001,5051000,填充用羽毛；羽绒,133,韩国,10,一般贸易,32,江苏省,80596,千克,0,?,"1,607,182"
202001,5051000,填充用羽毛；羽绒,133,韩国,10,一般贸易,33,浙江省,27767,千克,0,?,"852,345"
202001,5051000,填充用羽毛；羽绒,133,韩国,10,一般贸易,34,安徽省,30909,千克,0,?,"777,634"
202001,5051000,填充用羽毛；羽绒,133,韩国,10,一般贸易,44,广东省,29153,千克,0,?,"624,001"
202001,5051000,填充用羽毛；羽绒,136,泰国,10,一般贸易,32,江苏省,18152,千克,0,?,"406,421"
202001,5051000,填充用羽毛；羽绒,136,泰国,10,一般贸易,44,广东省,19560,千克,0,?,"395,265"
202001,5051000,填充用羽毛；羽绒,141,越南,10,一般贸易,32,江苏省,10603,千克,0,?,"835,190"
202001,5051000,填充用羽毛；羽绒,141,越南,10,一般贸易,33,浙江省,42000,千克,0,?,"441,744"
202001,5051000,填充用羽毛；羽绒,141,越南,10,一般贸易,34,安徽省,13303,千克,0,?,"1,045,644"
202001,5051000,填充用羽毛；羽绒,141,越南,10,一般贸易,42,湖北省,50998,千克,0,?,"322,109"
202001,5051000,填充用羽毛；羽绒,141,越南,10,一般贸易,45,广西壮族自治区,93056,千克,0,?,"2,967,161"
202001,5051000,填充用羽毛；羽绒,142,中国,14,来料加工贸易,44,广东省,2527,千克,0,?,"190,028"
202001,5051000,填充用羽毛；羽绒,142,中国,15,进料加工贸易,42,湖北省,2338,千克,0,?,"1,308,386"
202001,5051000,填充用羽毛；羽绒,142,中国,34,海关特殊监管区域物流货物,31,上海市,18000,千克,0,?,"141,631"
202001,5051000,填充用羽毛；羽绒,143,中国台湾,10,一般贸易,32,江苏省,27547,千克,0,?,"5,485,111"
202001,5051000,填充用羽毛；羽绒,143,中国台湾,10,一般贸易,33,浙江省,82554,千克,0,?,"4,700,589"
202001,5051000,填充用羽毛；羽绒,143,中国台湾,10,一般贸易,34,安徽省,8680,千克,0,?,"1,260,897"
202001,5051000,填充用羽毛；羽绒,143,中国台湾,10,一般贸易,44,广东省,11647,千克,0,?,"3,338,614"
202001,5051000,填充用羽毛；羽绒,143,中国台湾,10,一般贸易,45,广西壮族自治区,7197,千克,0,?,"367,590"
202001,5051000,填充用羽毛；羽绒,143,中国台湾,14,来料加工贸易,44,广东省,20,千克,0,?,"6,997"
202001,5051000,填充用羽毛；羽绒,143,中国台湾,15,进料加工贸易,34,安徽省,1816,千克,0,?,"428,100"
202001,5051000,填充用羽毛；羽绒,215,埃及,10,一般贸易,42,湖北省,77550,千克,0,?,"1,157,007"
202001,5051000,填充用羽毛；羽绒,304,德国,14,来料加工贸易,44,广东省,120,千克,0,?,"5,048"
202001,5051000,填充用羽毛；羽绒,304,德国,15,进料加工贸易,12,天津市,1008,千克,0,?,"373,691"
202001,5051000,填充用羽毛；羽绒,304,德国,15,进料加工贸易,32,江苏省,974,千克,0,?,"468,045"
202001,5051000,填充用羽毛；羽绒,304,德国,15,进料加工贸易,41,河南省,678,千克,0,?,"189,672"
202001,5051000,填充用羽毛；羽绒,305,法国,10,一般贸易,32,江苏省,12826,千克,0,?,"687,348"
202001,5051000,填充用羽毛；羽绒,305,法国,10,一般贸易,33,浙江省,7456,千克,0,?,"1,358,203"
202001,5051000,填充用羽毛；羽绒,305,法国,10,一般贸易,36,江西省,27185,千克,0,?,"1,417,059"
202001,5051000,填充用羽毛；羽绒,305,法国,15,进料加工贸易,33,浙江省,13389,千克,0,?,"705,065"
202001,5051000,填充用羽毛；羽绒,307,意大利,10,一般贸易,34,安徽省,14353,千克,0,?,"609,391"
202001,5051000,填充用羽毛；羽绒,312,西班牙,15,进料加工贸易,34,安徽省,250,千克,0,?,"120,612"
202001,5051000,填充用羽毛；羽绒,312,西班牙,15,进料加工贸易,36,江西省,9855,千克,0,?,"3,615,448"
202001,5051000,填充用羽毛；羽绒,315,奥地利,15,进料加工贸易,34,安徽省,675,千克,0,?,"232,917"
202001,5051000,填充用羽毛；羽绒,321,匈牙利,10,一般贸易,34,安徽省,4301,千克,0,?,"694,582"
202001,5051000,填充用羽毛；羽绒,321,匈牙利,15,进料加工贸易,32,江苏省,2000,千克,0,?,"972,569"
202001,5051000,填充用羽毛；羽绒,322,冰岛,10,一般贸易,31,上海市,3,千克,0,?,"45,827"
202001,5051000,填充用羽毛；羽绒,327,波兰,10,一般贸易,33,浙江省,12256,千克,0,?,"2,236,238"
202001,5051000,填充用羽毛；羽绒,327,波兰,34,海关特殊监管区域物流货物,37,山东省,7502,千克,0,?,"643,761"
202001,5051000,填充用羽毛；羽绒,344,俄罗斯,10,一般贸易,33,浙江省,20000,千克,0,?,"7,416,714"
202001,5051000,填充用羽毛；羽绒,347,乌克兰,10,一般贸易,44,广东省,26709,千克,0,?,"5,376,635"
202001,5051000,填充用羽毛；羽绒,501,加拿大,10,一般贸易,34,安徽省,14090,千克,0,?,"499,337"
202001,5051000,填充用羽毛；羽绒,501,加拿大,10,一般贸易,44,广东省,10922,千克,0,?,"217,197"
202001,5051000,填充用羽毛；羽绒,501,加拿大,15,进料加工贸易,44,广东省,9580,千克,0,?,"100,547"
202001,5051000,填充用羽毛；羽绒,502,美国,14,来料加工贸易,32,江苏省,444,千克,0,?,"332,724"
202001,5051000,填充用羽毛；羽绒,502,美国,15,进料加工贸易,32,江苏省,1507,千克,0,?,"406,353"
202001,5051000,填充用羽毛；羽绒,502,美国,15,进料加工贸易,34,安徽省,82821,千克,0,?,"2,317,963"
202001,5051000,填充用羽毛；羽绒,502,美国,15,进料加工贸易,42,湖北省,1945,千克,0,?,"1,297,039"
202001,5051000,填充用羽毛；羽绒,502,美国,15,进料加工贸易,44,广东省,13444,千克,0,?,"141,099"
202001,5051000,填充用羽毛；羽绒,601,澳大利亚,10,一般贸易,13,河北省,16242,千克,0,?,"296,351"
202001,5051000,填充用羽毛；羽绒,601,澳大利亚,10,一般贸易,34,安徽省,34252,千克,0,?,"1,114,681"
202001,5051000,填充用羽毛；羽绒,609,新西兰,10,一般贸易,13,河北省,14849,千克,0,?,"270,940"
202001,5059090,其他羽毛；带有羽毛或绒的鸟皮及鸟其他部分,111,印度,10,一般贸易,33,浙江省,2050,千克,0,?,"755,169"
202001,5059090,其他羽毛；带有羽毛或绒的鸟皮及鸟其他部分,111,印度,10,一般贸易,44,广东省,2190,千克,0,?,"467,358"
202001,5059090,其他羽毛；带有羽毛或绒的鸟皮及鸟其他部分,116,日本,14,来料加工贸易,32,江苏省,1853,千克,0,?,"129,617"
202001,5059090,其他羽毛；带有羽毛或绒的鸟皮及鸟其他部分,143,中国台湾,10,一般贸易,31,上海市,12120,千克,0,?,"195,253"
202001,5059090,其他羽毛；带有羽毛或绒的鸟皮及鸟其他部分,143,中国台湾,10,一般贸易,33,浙江省,6060,千克,0,?,"97,523"
202001,5059090,其他羽毛；带有羽毛或绒的鸟皮及鸟其他部分,143,中国台湾,10,一般贸易,34,安徽省,18180,千克,0,?,"497,151"
202001,5059090,其他羽毛；带有羽毛或绒的鸟皮及鸟其他部分,244,南非,10,一般贸易,33,浙江省,650,千克,0,?,"600,334"
202001,5059090,其他羽毛；带有羽毛或绒的鸟皮及鸟其他部分,244,南非,10,一般贸易,41,河南省,3232,千克,0,?,"1,395,685"
202001,5059090,其他羽毛；带有羽毛或绒的鸟皮及鸟其他部分,244,南非,10,一般贸易,44,广东省,1718,千克,0,?,"339,515"
202001,5059090,其他羽毛；带有羽毛或绒的鸟皮及鸟其他部分,502,美国,10,一般贸易,32,江苏省,12132,千克,0,?,"172,162"
202001,5059090,其他羽毛；带有羽毛或绒的鸟皮及鸟其他部分,502,美国,10,一般贸易,41,河南省,56065,千克,0,?,"696,821"
202001,5059090,其他羽毛；带有羽毛或绒的鸟皮及鸟其他部分,502,美国,10,一般贸易,62,甘肃省,26,千克,0,?,"6,246"
202001,5061000,经酸处理的骨胶原及骨,127,巴基斯坦,10,一般贸易,22,吉林省,44500,千克,0,?,"772,178"
202001,5069090,其他未经加工或经脱脂、简单整理的骨及角柱,103,孟加拉国,10,一般贸易,22,吉林省,140000,千克,0,?,"490,826"
202001,5069090,其他未经加工或经脱脂、简单整理的骨及角柱,116,日本,10,一般贸易,21,辽宁省,7915,千克,0,?,"123,155"
202001,5069090,其他未经加工或经脱脂、简单整理的骨及角柱,127,巴基斯坦,10,一般贸易,15,内蒙古自治区,178000,千克,0,?,"560,452"
202001,5069090,其他未经加工或经脱脂、简单整理的骨及角柱,127,巴基斯坦,10,一般贸易,22,吉林省,529300,千克,0,?,"1,421,390"
202001,5069090,其他未经加工或经脱脂、简单整理的骨及角柱,127,巴基斯坦,10,一般贸易,23,黑龙江省,723035,千克,0,?,"2,185,040"
202001,5069090,其他未经加工或经脱脂、简单整理的骨及角柱,127,巴基斯坦,10,一般贸易,37,山东省,131420,千克,0,?,"225,955"
202001,5069090,其他未经加工或经脱脂、简单整理的骨及角柱,127,巴基斯坦,10,一般贸易,51,四川省,695530,千克,0,?,"1,679,528"
202001,5069090,其他未经加工或经脱脂、简单整理的骨及角柱,309,荷兰,10,一般贸易,12,天津市,314867,千克,0,?,"1,008,532"
202001,5069090,其他未经加工或经脱脂、简单整理的骨及角柱,309,荷兰,10,一般贸易,44,广东省,316861,千克,0,?,"982,879"
202001,5069090,其他未经加工或经脱脂、简单整理的骨及角柱,312,西班牙,10,一般贸易,21,辽宁省,15987,千克,0,?,"124,726"
202001,5069090,其他未经加工或经脱脂、简单整理的骨及角柱,312,西班牙,10,一般贸易,33,浙江省,25200,千克,0,?,"193,954"
202001,5069090,其他未经加工或经脱脂、简单整理的骨及角柱,410,巴西,10,一般贸易,33,浙江省,1930,千克,0,?,"13,545"
202001,5069090,其他未经加工或经脱脂、简单整理的骨及角柱,601,澳大利亚,10,一般贸易,22,吉林省,116200,千克,0,?,"488,093"
202001,5069090,其他未经加工或经脱脂、简单整理的骨及角柱,609,新西兰,10,一般贸易,22,吉林省,445180,千克,0,?,"2,023,858"
202001,5071000,兽牙；兽牙粉末及废料,344,俄罗斯,10,一般贸易,23,黑龙江省,2787,千克,0,?,"624,706"
202001,5071000,兽牙；兽牙粉末及废料,344,俄罗斯,10,一般贸易,44,广东省,482,千克,0,?,"383,041"
202001,5071000,兽牙；兽牙粉末及废料,501,加拿大,10,一般贸易,11,北京市,15,千克,0,?,"71,804"
202001,5079010,羚羊角及其粉末和废料,244,南非,10,一般贸易,44,广东省,548,千克,0,?,"23,250"
202001,5079020,鹿茸及其粉末,609,新西兰,10,一般贸易,21,辽宁省,94898,千克,0,?,"28,836,883"
202001,5079020,鹿茸及其粉末,609,新西兰,14,来料加工贸易,21,辽宁省,5449,千克,0,?,"382,080"
202001,5079090,龟壳、鲸须、其他兽角、蹄、甲爪及喙；上述产品的粉末及废料,206,喀麦隆,10,一般贸易,37,山东省,27270,千克,0,?,"75,567"
202001,5079090,龟壳、鲸须、其他兽角、蹄、甲爪及喙；上述产品的粉末及废料,236,尼日利亚,10,一般贸易,21,辽宁省,15550,千克,0,?,"59,841"
202001,5079090,龟壳、鲸须、其他兽角、蹄、甲爪及喙；上述产品的粉末及废料,236,尼日利亚,10,一般贸易,37,山东省,14200,千克,0,?,"44,805"
202001,5079090,龟壳、鲸须、其他兽角、蹄、甲爪及喙；上述产品的粉末及废料,247,坦桑尼亚,10,一般贸易,13,河北省,15470,千克,0,?,"65,140"
202001,5079090,龟壳、鲸须、其他兽角、蹄、甲爪及喙；上述产品的粉末及废料,247,坦桑尼亚,10,一般贸易,37,山东省,17000,千克,0,?,"17,880"
202001,5079090,龟壳、鲸须、其他兽角、蹄、甲爪及喙；上述产品的粉末及废料,247,坦桑尼亚,10,一般贸易,43,湖南省,13093,千克,0,?,"56,798"
202001,5079090,龟壳、鲸须、其他兽角、蹄、甲爪及喙；上述产品的粉末及废料,250,乌干达,10,一般贸易,43,湖南省,9300,千克,0,?,"42,386"
202001,5079090,龟壳、鲸须、其他兽角、蹄、甲爪及喙；上述产品的粉末及废料,344,俄罗斯,10,一般贸易,44,广东省,26597,千克,0,?,"446,622"
202001,5079090,龟壳、鲸须、其他兽角、蹄、甲爪及喙；上述产品的粉末及废料,344,俄罗斯,15,进料加工贸易,23,黑龙江省,24916,千克,0,?,"383,534"
202001,5079090,龟壳、鲸须、其他兽角、蹄、甲爪及喙；上述产品的粉末及废料,344,俄罗斯,19,边境小额贸易,15,内蒙古自治区,6750,千克,0,?,"117,285"
202001,5079090,龟壳、鲸须、其他兽角、蹄、甲爪及喙；上述产品的粉末及废料,502,美国,10,一般贸易,21,辽宁省,6400,千克,0,?,"134,627"
202001,5079090,龟壳、鲸须、其他兽角、蹄、甲爪及喙；上述产品的粉末及废料,609,新西兰,10,一般贸易,21,辽宁省,5252,千克,0,?,"237,504"
202001,5080010,软体、甲壳或棘皮动物壳及墨鱼骨的粉末及废料,103,孟加拉国,10,一般贸易,37,山东省,48000,千克,0,?,"151,586"
202001,5080010,软体、甲壳或棘皮动物壳及墨鱼骨的粉末及废料,112,印度尼西亚,10,一般贸易,44,广东省,79300,千克,0,?,"251,526"
202001,5080090,"珊瑚及类似品；软体、甲壳或棘皮动物壳,墨鱼骨",109,朝鲜,10,一般贸易,37,山东省,40840,千克,0,?,"81,680"
202001,5080090,"珊瑚及类似品；软体、甲壳或棘皮动物壳,墨鱼骨",111,印度,10,一般贸易,12,天津市,29000,千克,0,?,"320,983"
202001,5080090,"珊瑚及类似品；软体、甲壳或棘皮动物壳,墨鱼骨",111,印度,10,一般贸易,36,江西省,857,千克,0,?,"69,610"
202001,5080090,"珊瑚及类似品；软体、甲壳或棘皮动物壳,墨鱼骨",111,印度,10,一般贸易,37,山东省,110750,千克,0,?,"453,391"
202001,5080090,"珊瑚及类似品；软体、甲壳或棘皮动物壳,墨鱼骨",112,印度尼西亚,10,一般贸易,33,浙江省,16290,千克,0,?,"58,304"
202001,5080090,"珊瑚及类似品；软体、甲壳或棘皮动物壳,墨鱼骨",112,印度尼西亚,10,一般贸易,36,江西省,20000,千克,0,?,"105,268"
202001,5080090,"珊瑚及类似品；软体、甲壳或棘皮动物壳,墨鱼骨",112,印度尼西亚,10,一般贸易,37,山东省,9750,千克,0,?,"41,019"
202001,5080090,"珊瑚及类似品；软体、甲壳或棘皮动物壳,墨鱼骨",112,印度尼西亚,10,一般贸易,44,广东省,69400,千克,0,?,"350,798"
202001,5080090,"珊瑚及类似品；软体、甲壳或棘皮动物壳,墨鱼骨",116,日本,10,一般贸易,21,辽宁省,2649974,千克,0,?,"2,307,785"
202001,5080090,"珊瑚及类似品；软体、甲壳或棘皮动物壳,墨鱼骨",116,日本,10,一般贸易,22,吉林省,5,千克,0,?,"41,668"
202001,5080090,"珊瑚及类似品；软体、甲壳或棘皮动物壳,墨鱼骨",116,日本,10,一般贸易,44,广东省,31,千克,0,?,"115,655"
202001,5080090,"珊瑚及类似品；软体、甲壳或棘皮动物壳,墨鱼骨",129,菲律宾,10,一般贸易,12,天津市,4302,千克,0,?,"65,106"
202001,5080090,"珊瑚及类似品；软体、甲壳或棘皮动物壳,墨鱼骨",129,菲律宾,10,一般贸易,37,山东省,19030,千克,0,?,"37,282"
202001,5080090,"珊瑚及类似品；软体、甲壳或棘皮动物壳,墨鱼骨",129,菲律宾,10,一般贸易,44,广东省,4850,千克,0,?,"33,935"
202001,5080090,"珊瑚及类似品；软体、甲壳或棘皮动物壳,墨鱼骨",129,菲律宾,10,一般贸易,46,海南省,24126,千克,0,?,"74,599"
202001,5080090,"珊瑚及类似品；软体、甲壳或棘皮动物壳,墨鱼骨",133,韩国,10,一般贸易,37,山东省,52800,千克,0,?,"222,563"
202001,5080090,"珊瑚及类似品；软体、甲壳或棘皮动物壳,墨鱼骨",136,泰国,10,一般贸易,11,北京市,18000,千克,0,?,"72,284"
202001,5080090,"珊瑚及类似品；软体、甲壳或棘皮动物壳,墨鱼骨",136,泰国,10,一般贸易,12,天津市,25275,千克,0,?,"88,689"
202001,5080090,"珊瑚及类似品；软体、甲壳或棘皮动物壳,墨鱼骨",136,泰国,10,一般贸易,32,江苏省,19280,千克,0,?,"35,483"
202001,5080090,"珊瑚及类似品；软体、甲壳或棘皮动物壳,墨鱼骨",136,泰国,10,一般贸易,35,福建省,41200,千克,0,?,"65,365"
202001,5080090,"珊瑚及类似品；软体、甲壳或棘皮动物壳,墨鱼骨",136,泰国,10,一般贸易,44,广东省,7000,千克,0,?,"42,051"
202001,5080090,"珊瑚及类似品；软体、甲壳或棘皮动物壳,墨鱼骨",141,越南,10,一般贸易,12,天津市,24850,千克,0,?,"154,771"
202001,5080090,"珊瑚及类似品；软体、甲壳或棘皮动物壳,墨鱼骨",141,越南,10,一般贸易,32,江苏省,25953,千克,0,?,"58,718"
202001,5080090,"珊瑚及类似品；软体、甲壳或棘皮动物壳,墨鱼骨",141,越南,10,一般贸易,35,福建省,24250,千克,0,?,"61,624"
202001,5080090,"珊瑚及类似品；软体、甲壳或棘皮动物壳,墨鱼骨",141,越南,10,一般贸易,37,山东省,52461,千克,0,?,"364,296"
202001,5080090,"珊瑚及类似品；软体、甲壳或棘皮动物壳,墨鱼骨",141,越南,10,一般贸易,44,广东省,61820,千克,0,?,"213,899"
202001,5080090,"珊瑚及类似品；软体、甲壳或棘皮动物壳,墨鱼骨",227,马达加斯加,10,一般贸易,44,广东省,26830,千克,0,?,"56,318"
202001,5080090,"珊瑚及类似品；软体、甲壳或棘皮动物壳,墨鱼骨",247,坦桑尼亚,10,一般贸易,46,海南省,22500,千克,0,?,"55,366"
202001,5080090,"珊瑚及类似品；软体、甲壳或棘皮动物壳,墨鱼骨",249,突尼斯,10,一般贸易,44,广东省,93,千克,0,?,"68,927"
202001,5080090,"珊瑚及类似品；软体、甲壳或棘皮动物壳,墨鱼骨",303,英国,10,一般贸易,37,山东省,293166,千克,0,?,"359,222"
202001,5080090,"珊瑚及类似品；软体、甲壳或棘皮动物壳,墨鱼骨",307,意大利,10,一般贸易,44,广东省,102,千克,0,?,"55,772"
202001,5080090,"珊瑚及类似品；软体、甲壳或棘皮动物壳,墨鱼骨",404,巴哈马,10,一般贸易,35,福建省,26500,千克,0,?,"92,987"
202001,5080090,"珊瑚及类似品；软体、甲壳或棘皮动物壳,墨鱼骨",501,加拿大,10,一般贸易,21,辽宁省,94324,千克,0,?,"338,316"
202001,5080090,"珊瑚及类似品；软体、甲壳或棘皮动物壳,墨鱼骨",601,澳大利亚,10,一般贸易,34,安徽省,16000,千克,0,?,"57,546"
202001,5080090,"珊瑚及类似品；软体、甲壳或棘皮动物壳,墨鱼骨",613,所罗门群岛,10,一般贸易,44,广东省,26500,千克,0,?,"75,899"
202001,5080090,"珊瑚及类似品；软体、甲壳或棘皮动物壳,墨鱼骨",623,法属波利尼西亚,10,一般贸易,32,江苏省,56524,千克,0,?,"243,036"
202001,5080090,"珊瑚及类似品；软体、甲壳或棘皮动物壳,墨鱼骨",623,法属波利尼西亚,10,一般贸易,35,福建省,17124,千克,0,?,"66,096"
202001,5080090,"珊瑚及类似品；软体、甲壳或棘皮动物壳,墨鱼骨",623,法属波利尼西亚,10,一般贸易,44,广东省,93561,千克,0,?,"453,023"
202001,5100090,未列名配药用腺体及其他动物产品,112,印度尼西亚,10,一般贸易,44,广东省,11279,千克,0,?,"890,255"
202001,5100090,未列名配药用腺体及其他动物产品,136,泰国,10,一般贸易,44,广东省,3858,千克,0,?,"208,492"
202001,5100090,未列名配药用腺体及其他动物产品,236,尼日利亚,10,一般贸易,13,河北省,2900,千克,0,?,"75,302"
202001,5100090,未列名配药用腺体及其他动物产品,609,新西兰,10,一般贸易,32,江苏省,7305,千克,0,?,"63,889"
202001,5111000,牛的精液,303,英国,10,一般贸易,11,北京市,9,千克,0,?,"500,165"
202001,5111000,牛的精液,304,德国,10,一般贸易,11,北京市,11,千克,0,?,"796,490"
202001,5111000,牛的精液,305,法国,10,一般贸易,11,北京市,27,千克,0,?,"2,407,800"
202001,5111000,牛的精液,307,意大利,10,一般贸易,11,北京市,8,千克,0,?,"156,817"
202001,5111000,牛的精液,309,荷兰,10,一般贸易,11,北京市,55,千克,0,?,"764,005"
202001,5111000,牛的精液,502,美国,10,一般贸易,11,北京市,526,千克,0,?,"13,435,792"
202001,5111000,牛的精液,601,澳大利亚,10,一般贸易,11,北京市,9,千克,0,?,"140,256"
202001,5111000,牛的精液,601,澳大利亚,10,一般贸易,12,天津市,18,千克,0,?,"1,465,198"
202001,5119111,受精鱼卵,302,丹麦,10,一般贸易,37,山东省,88,千克,0,?,"156,857"
202001,5119111,受精鱼卵,302,丹麦,10,一般贸易,53,云南省,15,千克,0,?,"45,725"
202001,5119119,其他鱼产品,103,孟加拉国,10,一般贸易,31,上海市,51000,千克,0,?,"802,893"
202001,5119119,其他鱼产品,103,孟加拉国,10,一般贸易,32,江苏省,16000,千克,0,?,"168,429"
202001,5119119,其他鱼产品,143,中国台湾,10,一般贸易,45,广西壮族自治区,36505,千克,0,?,"198,329"
202001,5119119,其他鱼产品,410,巴西,10,一般贸易,32,江苏省,23400,千克,0,?,"151,081"
202001,5119119,其他鱼产品,410,巴西,10,一般贸易,44,广东省,48000,千克,0,?,"364,751"
202001,5119119,其他鱼产品,426,洪都拉斯,10,一般贸易,32,江苏省,16000,千克,0,?,"250,258"
202001,5119190,未列名甲壳动物、软体动物及其他水生无脊椎动物的产品；第3章的死动物,129,菲律宾,10,一般贸易,44,广东省,17,千克,0,?,"21,086"
202001,5119190,未列名甲壳动物、软体动物及其他水生无脊椎动物的产品；第3章的死动物,133,韩国,10,一般贸易,21,辽宁省,250000,千克,0,?,"2,105,367"
202001,5119190,未列名甲壳动物、软体动物及其他水生无脊椎动物的产品；第3章的死动物,133,韩国,10,一般贸易,37,山东省,48000,千克,0,?,"352,158"
202001,5119190,未列名甲壳动物、软体动物及其他水生无脊椎动物的产品；第3章的死动物,133,韩国,34,海关特殊监管区域物流货物,37,山东省,24000,千克,0,?,"211,306"
202001,5119190,未列名甲壳动物、软体动物及其他水生无脊椎动物的产品；第3章的死动物,145,哈萨克斯坦,10,一般贸易,14,山西省,21980,千克,0,?,"430,617"
202001,5119190,未列名甲壳动物、软体动物及其他水生无脊椎动物的产品；第3章的死动物,145,哈萨克斯坦,10,一般贸易,65,新疆维吾尔自治区,59988,千克,0,?,"1,120,748"
202001,5119190,未列名甲壳动物、软体动物及其他水生无脊椎动物的产品；第3章的死动物,145,哈萨克斯坦,15,进料加工贸易,37,山东省,40000,千克,0,?,"699,690"
202001,5119190,未列名甲壳动物、软体动物及其他水生无脊椎动物的产品；第3章的死动物,145,哈萨克斯坦,15,进料加工贸易,65,新疆维吾尔自治区,38780,千克,0,?,"678,350"
202001,5119190,未列名甲壳动物、软体动物及其他水生无脊椎动物的产品；第3章的死动物,145,哈萨克斯坦,19,边境小额贸易,65,新疆维吾尔自治区,81120,千克,0,?,"1,390,984"
202001,5119190,未列名甲壳动物、软体动物及其他水生无脊椎动物的产品；第3章的死动物,149,乌兹别克斯坦,10,一般贸易,37,山东省,26000,千克,0,?,"490,751"
202001,5119190,未列名甲壳动物、软体动物及其他水生无脊椎动物的产品；第3章的死动物,149,乌兹别克斯坦,15,进料加工贸易,37,山东省,39640,千克,0,?,"1,386,785"
202001,5119190,未列名甲壳动物、软体动物及其他水生无脊椎动物的产品；第3章的死动物,502,美国,14,来料加工贸易,44,广东省,75556,千克,0,?,"1,850,302"
202001,5119910,动物精液（牛的精液除外）,303,英国,10,一般贸易,11,北京市,10,千克,0,?,"626,800"
202001,5119920,动物胚胎,502,美国,10,一般贸易,11,北京市,3,千克,0,?,"2,564,141"
202001,5119940,"马毛及废马毛,不论是否制成有或无衬垫的毛片",124,蒙古,19,边境小额贸易,15,内蒙古自治区,295514,千克,0,?,"1,625,327"
202001,5119940,"马毛及废马毛,不论是否制成有或无衬垫的毛片",141,越南,10,一般贸易,11,北京市,14500,千克,0,?,"162,674"
202001,5119940,"马毛及废马毛,不论是否制成有或无衬垫的毛片",149,乌兹别克斯坦,10,一般贸易,65,新疆维吾尔自治区,25439,千克,0,?,"54,691"
202001,5119940,"马毛及废马毛,不论是否制成有或无衬垫的毛片",402,阿根廷,10,一般贸易,37,山东省,10200,千克,0,?,"101,475"
202001,5119990,其他品目未列名动物产品；不适合供人食用的第1章的死动物,132,新加坡,39,其他,42,湖北省,0,千克,0,?,"19,756"
202001,5119990,其他品目未列名动物产品；不适合供人食用的第1章的死动物,133,韩国,34,海关特殊监管区域物流货物,31,上海市,0,千克,0,?,56
202001,5119990,其他品目未列名动物产品；不适合供人食用的第1章的死动物,142,中国,39,其他,31,上海市,1,千克,0,?,"9,663"
202001,5119990,其他品目未列名动物产品；不适合供人食用的第1章的死动物,142,中国,39,其他,32,江苏省,59,千克,0,?,"44,891"
202001,5119990,其他品目未列名动物产品；不适合供人食用的第1章的死动物,146,吉尔吉斯斯坦,10,一般贸易,41,河南省,43520,千克,0,?,"182,703"
202001,5119990,其他品目未列名动物产品；不适合供人食用的第1章的死动物,217,埃塞俄比亚,10,一般贸易,13,河北省,4120,千克,0,?,"109,872"
202001,5119990,其他品目未列名动物产品；不适合供人食用的第1章的死动物,303,英国,39,其他,32,江苏省,0,千克,0,?,"5,335"
202001,5119990,其他品目未列名动物产品；不适合供人食用的第1章的死动物,304,德国,10,一般贸易,32,江苏省,0,千克,0,?,"3,079"
202001,5119990,其他品目未列名动物产品；不适合供人食用的第1章的死动物,310,希腊,10,一般贸易,12,天津市,14,千克,0,?,"34,327"
202001,5119990,其他品目未列名动物产品；不适合供人食用的第1章的死动物,331,瑞士,39,其他,32,江苏省,0,千克,0,?,"2,224"
202001,5119990,其他品目未列名动物产品；不适合供人食用的第1章的死动物,433,巴拉圭,10,一般贸易,13,河北省,22000,千克,0,?,"204,384"
202001,5119990,其他品目未列名动物产品；不适合供人食用的第1章的死动物,502,美国,10,一般贸易,31,上海市,0,千克,0,?,"31,268"
202001,5119990,其他品目未列名动物产品；不适合供人食用的第1章的死动物,502,美国,10,一般贸易,32,江苏省,0,千克,0,?,"5,275"
202001,5119990,其他品目未列名动物产品；不适合供人食用的第1章的死动物,502,美国,34,海关特殊监管区域物流货物,31,上海市,3,千克,0,?,"100,169"
202001,5119990,其他品目未列名动物产品；不适合供人食用的第1章的死动物,502,美国,39,其他,31,上海市,0,千克,0,?,"4,681"
202001,5119990,其他品目未列名动物产品；不适合供人食用的第1章的死动物,502,美国,39,其他,32,江苏省,0,千克,0,?,"11,688"
202001,5119990,其他品目未列名动物产品；不适合供人食用的第1章的死动物,601,澳大利亚,10,一般贸易,31,上海市,25,千克,0,?,"775,331"
202001,5119990,其他品目未列名动物产品；不适合供人食用的第1章的死动物,601,澳大利亚,34,海关特殊监管区域物流货物,31,上海市,0,千克,0,?,693
202001,5119990,其他品目未列名动物产品；不适合供人食用的第1章的死动物,609,新西兰,10,一般贸易,21,辽宁省,91871,千克,0,?,"515,068"
202001,5119990,其他品目未列名动物产品；不适合供人食用的第1章的死动物,609,新西兰,10,一般贸易,37,山东省,257773,千克,0,?,"1,262,527"
202001,6011021,种用百合球茎,309,荷兰,10,一般贸易,21,辽宁省,277500,个,15750,千克,"385,921"
202001,6011021,种用百合球茎,309,荷兰,10,一般贸易,33,浙江省,187575,个,19774,千克,"307,541"
202001,6011021,种用百合球茎,309,荷兰,10,一般贸易,44,广东省,287250,个,21003,千克,"233,973"
202001,6011021,种用百合球茎,309,荷兰,10,一般贸易,53,云南省,10156425,个,734319,千克,"11,502,422"
202001,6011021,种用百合球茎,412,智利,10,一般贸易,21,辽宁省,770520,个,41061,千克,"1,454,743"
202001,6011021,种用百合球茎,412,智利,10,一般贸易,53,云南省,1375250,个,95806,千克,"1,125,923"
202001,6011091,种用休眠的鳞茎、块茎、块根、球茎、根颈及根茎,309,荷兰,10,一般贸易,21,辽宁省,522940,个,19845,千克,"622,861"
202001,6011091,种用休眠的鳞茎、块茎、块根、球茎、根颈及根茎,309,荷兰,10,一般贸易,53,云南省,4777466,个,127765,千克,"3,795,722"
202001,6011091,种用休眠的鳞茎、块茎、块根、球茎、根颈及根茎,309,荷兰,39,其他,53,云南省,330,个,34,千克,"3,460"
202001,6011099,未列名休眠的鳞茎、块茎、块根、球茎、根颈及根茎,309,荷兰,10,一般贸易,11,北京市,3300,个,162,千克,"39,293"
202001,6021000,无根插枝及接穗植物,116,日本,10,一般贸易,53,云南省,150,株,1,千克,661
202001,6021000,无根插枝及接穗植物,141,越南,10,一般贸易,53,云南省,84960,株,230,千克,"92,686"
202001,6021000,无根插枝及接穗植物,217,埃塞俄比亚,10,一般贸易,11,北京市,1696750,株,1940,千克,"291,222"
202001,6021000,无根插枝及接穗植物,217,埃塞俄比亚,10,一般贸易,53,云南省,84100,株,245,千克,"43,974"
202001,6021000,无根插枝及接穗植物,224,肯尼亚,10,一般贸易,53,云南省,162055,株,174,千克,"105,798"
202001,6021000,无根插枝及接穗植物,247,坦桑尼亚,10,一般贸易,53,云南省,142120,株,331,千克,"52,878"
202001,6021000,无根插枝及接穗植物,250,乌干达,10,一般贸易,53,云南省,1174300,株,1437,千克,"294,854"
202001,6021000,无根插枝及接穗植物,304,德国,10,一般贸易,53,云南省,6523,株,72,千克,"831,984"
202001,6021000,无根插枝及接穗植物,309,荷兰,10,一般贸易,53,云南省,6600,株,25,千克,"11,268"
202001,6021000,无根插枝及接穗植物,312,西班牙,10,一般贸易,53,云南省,65100,株,173,千克,"224,727"
202001,6021000,无根插枝及接穗植物,413,哥伦比亚,10,一般贸易,53,云南省,29806,株,35,千克,"54,426"
202001,6021000,无根插枝及接穗植物,423,危地马拉,10,一般贸易,53,云南省,73300,株,103,千克,"34,584"
202001,6021000,无根插枝及接穗植物,440,萨尔瓦多,10,一般贸易,53,云南省,4700,株,10,千克,"4,319"
202001,6022010,食用水果或坚果种用苗木,312,西班牙,10,一般贸易,53,云南省,5000,株,200,千克,"32,004"
202001,6022010,食用水果或坚果种用苗木,352,捷克,10,一般贸易,33,浙江省,50,株,26,千克,"6,820"
202001,6022010,食用水果或坚果种用苗木,502,美国,39,其他,53,云南省,4440,株,64,千克,"10,412"
202001,6023090,"其他杜鹃,不论是否嫁接",116,日本,10,一般贸易,32,江苏省,4,株,3720,千克,"155,101"
202001,6023090,"其他杜鹃,不论是否嫁接",116,日本,10,一般贸易,33,浙江省,85,株,27888,千克,"376,202"
202001,6023090,"其他杜鹃,不论是否嫁接",116,日本,10,一般贸易,44,广东省,5,株,8650,千克,"92,916"
202001,6024010,种用玫瑰,502,美国,10,一般贸易,53,云南省,9430,株,1283,千克,"288,539"
202001,6029010,蘑菇菌丝,142,中国,34,海关特殊监管区域物流货物,21,辽宁省,16891,千克,0,?,"17,432"
202001,6029010,蘑菇菌丝,502,美国,10,一般贸易,11,北京市,18148,千克,0,?,"519,462"
202001,6029010,蘑菇菌丝,502,美国,10,一般贸易,32,江苏省,227493,千克,0,?,"2,983,315"
202001,6029091,其他种用苗木,116,日本,10,一般贸易,11,北京市,460,株,6,千克,"34,911"
202001,6029091,其他种用苗木,116,日本,10,一般贸易,53,云南省,5000,株,69,千克,"46,529"
202001,6029091,其他种用苗木,116,日本,39,其他,53,云南省,1450,株,78,千克,"9,320"
202001,6029091,其他种用苗木,141,越南,10,一般贸易,53,云南省,45080,株,712,千克,"85,808"
202001,6029091,其他种用苗木,304,德国,10,一般贸易,53,云南省,10812,株,7352,千克,"256,384"
202001,6029091,其他种用苗木,305,法国,10,一般贸易,31,上海市,65256,株,78739,千克,"1,504,146"
202001,6029091,其他种用苗木,309,荷兰,10,一般贸易,33,浙江省,18037,株,3922,千克,"755,929"
202001,6029091,其他种用苗木,309,荷兰,10,一般贸易,53,云南省,137960,株,969,千克,"990,323"
202001,6029091,其他种用苗木,502,美国,10,一般贸易,53,云南省,360,株,5,千克,"3,522"
202001,6029092,"兰花,种用除外",133,韩国,10,一般贸易,37,山东省,10000,株,12060,千克,"139,938"
202001,6029092,"兰花,种用除外",143,中国台湾,10,一般贸易,44,广东省,75900,株,41636,千克,"324,858"
202001,6029099,未列名活植物,112,印度尼西亚,10,一般贸易,44,广东省,2190,株,13100,千克,"51,133"
202001,6029099,未列名活植物,116,日本,10,一般贸易,32,江苏省,6,株,13420,千克,"221,175"
202001,6029099,未列名活植物,116,日本,10,一般贸易,33,浙江省,171,株,123616,千克,"1,786,867"
202001,6029099,未列名活植物,116,日本,10,一般贸易,37,山东省,180,株,23200,千克,"121,540"
202001,6029099,未列名活植物,116,日本,10,一般贸易,44,广东省,907,株,103140,千克,"1,253,258"
202001,6029099,未列名活植物,133,韩国,10,一般贸易,33,浙江省,602,株,181329,千克,"976,608"
202001,6029099,未列名活植物,133,韩国,10,一般贸易,37,山东省,45800,株,95662,千克,"146,237"
202001,6029099,未列名活植物,136,泰国,10,一般贸易,44,广东省,105,株,38249,千克,"577,968"
202001,6029099,未列名活植物,143,中国台湾,10,一般贸易,44,广东省,1313,株,163680,千克,"784,807"
202001,6029099,未列名活植物,309,荷兰,10,一般贸易,11,北京市,7120,株,14184,千克,"402,642"
202001,6029099,未列名活植物,309,荷兰,10,一般贸易,53,云南省,5012,株,2090,千克,"196,880"
202001,6029099,未列名活植物,309,荷兰,39,其他,53,云南省,17,株,12,千克,"2,502"
202001,6029099,未列名活植物,312,西班牙,10,一般贸易,33,浙江省,136,株,342420,千克,"6,417,161"
202001,6029099,未列名活植物,415,哥斯达黎加,10,一般贸易,44,广东省,22820,株,13280,千克,"73,999"
202001,6029099,未列名活植物,502,美国,10,一般贸易,53,云南省,215,株,33,千克,"5,080"
202001,6031100,鲜的制花束或装饰用的玫瑰插花及花蕾,116,日本,10,一般贸易,11,北京市,5,千克,100,枝,"1,583"
202001,6031100,鲜的制花束或装饰用的玫瑰插花及花蕾,116,日本,10,一般贸易,31,上海市,19,千克,270,枝,"2,884"
202001,6031100,鲜的制花束或装饰用的玫瑰插花及花蕾,116,日本,10,一般贸易,35,福建省,1,千克,60,枝,329
202001,6031100,鲜的制花束或装饰用的玫瑰插花及花蕾,116,日本,10,一般贸易,61,陕西省,3,千克,150,枝,"2,873"
202001,6031100,鲜的制花束或装饰用的玫瑰插花及花蕾,217,埃塞俄比亚,10,一般贸易,11,北京市,4,千克,90,枝,526
202001,6031100,鲜的制花束或装饰用的玫瑰插花及花蕾,217,埃塞俄比亚,10,一般贸易,31,上海市,85,千克,690,枝,"2,916"
202001,6031100,鲜的制花束或装饰用的玫瑰插花及花蕾,217,埃塞俄比亚,10,一般贸易,44,广东省,10,千克,70,枝,128
202001,6031100,鲜的制花束或装饰用的玫瑰插花及花蕾,217,埃塞俄比亚,10,一般贸易,51,四川省,3,千克,60,枝,261
202001,6031100,鲜的制花束或装饰用的玫瑰插花及花蕾,217,埃塞俄比亚,10,一般贸易,53,云南省,83,千克,1280,枝,"3,302"
202001,6031100,鲜的制花束或装饰用的玫瑰插花及花蕾,217,埃塞俄比亚,39,其他,51,四川省,69,千克,860,枝,"2,615"
202001,6031100,鲜的制花束或装饰用的玫瑰插花及花蕾,224,肯尼亚,10,一般贸易,11,北京市,2074,千克,32328,枝,"146,161"
202001,6031100,鲜的制花束或装饰用的玫瑰插花及花蕾,224,肯尼亚,10,一般贸易,31,上海市,769,千克,12673,枝,"65,252"
202001,6031100,鲜的制花束或装饰用的玫瑰插花及花蕾,224,肯尼亚,10,一般贸易,32,江苏省,3988,千克,64489,枝,"109,855"
202001,6031100,鲜的制花束或装饰用的玫瑰插花及花蕾,224,肯尼亚,10,一般贸易,33,浙江省,2196,千克,43390,枝,"136,672"
202001,6031100,鲜的制花束或装饰用的玫瑰插花及花蕾,224,肯尼亚,10,一般贸易,44,广东省,12671,千克,226486,枝,"462,140"
202001,6031100,鲜的制花束或装饰用的玫瑰插花及花蕾,224,肯尼亚,10,一般贸易,53,云南省,143,千克,1950,枝,"5,150"
202001,6031100,鲜的制花束或装饰用的玫瑰插花及花蕾,309,荷兰,10,一般贸易,11,北京市,8,千克,110,枝,"1,036"
202001,6031100,鲜的制花束或装饰用的玫瑰插花及花蕾,309,荷兰,10,一般贸易,31,上海市,15,千克,200,枝,"1,674"
202001,6031100,鲜的制花束或装饰用的玫瑰插花及花蕾,413,哥伦比亚,10,一般贸易,11,北京市,137,千克,2954,枝,"15,520"
202001,6031100,鲜的制花束或装饰用的玫瑰插花及花蕾,413,哥伦比亚,10,一般贸易,31,上海市,2326,千克,40004,枝,"180,722"
202001,6031100,鲜的制花束或装饰用的玫瑰插花及花蕾,419,厄瓜多尔,10,一般贸易,11,北京市,4941,千克,60940,枝,"383,050"
202001,6031100,鲜的制花束或装饰用的玫瑰插花及花蕾,419,厄瓜多尔,10,一般贸易,31,上海市,17344,千克,244549,枝,"1,306,246"
202001,6031100,鲜的制花束或装饰用的玫瑰插花及花蕾,419,厄瓜多尔,10,一般贸易,44,广东省,2214,千克,22800,枝,"48,505"
202001,6031100,鲜的制花束或装饰用的玫瑰插花及花蕾,419,厄瓜多尔,10,一般贸易,51,四川省,9,千克,174,枝,"1,362"
202001,6031100,鲜的制花束或装饰用的玫瑰插花及花蕾,419,厄瓜多尔,10,一般贸易,53,云南省,869,千克,16167,枝,"74,579"
202001,6031200,鲜的制花束或装饰用的康乃馨插花及花蕾,217,埃塞俄比亚,10,一般贸易,11,北京市,10,千克,480,枝,"2,172"
202001,6031200,鲜的制花束或装饰用的康乃馨插花及花蕾,224,肯尼亚,10,一般贸易,33,浙江省,99,千克,2000,枝,"1,560"
202001,6031200,鲜的制花束或装饰用的康乃馨插花及花蕾,309,荷兰,10,一般贸易,31,上海市,10,千克,140,枝,438
202001,6031200,鲜的制花束或装饰用的康乃馨插花及花蕾,413,哥伦比亚,10,一般贸易,11,北京市,1056,千克,24830,枝,"56,449"
202001,6031200,鲜的制花束或装饰用的康乃馨插花及花蕾,413,哥伦比亚,10,一般贸易,31,上海市,1249,千克,21650,枝,"49,802"
202001,6031200,鲜的制花束或装饰用的康乃馨插花及花蕾,413,哥伦比亚,10,一般贸易,44,广东省,536,千克,8650,枝,"16,656"
202001,6031300,鲜的制花束或装饰用的兰花插花及花蕾,136,泰国,10,一般贸易,11,北京市,4140,千克,109200,枝,"63,863"
202001,6031300,鲜的制花束或装饰用的兰花插花及花蕾,136,泰国,10,一般贸易,53,云南省,632086,千克,27884160,枝,"9,367,227"
202001,6031300,鲜的制花束或装饰用的兰花插花及花蕾,309,荷兰,10,一般贸易,11,北京市,300,千克,822,枝,"56,560"
202001,6031300,鲜的制花束或装饰用的兰花插花及花蕾,309,荷兰,10,一般贸易,31,上海市,1902,千克,3710,枝,"227,126"
202001,6031300,鲜的制花束或装饰用的兰花插花及花蕾,309,荷兰,10,一般贸易,53,云南省,5,千克,10,枝,443
202001,6031400,鲜的制花束或装饰用的菊花插花及花蕾,116,日本,10,一般贸易,11,北京市,4,千克,90,枝,"1,038"
202001,6031400,鲜的制花束或装饰用的菊花插花及花蕾,116,日本,10,一般贸易,21,辽宁省,4,千克,20,枝,767
202001,6031400,鲜的制花束或装饰用的菊花插花及花蕾,116,日本,10,一般贸易,31,上海市,28,千克,300,枝,"3,332"
202001,6031400,鲜的制花束或装饰用的菊花插花及花蕾,116,日本,10,一般贸易,61,陕西省,36,千克,210,枝,"4,230"
202001,6031400,鲜的制花束或装饰用的菊花插花及花蕾,122,马来西亚,10,一般贸易,44,广东省,26918,千克,289575,枝,"363,053"
202001,6031400,鲜的制花束或装饰用的菊花插花及花蕾,141,越南,10,一般贸易,53,云南省,81659,千克,964370,枝,"1,745,629"
202001,6031400,鲜的制花束或装饰用的菊花插花及花蕾,254,津巴布韦,10,一般贸易,11,北京市,17,千克,200,枝,"1,330"
202001,6031400,鲜的制花束或装饰用的菊花插花及花蕾,307,意大利,10,一般贸易,31,上海市,287,千克,1800,枝,"5,992"
202001,6031400,鲜的制花束或装饰用的菊花插花及花蕾,309,荷兰,10,一般贸易,11,北京市,840,千克,16445,枝,"67,890"
202001,6031400,鲜的制花束或装饰用的菊花插花及花蕾,309,荷兰,10,一般贸易,31,上海市,640,千克,18960,枝,"73,543"
202001,6031400,鲜的制花束或装饰用的菊花插花及花蕾,309,荷兰,10,一般贸易,32,江苏省,4,千克,100,枝,202
202001,6031400,鲜的制花束或装饰用的菊花插花及花蕾,309,荷兰,10,一般贸易,44,广东省,271,千克,3880,枝,"13,518"
202001,6031400,鲜的制花束或装饰用的菊花插花及花蕾,309,荷兰,10,一般贸易,51,四川省,141,千克,2465,枝,"9,357"
202001,6031400,鲜的制花束或装饰用的菊花插花及花蕾,309,荷兰,10,一般贸易,53,云南省,223,千克,9150,枝,"35,270"
202001,6031400,鲜的制花束或装饰用的菊花插花及花蕾,413,哥伦比亚,10,一般贸易,11,北京市,165,千克,3350,枝,"12,566"
202001,6031400,鲜的制花束或装饰用的菊花插花及花蕾,419,厄瓜多尔,10,一般贸易,11,北京市,20,千克,300,枝,567
202001,6031500,鲜的制花束或装饰用的百合花(百合属)插花及花蕾,116,日本,10,一般贸易,11,北京市,105,千克,1560,枝,"30,773"
202001,6031500,鲜的制花束或装饰用的百合花(百合属)插花及花蕾,116,日本,10,一般贸易,61,陕西省,10,千克,250,枝,"5,363"
202001,6031500,鲜的制花束或装饰用的百合花(百合属)插花及花蕾,224,肯尼亚,10,一般贸易,31,上海市,26,千克,500,枝,"1,260"
202001,6031500,鲜的制花束或装饰用的百合花(百合属)插花及花蕾,224,肯尼亚,10,一般贸易,32,江苏省,1744,千克,33370,枝,"43,986"
202001,6031500,鲜的制花束或装饰用的百合花(百合属)插花及花蕾,224,肯尼亚,10,一般贸易,44,广东省,200,千克,3980,枝,"6,982"
202001,6031500,鲜的制花束或装饰用的百合花(百合属)插花及花蕾,309,荷兰,10,一般贸易,11,北京市,75,千克,1020,枝,"13,756"
202001,6031500,鲜的制花束或装饰用的百合花(百合属)插花及花蕾,309,荷兰,10,一般贸易,31,上海市,209,千克,1330,枝,"16,235"
202001,6031500,鲜的制花束或装饰用的百合花(百合属)插花及花蕾,309,荷兰,10,一般贸易,44,广东省,3,千克,30,枝,70
202001,6031500,鲜的制花束或装饰用的百合花(百合属)插花及花蕾,309,荷兰,10,一般贸易,51,四川省,12,千克,200,枝,"3,520"
202001,6031500,鲜的制花束或装饰用的百合花(百合属)插花及花蕾,309,荷兰,10,一般贸易,53,云南省,25,千克,330,枝,"3,440"
202001,6031900,其他鲜的制花束或装饰用的插花及花蕾,115,以色列,10,一般贸易,11,北京市,78,千克,2705,枝,"13,597"
202001,6031900,其他鲜的制花束或装饰用的插花及花蕾,115,以色列,10,一般贸易,31,上海市,299,千克,8475,枝,"45,244"
202001,6031900,其他鲜的制花束或装饰用的插花及花蕾,115,以色列,10,一般贸易,32,江苏省,4,千克,60,枝,56
202001,6031900,其他鲜的制花束或装饰用的插花及花蕾,115,以色列,10,一般贸易,44,广东省,24,千克,750,枝,"1,369"
202001,6031900,其他鲜的制花束或装饰用的插花及花蕾,115,以色列,10,一般贸易,51,四川省,11,千克,200,枝,"2,003"
202001,6031900,其他鲜的制花束或装饰用的插花及花蕾,115,以色列,10,一般贸易,53,云南省,81,千克,1465,枝,"6,339"
202001,6031900,其他鲜的制花束或装饰用的插花及花蕾,116,日本,10,一般贸易,11,北京市,1496,千克,18183,枝,"271,744"
202001,6031900,其他鲜的制花束或装饰用的插花及花蕾,116,日本,10,一般贸易,21,辽宁省,33,千克,1790,枝,"13,672"
202001,6031900,其他鲜的制花束或装饰用的插花及花蕾,116,日本,10,一般贸易,31,上海市,1985,千克,37630,枝,"398,487"
202001,6031900,其他鲜的制花束或装饰用的插花及花蕾,116,日本,10,一般贸易,35,福建省,258,千克,5150,枝,"30,610"
202001,6031900,其他鲜的制花束或装饰用的插花及花蕾,116,日本,10,一般贸易,44,广东省,69,千克,640,枝,"12,162"
202001,6031900,其他鲜的制花束或装饰用的插花及花蕾,116,日本,10,一般贸易,61,陕西省,63,千克,1160,枝,"17,364"
202001,6031900,其他鲜的制花束或装饰用的插花及花蕾,134,斯里兰卡,10,一般贸易,51,四川省,1,千克,20,枝,84
202001,6031900,其他鲜的制花束或装饰用的插花及花蕾,136,泰国,10,一般贸易,12,天津市,14,千克,750,枝,"19,085"
202001,6031900,其他鲜的制花束或装饰用的插花及花蕾,217,埃塞俄比亚,10,一般贸易,11,北京市,85,千克,2410,枝,"13,161"
202001,6031900,其他鲜的制花束或装饰用的插花及花蕾,217,埃塞俄比亚,10,一般贸易,31,上海市,932,千克,32135,枝,"91,636"
202001,6031900,其他鲜的制花束或装饰用的插花及花蕾,217,埃塞俄比亚,10,一般贸易,32,江苏省,3,千克,30,枝,168
202001,6031900,其他鲜的制花束或装饰用的插花及花蕾,217,埃塞俄比亚,10,一般贸易,33,浙江省,16712,千克,645555,枝,"1,100,277"
202001,6031900,其他鲜的制花束或装饰用的插花及花蕾,217,埃塞俄比亚,10,一般贸易,44,广东省,41,千克,940,枝,"1,875"
202001,6031900,其他鲜的制花束或装饰用的插花及花蕾,217,埃塞俄比亚,10,一般贸易,51,四川省,8,千克,170,枝,533
202001,6031900,其他鲜的制花束或装饰用的插花及花蕾,217,埃塞俄比亚,10,一般贸易,53,云南省,45,千克,640,枝,"4,034"
202001,6031900,其他鲜的制花束或装饰用的插花及花蕾,217,埃塞俄比亚,39,其他,51,四川省,56,千克,1280,枝,"3,892"
202001,6031900,其他鲜的制花束或装饰用的插花及花蕾,223,科特迪瓦,10,一般贸易,11,北京市,3,千克,35,枝,476
202001,6031900,其他鲜的制花束或装饰用的插花及花蕾,223,科特迪瓦,10,一般贸易,31,上海市,36,千克,650,枝,"8,118"
202001,6031900,其他鲜的制花束或装饰用的插花及花蕾,223,科特迪瓦,10,一般贸易,51,四川省,6,千克,80,枝,"1,542"
202001,6031900,其他鲜的制花束或装饰用的插花及花蕾,223,科特迪瓦,10,一般贸易,53,云南省,55,千克,780,枝,"12,062"
202001,6031900,其他鲜的制花束或装饰用的插花及花蕾,224,肯尼亚,10,一般贸易,11,北京市,596,千克,10143,枝,"85,618"
202001,6031900,其他鲜的制花束或装饰用的插花及花蕾,224,肯尼亚,10,一般贸易,31,上海市,1103,千克,29540,枝,"109,060"
202001,6031900,其他鲜的制花束或装饰用的插花及花蕾,224,肯尼亚,10,一般贸易,32,江苏省,7,千克,180,枝,376
202001,6031900,其他鲜的制花束或装饰用的插花及花蕾,224,肯尼亚,10,一般贸易,33,浙江省,2894,千克,78050,枝,"142,562"
202001,6031900,其他鲜的制花束或装饰用的插花及花蕾,224,肯尼亚,10,一般贸易,44,广东省,13893,千克,260456,枝,"439,380"
202001,6031900,其他鲜的制花束或装饰用的插花及花蕾,224,肯尼亚,10,一般贸易,51,四川省,11,千克,250,枝,"1,581"
202001,6031900,其他鲜的制花束或装饰用的插花及花蕾,224,肯尼亚,10,一般贸易,53,云南省,148,千克,1900,枝,"7,234"
202001,6031900,其他鲜的制花束或装饰用的插花及花蕾,244,南非,10,一般贸易,11,北京市,3064,千克,61334,枝,"235,835"
202001,6031900,其他鲜的制花束或装饰用的插花及花蕾,244,南非,10,一般贸易,31,上海市,11811,千克,194790,枝,"932,242"
202001,6031900,其他鲜的制花束或装饰用的插花及花蕾,244,南非,10,一般贸易,44,广东省,13926,千克,67186,枝,"689,737"
202001,6031900,其他鲜的制花束或装饰用的插花及花蕾,244,南非,10,一般贸易,51,四川省,337,千克,4802,枝,"29,830"
202001,6031900,其他鲜的制花束或装饰用的插花及花蕾,244,南非,10,一般贸易,53,云南省,2806,千克,31758,枝,"230,532"
202001,6031900,其他鲜的制花束或装饰用的插花及花蕾,247,坦桑尼亚,10,一般贸易,11,北京市,178,千克,4410,枝,"23,965"
202001,6031900,其他鲜的制花束或装饰用的插花及花蕾,247,坦桑尼亚,10,一般贸易,31,上海市,295,千克,5720,枝,"31,166"
202001,6031900,其他鲜的制花束或装饰用的插花及花蕾,247,坦桑尼亚,10,一般贸易,32,江苏省,9,千克,210,枝,298
202001,6031900,其他鲜的制花束或装饰用的插花及花蕾,247,坦桑尼亚,10,一般贸易,44,广东省,97,千克,2030,枝,"8,396"
202001,6031900,其他鲜的制花束或装饰用的插花及花蕾,247,坦桑尼亚,10,一般贸易,51,四川省,21,千克,390,枝,"2,668"
202001,6031900,其他鲜的制花束或装饰用的插花及花蕾,247,坦桑尼亚,10,一般贸易,53,云南省,70,千克,1150,枝,"4,094"
202001,6031900,其他鲜的制花束或装饰用的插花及花蕾,254,津巴布韦,10,一般贸易,11,北京市,66,千克,865,枝,"5,475"
202001,6031900,其他鲜的制花束或装饰用的插花及花蕾,254,津巴布韦,10,一般贸易,31,上海市,62,千克,1040,枝,"5,337"
202001,6031900,其他鲜的制花束或装饰用的插花及花蕾,254,津巴布韦,10,一般贸易,32,江苏省,4,千克,100,枝,117
202001,6031900,其他鲜的制花束或装饰用的插花及花蕾,254,津巴布韦,10,一般贸易,44,广东省,7,千克,170,枝,415
202001,6031900,其他鲜的制花束或装饰用的插花及花蕾,254,津巴布韦,10,一般贸易,51,四川省,6,千克,100,枝,470
202001,6031900,其他鲜的制花束或装饰用的插花及花蕾,254,津巴布韦,10,一般贸易,53,云南省,67,千克,1300,枝,"3,646"
202001,6031900,其他鲜的制花束或装饰用的插花及花蕾,301,比利时,10,一般贸易,11,北京市,27,千克,330,枝,"1,100"
202001,6031900,其他鲜的制花束或装饰用的插花及花蕾,301,比利时,10,一般贸易,31,上海市,25,千克,445,枝,"3,934"
202001,6031900,其他鲜的制花束或装饰用的插花及花蕾,301,比利时,10,一般贸易,32,江苏省,3,千克,100,枝,264
202001,6031900,其他鲜的制花束或装饰用的插花及花蕾,301,比利时,10,一般贸易,51,四川省,8,千克,100,枝,352
202001,6031900,其他鲜的制花束或装饰用的插花及花蕾,301,比利时,10,一般贸易,53,云南省,7,千克,150,枝,342
202001,6031900,其他鲜的制花束或装饰用的插花及花蕾,303,英国,10,一般贸易,11,北京市,4,千克,80,枝,406
202001,6031900,其他鲜的制花束或装饰用的插花及花蕾,304,德国,10,一般贸易,11,北京市,537,千克,2701,枝,"50,994"
202001,6031900,其他鲜的制花束或装饰用的插花及花蕾,304,德国,10,一般贸易,31,上海市,1342,千克,7483,枝,"154,063"
202001,6031900,其他鲜的制花束或装饰用的插花及花蕾,304,德国,10,一般贸易,44,广东省,2,千克,50,枝,112
202001,6031900,其他鲜的制花束或装饰用的插花及花蕾,304,德国,10,一般贸易,51,四川省,1973,千克,5677,枝,"107,324"
202001,6031900,其他鲜的制花束或装饰用的插花及花蕾,304,德国,10,一般贸易,53,云南省,3,千克,30,枝,124
202001,6031900,其他鲜的制花束或装饰用的插花及花蕾,305,法国,10,一般贸易,11,北京市,42,千克,855,枝,"4,089"
202001,6031900,其他鲜的制花束或装饰用的插花及花蕾,305,法国,10,一般贸易,31,上海市,55,千克,1275,枝,"7,515"
202001,6031900,其他鲜的制花束或装饰用的插花及花蕾,305,法国,10,一般贸易,44,广东省,16,千克,290,枝,522
202001,6031900,其他鲜的制花束或装饰用的插花及花蕾,305,法国,10,一般贸易,51,四川省,23,千克,326,枝,"6,284"
202001,6031900,其他鲜的制花束或装饰用的插花及花蕾,305,法国,10,一般贸易,53,云南省,13,千克,250,枝,"1,056"
202001,6031900,其他鲜的制花束或装饰用的插花及花蕾,307,意大利,10,一般贸易,11,北京市,184,千克,4725,枝,"53,706"
202001,6031900,其他鲜的制花束或装饰用的插花及花蕾,307,意大利,10,一般贸易,31,上海市,278,千克,4745,枝,"67,146"
202001,6031900,其他鲜的制花束或装饰用的插花及花蕾,307,意大利,10,一般贸易,44,广东省,14,千克,140,枝,533
202001,6031900,其他鲜的制花束或装饰用的插花及花蕾,307,意大利,10,一般贸易,51,四川省,39,千克,630,枝,"12,363"
202001,6031900,其他鲜的制花束或装饰用的插花及花蕾,307,意大利,10,一般贸易,53,云南省,187,千克,1685,枝,"19,366"
202001,6031900,其他鲜的制花束或装饰用的插花及花蕾,309,荷兰,10,一般贸易,11,北京市,11809,千克,124271,枝,"1,204,579"
202001,6031900,其他鲜的制花束或装饰用的插花及花蕾,309,荷兰,10,一般贸易,31,上海市,34456,千克,456089,枝,"4,331,466"
202001,6031900,其他鲜的制花束或装饰用的插花及花蕾,309,荷兰,10,一般贸易,32,江苏省,387,千克,4870,枝,"100,275"
202001,6031900,其他鲜的制花束或装饰用的插花及花蕾,309,荷兰,10,一般贸易,44,广东省,28166,千克,235744,枝,"1,320,954"
202001,6031900,其他鲜的制花束或装饰用的插花及花蕾,309,荷兰,10,一般贸易,51,四川省,5732,千克,52825,枝,"725,360"
202001,6031900,其他鲜的制花束或装饰用的插花及花蕾,309,荷兰,10,一般贸易,53,云南省,7053,千克,117914,枝,"1,040,345"
202001,6031900,其他鲜的制花束或装饰用的插花及花蕾,311,葡萄牙,10,一般贸易,11,北京市,758,千克,6465,枝,"134,658"
202001,6031900,其他鲜的制花束或装饰用的插花及花蕾,311,葡萄牙,10,一般贸易,31,上海市,1021,千克,9891,枝,"210,853"
202001,6031900,其他鲜的制花束或装饰用的插花及花蕾,311,葡萄牙,10,一般贸易,44,广东省,645,千克,5120,枝,"75,970"
202001,6031900,其他鲜的制花束或装饰用的插花及花蕾,311,葡萄牙,10,一般贸易,51,四川省,31,千克,520,枝,"10,267"
202001,6031900,其他鲜的制花束或装饰用的插花及花蕾,311,葡萄牙,10,一般贸易,53,云南省,3,千克,40,枝,760
202001,6031900,其他鲜的制花束或装饰用的插花及花蕾,312,西班牙,10,一般贸易,11,北京市,830,千克,9760,枝,"122,410"
202001,6031900,其他鲜的制花束或装饰用的插花及花蕾,312,西班牙,10,一般贸易,31,上海市,1909,千克,22870,枝,"275,703"
202001,6031900,其他鲜的制花束或装饰用的插花及花蕾,312,西班牙,10,一般贸易,32,江苏省,5,千克,80,枝,267
202001,6031900,其他鲜的制花束或装饰用的插花及花蕾,312,西班牙,10,一般贸易,44,广东省,1699,千克,20105,枝,"76,950"
202001,6031900,其他鲜的制花束或装饰用的插花及花蕾,312,西班牙,10,一般贸易,51,四川省,29,千克,450,枝,"8,857"
202001,6031900,其他鲜的制花束或装饰用的插花及花蕾,327,波兰,10,一般贸易,53,云南省,1,千克,20,枝,"2,120"
202001,6031900,其他鲜的制花束或装饰用的插花及花蕾,328,罗马尼亚,10,一般贸易,31,上海市,6,千克,100,枝,624
202001,6031900,其他鲜的制花束或装饰用的插花及花蕾,410,巴西,10,一般贸易,11,北京市,3,千克,40,枝,712
202001,6031900,其他鲜的制花束或装饰用的插花及花蕾,412,智利,10,一般贸易,11,北京市,17,千克,280,枝,"7,286"
202001,6031900,其他鲜的制花束或装饰用的插花及花蕾,412,智利,10,一般贸易,31,上海市,321,千克,3665,枝,"98,866"
202001,6031900,其他鲜的制花束或装饰用的插花及花蕾,412,智利,10,一般贸易,44,广东省,20,千克,120,枝,"2,623"
202001,6031900,其他鲜的制花束或装饰用的插花及花蕾,412,智利,10,一般贸易,51,四川省,2,千克,35,枝,849
202001,6031900,其他鲜的制花束或装饰用的插花及花蕾,412,智利,10,一般贸易,53,云南省,2,千克,30,枝,600
202001,6031900,其他鲜的制花束或装饰用的插花及花蕾,413,哥伦比亚,10,一般贸易,11,北京市,5575,千克,102530,枝,"351,569"
202001,6031900,其他鲜的制花束或装饰用的插花及花蕾,413,哥伦比亚,10,一般贸易,31,上海市,10171,千克,162375,枝,"677,796"
202001,6031900,其他鲜的制花束或装饰用的插花及花蕾,413,哥伦比亚,10,一般贸易,44,广东省,15935,千克,160388,枝,"454,570"
202001,6031900,其他鲜的制花束或装饰用的插花及花蕾,413,哥伦比亚,10,一般贸易,51,四川省,105,千克,1765,枝,"9,452"
202001,6031900,其他鲜的制花束或装饰用的插花及花蕾,413,哥伦比亚,10,一般贸易,53,云南省,8,千克,100,枝,415
202001,6031900,其他鲜的制花束或装饰用的插花及花蕾,419,厄瓜多尔,10,一般贸易,11,北京市,6743,千克,142580,枝,"486,138"
202001,6031900,其他鲜的制花束或装饰用的插花及花蕾,419,厄瓜多尔,10,一般贸易,31,上海市,80047,千克,1732222,枝,"5,677,777"
202001,6031900,其他鲜的制花束或装饰用的插花及花蕾,419,厄瓜多尔,10,一般贸易,44,广东省,63837,千克,1388713,枝,"1,455,539"
202001,6031900,其他鲜的制花束或装饰用的插花及花蕾,419,厄瓜多尔,10,一般贸易,53,云南省,1335,千克,27494,枝,"103,120"
202001,6031900,其他鲜的制花束或装饰用的插花及花蕾,601,澳大利亚,10,一般贸易,11,北京市,303,千克,6230,枝,"60,059"
202001,6031900,其他鲜的制花束或装饰用的插花及花蕾,601,澳大利亚,10,一般贸易,31,上海市,880,千克,9940,枝,"113,004"
202001,6031900,其他鲜的制花束或装饰用的插花及花蕾,601,澳大利亚,10,一般贸易,44,广东省,1758,千克,37650,枝,"130,300"
202001,6031900,其他鲜的制花束或装饰用的插花及花蕾,601,澳大利亚,10,一般贸易,53,云南省,2915,千克,25540,枝,"345,957"
202001,6031900,其他鲜的制花束或装饰用的插花及花蕾,609,新西兰,10,一般贸易,11,北京市,1770,千克,21515,枝,"275,301"
202001,6031900,其他鲜的制花束或装饰用的插花及花蕾,609,新西兰,10,一般贸易,31,上海市,545,千克,4850,枝,"94,678"
202001,6031900,其他鲜的制花束或装饰用的插花及花蕾,609,新西兰,10,一般贸易,44,广东省,20,千克,120,枝,"2,726"
202001,6031900,其他鲜的制花束或装饰用的插花及花蕾,609,新西兰,10,一般贸易,51,四川省,4,千克,60,枝,"1,455"
202001,6031900,其他鲜的制花束或装饰用的插花及花蕾,609,新西兰,10,一般贸易,53,云南省,11,千克,165,枝,"3,166"
202001,6039000,制花束或装饰用的插花及花蕾（鲜的除外）,113,伊朗,10,一般贸易,35,福建省,9990,千克,166500,枝,"118,315"
202001,6039000,制花束或装饰用的插花及花蕾（鲜的除外）,116,日本,10,一般贸易,31,上海市,130,千克,2909,枝,"69,065"
202001,6039000,制花束或装饰用的插花及花蕾（鲜的除外）,127,巴基斯坦,10,一般贸易,12,天津市,6050,千克,504167,枝,"35,622"
202001,6039000,制花束或装饰用的插花及花蕾（鲜的除外）,142,中国,10,一般贸易,11,北京市,2,千克,100,枝,438
202001,6039000,制花束或装饰用的插花及花蕾（鲜的除外）,244,南非,10,一般贸易,44,广东省,30,千克,450,枝,"9,446"
202001,6039000,制花束或装饰用的插花及花蕾（鲜的除外）,305,法国,10,一般贸易,31,上海市,308,千克,511,枝,"264,167"
202001,6039000,制花束或装饰用的插花及花蕾（鲜的除外）,305,法国,10,一般贸易,44,广东省,2000,千克,400000,枝,"105,322"
202001,6039000,制花束或装饰用的插花及花蕾（鲜的除外）,307,意大利,10,一般贸易,44,广东省,81,千克,8360,枝,"24,224"
202001,6039000,制花束或装饰用的插花及花蕾（鲜的除外）,413,哥伦比亚,10,一般贸易,31,上海市,467,千克,21198,枝,"399,479"
202001,6039000,制花束或装饰用的插花及花蕾（鲜的除外）,419,厄瓜多尔,10,一般贸易,11,北京市,1627,千克,45060,枝,"562,072"
202001,6039000,制花束或装饰用的插花及花蕾（鲜的除外）,419,厄瓜多尔,10,一般贸易,31,上海市,1,千克,256,枝,"1,536"
202001,6039000,制花束或装饰用的插花及花蕾（鲜的除外）,601,澳大利亚,10,一般贸易,53,云南省,353,千克,11900,枝,"46,875"
202001,6042010,鲜的苔藓及地衣,302,丹麦,10,一般贸易,11,北京市,37,千克,0,?,"4,226"
202001,6042010,鲜的苔藓及地衣,327,波兰,10,一般贸易,11,北京市,1626,千克,0,?,"70,485"
202001,6042010,鲜的苔藓及地衣,327,波兰,10,一般贸易,31,上海市,2,千克,0,?,94
202001,6042010,鲜的苔藓及地衣,327,波兰,10,一般贸易,44,广东省,324,千克,0,?,"2,569"
202001,6042090,鲜的制花束或装饰用的不带花及花蕾的植物枝、叶或其他部分、草,113,伊朗,10,一般贸易,11,北京市,2150,千克,0,?,"122,266"
202001,6042090,鲜的制花束或装饰用的不带花及花蕾的植物枝、叶或其他部分、草,113,伊朗,10,一般贸易,31,上海市,2275,千克,0,?,"134,201"
202001,6042090,鲜的制花束或装饰用的不带花及花蕾的植物枝、叶或其他部分、草,113,伊朗,10,一般贸易,44,广东省,2940,千克,0,?,"39,581"
202001,6042090,鲜的制花束或装饰用的不带花及花蕾的植物枝、叶或其他部分、草,115,以色列,10,一般贸易,11,北京市,160,千克,0,?,"14,882"
202001,6042090,鲜的制花束或装饰用的不带花及花蕾的植物枝、叶或其他部分、草,115,以色列,10,一般贸易,31,上海市,119,千克,0,?,"10,999"
202001,6042090,鲜的制花束或装饰用的不带花及花蕾的植物枝、叶或其他部分、草,115,以色列,10,一般贸易,51,四川省,7,千克,0,?,587
202001,6042090,鲜的制花束或装饰用的不带花及花蕾的植物枝、叶或其他部分、草,115,以色列,10,一般贸易,53,云南省,250,千克,0,?,"15,832"
202001,6042090,鲜的制花束或装饰用的不带花及花蕾的植物枝、叶或其他部分、草,116,日本,10,一般贸易,11,北京市,670,千克,0,?,"88,975"
202001,6042090,鲜的制花束或装饰用的不带花及花蕾的植物枝、叶或其他部分、草,116,日本,10,一般贸易,21,辽宁省,5,千克,0,?,767
202001,6042090,鲜的制花束或装饰用的不带花及花蕾的植物枝、叶或其他部分、草,116,日本,10,一般贸易,31,上海市,720,千克,0,?,"153,830"
202001,6042090,鲜的制花束或装饰用的不带花及花蕾的植物枝、叶或其他部分、草,116,日本,10,一般贸易,35,福建省,41,千克,0,?,"4,233"
202001,6042090,鲜的制花束或装饰用的不带花及花蕾的植物枝、叶或其他部分、草,116,日本,10,一般贸易,44,广东省,149,千克,0,?,"23,889"
202001,6042090,鲜的制花束或装饰用的不带花及花蕾的植物枝、叶或其他部分、草,136,泰国,10,一般贸易,53,云南省,122,千克,0,?,"1,494"
202001,6042090,鲜的制花束或装饰用的不带花及花蕾的植物枝、叶或其他部分、草,141,越南,10,一般贸易,53,云南省,1161,千克,0,?,"31,582"
202001,6042090,鲜的制花束或装饰用的不带花及花蕾的植物枝、叶或其他部分、草,217,埃塞俄比亚,10,一般贸易,11,北京市,2330,千克,0,?,"232,271"
202001,6042090,鲜的制花束或装饰用的不带花及花蕾的植物枝、叶或其他部分、草,217,埃塞俄比亚,10,一般贸易,31,上海市,2345,千克,0,?,"238,469"
202001,6042090,鲜的制花束或装饰用的不带花及花蕾的植物枝、叶或其他部分、草,223,科特迪瓦,10,一般贸易,11,北京市,1,千克,0,?,52
202001,6042090,鲜的制花束或装饰用的不带花及花蕾的植物枝、叶或其他部分、草,224,肯尼亚,10,一般贸易,11,北京市,100,千克,0,?,"2,047"
202001,6042090,鲜的制花束或装饰用的不带花及花蕾的植物枝、叶或其他部分、草,224,肯尼亚,10,一般贸易,31,上海市,12,千克,0,?,"2,394"
202001,6042090,鲜的制花束或装饰用的不带花及花蕾的植物枝、叶或其他部分、草,224,肯尼亚,10,一般贸易,51,四川省,5,千克,0,?,80
202001,6042090,鲜的制花束或装饰用的不带花及花蕾的植物枝、叶或其他部分、草,224,肯尼亚,10,一般贸易,53,云南省,1130,千克,0,?,"46,385"
202001,6042090,鲜的制花束或装饰用的不带花及花蕾的植物枝、叶或其他部分、草,224,肯尼亚,39,其他,53,云南省,3,千克,0,?,"1,249"
202001,6042090,鲜的制花束或装饰用的不带花及花蕾的植物枝、叶或其他部分、草,244,南非,10,一般贸易,11,北京市,201,千克,0,?,"12,090"
202001,6042090,鲜的制花束或装饰用的不带花及花蕾的植物枝、叶或其他部分、草,244,南非,10,一般贸易,31,上海市,386,千克,0,?,"26,190"
202001,6042090,鲜的制花束或装饰用的不带花及花蕾的植物枝、叶或其他部分、草,244,南非,10,一般贸易,44,广东省,20,千克,0,?,70
202001,6042090,鲜的制花束或装饰用的不带花及花蕾的植物枝、叶或其他部分、草,244,南非,10,一般贸易,51,四川省,17,千克,0,?,560
202001,6042090,鲜的制花束或装饰用的不带花及花蕾的植物枝、叶或其他部分、草,244,南非,10,一般贸易,53,云南省,376,千克,0,?,"43,188"
202001,6042090,鲜的制花束或装饰用的不带花及花蕾的植物枝、叶或其他部分、草,247,坦桑尼亚,10,一般贸易,11,北京市,8,千克,0,?,"1,331"
202001,6042090,鲜的制花束或装饰用的不带花及花蕾的植物枝、叶或其他部分、草,247,坦桑尼亚,10,一般贸易,31,上海市,10,千克,0,?,606
202001,6042090,鲜的制花束或装饰用的不带花及花蕾的植物枝、叶或其他部分、草,247,坦桑尼亚,10,一般贸易,44,广东省,5,千克,0,?,595
202001,6042090,鲜的制花束或装饰用的不带花及花蕾的植物枝、叶或其他部分、草,247,坦桑尼亚,10,一般贸易,51,四川省,2,千克,0,?,128
202001,6042090,鲜的制花束或装饰用的不带花及花蕾的植物枝、叶或其他部分、草,254,津巴布韦,10,一般贸易,11,北京市,20,千克,0,?,685
202001,6042090,鲜的制花束或装饰用的不带花及花蕾的植物枝、叶或其他部分、草,254,津巴布韦,10,一般贸易,31,上海市,3,千克,0,?,274
202001,6042090,鲜的制花束或装饰用的不带花及花蕾的植物枝、叶或其他部分、草,254,津巴布韦,10,一般贸易,44,广东省,0,千克,0,?,137
202001,6042090,鲜的制花束或装饰用的不带花及花蕾的植物枝、叶或其他部分、草,254,津巴布韦,10,一般贸易,51,四川省,64,千克,0,?,"2,211"
202001,6042090,鲜的制花束或装饰用的不带花及花蕾的植物枝、叶或其他部分、草,304,德国,10,一般贸易,31,上海市,55,千克,0,?,"2,115"
202001,6042090,鲜的制花束或装饰用的不带花及花蕾的植物枝、叶或其他部分、草,305,法国,10,一般贸易,11,北京市,3,千克,0,?,636
202001,6042090,鲜的制花束或装饰用的不带花及花蕾的植物枝、叶或其他部分、草,307,意大利,10,一般贸易,11,北京市,375,千克,0,?,"76,689"
202001,6042090,鲜的制花束或装饰用的不带花及花蕾的植物枝、叶或其他部分、草,307,意大利,10,一般贸易,31,上海市,790,千克,0,?,"69,830"
202001,6042090,鲜的制花束或装饰用的不带花及花蕾的植物枝、叶或其他部分、草,307,意大利,10,一般贸易,44,广东省,71,千克,0,?,"5,932"
202001,6042090,鲜的制花束或装饰用的不带花及花蕾的植物枝、叶或其他部分、草,307,意大利,10,一般贸易,51,四川省,21,千克,0,?,"4,321"
202001,6042090,鲜的制花束或装饰用的不带花及花蕾的植物枝、叶或其他部分、草,307,意大利,10,一般贸易,53,云南省,5,千克,0,?,"3,230"
202001,6042090,鲜的制花束或装饰用的不带花及花蕾的植物枝、叶或其他部分、草,309,荷兰,10,一般贸易,11,北京市,3060,千克,0,?,"521,277"
202001,6042090,鲜的制花束或装饰用的不带花及花蕾的植物枝、叶或其他部分、草,309,荷兰,10,一般贸易,31,上海市,10529,千克,0,?,"1,470,835"
202001,6042090,鲜的制花束或装饰用的不带花及花蕾的植物枝、叶或其他部分、草,309,荷兰,10,一般贸易,32,江苏省,9,千克,0,?,336
202001,6042090,鲜的制花束或装饰用的不带花及花蕾的植物枝、叶或其他部分、草,309,荷兰,10,一般贸易,44,广东省,4414,千克,0,?,"555,897"
202001,6042090,鲜的制花束或装饰用的不带花及花蕾的植物枝、叶或其他部分、草,309,荷兰,10,一般贸易,51,四川省,12,千克,0,?,558
202001,6042090,鲜的制花束或装饰用的不带花及花蕾的植物枝、叶或其他部分、草,309,荷兰,10,一般贸易,53,云南省,2140,千克,0,?,"435,295"
202001,6042090,鲜的制花束或装饰用的不带花及花蕾的植物枝、叶或其他部分、草,311,葡萄牙,10,一般贸易,11,北京市,32,千克,0,?,"4,747"
202001,6042090,鲜的制花束或装饰用的不带花及花蕾的植物枝、叶或其他部分、草,311,葡萄牙,10,一般贸易,31,上海市,14,千克,0,?,901
202001,6042090,鲜的制花束或装饰用的不带花及花蕾的植物枝、叶或其他部分、草,311,葡萄牙,10,一般贸易,44,广东省,9,千克,0,?,338
202001,6042090,鲜的制花束或装饰用的不带花及花蕾的植物枝、叶或其他部分、草,312,西班牙,10,一般贸易,11,北京市,77,千克,0,?,"7,737"
202001,6042090,鲜的制花束或装饰用的不带花及花蕾的植物枝、叶或其他部分、草,312,西班牙,10,一般贸易,31,上海市,29,千克,0,?,"2,761"
202001,6042090,鲜的制花束或装饰用的不带花及花蕾的植物枝、叶或其他部分、草,312,西班牙,10,一般贸易,51,四川省,4,千克,0,?,176
202001,6042090,鲜的制花束或装饰用的不带花及花蕾的植物枝、叶或其他部分、草,327,波兰,10,一般贸易,11,北京市,14,千克,0,?,"3,361"
202001,6042090,鲜的制花束或装饰用的不带花及花蕾的植物枝、叶或其他部分、草,327,波兰,10,一般贸易,31,上海市,21,千克,0,?,"1,623"
202001,6042090,鲜的制花束或装饰用的不带花及花蕾的植物枝、叶或其他部分、草,347,乌克兰,10,一般贸易,44,广东省,237,千克,0,?,"2,985"
202001,6042090,鲜的制花束或装饰用的不带花及花蕾的植物枝、叶或其他部分、草,413,哥伦比亚,10,一般贸易,11,北京市,158,千克,0,?,"4,517"
202001,6042090,鲜的制花束或装饰用的不带花及花蕾的植物枝、叶或其他部分、草,413,哥伦比亚,10,一般贸易,31,上海市,100,千克,0,?,"3,681"
202001,6042090,鲜的制花束或装饰用的不带花及花蕾的植物枝、叶或其他部分、草,413,哥伦比亚,10,一般贸易,44,广东省,260,千克,0,?,"8,843"
202001,6042090,鲜的制花束或装饰用的不带花及花蕾的植物枝、叶或其他部分、草,419,厄瓜多尔,10,一般贸易,11,北京市,1,千克,0,?,102
202001,6042090,鲜的制花束或装饰用的不带花及花蕾的植物枝、叶或其他部分、草,419,厄瓜多尔,10,一般贸易,31,上海市,4,千克,0,?,876
202001,6042090,鲜的制花束或装饰用的不带花及花蕾的植物枝、叶或其他部分、草,419,厄瓜多尔,10,一般贸易,51,四川省,5,千克,0,?,120
202001,6042090,鲜的制花束或装饰用的不带花及花蕾的植物枝、叶或其他部分、草,423,危地马拉,10,一般贸易,51,四川省,3,千克,0,?,308
202001,6042090,鲜的制花束或装饰用的不带花及花蕾的植物枝、叶或其他部分、草,502,美国,10,一般贸易,11,北京市,38,千克,0,?,"7,698"
202001,6042090,鲜的制花束或装饰用的不带花及花蕾的植物枝、叶或其他部分、草,502,美国,10,一般贸易,31,上海市,89,千克,0,?,"12,781"
202001,6042090,鲜的制花束或装饰用的不带花及花蕾的植物枝、叶或其他部分、草,502,美国,10,一般贸易,44,广东省,94,千克,0,?,"6,510"
202001,6042090,鲜的制花束或装饰用的不带花及花蕾的植物枝、叶或其他部分、草,601,澳大利亚,10,一般贸易,31,上海市,260,千克,0,?,"27,416"
202001,6049010,其他苔藓及地衣,109,朝鲜,19,边境小额贸易,22,吉林省,29100,千克,0,?,"52,939"
202001,6049010,其他苔藓及地衣,307,意大利,10,一般贸易,44,广东省,22,千克,0,?,"28,600"
202001,6049010,其他苔藓及地衣,327,波兰,10,一般贸易,11,北京市,62,千克,0,?,"2,022"
202001,6049090,未列名制花束或装饰用的不带花及花蕾的植物枝、叶或其他部分、草,111,印度,10,一般贸易,37,山东省,6728,千克,0,?,"84,497"
202001,6049090,未列名制花束或装饰用的不带花及花蕾的植物枝、叶或其他部分、草,136,泰国,10,一般贸易,35,福建省,28550,千克,0,?,"100,955"
202001,6049090,未列名制花束或装饰用的不带花及花蕾的植物枝、叶或其他部分、草,137,土耳其,39,其他,31,上海市,5,千克,0,?,"1,163"
202001,6049090,未列名制花束或装饰用的不带花及花蕾的植物枝、叶或其他部分、草,303,英国,10,一般贸易,11,北京市,1000,千克,0,?,"4,607"
202001,6049090,未列名制花束或装饰用的不带花及花蕾的植物枝、叶或其他部分、草,307,意大利,10,一般贸易,31,上海市,10,千克,0,?,"1,390"
202001,6049090,未列名制花束或装饰用的不带花及花蕾的植物枝、叶或其他部分、草,309,荷兰,10,一般贸易,53,云南省,12,千克,0,?,"9,539"
202001,6049090,未列名制花束或装饰用的不带花及花蕾的植物枝、叶或其他部分、草,312,西班牙,10,一般贸易,44,广东省,1133,千克,0,?,"174,038"
202001,6049090,未列名制花束或装饰用的不带花及花蕾的植物枝、叶或其他部分、草,410,巴西,10,一般贸易,11,北京市,2417,千克,0,?,"70,536"
202001,6049090,未列名制花束或装饰用的不带花及花蕾的植物枝、叶或其他部分、草,434,秘鲁,10,一般贸易,11,北京市,638,千克,0,?,"96,237"
202001,7031010,鲜或冷藏的洋葱,305,法国,10,一般贸易,31,上海市,265,千克,0,?,"13,986"
202001,7032010,鲜或冷藏的蒜头,312,西班牙,10,一般贸易,31,上海市,91,千克,0,?,"8,733"
202001,7049010,鲜或冷藏的卷心菜,143,中国台湾,10,一般贸易,35,福建省,58320,千克,0,?,"161,352"
202001,7061000,鲜或冷藏的胡萝卜及萝卜,502,美国,10,一般贸易,11,北京市,1156,千克,0,?,"21,410"
202001,7061000,鲜或冷藏的胡萝卜及萝卜,502,美国,10,一般贸易,31,上海市,5740,千克,0,?,"57,964"
202001,7070000,鲜或冷藏的黄瓜及小黄瓜,501,加拿大,10,一般贸易,11,北京市,178,千克,0,?,"6,885"
202001,7070000,鲜或冷藏的黄瓜及小黄瓜,501,加拿大,10,一般贸易,31,上海市,493,千克,0,?,"24,092"
202001,7092000,鲜或冷藏的芦笋,136,泰国,10,一般贸易,41,河南省,2400,千克,0,?,"50,378"
202001,7092000,鲜或冷藏的芦笋,434,秘鲁,10,一般贸易,31,上海市,240,千克,0,?,"17,905"
202001,7095990,其他鲜或冷藏的蘑菇,301,比利时,33,保税监管场所进出境货物,31,上海市,1800,千克,0,?,"11,910"
202001,7096000,"鲜或冷藏的辣椒,包括甜椒",141,越南,19,边境小额贸易,45,广西壮族自治区,9350307,千克,0,?,"44,881,462"
202001,7099300,鲜或冷藏的南瓜、笋瓜及瓠瓜（南瓜属）,609,新西兰,10,一般贸易,31,上海市,196700,千克,0,?,"1,660,750"
202001,7099300,鲜或冷藏的南瓜、笋瓜及瓠瓜（南瓜属）,609,新西兰,10,一般贸易,44,广东省,51400,千克,0,?,"412,804"
202001,7099300,鲜或冷藏的南瓜、笋瓜及瓠瓜（南瓜属）,614,汤加,10,一般贸易,31,上海市,75000,千克,0,?,"579,283"
202001,7102100,冷冻豌豆,301,比利时,10,一般贸易,33,浙江省,48000,千克,0,?,"370,732"
202001,7102100,冷冻豌豆,312,西班牙,15,进料加工贸易,37,山东省,24000,千克,0,?,"127,623"
202001,7102100,冷冻豌豆,330,瑞典,10,一般贸易,33,浙江省,192280,千克,0,?,"1,252,077"
202001,7102100,冷冻豌豆,502,美国,15,进料加工贸易,37,山东省,4375,千克,0,?,"45,686"
202001,7102100,冷冻豌豆,609,新西兰,10,一般贸易,33,浙江省,1812789,千克,0,?,"12,934,448"
202001,7102290,冷冻豇豆及其他菜豆,301,比利时,15,进料加工贸易,33,浙江省,46140,千克,0,?,"269,974"
202001,7102900,其他冷冻豆类蔬菜,143,中国台湾,39,其他,37,山东省,18,千克,0,?,"1,012"
202001,7102900,其他冷冻豆类蔬菜,309,荷兰,10,一般贸易,33,浙江省,20533,千克,0,?,"192,387"
202001,7104000,冷冻甜玉米,136,泰国,10,一般贸易,41,河南省,25000,千克,0,?,"122,446"
202001,7104000,冷冻甜玉米,502,美国,10,一般贸易,31,上海市,350365,千克,0,?,"2,945,578"
202001,7104000,冷冻甜玉米,502,美国,15,进料加工贸易,37,山东省,200250,千克,0,?,"2,101,226"
202001,7108090,冷冻未列名蔬菜,112,印度尼西亚,10,一般贸易,21,辽宁省,23500,千克,0,?,"168,043"
202001,7108090,冷冻未列名蔬菜,307,意大利,33,保税监管场所进出境货物,31,上海市,50,千克,0,?,"1,390"
202001,7108090,冷冻未列名蔬菜,502,美国,15,进料加工贸易,37,山东省,4375,千克,0,?,"29,107"
202001,7109000,冷冻什锦蔬菜,502,美国,10,一般贸易,31,上海市,269,千克,0,?,"6,045"
202001,7112000,暂时保藏的油橄榄,312,西班牙,10,一般贸易,31,上海市,35165,千克,0,?,"331,380"
202001,7112000,暂时保藏的油橄榄,312,西班牙,10,一般贸易,35,福建省,20174,千克,0,?,"206,630"
202001,7114000,暂时保藏的黄瓜及小黄瓜,111,印度,10,一般贸易,34,安徽省,52800,千克,0,?,"190,948"
202001,7114000,暂时保藏的黄瓜及小黄瓜,111,印度,10,一般贸易,44,广东省,14400,千克,0,?,"74,559"
202001,7115119,盐水的其他伞菌属蘑菇,142,中国,10,一般贸易,13,河北省,11790,千克,0,?,"56,264"
202001,7119031,盐水竹笋,143,中国台湾,15,进料加工贸易,44,广东省,20400,千克,0,?,"746,513"
202001,7119039,盐水的其他蔬菜及什锦蔬菜,344,俄罗斯,15,进料加工贸易,21,辽宁省,42718,千克,0,?,"627,677"
202001,7122000,干洋葱,111,印度,33,保税监管场所进出境货物,44,广东省,1012,千克,0,?,"14,020"
202001,7122000,干洋葱,111,印度,34,海关特殊监管区域物流货物,44,广东省,6963,千克,0,?,"116,921"
202001,7122000,干洋葱,111,印度,39,其他,31,上海市,1,千克,0,?,756
202001,7122000,干洋葱,142,中国,15,进料加工贸易,37,山东省,428,千克,0,?,"60,033"
202001,7122000,干洋葱,502,美国,10,一般贸易,44,广东省,5443,千克,0,?,"144,053"
202001,7122000,干洋葱,502,美国,34,海关特殊监管区域物流货物,31,上海市,230,千克,0,?,"8,064"
202001,7123910,干香菇,133,韩国,10,一般贸易,21,辽宁省,24,千克,0,?,"10,859"
202001,7123950,干牛肝菌,142,中国,15,进料加工贸易,37,山东省,293,千克,0,?,"101,836"
202001,7129050,干大蒜,110,中国香港,10,一般贸易,44,广东省,35,千克,0,?,"7,776"
202001,7129050,干大蒜,142,中国,15,进料加工贸易,37,山东省,100647,千克,0,?,"1,360,540"
202001,7129050,干大蒜,307,意大利,33,保税监管场所进出境货物,31,上海市,610,千克,0,?,"78,512"
202001,7129050,干大蒜,502,美国,10,一般贸易,31,上海市,10,千克,0,?,"1,010"
202001,7129050,干大蒜,502,美国,34,海关特殊监管区域物流货物,31,上海市,230,千克,0,?,"13,107"
202001,7129099,未列名干蔬菜及什锦蔬菜,110,中国香港,10,一般贸易,44,广东省,873,千克,0,?,"73,925"
202001,7129099,未列名干蔬菜及什锦蔬菜,122,马来西亚,10,一般贸易,44,广东省,5000,千克,0,?,"524,768"
202001,7129099,未列名干蔬菜及什锦蔬菜,142,中国,15,进料加工贸易,37,山东省,1416,千克,0,?,"440,009"
202001,7129099,未列名干蔬菜及什锦蔬菜,502,美国,10,一般贸易,11,北京市,0,千克,0,?,109
202001,7129099,未列名干蔬菜及什锦蔬菜,502,美国,10,一般贸易,31,上海市,0,千克,0,?,130
202001,7129099,未列名干蔬菜及什锦蔬菜,609,新西兰,10,一般贸易,31,上海市,14400,千克,0,?,"856,421"
202001,7131010,种用豌豆,502,美国,10,一般贸易,44,广东省,20000,千克,0,?,"154,260"
202001,7131090,其他干豌豆,303,英国,10,一般贸易,23,黑龙江省,88000,千克,0,?,"436,489"
202001,7131090,其他干豌豆,303,英国,10,一般贸易,32,江苏省,22000,千克,0,?,"121,199"
202001,7131090,其他干豌豆,303,英国,10,一般贸易,36,江西省,88000,千克,0,?,"436,489"
202001,7131090,其他干豌豆,303,英国,10,一般贸易,37,山东省,66000,千克,0,?,"327,367"
202001,7131090,其他干豌豆,303,英国,15,进料加工贸易,37,山东省,22000,千克,0,?,"112,216"
202001,7131090,其他干豌豆,501,加拿大,10,一般贸易,11,北京市,1649385,千克,0,?,"3,421,218"
202001,7131090,其他干豌豆,501,加拿大,10,一般贸易,12,天津市,675630,千克,0,?,"1,941,050"
202001,7131090,其他干豌豆,501,加拿大,10,一般贸易,31,上海市,239950,千克,0,?,"612,499"
202001,7131090,其他干豌豆,501,加拿大,10,一般贸易,32,江苏省,5401030,千克,0,?,"11,195,753"
202001,7131090,其他干豌豆,501,加拿大,10,一般贸易,33,浙江省,601520,千克,0,?,"1,473,072"
202001,7131090,其他干豌豆,501,加拿大,10,一般贸易,34,安徽省,4753060,千克,0,?,"10,350,449"
202001,7131090,其他干豌豆,501,加拿大,10,一般贸易,35,福建省,61691200,千克,0,?,"109,994,503"
202001,7131090,其他干豌豆,501,加拿大,10,一般贸易,37,山东省,8147055,千克,0,?,"19,819,011"
202001,7131090,其他干豌豆,501,加拿大,10,一般贸易,44,广东省,70450000,千克,0,?,"124,335,206"
202001,7131090,其他干豌豆,501,加拿大,10,一般贸易,62,甘肃省,7333150,千克,0,?,"15,894,400"
202001,7131090,其他干豌豆,501,加拿大,34,海关特殊监管区域物流货物,35,福建省,530160,千克,0,?,"968,173"
202001,7131090,其他干豌豆,502,美国,10,一般贸易,32,江苏省,292758,千克,0,?,"743,160"
202001,7131090,其他干豌豆,502,美国,10,一般贸易,35,福建省,676410,千克,0,?,"2,267,184"
202001,7131090,其他干豌豆,502,美国,10,一般贸易,62,甘肃省,483618,千克,0,?,"1,283,605"
202001,7131090,其他干豌豆,601,澳大利亚,10,一般贸易,32,江苏省,117320,千克,0,?,"305,568"
202001,7131090,其他干豌豆,601,澳大利亚,10,一般贸易,62,甘肃省,400060,千克,0,?,"1,087,075"
202001,7132090,其他干鹰嘴豆,137,土耳其,10,一般贸易,12,天津市,96000,千克,0,?,"456,758"
202001,7132090,其他干鹰嘴豆,137,土耳其,10,一般贸易,21,辽宁省,48000,千克,0,?,"202,115"
202001,7132090,其他干鹰嘴豆,137,土耳其,10,一般贸易,32,江苏省,96000,千克,0,?,"417,404"
202001,7132090,其他干鹰嘴豆,137,土耳其,10,一般贸易,37,山东省,24000,千克,0,?,"90,680"
202001,7132090,其他干鹰嘴豆,137,土耳其,10,一般贸易,44,广东省,100,千克,0,?,700
202001,7132090,其他干鹰嘴豆,137,土耳其,10,一般贸易,62,甘肃省,72000,千克,0,?,"272,039"
202001,7133190,其他干绿豆,106,缅甸,10,一般贸易,11,北京市,625000,千克,0,?,"3,096,448"
202001,7133190,其他干绿豆,106,缅甸,10,一般贸易,32,江苏省,50040,千克,0,?,"438,969"
202001,7133190,其他干绿豆,106,缅甸,10,一般贸易,53,云南省,518700,千克,0,?,"2,150,655"
202001,7133190,其他干绿豆,149,乌兹别克斯坦,10,一般贸易,11,北京市,744000,千克,0,?,"3,554,619"
202001,7133190,其他干绿豆,149,乌兹别克斯坦,10,一般贸易,13,河北省,1217946,千克,0,?,"6,132,133"
202001,7133190,其他干绿豆,149,乌兹别克斯坦,10,一般贸易,33,浙江省,26000,千克,0,?,"127,344"
202001,7133190,其他干绿豆,149,乌兹别克斯坦,10,一般贸易,37,山东省,100000,千克,0,?,"419,814"
202001,7133190,其他干绿豆,149,乌兹别克斯坦,10,一般贸易,61,陕西省,52000,千克,0,?,"253,252"
202001,7133190,其他干绿豆,149,乌兹别克斯坦,10,一般贸易,65,新疆维吾尔自治区,739961,千克,0,?,"4,340,282"
202001,7133190,其他干绿豆,149,乌兹别克斯坦,34,海关特殊监管区域物流货物,61,陕西省,1846000,千克,0,?,"8,561,736"
202001,7133390,其他干芸豆,106,缅甸,10,一般贸易,37,山东省,96000,千克,0,?,"592,871"
202001,7133390,其他干芸豆,136,泰国,34,海关特殊监管区域物流货物,21,辽宁省,207650,千克,0,?,"1,981,499"
202001,7133390,其他干芸豆,402,阿根廷,34,海关特殊监管区域物流货物,21,辽宁省,197240,千克,0,?,"1,507,906"
202001,7133390,其他干芸豆,501,加拿大,10,一般贸易,22,吉林省,83460,千克,0,?,"303,660"
202001,7133500,干牛豆(豇豆),106,缅甸,10,一般贸易,11,北京市,11370,千克,0,?,"64,887"
202001,7134090,其他干扁豆,106,缅甸,10,一般贸易,32,江苏省,48000,千克,0,?,"221,481"
202001,7134090,其他干扁豆,137,土耳其,10,一般贸易,12,天津市,290000,千克,0,?,"1,411,695"
202001,7134090,其他干扁豆,137,土耳其,10,一般贸易,21,辽宁省,125000,千克,0,?,"521,956"
202001,7134090,其他干扁豆,137,土耳其,10,一般贸易,32,江苏省,50000,千克,0,?,"206,409"
202001,7134090,其他干扁豆,137,土耳其,34,海关特殊监管区域物流货物,31,上海市,6120,千克,0,?,"40,997"
202001,7134090,其他干扁豆,305,法国,10,一般贸易,31,上海市,680,千克,0,?,"28,171"
202001,7139010,种用其他脱荚干豆,352,捷克,10,一般贸易,62,甘肃省,375,千克,0,?,"5,825"
202001,7139090,"其他脱荚干豆,种用除外",106,缅甸,10,一般贸易,11,北京市,119918,千克,0,?,"463,140"
202001,7139090,"其他脱荚干豆,种用除外",106,缅甸,10,一般贸易,37,山东省,216000,千克,0,?,"919,203"
202001,7139090,"其他脱荚干豆,种用除外",111,印度,10,一般贸易,37,山东省,340000,千克,0,?,"2,674,915"
202001,7139090,"其他脱荚干豆,种用除外",111,印度,10,一般贸易,50,重庆市,400000,千克,0,?,"3,403,961"
202001,7139090,"其他脱荚干豆,种用除外",111,印度,10,一般贸易,65,新疆维吾尔自治区,200000,千克,0,?,"1,682,832"
202001,7139090,"其他脱荚干豆,种用除外",127,巴基斯坦,10,一般贸易,11,北京市,60000,千克,0,?,"394,625"
202001,7139090,"其他脱荚干豆,种用除外",127,巴基斯坦,10,一般贸易,37,山东省,220000,千克,0,?,"1,498,736"
202001,7141010,鲜木薯,141,越南,10,一般贸易,53,云南省,5991600,千克,0,?,"2,696,221"
202001,7141010,鲜木薯,141,越南,19,边境小额贸易,53,云南省,11850559,千克,0,?,"5,438,978"
202001,7141020,木薯干,107,柬埔寨,10,一般贸易,11,北京市,20946900,千克,0,?,"36,590,135"
202001,7141020,木薯干,136,泰国,10,一般贸易,32,江苏省,34501388,千克,0,?,"57,292,586"
202001,7141020,木薯干,136,泰国,10,一般贸易,37,山东省,67225672,千克,0,?,"110,425,532"
202001,7141020,木薯干,141,越南,10,一般贸易,45,广西壮族自治区,9428030,千克,0,?,"14,490,110"
202001,7141020,木薯干,141,越南,10,一般贸易,53,云南省,3122536,千克,0,?,"3,903,171"
202001,7141020,木薯干,141,越南,19,边境小额贸易,53,云南省,408300,千克,0,?,"641,032"
202001,7142030,冷或冻甘薯,141,越南,10,一般贸易,35,福建省,25550,千克,0,?,"84,274"
202001,7144000,芋头(芋属),112,印度尼西亚,10,一般贸易,37,山东省,21440,千克,0,?,"150,014"
202001,8011100,椰子干,112,印度尼西亚,10,一般贸易,35,福建省,251500,千克,0,?,"1,825,932"
202001,8011100,椰子干,112,印度尼西亚,10,一般贸易,44,广东省,37300,千克,0,?,"316,764"
202001,8011100,椰子干,112,印度尼西亚,10,一般贸易,46,海南省,7740,千克,0,?,"23,290"
202001,8011100,椰子干,122,马来西亚,10,一般贸易,32,江苏省,182000,千克,0,?,"1,969,254"
202001,8011100,椰子干,122,马来西亚,10,一般贸易,44,广东省,17550,千克,0,?,"234,662"
202001,8011100,椰子干,129,菲律宾,10,一般贸易,11,北京市,50803,千克,0,?,"559,017"
202001,8011100,椰子干,129,菲律宾,10,一般贸易,31,上海市,70308,千克,0,?,"706,644"
202001,8011100,椰子干,129,菲律宾,10,一般贸易,35,福建省,257955,千克,0,?,"2,484,252"
202001,8011100,椰子干,129,菲律宾,10,一般贸易,44,广东省,69865,千克,0,?,"632,919"
202001,8011100,椰子干,134,斯里兰卡,10,一般贸易,31,上海市,1710,千克,0,?,"34,698"
202001,8011100,椰子干,136,泰国,10,一般贸易,31,上海市,2,千克,0,?,320
202001,8011100,椰子干,136,泰国,10,一般贸易,44,广东省,481,千克,0,?,"24,878"
202001,8011100,椰子干,141,越南,10,一般贸易,44,广东省,50000,千克,0,?,"546,741"
202001,8011100,椰子干,141,越南,10,一般贸易,46,海南省,32580,千克,0,?,"490,512"
202001,8011100,椰子干,304,德国,10,一般贸易,42,湖北省,1,千克,0,?,40
202001,8011100,椰子干,502,美国,10,一般贸易,44,广东省,1,千克,0,?,67
202001,8011200,未去内壳（内果皮）的椰子,112,印度尼西亚,10,一般贸易,11,北京市,7270935,千克,0,?,"11,602,995"
202001,8011200,未去内壳（内果皮）的椰子,112,印度尼西亚,10,一般贸易,12,天津市,105603,千克,0,?,"155,634"
202001,8011200,未去内壳（内果皮）的椰子,112,印度尼西亚,10,一般贸易,35,福建省,80000,千克,0,?,"135,030"
202001,8011200,未去内壳（内果皮）的椰子,112,印度尼西亚,10,一般贸易,43,湖南省,201600,千克,0,?,"339,554"
202001,8011200,未去内壳（内果皮）的椰子,112,印度尼西亚,10,一般贸易,46,海南省,8266789,千克,0,?,"14,121,642"
202001,8011200,未去内壳（内果皮）的椰子,122,马来西亚,10,一般贸易,44,广东省,35185,千克,0,?,"238,861"
202001,8011200,未去内壳（内果皮）的椰子,129,菲律宾,10,一般贸易,43,湖南省,256999,千克,0,?,"364,731"
202001,8011200,未去内壳（内果皮）的椰子,129,菲律宾,10,一般贸易,46,海南省,986124,千克,0,?,"1,572,087"
202001,8011200,未去内壳（内果皮）的椰子,136,泰国,10,一般贸易,11,北京市,23000,千克,0,?,"93,033"
202001,8011200,未去内壳（内果皮）的椰子,136,泰国,10,一般贸易,12,天津市,810691,千克,0,?,"4,339,725"
202001,8011200,未去内壳（内果皮）的椰子,136,泰国,10,一般贸易,21,辽宁省,39745,千克,0,?,"257,796"
202001,8011200,未去内壳（内果皮）的椰子,136,泰国,10,一般贸易,31,上海市,1965386,千克,0,?,"10,481,616"
202001,8011200,未去内壳（内果皮）的椰子,136,泰国,10,一般贸易,32,江苏省,300,千克,0,?,"4,211"
202001,8011200,未去内壳（内果皮）的椰子,136,泰国,10,一般贸易,33,浙江省,933478,千克,0,?,"6,735,074"
202001,8011200,未去内壳（内果皮）的椰子,136,泰国,10,一般贸易,35,福建省,829085,千克,0,?,"4,181,770"
202001,8011200,未去内壳（内果皮）的椰子,136,泰国,10,一般贸易,37,山东省,20520,千克,0,?,"109,118"
202001,8011200,未去内壳（内果皮）的椰子,136,泰国,10,一般贸易,44,广东省,4338084,千克,0,?,"25,654,882"
202001,8011200,未去内壳（内果皮）的椰子,136,泰国,10,一般贸易,53,云南省,21500,千克,0,?,"141,900"
202001,8011200,未去内壳（内果皮）的椰子,141,越南,10,一般贸易,32,江苏省,57000,千克,0,?,"80,004"
202001,8011200,未去内壳（内果皮）的椰子,141,越南,10,一般贸易,43,湖南省,85500,千克,0,?,"129,090"
202001,8011200,未去内壳（内果皮）的椰子,141,越南,10,一般贸易,46,海南省,8941547,千克,0,?,"15,730,224"
202001,8011990,其他椰子,136,泰国,10,一般贸易,41,河南省,25251,千克,0,?,"176,678"
202001,8012100,未去壳巴西果,410,巴西,10,一般贸易,44,广东省,25000,千克,0,?,"577,244"
202001,8013100,未去壳腰果,247,坦桑尼亚,10,一般贸易,33,浙江省,55406,千克,0,?,"272,183"
202001,8013200,去壳腰果,134,斯里兰卡,10,一般贸易,33,浙江省,24,千克,0,?,"1,511"
202001,8013200,去壳腰果,136,泰国,10,一般贸易,32,江苏省,408,千克,0,?,"21,019"
202001,8013200,去壳腰果,141,越南,10,一般贸易,13,河北省,24948,千克,0,?,"1,426,921"
202001,8013200,去壳腰果,141,越南,10,一般贸易,14,山西省,11000,千克,0,?,"253,983"
202001,8013200,去壳腰果,141,越南,10,一般贸易,31,上海市,73505,千克,0,?,"3,376,931"
202001,8013200,去壳腰果,141,越南,10,一般贸易,32,江苏省,14742,千克,0,?,"725,964"
202001,8013200,去壳腰果,141,越南,10,一般贸易,33,浙江省,111132,千克,0,?,"5,856,165"
202001,8013200,去壳腰果,141,越南,10,一般贸易,34,安徽省,461924,千克,0,?,"26,967,406"
202001,8013200,去壳腰果,141,越南,10,一般贸易,35,福建省,74094,千克,0,?,"3,635,763"
202001,8013200,去壳腰果,141,越南,10,一般贸易,37,山东省,163741,千克,0,?,"9,312,525"
202001,8013200,去壳腰果,141,越南,10,一般贸易,44,广东省,288591,千克,0,?,"9,209,862"
202001,8013200,去壳腰果,141,越南,10,一般贸易,45,广西壮族自治区,39690,千克,0,?,"2,119,239"
202001,8013200,去壳腰果,141,越南,19,边境小额贸易,45,广西壮族自治区,593303,千克,0,?,"25,061,613"
202001,8013200,去壳腰果,141,越南,33,保税监管场所进出境货物,33,浙江省,29484,千克,0,?,"1,440,333"
202001,8013200,去壳腰果,141,越南,34,海关特殊监管区域物流货物,34,安徽省,15241,千克,0,?,"565,189"
202001,8013200,去壳腰果,223,科特迪瓦,10,一般贸易,33,浙江省,15136,千克,0,?,"127,467"
202001,8013200,去壳腰果,247,坦桑尼亚,10,一般贸易,37,山东省,18000,千克,0,?,"843,826"
202001,8013200,去壳腰果,304,德国,10,一般贸易,44,广东省,30,千克,0,?,"3,210"
202001,8013200,去壳腰果,502,美国,10,一般贸易,31,上海市,1,千克,0,?,299
202001,8013200,去壳腰果,502,美国,10,一般贸易,35,福建省,488,千克,0,?,"56,160"
202001,8013200,去壳腰果,502,美国,10,一般贸易,44,广东省,732,千克,0,?,"20,380"
202001,8013200,去壳腰果,609,新西兰,10,一般贸易,31,上海市,2,千克,0,?,489
202001,8021100,未去壳扁桃核,502,美国,14,来料加工贸易,43,湖南省,142884,千克,0,?,"4,067,117"
202001,8021100,未去壳扁桃核,502,美国,14,来料加工贸易,44,广东省,204156,千克,0,?,"5,713,838"
202001,8021100,未去壳扁桃核,502,美国,15,进料加工贸易,32,江苏省,102060,千克,0,?,"3,431,980"
202001,8021100,未去壳扁桃核,502,美国,15,进料加工贸易,44,广东省,181894,千克,0,?,"6,185,989"
202001,8021100,未去壳扁桃核,502,美国,34,海关特殊监管区域物流货物,32,江苏省,204120,千克,0,?,"6,544,491"
202001,8021100,未去壳扁桃核,601,澳大利亚,33,保税监管场所进出境货物,33,浙江省,20412,千克,0,?,"685,539"
202001,8021100,未去壳扁桃核,601,澳大利亚,34,海关特殊监管区域物流货物,33,浙江省,21546,千克,0,?,"697,941"
202001,8021200,扁桃仁,136,泰国,10,一般贸易,32,江苏省,200,千克,0,?,"8,895"
202001,8021200,扁桃仁,304,德国,10,一般贸易,44,广东省,0,千克,0,?,33
202001,8021200,扁桃仁,502,美国,10,一般贸易,11,北京市,5,千克,0,?,775
202001,8021200,扁桃仁,502,美国,10,一般贸易,31,上海市,0,千克,0,?,68
202001,8021200,扁桃仁,502,美国,10,一般贸易,37,山东省,19051,千克,0,?,"922,751"
202001,8021200,扁桃仁,502,美国,14,来料加工贸易,44,广东省,179625,千克,0,?,"6,947,419"
202001,8021200,扁桃仁,502,美国,15,进料加工贸易,44,广东省,119751,千克,0,?,"6,032,748"
202001,8021200,扁桃仁,502,美国,15,进料加工贸易,65,新疆维吾尔自治区,159667,千克,0,?,"7,642,876"
202001,8021200,扁桃仁,601,澳大利亚,10,一般贸易,22,吉林省,22000,千克,0,?,"1,059,856"
202001,8021200,扁桃仁,601,澳大利亚,10,一般贸易,31,上海市,36470,千克,0,?,"1,985,804"
202001,8021200,扁桃仁,601,澳大利亚,10,一般贸易,32,江苏省,18711,千克,0,?,"997,867"
202001,8021200,扁桃仁,601,澳大利亚,10,一般贸易,37,山东省,77191,千克,0,?,"4,197,800"
202001,8021200,扁桃仁,601,澳大利亚,10,一般贸易,44,广东省,213692,千克,0,?,"11,384,394"
202001,8022100,未去壳榛子,337,格鲁吉亚(2023年起停用),10,一般贸易,12,天津市,76000,千克,0,?,"1,591,375"
202001,8022100,未去壳榛子,337,格鲁吉亚(2023年起停用),10,一般贸易,44,广东省,73000,千克,0,?,"1,373,518"
202001,8022100,未去壳榛子,337,格鲁吉亚(2023年起停用),33,保税监管场所进出境货物,32,江苏省,22000,千克,0,?,"461,795"
202001,8022100,未去壳榛子,337,格鲁吉亚(2023年起停用),34,海关特殊监管区域物流货物,32,江苏省,48000,千克,0,?,"1,091,516"
202001,8022100,未去壳榛子,502,美国,14,来料加工贸易,21,辽宁省,300000,千克,0,?,"4,622,871"
202001,8022100,未去壳榛子,502,美国,14,来料加工贸易,43,湖南省,100000,千克,0,?,"1,576,032"
202001,8022100,未去壳榛子,502,美国,15,进料加工贸易,32,江苏省,250000,千克,0,?,"4,873,610"
202001,8022100,未去壳榛子,502,美国,34,海关特殊监管区域物流货物,32,江苏省,385000,千克,0,?,"7,570,004"
202001,8022200,榛子仁,136,泰国,10,一般贸易,32,江苏省,20,千克,0,?,952
202001,8022200,榛子仁,137,土耳其,10,一般贸易,31,上海市,2000,千克,0,?,"104,114"
202001,8022200,榛子仁,137,土耳其,10,一般贸易,44,广东省,2201,千克,0,?,"25,932"
202001,8022200,榛子仁,137,土耳其,15,进料加工贸易,44,广东省,48000,千克,0,?,"2,586,054"
202001,8023100,未去壳核桃,502,美国,10,一般贸易,44,广东省,10000,千克,0,?,"219,507"
202001,8023100,未去壳核桃,502,美国,15,进料加工贸易,53,云南省,40000,千克,0,?,"615,727"
202001,8023200,核桃仁,502,美国,10,一般贸易,11,北京市,17,千克,0,?,"1,468"
202001,8023200,核桃仁,502,美国,10,一般贸易,31,上海市,3,千克,0,?,442
202001,8023200,核桃仁,502,美国,14,来料加工贸易,22,吉林省,56745,千克,0,?,"3,400,718"
202001,8023200,核桃仁,502,美国,14,来料加工贸易,37,山东省,19050,千克,0,?,"964,652"
202001,8025100,未去壳阿月浑子果(开心果),113,伊朗,10,一般贸易,11,北京市,346380,千克,0,?,"18,515,873"
202001,8025100,未去壳阿月浑子果(开心果),113,伊朗,10,一般贸易,12,天津市,25000,千克,0,?,"1,574,303"
202001,8025100,未去壳阿月浑子果(开心果),113,伊朗,10,一般贸易,32,江苏省,581900,千克,0,?,"25,202,639"
202001,8025100,未去壳阿月浑子果(开心果),113,伊朗,10,一般贸易,33,浙江省,175000,千克,0,?,"9,124,518"
202001,8025100,未去壳阿月浑子果(开心果),113,伊朗,10,一般贸易,37,山东省,148000,千克,0,?,"7,315,562"
202001,8025100,未去壳阿月浑子果(开心果),113,伊朗,10,一般贸易,44,广东省,1248750,千克,0,?,"58,470,727"
202001,8025100,未去壳阿月浑子果(开心果),113,伊朗,10,一般贸易,45,广西壮族自治区,25000,千克,0,?,"1,287,430"
202001,8025100,未去壳阿月浑子果(开心果),113,伊朗,10,一般贸易,65,新疆维吾尔自治区,90840,千克,0,?,"2,472,425"
202001,8025100,未去壳阿月浑子果(开心果),113,伊朗,14,来料加工贸易,44,广东省,25000,千克,0,?,"601,733"
202001,8025100,未去壳阿月浑子果(开心果),113,伊朗,15,进料加工贸易,32,江苏省,50000,千克,0,?,"2,487,842"
202001,8025100,未去壳阿月浑子果(开心果),113,伊朗,33,保税监管场所进出境货物,33,浙江省,284000,千克,0,?,"15,648,131"
202001,8025100,未去壳阿月浑子果(开心果),113,伊朗,34,海关特殊监管区域物流货物,33,浙江省,500000,千克,0,?,"26,556,738"
202001,8025100,未去壳阿月浑子果(开心果),137,土耳其,10,一般贸易,13,河北省,11000,千克,0,?,"1,103,914"
202001,8025100,未去壳阿月浑子果(开心果),304,德国,10,一般贸易,44,广东省,2,千克,0,?,90
202001,8025100,未去壳阿月浑子果(开心果),501,加拿大,10,一般贸易,11,北京市,47,千克,0,?,"3,797"
202001,8025100,未去壳阿月浑子果(开心果),502,美国,10,一般贸易,11,北京市,50,千克,0,?,"4,528"
202001,8025100,未去壳阿月浑子果(开心果),502,美国,10,一般贸易,31,上海市,0,千克,0,?,124
202001,8025100,未去壳阿月浑子果(开心果),502,美国,10,一般贸易,32,江苏省,4,千克,0,?,509
202001,8025100,未去壳阿月浑子果(开心果),502,美国,10,一般贸易,44,广东省,4476,千克,0,?,"189,624"
202001,8025100,未去壳阿月浑子果(开心果),502,美国,14,来料加工贸易,43,湖南省,19958,千克,0,?,"792,393"
202001,8025100,未去壳阿月浑子果(开心果),502,美国,14,来料加工贸易,44,广东省,534335,千克,0,?,"20,502,548"
202001,8025100,未去壳阿月浑子果(开心果),502,美国,15,进料加工贸易,44,广东省,3230538,千克,0,?,"192,828,821"
202001,8025100,未去壳阿月浑子果(开心果),502,美国,34,海关特殊监管区域物流货物,32,江苏省,399160,千克,0,?,"22,982,129"
202001,8025100,未去壳阿月浑子果(开心果),601,澳大利亚,10,一般贸易,44,广东省,19958,千克,0,?,"1,231,454"
202001,8025100,未去壳阿月浑子果(开心果),601,澳大利亚,14,来料加工贸易,44,广东省,25300,千克,0,?,"608,954"
202001,8025200,去壳阿月浑子果(开心果),113,伊朗,10,一般贸易,31,上海市,2000,千克,0,?,"547,395"
202001,8025200,去壳阿月浑子果(开心果),113,伊朗,10,一般贸易,44,广东省,1900,千克,0,?,"371,332"
202001,8025200,去壳阿月浑子果(开心果),502,美国,14,来料加工贸易,44,广东省,99790,千克,0,?,"2,619,761"
202001,8026190,其他未去壳马卡达姆坚果(夏威夷果),224,肯尼亚,10,一般贸易,44,广东省,13642,千克,0,?,"219,241"
202001,8026190,其他未去壳马卡达姆坚果(夏威夷果),244,南非,10,一般贸易,31,上海市,20000,千克,0,?,"441,743"
202001,8026190,其他未去壳马卡达姆坚果(夏威夷果),254,津巴布韦,14,来料加工贸易,44,广东省,25000,千克,0,?,"699,690"
202001,8026190,其他未去壳马卡达姆坚果(夏威夷果),254,津巴布韦,15,进料加工贸易,44,广东省,74960,千克,0,?,"2,622,439"
202001,8026190,其他未去壳马卡达姆坚果(夏威夷果),410,巴西,14,来料加工贸易,44,广东省,24990,千克,0,?,"699,410"
202001,8026190,其他未去壳马卡达姆坚果(夏威夷果),502,美国,15,进料加工贸易,44,广东省,128615,千克,0,?,"2,933,470"
202001,8026190,其他未去壳马卡达姆坚果(夏威夷果),601,澳大利亚,10,一般贸易,44,广东省,7541,千克,0,?,"96,479"
202001,8026200,去壳马卡达姆坚果(夏威夷果),502,美国,41,免税品,11,北京市,42,千克,0,?,"15,435"
202001,8026200,去壳马卡达姆坚果(夏威夷果),502,美国,41,免税品,46,海南省,6,千克,0,?,"1,414"
202001,8026200,去壳马卡达姆坚果(夏威夷果),601,澳大利亚,10,一般贸易,32,江苏省,16670,千克,0,?,"2,134,436"
202001,8026200,去壳马卡达姆坚果(夏威夷果),601,澳大利亚,10,一般贸易,44,广东省,16670,千克,0,?,"2,420,268"
202001,8026200,去壳马卡达姆坚果(夏威夷果),601,澳大利亚,14,来料加工贸易,22,吉林省,14560,千克,0,?,"1,974,799"
202001,8026200,去壳马卡达姆坚果(夏威夷果),601,澳大利亚,14,来料加工贸易,44,广东省,16340,千克,0,?,"457,317"
202001,8028000,槟榔果,112,印度尼西亚,10,一般贸易,31,上海市,55500,千克,0,?,"448,794"
202001,8028000,槟榔果,112,印度尼西亚,10,一般贸易,34,安徽省,106930,千克,0,?,"599,316"
202001,8028000,槟榔果,143,中国台湾,10,一般贸易,44,广东省,11741,千克,0,?,"230,022"
202001,8028000,槟榔果,143,中国台湾,39,其他,35,福建省,2000,千克,0,?,"39,300"
202001,8029030,松子仁,344,俄罗斯,15,进料加工贸易,22,吉林省,200440,千克,0,?,"21,319,171"
202001,8029030,松子仁,502,美国,10,一般贸易,11,北京市,2,千克,0,?,563
202001,8029030,松子仁,502,美国,10,一般贸易,23,黑龙江省,1,千克,0,?,238
202001,8029090,未列名鲜或干坚果,101,阿富汗,10,一般贸易,33,浙江省,320088,千克,0,?,"25,833,514"
202001,8029090,未列名鲜或干坚果,127,巴基斯坦,10,一般贸易,33,浙江省,590,千克,0,?,"33,195"
202001,8029090,未列名鲜或干坚果,136,泰国,10,一般贸易,32,江苏省,24,千克,0,?,"1,955"
202001,8029090,未列名鲜或干坚果,143,中国台湾,10,一般贸易,21,辽宁省,3,千克,0,?,744
202001,8029090,未列名鲜或干坚果,143,中国台湾,10,一般贸易,31,上海市,1,千克,0,?,258
202001,8029090,未列名鲜或干坚果,145,哈萨克斯坦,15,进料加工贸易,22,吉林省,298020,千克,0,?,"10,417,613"
202001,8029090,未列名鲜或干坚果,244,南非,10,一般贸易,11,北京市,25515,千克,0,?,"446,315"
202001,8029090,未列名鲜或干坚果,244,南非,10,一般贸易,32,江苏省,115650,千克,0,?,"3,641,362"
202001,8029090,未列名鲜或干坚果,244,南非,10,一般贸易,37,山东省,50750,千克,0,?,"1,159,351"
202001,8029090,未列名鲜或干坚果,304,德国,10,一般贸易,44,广东省,0,千克,0,?,24
202001,8029090,未列名鲜或干坚果,331,瑞士,10,一般贸易,44,广东省,1,千克,0,?,144
202001,8029090,未列名鲜或干坚果,344,俄罗斯,15,进料加工贸易,22,吉林省,523610,千克,0,?,"15,094,367"
202001,8029090,未列名鲜或干坚果,429,墨西哥,10,一般贸易,11,北京市,79280,千克,0,?,"2,662,128"
202001,8029090,未列名鲜或干坚果,429,墨西哥,10,一般贸易,31,上海市,24948,千克,0,?,"1,047,352"
202001,8029090,未列名鲜或干坚果,429,墨西哥,10,一般贸易,32,江苏省,44432,千克,0,?,"1,526,586"
202001,8029090,未列名鲜或干坚果,429,墨西哥,10,一般贸易,33,浙江省,254251,千克,0,?,"9,288,187"
202001,8029090,未列名鲜或干坚果,429,墨西哥,10,一般贸易,34,安徽省,47000,千克,0,?,"1,700,247"
202001,8029090,未列名鲜或干坚果,429,墨西哥,10,一般贸易,44,广东省,39567,千克,0,?,"1,691,472"
202001,8029090,未列名鲜或干坚果,429,墨西哥,33,保税监管场所进出境货物,32,江苏省,1085025,千克,0,?,"43,077,222"
202001,8029090,未列名鲜或干坚果,429,墨西哥,33,保税监管场所进出境货物,33,浙江省,405864,千克,0,?,"14,409,796"
202001,8029090,未列名鲜或干坚果,429,墨西哥,34,海关特殊监管区域物流货物,32,江苏省,444000,千克,0,?,"18,793,036"
202001,8029090,未列名鲜或干坚果,429,墨西哥,34,海关特殊监管区域物流货物,33,浙江省,543292,千克,0,?,"17,067,613"
202001,8029090,未列名鲜或干坚果,501,加拿大,10,一般贸易,44,广东省,18,千克,0,?,982
202001,8029090,未列名鲜或干坚果,502,美国,10,一般贸易,31,上海市,8276,千克,0,?,"717,446"
202001,8029090,未列名鲜或干坚果,502,美国,10,一般贸易,32,江苏省,20,千克,0,?,460
202001,8029090,未列名鲜或干坚果,502,美国,10,一般贸易,33,浙江省,72,千克,0,?,"6,196"
202001,8029090,未列名鲜或干坚果,502,美国,10,一般贸易,35,福建省,530,千克,0,?,"50,700"
202001,8029090,未列名鲜或干坚果,502,美国,10,一般贸易,44,广东省,1918,千克,0,?,"61,966"
202001,8029090,未列名鲜或干坚果,502,美国,14,来料加工贸易,33,浙江省,99918,千克,0,?,"3,705,291"
202001,8029090,未列名鲜或干坚果,502,美国,14,来料加工贸易,43,湖南省,19871,千克,0,?,"579,775"
202001,8029090,未列名鲜或干坚果,502,美国,15,进料加工贸易,65,新疆维吾尔自治区,26954,千克,0,?,"1,103,289"
202001,8029090,未列名鲜或干坚果,502,美国,34,海关特殊监管区域物流货物,32,江苏省,870540,千克,0,?,"34,924,323"
202001,8029090,未列名鲜或干坚果,601,澳大利亚,10,一般贸易,32,江苏省,56,千克,0,?,"4,568"
202001,8029090,未列名鲜或干坚果,601,澳大利亚,10,一般贸易,33,浙江省,24800,千克,0,?,"1,243,493"
202001,8029090,未列名鲜或干坚果,601,澳大利亚,10,一般贸易,44,广东省,383448,千克,0,?,"16,344,835"
202001,8031000,鲜或干的芭蕉,129,菲律宾,10,一般贸易,35,福建省,6000,千克,0,?,"177,764"
202001,8039000,"其他鲜或干的香蕉,芭蕉除外",107,柬埔寨,10,一般贸易,11,北京市,2741634,千克,0,?,"9,663,485"
202001,8039000,"其他鲜或干的香蕉,芭蕉除外",107,柬埔寨,10,一般贸易,12,天津市,122694,千克,0,?,"324,890"
202001,8039000,"其他鲜或干的香蕉,芭蕉除外",107,柬埔寨,10,一般贸易,21,辽宁省,2060829,千克,0,?,"7,745,854"
202001,8039000,"其他鲜或干的香蕉,芭蕉除外",107,柬埔寨,10,一般贸易,31,上海市,565708,千克,0,?,"2,087,070"
202001,8039000,"其他鲜或干的香蕉,芭蕉除外",107,柬埔寨,10,一般贸易,32,江苏省,80080,千克,0,?,"194,152"
202001,8039000,"其他鲜或干的香蕉,芭蕉除外",107,柬埔寨,10,一般贸易,41,河南省,800800,千克,0,?,"3,172,036"
202001,8039000,"其他鲜或干的香蕉,芭蕉除外",107,柬埔寨,10,一般贸易,44,广东省,261976,千克,0,?,"853,693"
202001,8039000,"其他鲜或干的香蕉,芭蕉除外",107,柬埔寨,10,一般贸易,46,海南省,60060,千克,0,?,"161,517"
202001,8039000,"其他鲜或干的香蕉,芭蕉除外",119,老挝,10,一般贸易,11,北京市,300300,千克,0,?,"1,071,998"
202001,8039000,"其他鲜或干的香蕉,芭蕉除外",119,老挝,10,一般贸易,12,天津市,220064,千克,0,?,"569,404"
202001,8039000,"其他鲜或干的香蕉,芭蕉除外",119,老挝,10,一般贸易,37,山东省,1283100,千克,0,?,"4,548,018"
202001,8039000,"其他鲜或干的香蕉,芭蕉除外",129,菲律宾,10,一般贸易,11,北京市,2182579,千克,0,?,"11,369,164"
202001,8039000,"其他鲜或干的香蕉,芭蕉除外",129,菲律宾,10,一般贸易,12,天津市,2436071,千克,0,?,"9,301,904"
202001,8039000,"其他鲜或干的香蕉,芭蕉除外",129,菲律宾,10,一般贸易,13,河北省,101140,千克,0,?,"420,413"
202001,8039000,"其他鲜或干的香蕉,芭蕉除外",129,菲律宾,10,一般贸易,21,辽宁省,15885661,千克,0,?,"55,816,048"
202001,8039000,"其他鲜或干的香蕉,芭蕉除外",129,菲律宾,10,一般贸易,31,上海市,31871522,千克,0,?,"119,658,152"
202001,8039000,"其他鲜或干的香蕉,芭蕉除外",129,菲律宾,10,一般贸易,32,江苏省,820820,千克,0,?,"2,250,962"
202001,8039000,"其他鲜或干的香蕉,芭蕉除外",129,菲律宾,10,一般贸易,33,浙江省,3528561,千克,0,?,"11,266,167"
202001,8039000,"其他鲜或干的香蕉,芭蕉除外",129,菲律宾,10,一般贸易,34,安徽省,20020,千克,0,?,"74,818"
202001,8039000,"其他鲜或干的香蕉,芭蕉除外",129,菲律宾,10,一般贸易,35,福建省,457380,千克,0,?,"1,348,883"
202001,8039000,"其他鲜或干的香蕉,芭蕉除外",129,菲律宾,10,一般贸易,37,山东省,202842,千克,0,?,"759,735"
202001,8039000,"其他鲜或干的香蕉,芭蕉除外",129,菲律宾,10,一般贸易,44,广东省,10454701,千克,0,?,"36,433,842"
202001,8039000,"其他鲜或干的香蕉,芭蕉除外",136,泰国,10,一般贸易,43,湖南省,115050,千克,0,?,"897,390"
202001,8039000,"其他鲜或干的香蕉,芭蕉除外",136,泰国,10,一般贸易,44,广东省,34,千克,0,?,"11,282"
202001,8039000,"其他鲜或干的香蕉,芭蕉除外",136,泰国,10,一般贸易,46,海南省,83720,千克,0,?,"653,016"
202001,8039000,"其他鲜或干的香蕉,芭蕉除外",136,泰国,10,一般贸易,53,云南省,750797,千克,0,?,"5,856,216"
202001,8039000,"其他鲜或干的香蕉,芭蕉除外",141,越南,10,一般贸易,11,北京市,2679166,千克,0,?,"7,830,559"
202001,8039000,"其他鲜或干的香蕉,芭蕉除外",141,越南,10,一般贸易,12,天津市,1143539,千克,0,?,"3,024,364"
202001,8039000,"其他鲜或干的香蕉,芭蕉除外",141,越南,10,一般贸易,21,辽宁省,4822607,千克,0,?,"14,500,686"
202001,8039000,"其他鲜或干的香蕉,芭蕉除外",141,越南,10,一般贸易,31,上海市,6894177,千克,0,?,"20,228,343"
202001,8039000,"其他鲜或干的香蕉,芭蕉除外",141,越南,10,一般贸易,32,江苏省,80080,千克,0,?,"210,944"
202001,8039000,"其他鲜或干的香蕉,芭蕉除外",141,越南,10,一般贸易,35,福建省,124288,千克,0,?,"317,322"
202001,8039000,"其他鲜或干的香蕉,芭蕉除外",141,越南,10,一般贸易,37,山东省,120120,千克,0,?,"466,692"
202001,8039000,"其他鲜或干的香蕉,芭蕉除外",141,越南,10,一般贸易,41,河南省,2382380,千克,0,?,"7,783,312"
202001,8039000,"其他鲜或干的香蕉,芭蕉除外",141,越南,10,一般贸易,44,广东省,439068,千克,0,?,"1,586,731"
202001,8039000,"其他鲜或干的香蕉,芭蕉除外",141,越南,10,一般贸易,46,海南省,20790,千克,0,?,"60,522"
202001,8039000,"其他鲜或干的香蕉,芭蕉除外",141,越南,19,边境小额贸易,53,云南省,349438,千克,0,?,"244,607"
202001,8039000,"其他鲜或干的香蕉,芭蕉除外",413,哥伦比亚,10,一般贸易,31,上海市,2645055,千克,0,?,"11,409,187"
202001,8039000,"其他鲜或干的香蕉,芭蕉除外",415,哥斯达黎加,10,一般贸易,11,北京市,75722,千克,0,?,"383,215"
202001,8039000,"其他鲜或干的香蕉,芭蕉除外",415,哥斯达黎加,10,一般贸易,31,上海市,153685,千克,0,?,"630,941"
202001,8039000,"其他鲜或干的香蕉,芭蕉除外",419,厄瓜多尔,10,一般贸易,11,北京市,2614266,千克,0,?,"11,708,559"
202001,8039000,"其他鲜或干的香蕉,芭蕉除外",419,厄瓜多尔,10,一般贸易,12,天津市,261744,千克,0,?,"1,143,432"
202001,8039000,"其他鲜或干的香蕉,芭蕉除外",419,厄瓜多尔,10,一般贸易,21,辽宁省,1613462,千克,0,?,"6,862,184"
202001,8039000,"其他鲜或干的香蕉,芭蕉除外",419,厄瓜多尔,10,一般贸易,31,上海市,24422858,千克,0,?,"106,460,340"
202001,8039000,"其他鲜或干的香蕉,芭蕉除外",419,厄瓜多尔,10,一般贸易,37,山东省,140360,千克,0,?,"1,088,050"
202001,8039000,"其他鲜或干的香蕉,芭蕉除外",419,厄瓜多尔,10,一般贸易,44,广东省,87248,千克,0,?,"379,404"
202001,8041000,鲜或干的椰枣,113,伊朗,10,一般贸易,12,天津市,75000,千克,0,?,"157,430"
202001,8041000,鲜或干的椰枣,113,伊朗,10,一般贸易,32,江苏省,130000,千克,0,?,"243,772"
202001,8041000,鲜或干的椰枣,113,伊朗,10,一般贸易,62,甘肃省,75000,千克,0,?,"157,430"
202001,8041000,鲜或干的椰枣,114,伊拉克,10,一般贸易,12,天津市,140000,千克,0,?,"393,002"
202001,8041000,鲜或干的椰枣,114,伊拉克,10,一般贸易,32,江苏省,191550,千克,0,?,"604,925"
202001,8041000,鲜或干的椰枣,114,伊拉克,10,一般贸易,62,甘肃省,1922000,千克,0,?,"4,219,198"
202001,8041000,鲜或干的椰枣,115,以色列,10,一般贸易,31,上海市,64,千克,0,?,"4,859"
202001,8041000,鲜或干的椰枣,115,以色列,10,一般贸易,44,广东省,21180,千克,0,?,"344,795"
202001,8041000,鲜或干的椰枣,131,沙特阿拉伯,10,一般贸易,12,天津市,25680,千克,0,?,"71,872"
202001,8041000,鲜或干的椰枣,131,沙特阿拉伯,10,一般贸易,32,江苏省,49400,千克,0,?,"211,711"
202001,8041000,鲜或干的椰枣,131,沙特阿拉伯,10,一般贸易,33,浙江省,207600,千克,0,?,"919,765"
202001,8041000,鲜或干的椰枣,131,沙特阿拉伯,10,一般贸易,44,广东省,79200,千克,0,?,"334,803"
202001,8041000,鲜或干的椰枣,131,沙特阿拉伯,10,一般贸易,62,甘肃省,105600,千克,0,?,"469,184"
202001,8041000,鲜或干的椰枣,138,阿联酋,10,一般贸易,37,山东省,19430,千克,0,?,"118,858"
202001,8041000,鲜或干的椰枣,138,阿联酋,10,一般贸易,44,广东省,25032,千克,0,?,"59,729"
202001,8041000,鲜或干的椰枣,138,阿联酋,10,一般贸易,62,甘肃省,78750,千克,0,?,"198,957"
202001,8042000,鲜或干的无花果,113,伊朗,10,一般贸易,31,上海市,26995,千克,0,?,"170,500"
202001,8042000,鲜或干的无花果,113,伊朗,10,一般贸易,32,江苏省,24800,千克,0,?,"198,152"
202001,8042000,鲜或干的无花果,113,伊朗,10,一般贸易,33,浙江省,74180,千克,0,?,"1,287,503"
202001,8042000,鲜或干的无花果,113,伊朗,10,一般贸易,37,山东省,27000,千克,0,?,"283,374"
202001,8042000,鲜或干的无花果,113,伊朗,10,一般贸易,44,广东省,56940,千克,0,?,"278,882"
202001,8042000,鲜或干的无花果,137,土耳其,10,一般贸易,33,浙江省,480,千克,0,?,"21,739"
202001,8042000,鲜或干的无花果,137,土耳其,10,一般贸易,37,山东省,50000,千克,0,?,"402,322"
202001,8042000,鲜或干的无花果,137,土耳其,10,一般贸易,44,广东省,126662,千克,0,?,"1,053,767"
202001,8042000,鲜或干的无花果,304,德国,33,保税监管场所进出境货物,31,上海市,538,千克,0,?,"47,448"
202001,8042000,鲜或干的无花果,429,墨西哥,33,保税监管场所进出境货物,37,山东省,24506,千克,0,?,"270,925"
202001,8042000,鲜或干的无花果,502,美国,10,一般贸易,44,广东省,19,千克,0,?,902
202001,8043000,鲜或干的菠萝,122,马来西亚,10,一般贸易,41,河南省,11000,千克,0,?,"118,687"
202001,8043000,鲜或干的菠萝,129,菲律宾,10,一般贸易,11,北京市,6451205,千克,0,?,"33,061,091"
202001,8043000,鲜或干的菠萝,129,菲律宾,10,一般贸易,12,天津市,71280,千克,0,?,"389,068"
202001,8043000,鲜或干的菠萝,129,菲律宾,10,一般贸易,21,辽宁省,224000,千克,0,?,"1,076,858"
202001,8043000,鲜或干的菠萝,129,菲律宾,10,一般贸易,31,上海市,8685485,千克,0,?,"42,923,403"
202001,8043000,鲜或干的菠萝,129,菲律宾,10,一般贸易,33,浙江省,226200,千克,0,?,"1,066,404"
202001,8043000,鲜或干的菠萝,129,菲律宾,10,一般贸易,44,广东省,73207,千克,0,?,"352,581"
202001,8043000,鲜或干的菠萝,136,泰国,10,一般贸易,11,北京市,6107,千克,0,?,"98,574"
202001,8043000,鲜或干的菠萝,136,泰国,10,一般贸易,12,天津市,3350,千克,0,?,"10,080"
202001,8043000,鲜或干的菠萝,136,泰国,10,一般贸易,32,江苏省,9600,千克,0,?,"74,880"
202001,8043000,鲜或干的菠萝,136,泰国,10,一般贸易,43,湖南省,38400,千克,0,?,"299,520"
202001,8043000,鲜或干的菠萝,136,泰国,10,一般贸易,44,广东省,3583,千克,0,?,"64,165"
202001,8043000,鲜或干的菠萝,136,泰国,10,一般贸易,46,海南省,24320,千克,0,?,"187,264"
202001,8043000,鲜或干的菠萝,136,泰国,10,一般贸易,53,云南省,501842,千克,0,?,"3,802,683"
202001,8043000,鲜或干的菠萝,136,泰国,10,一般贸易,61,陕西省,13088,千克,0,?,"160,257"
202001,8043000,鲜或干的菠萝,136,泰国,15,进料加工贸易,37,山东省,558,千克,0,?,"147,777"
202001,8043000,鲜或干的菠萝,143,中国台湾,10,一般贸易,35,福建省,865686,千克,0,?,"8,101,496"
202001,8043000,鲜或干的菠萝,143,中国台湾,39,其他,35,福建省,9380,千克,0,?,"83,056"
202001,8043000,鲜或干的菠萝,432,巴拿马,10,一般贸易,31,上海市,21000,千克,0,?,"80,807"
202001,8043000,鲜或干的菠萝,432,巴拿马,10,一般贸易,35,福建省,21000,千克,0,?,"78,993"
202001,8043000,鲜或干的菠萝,432,巴拿马,10,一般贸易,44,广东省,21000,千克,0,?,"101,250"
202001,8044000,鲜或干的鳄梨,412,智利,10,一般贸易,21,辽宁省,341110,千克,0,?,"6,848,938"
202001,8044000,鲜或干的鳄梨,412,智利,10,一般贸易,31,上海市,1175659,千克,0,?,"23,038,944"
202001,8044000,鲜或干的鳄梨,412,智利,10,一般贸易,33,浙江省,119956,千克,0,?,"1,973,833"
202001,8044000,鲜或干的鳄梨,412,智利,10,一般贸易,35,福建省,136508,千克,0,?,"2,785,393"
202001,8044000,鲜或干的鳄梨,412,智利,10,一般贸易,44,广东省,559753,千克,0,?,"11,518,531"
202001,8044000,鲜或干的鳄梨,429,墨西哥,10,一般贸易,21,辽宁省,37672,千克,0,?,"611,440"
202001,8044000,鲜或干的鳄梨,429,墨西哥,10,一般贸易,31,上海市,292283,千克,0,?,"5,569,417"
202001,8044000,鲜或干的鳄梨,429,墨西哥,10,一般贸易,33,浙江省,18484,千克,0,?,"302,150"
202001,8044000,鲜或干的鳄梨,429,墨西哥,10,一般贸易,44,广东省,161352,千克,0,?,"2,627,370"
202001,8044000,鲜或干的鳄梨,434,秘鲁,10,一般贸易,31,上海市,87540,千克,0,?,"1,503,560"
202001,8044000,鲜或干的鳄梨,434,秘鲁,10,一般贸易,44,广东省,22128,千克,0,?,"480,987"
202001,8044000,鲜或干的鳄梨,609,新西兰,10,一般贸易,44,广东省,19146,千克,0,?,"378,632"
202001,8045010,鲜或干的番石榴,143,中国台湾,10,一般贸易,35,福建省,23020,千克,0,?,"212,358"
202001,8045010,鲜或干的番石榴,143,中国台湾,39,其他,21,辽宁省,100,千克,0,?,"3,545"
202001,8045020,鲜或干的芒果,129,菲律宾,10,一般贸易,31,上海市,18897,千克,0,?,"1,550,275"
202001,8045020,鲜或干的芒果,136,泰国,10,一般贸易,11,北京市,5466,千克,0,?,"148,083"
202001,8045020,鲜或干的芒果,136,泰国,10,一般贸易,31,上海市,32295,千克,0,?,"1,220,656"
202001,8045020,鲜或干的芒果,136,泰国,10,一般贸易,32,江苏省,668,千克,0,?,"39,851"
202001,8045020,鲜或干的芒果,136,泰国,10,一般贸易,35,福建省,107396,千克,0,?,"1,741,223"
202001,8045020,鲜或干的芒果,136,泰国,10,一般贸易,44,广东省,93015,千克,0,?,"2,195,990"
202001,8045020,鲜或干的芒果,136,泰国,15,进料加工贸易,37,山东省,3287,千克,0,?,"838,019"
202001,8045020,鲜或干的芒果,141,越南,19,边境小额贸易,45,广西壮族自治区,1500,千克,0,?,"7,500"
202001,8045020,鲜或干的芒果,143,中国台湾,10,一般贸易,44,广东省,37,千克,0,?,"6,096"
202001,8045020,鲜或干的芒果,143,中国台湾,39,其他,35,福建省,16,千克,0,?,"1,056"
202001,8045020,鲜或干的芒果,434,秘鲁,10,一般贸易,11,北京市,45672,千克,0,?,"1,993,342"
202001,8045020,鲜或干的芒果,434,秘鲁,10,一般贸易,31,上海市,54836,千克,0,?,"2,384,767"
202001,8045020,鲜或干的芒果,434,秘鲁,10,一般贸易,33,浙江省,168556,千克,0,?,"4,914,486"
202001,8045020,鲜或干的芒果,434,秘鲁,10,一般贸易,44,广东省,212326,千克,0,?,"3,590,611"
202001,8045020,鲜或干的芒果,601,澳大利亚,10,一般贸易,31,上海市,12960,千克,0,?,"482,836"
202001,8045020,鲜或干的芒果,601,澳大利亚,10,一般贸易,33,浙江省,9000,千克,0,?,"406,051"
202001,8045020,鲜或干的芒果,601,澳大利亚,10,一般贸易,44,广东省,74477,千克,0,?,"2,200,762"
202001,8045030,鲜或干的山竹果,112,印度尼西亚,10,一般贸易,11,北京市,1432839,千克,0,?,"27,837,697"
202001,8045030,鲜或干的山竹果,112,印度尼西亚,10,一般贸易,21,辽宁省,12075,千克,0,?,"397,638"
202001,8045030,鲜或干的山竹果,112,印度尼西亚,10,一般贸易,31,上海市,179391,千克,0,?,"3,715,253"
202001,8045030,鲜或干的山竹果,112,印度尼西亚,10,一般贸易,33,浙江省,57452,千克,0,?,"1,253,228"
202001,8045030,鲜或干的山竹果,112,印度尼西亚,10,一般贸易,35,福建省,95957,千克,0,?,"1,768,089"
202001,8045030,鲜或干的山竹果,112,印度尼西亚,10,一般贸易,37,山东省,8551,千克,0,?,"193,563"
202001,8045030,鲜或干的山竹果,112,印度尼西亚,10,一般贸易,44,广东省,1595877,千克,0,?,"30,261,792"
202001,8045030,鲜或干的山竹果,122,马来西亚,10,一般贸易,11,北京市,61875,千克,0,?,"1,441,647"
202001,8045030,鲜或干的山竹果,122,马来西亚,10,一般贸易,33,浙江省,23378,千克,0,?,"561,087"
202001,8045030,鲜或干的山竹果,122,马来西亚,10,一般贸易,44,广东省,35963,千克,0,?,"757,144"
202001,8045030,鲜或干的山竹果,136,泰国,10,一般贸易,11,北京市,98918,千克,0,?,"2,066,437"
202001,8045030,鲜或干的山竹果,136,泰国,10,一般贸易,31,上海市,42447,千克,0,?,"993,849"
202001,8045030,鲜或干的山竹果,136,泰国,10,一般贸易,32,江苏省,253610,千克,0,?,"3,751,821"
202001,8045030,鲜或干的山竹果,136,泰国,10,一般贸易,33,浙江省,13853,千克,0,?,"223,479"
202001,8045030,鲜或干的山竹果,136,泰国,10,一般贸易,35,福建省,16875,千克,0,?,"246,375"
202001,8045030,鲜或干的山竹果,136,泰国,10,一般贸易,37,山东省,222270,千克,0,?,"4,334,269"
202001,8045030,鲜或干的山竹果,136,泰国,10,一般贸易,44,广东省,90977,千克,0,?,"2,049,151"
202001,8045030,鲜或干的山竹果,136,泰国,10,一般贸易,45,广西壮族自治区,1286085,千克,0,?,"19,955,533"
202001,8045030,鲜或干的山竹果,136,泰国,10,一般贸易,46,海南省,38450,千克,0,?,"561,370"
202001,8045030,鲜或干的山竹果,136,泰国,10,一般贸易,50,重庆市,159275,千克,0,?,"2,325,415"
202001,8045030,鲜或干的山竹果,136,泰国,10,一般贸易,53,云南省,175577,千克,0,?,"2,546,446"
202001,8051000,鲜或干的橙,143,中国台湾,10,一般贸易,35,福建省,350165,千克,0,?,"1,427,616"
202001,8051000,鲜或干的橙,143,中国台湾,39,其他,35,福建省,505,千克,0,?,"4,848"
202001,8051000,鲜或干的橙,215,埃及,10,一般贸易,11,北京市,372420,千克,0,?,"1,990,564"
202001,8051000,鲜或干的橙,215,埃及,10,一般贸易,31,上海市,612160,千克,0,?,"3,048,139"
202001,8051000,鲜或干的橙,215,埃及,10,一般贸易,33,浙江省,435200,千克,0,?,"2,216,921"
202001,8051000,鲜或干的橙,215,埃及,10,一般贸易,37,山东省,275250,千克,0,?,"1,367,703"
202001,8051000,鲜或干的橙,215,埃及,10,一般贸易,41,河南省,274560,千克,0,?,"1,152,642"
202001,8051000,鲜或干的橙,215,埃及,10,一般贸易,44,广东省,1818130,千克,0,?,"10,366,888"
202001,8051000,鲜或干的橙,215,埃及,10,一般贸易,45,广西壮族自治区,24960,千克,0,?,"122,617"
202001,8051000,鲜或干的橙,244,南非,10,一般贸易,11,北京市,24702,千克,0,?,"183,914"
202001,8051000,鲜或干的橙,312,西班牙,10,一般贸易,31,上海市,182830,千克,0,?,"1,719,505"
202001,8051000,鲜或干的橙,312,西班牙,10,一般贸易,33,浙江省,22644,千克,0,?,"196,951"
202001,8051000,鲜或干的橙,502,美国,10,一般贸易,12,天津市,44314,千克,0,?,"459,560"
202001,8051000,鲜或干的橙,502,美国,10,一般贸易,31,上海市,1251134,千克,0,?,"11,959,003"
202001,8051000,鲜或干的橙,502,美国,10,一般贸易,33,浙江省,169082,千克,0,?,"1,710,926"
202001,8051000,鲜或干的橙,502,美国,10,一般贸易,44,广东省,943282,千克,0,?,"8,205,019"
202001,8051000,鲜或干的橙,601,澳大利亚,10,一般贸易,31,上海市,44800,千克,0,?,"228,950"
202001,8052190,其他柑橘（包括小蜜橘及萨摩蜜柑橘）,143,中国台湾,10,一般贸易,35,福建省,2171,千克,0,?,"16,736"
202001,8052190,其他柑橘（包括小蜜橘及萨摩蜜柑橘）,143,中国台湾,39,其他,35,福建省,108,千克,0,?,"2,007"
202001,8052190,其他柑橘（包括小蜜橘及萨摩蜜柑橘）,215,埃及,10,一般贸易,31,上海市,39208,千克,0,?,"280,660"
202001,8052900,韦尔金橘及类似的杂交柑橘,143,中国台湾,10,一般贸易,35,福建省,49349,千克,0,?,"507,347"
202001,8054000,"葡萄柚,包括柚",115,以色列,10,一般贸易,11,北京市,20280,千克,0,?,"189,764"
202001,8054000,"葡萄柚,包括柚",115,以色列,10,一般贸易,31,上海市,848771,千克,0,?,"7,975,977"
202001,8054000,"葡萄柚,包括柚",115,以色列,10,一般贸易,33,浙江省,99999,千克,0,?,"901,411"
202001,8054000,"葡萄柚,包括柚",115,以色列,10,一般贸易,37,山东省,60840,千克,0,?,"540,882"
202001,8054000,"葡萄柚,包括柚",115,以色列,10,一般贸易,44,广东省,425484,千克,0,?,"3,600,026"
202001,8054000,"葡萄柚,包括柚",136,泰国,10,一般贸易,11,北京市,1278,千克,0,?,"26,907"
202001,8054000,"葡萄柚,包括柚",136,泰国,10,一般贸易,31,上海市,34514,千克,0,?,"396,309"
202001,8054000,"葡萄柚,包括柚",136,泰国,10,一般贸易,33,浙江省,24410,千克,0,?,"317,195"
202001,8054000,"葡萄柚,包括柚",136,泰国,10,一般贸易,44,广东省,64334,千克,0,?,"969,586"
202001,8054000,"葡萄柚,包括柚",136,泰国,10,一般贸易,45,广西壮族自治区,69530,千克,0,?,"863,065"
202001,8054000,"葡萄柚,包括柚",136,泰国,10,一般贸易,53,云南省,53950,千克,0,?,"650,376"
202001,8054000,"葡萄柚,包括柚",143,中国台湾,10,一般贸易,35,福建省,17937,千克,0,?,"167,522"
202001,8054000,"葡萄柚,包括柚",143,中国台湾,39,其他,35,福建省,2700,千克,0,?,"25,500"
202001,8054000,"葡萄柚,包括柚",215,埃及,10,一般贸易,31,上海市,570395,千克,0,?,"3,469,758"
202001,8054000,"葡萄柚,包括柚",215,埃及,10,一般贸易,44,广东省,196248,千克,0,?,"1,405,808"
202001,8054000,"葡萄柚,包括柚",244,南非,10,一般贸易,11,北京市,21199,千克,0,?,"148,975"
202001,8055000,柠檬及酸橙,143,中国台湾,10,一般贸易,35,福建省,60060,千克,0,?,"381,698"
202001,8055000,柠檬及酸橙,143,中国台湾,39,其他,35,福建省,7092,千克,0,?,"49,644"
202001,8055000,柠檬及酸橙,215,埃及,10,一般贸易,31,上海市,7200,千克,0,?,"65,283"
202001,8055000,柠檬及酸橙,215,埃及,10,一般贸易,44,广东省,24960,千克,0,?,"261,964"
202001,8055000,柠檬及酸橙,502,美国,10,一般贸易,31,上海市,62063,千克,0,?,"802,041"
202001,8055000,柠檬及酸橙,502,美国,10,一般贸易,42,湖北省,30,千克,0,?,"1,050"
202001,8059000,未列名柑桔属水果,143,中国台湾,10,一般贸易,35,福建省,10441,千克,0,?,"95,131"
202001,8061000,鲜葡萄,111,印度,10,一般贸易,44,广东省,12688,千克,0,?,"213,064"
202001,8061000,鲜葡萄,133,韩国,10,一般贸易,11,北京市,12354,千克,0,?,"1,768,647"
202001,8061000,鲜葡萄,133,韩国,10,一般贸易,31,上海市,93052,千克,0,?,"12,442,342"
202001,8061000,鲜葡萄,133,韩国,10,一般贸易,33,浙江省,9744,千克,0,?,"1,324,954"
202001,8061000,鲜葡萄,133,韩国,10,一般贸易,44,广东省,61128,千克,0,?,"5,601,419"
202001,8061000,鲜葡萄,143,中国台湾,39,其他,35,福建省,88,千克,0,?,"3,839"
202001,8061000,鲜葡萄,215,埃及,10,一般贸易,44,广东省,184842,千克,0,?,"3,133,214"
202001,8061000,鲜葡萄,244,南非,10,一般贸易,11,北京市,225000,千克,0,?,"3,620,891"
202001,8061000,鲜葡萄,244,南非,10,一般贸易,21,辽宁省,40246,千克,0,?,"939,611"
202001,8061000,鲜葡萄,244,南非,10,一般贸易,31,上海市,97960,千克,0,?,"1,837,890"
202001,8061000,鲜葡萄,244,南非,10,一般贸易,33,浙江省,48784,千克,0,?,"692,960"
202001,8061000,鲜葡萄,244,南非,10,一般贸易,44,广东省,1282137,千克,0,?,"22,729,482"
202001,8061000,鲜葡萄,412,智利,10,一般贸易,21,辽宁省,37392,千克,0,?,"779,048"
202001,8061000,鲜葡萄,412,智利,10,一般贸易,44,广东省,223827,千克,0,?,"3,978,696"
202001,8061000,鲜葡萄,434,秘鲁,10,一般贸易,21,辽宁省,128820,千克,0,?,"2,347,219"
202001,8061000,鲜葡萄,434,秘鲁,10,一般贸易,31,上海市,1080076,千克,0,?,"19,894,214"
202001,8061000,鲜葡萄,434,秘鲁,10,一般贸易,33,浙江省,471080,千克,0,?,"8,861,497"
202001,8061000,鲜葡萄,434,秘鲁,10,一般贸易,34,安徽省,70680,千克,0,?,"1,551,584"
202001,8061000,鲜葡萄,434,秘鲁,10,一般贸易,43,湖南省,49932,千克,0,?,"1,196,469"
202001,8061000,鲜葡萄,434,秘鲁,10,一般贸易,44,广东省,5984374,千克,0,?,"105,378,809"
202001,8061000,鲜葡萄,502,美国,10,一般贸易,31,上海市,12928,千克,0,?,"220,872"
202001,8061000,鲜葡萄,502,美国,10,一般贸易,44,广东省,135300,千克,0,?,"2,942,751"
202001,8061000,鲜葡萄,601,澳大利亚,10,一般贸易,11,北京市,26258,千克,0,?,"863,824"
202001,8061000,鲜葡萄,601,澳大利亚,10,一般贸易,31,上海市,103678,千克,0,?,"3,133,229"
202001,8061000,鲜葡萄,601,澳大利亚,10,一般贸易,33,浙江省,23240,千克,0,?,"628,735"
202001,8061000,鲜葡萄,601,澳大利亚,10,一般贸易,44,广东省,266434,千克,0,?,"8,011,047"
202001,8062000,葡萄干,101,阿富汗,10,一般贸易,31,上海市,78336,千克,0,?,"1,146,604"
202001,8062000,葡萄干,136,泰国,10,一般贸易,32,江苏省,150,千克,0,?,"2,962"
202001,8062000,葡萄干,137,土耳其,10,一般贸易,11,北京市,43453,千克,0,?,"655,401"
202001,8062000,葡萄干,137,土耳其,10,一般贸易,31,上海市,58500,千克,0,?,"881,596"
202001,8062000,葡萄干,137,土耳其,10,一般贸易,33,浙江省,22000,千克,0,?,"428,210"
202001,8062000,葡萄干,137,土耳其,10,一般贸易,37,山东省,69500,千克,0,?,"1,055,832"
202001,8062000,葡萄干,137,土耳其,10,一般贸易,44,广东省,194250,千克,0,?,"3,168,940"
202001,8062000,葡萄干,143,中国台湾,10,一般贸易,11,北京市,511,千克,0,?,"23,641"
202001,8062000,葡萄干,143,中国台湾,10,一般贸易,35,福建省,1665,千克,0,?,"55,077"
202001,8062000,葡萄干,143,中国台湾,39,其他,35,福建省,6078,千克,0,?,"125,949"
202001,8062000,葡萄干,149,乌兹别克斯坦,10,一般贸易,44,广东省,730600,千克,0,?,"4,358,289"
202001,8062000,葡萄干,149,乌兹别克斯坦,10,一般贸易,65,新疆维吾尔自治区,414120,千克,0,?,"2,595,387"
202001,8062000,葡萄干,244,南非,10,一般贸易,11,北京市,20000,千克,0,?,"283,374"
202001,8062000,葡萄干,244,南非,10,一般贸易,31,上海市,20000,千克,0,?,"272,879"
202001,8062000,葡萄干,304,德国,33,保税监管场所进出境货物,31,上海市,832,千克,0,?,"39,563"
202001,8062000,葡萄干,304,德国,34,海关特殊监管区域物流货物,21,辽宁省,159,千克,0,?,"3,973"
202001,8062000,葡萄干,309,荷兰,10,一般贸易,31,上海市,4,千克,0,?,322
202001,8062000,葡萄干,309,荷兰,10,一般贸易,44,广东省,7,千克,0,?,483
202001,8062000,葡萄干,412,智利,10,一般贸易,31,上海市,109000,千克,0,?,"1,701,754"
202001,8062000,葡萄干,412,智利,10,一般贸易,33,浙江省,10000,千克,0,?,"171,938"
202001,8062000,葡萄干,412,智利,10,一般贸易,35,福建省,61412,千克,0,?,"1,005,805"
202001,8062000,葡萄干,412,智利,10,一般贸易,37,山东省,60000,千克,0,?,"1,021,155"
202001,8062000,葡萄干,412,智利,10,一般贸易,44,广东省,10684,千克,0,?,"182,258"
202001,8062000,葡萄干,502,美国,10,一般贸易,31,上海市,3,千克,0,?,266
202001,8062000,葡萄干,502,美国,10,一般贸易,44,广东省,1472,千克,0,?,"19,175"
202001,8062000,葡萄干,502,美国,14,来料加工贸易,37,山东省,67353,千克,0,?,"1,148,073"
202001,8062000,葡萄干,502,美国,34,海关特殊监管区域物流货物,31,上海市,1453,千克,0,?,"38,209"
202001,8062000,葡萄干,502,美国,34,海关特殊监管区域物流货物,44,广东省,82,千克,0,?,"1,977"
202001,8062000,葡萄干,601,澳大利亚,10,一般贸易,11,北京市,4706,千克,0,?,"303,866"
202001,8062000,葡萄干,601,澳大利亚,10,一般贸易,31,上海市,28260,千克,0,?,"538,265"
202001,8062000,葡萄干,601,澳大利亚,10,一般贸易,33,浙江省,6740,千克,0,?,"149,126"
202001,8062000,葡萄干,601,澳大利亚,10,一般贸易,42,湖北省,16000,千克,0,?,"405,572"
202001,8062000,葡萄干,601,澳大利亚,10,一般贸易,44,广东省,19376,千克,0,?,"550,781"
202001,8071100,鲜西瓜,141,越南,19,边境小额贸易,45,广西壮族自治区,53375365,千克,0,?,"64,050,428"
202001,8071910,鲜哈密瓜,143,中国台湾,10,一般贸易,35,福建省,1467,千克,0,?,"14,457"
202001,8071990,其他鲜甜瓜,146,吉尔吉斯斯坦,10,一般贸易,65,新疆维吾尔自治区,46651,千克,0,?,"81,603"
202001,8072000,鲜木瓜,129,菲律宾,10,一般贸易,31,上海市,111682,千克,0,?,"869,358"
202001,8072000,鲜木瓜,143,中国台湾,10,一般贸易,35,福建省,792,千克,0,?,"7,918"
202001,8072000,鲜木瓜,143,中国台湾,39,其他,35,福建省,558,千克,0,?,"6,005"
202001,8081000,鲜苹果,305,法国,10,一般贸易,21,辽宁省,42336,千克,0,?,"378,706"
202001,8081000,鲜苹果,305,法国,10,一般贸易,31,上海市,42571,千克,0,?,"379,621"
202001,8081000,鲜苹果,305,法国,10,一般贸易,33,浙江省,58990,千克,0,?,"1,241,145"
202001,8081000,鲜苹果,305,法国,10,一般贸易,44,广东省,238146,千克,0,?,"4,854,095"
202001,8081000,鲜苹果,327,波兰,10,一般贸易,33,浙江省,35280,千克,0,?,"225,697"
202001,8081000,鲜苹果,502,美国,10,一般贸易,21,辽宁省,19360,千克,0,?,"167,681"
202001,8081000,鲜苹果,502,美国,10,一般贸易,31,上海市,244062,千克,0,?,"2,933,195"
202001,8081000,鲜苹果,502,美国,10,一般贸易,33,浙江省,179046,千克,0,?,"2,960,849"
202001,8081000,鲜苹果,502,美国,10,一般贸易,44,广东省,1230657,千克,0,?,"12,473,281"
202001,8081000,鲜苹果,609,新西兰,10,一般贸易,44,广东省,28705,千克,0,?,"923,096"
202001,8083090,其他鲜梨,301,比利时,10,一般贸易,31,上海市,965238,千克,0,?,"11,038,268"
202001,8083090,其他鲜梨,309,荷兰,10,一般贸易,31,上海市,111888,千克,0,?,"1,146,826"
202001,8083090,其他鲜梨,309,荷兰,10,一般贸易,33,浙江省,36134,千克,0,?,"353,877"
202001,8083090,其他鲜梨,309,荷兰,10,一般贸易,37,山东省,18928,千克,0,?,"179,474"
202001,8083090,其他鲜梨,502,美国,10,一般贸易,44,广东省,22050,千克,0,?,"262,279"
202001,8091000,鲜杏,601,澳大利亚,10,一般贸易,11,北京市,4536,千克,0,?,"169,692"
202001,8092900,其他鲜樱桃,402,阿根廷,10,一般贸易,21,辽宁省,189960,千克,0,?,"8,768,410"
202001,8092900,其他鲜樱桃,402,阿根廷,10,一般贸易,31,上海市,49600,千克,0,?,"2,302,444"
202001,8092900,其他鲜樱桃,402,阿根廷,10,一般贸易,33,浙江省,40801,千克,0,?,"2,232,273"
202001,8092900,其他鲜樱桃,402,阿根廷,10,一般贸易,44,广东省,768415,千克,0,?,"37,357,140"
202001,8092900,其他鲜樱桃,412,智利,10,一般贸易,11,北京市,35632,千克,0,?,"3,242,054"
202001,8092900,其他鲜樱桃,412,智利,10,一般贸易,21,辽宁省,7015927,千克,0,?,"365,909,854"
202001,8092900,其他鲜樱桃,412,智利,10,一般贸易,31,上海市,14325104,千克,0,?,"738,281,859"
202001,8092900,其他鲜樱桃,412,智利,10,一般贸易,33,浙江省,9146641,千克,0,?,"463,722,409"
202001,8092900,其他鲜樱桃,412,智利,10,一般贸易,34,安徽省,1493085,千克,0,?,"75,141,754"
202001,8092900,其他鲜樱桃,412,智利,10,一般贸易,35,福建省,660698,千克,0,?,"34,587,708"
202001,8092900,其他鲜樱桃,412,智利,10,一般贸易,37,山东省,72496,千克,0,?,"3,588,827"
202001,8092900,其他鲜樱桃,412,智利,10,一般贸易,43,湖南省,2421381,千克,0,?,"126,626,658"
202001,8092900,其他鲜樱桃,412,智利,10,一般贸易,44,广东省,95172481,千克,0,?,"4,856,077,822"
202001,8092900,其他鲜樱桃,412,智利,10,一般贸易,50,重庆市,487259,千克,0,?,"25,137,584"
202001,8092900,其他鲜樱桃,601,澳大利亚,10,一般贸易,11,北京市,105051,千克,0,?,"10,688,826"
202001,8092900,其他鲜樱桃,601,澳大利亚,10,一般贸易,12,天津市,2304,千克,0,?,"270,469"
202001,8092900,其他鲜樱桃,601,澳大利亚,10,一般贸易,31,上海市,152944,千克,0,?,"15,636,729"
202001,8092900,其他鲜樱桃,601,澳大利亚,10,一般贸易,33,浙江省,100959,千克,0,?,"12,021,056"
202001,8092900,其他鲜樱桃,601,澳大利亚,10,一般贸易,35,福建省,1092,千克,0,?,"105,477"
202001,8092900,其他鲜樱桃,601,澳大利亚,10,一般贸易,37,山东省,4608,千克,0,?,"515,063"
202001,8092900,其他鲜樱桃,601,澳大利亚,10,一般贸易,41,河南省,1200,千克,0,?,"86,789"
202001,8092900,其他鲜樱桃,601,澳大利亚,10,一般贸易,44,广东省,135712,千克,0,?,"12,200,168"
202001,8092900,其他鲜樱桃,601,澳大利亚,10,一般贸易,50,重庆市,2304,千克,0,?,"294,693"
202001,8092900,其他鲜樱桃,601,澳大利亚,10,一般贸易,51,四川省,9216,千克,0,?,"977,791"
202001,8092900,其他鲜樱桃,601,澳大利亚,10,一般贸易,52,贵州省,2304,千克,0,?,"182,304"
202001,8092900,其他鲜樱桃,601,澳大利亚,39,其他,51,四川省,1152,千克,0,?,"101,873"
202001,8092900,其他鲜樱桃,609,新西兰,10,一般贸易,11,北京市,31182,千克,0,?,"4,589,876"
202001,8092900,其他鲜樱桃,609,新西兰,10,一般贸易,12,天津市,1200,千克,0,?,"193,254"
202001,8092900,其他鲜樱桃,609,新西兰,10,一般贸易,31,上海市,95172,千克,0,?,"12,488,154"
202001,8092900,其他鲜樱桃,609,新西兰,10,一般贸易,33,浙江省,56136,千克,0,?,"8,481,859"
202001,8092900,其他鲜樱桃,609,新西兰,10,一般贸易,35,福建省,3108,千克,0,?,"434,928"
202001,8092900,其他鲜樱桃,609,新西兰,10,一般贸易,44,广东省,86353,千克,0,?,"11,526,319"
202001,8092900,其他鲜樱桃,609,新西兰,10,一般贸易,51,四川省,6036,千克,0,?,"735,254"
202001,8093000,"鲜桃,包括油桃",412,智利,10,一般贸易,21,辽宁省,616104,千克,0,?,"11,123,303"
202001,8093000,"鲜桃,包括油桃",412,智利,10,一般贸易,31,上海市,308160,千克,0,?,"4,302,360"
202001,8093000,"鲜桃,包括油桃",412,智利,10,一般贸易,33,浙江省,66240,千克,0,?,"1,062,372"
202001,8093000,"鲜桃,包括油桃",412,智利,10,一般贸易,34,安徽省,46080,千克,0,?,"628,767"
202001,8093000,"鲜桃,包括油桃",412,智利,10,一般贸易,43,湖南省,23040,千克,0,?,"279,951"
202001,8093000,"鲜桃,包括油桃",412,智利,10,一般贸易,44,广东省,4006521,千克,0,?,"68,576,652"
202001,8093000,"鲜桃,包括油桃",601,澳大利亚,10,一般贸易,11,北京市,547022,千克,0,?,"16,082,092"
202001,8093000,"鲜桃,包括油桃",601,澳大利亚,10,一般贸易,31,上海市,787423,千克,0,?,"19,729,465"
202001,8093000,"鲜桃,包括油桃",601,澳大利亚,10,一般贸易,33,浙江省,281397,千克,0,?,"6,818,204"
202001,8093000,"鲜桃,包括油桃",601,澳大利亚,10,一般贸易,35,福建省,10938,千克,0,?,"342,963"
202001,8093000,"鲜桃,包括油桃",601,澳大利亚,10,一般贸易,37,山东省,9098,千克,0,?,"343,520"
202001,8093000,"鲜桃,包括油桃",601,澳大利亚,10,一般贸易,41,河南省,16471,千克,0,?,"516,748"
202001,8093000,"鲜桃,包括油桃",601,澳大利亚,10,一般贸易,44,广东省,1230306,千克,0,?,"31,268,297"
202001,8094000,鲜梅及李,312,西班牙,10,一般贸易,44,广东省,275316,千克,0,?,"4,430,596"
202001,8094000,鲜梅及李,412,智利,10,一般贸易,21,辽宁省,32723,千克,0,?,"917,563"
202001,8094000,鲜梅及李,412,智利,10,一般贸易,31,上海市,20990,千克,0,?,"968,773"
202001,8094000,鲜梅及李,412,智利,10,一般贸易,33,浙江省,27952,千克,0,?,"1,655,289"
202001,8094000,鲜梅及李,412,智利,10,一般贸易,34,安徽省,7912,千克,0,?,"529,679"
202001,8094000,鲜梅及李,412,智利,10,一般贸易,44,广东省,256263,千克,0,?,"5,090,378"
202001,8094000,鲜梅及李,601,澳大利亚,10,一般贸易,11,北京市,29460,千克,0,?,"687,544"
202001,8094000,鲜梅及李,601,澳大利亚,10,一般贸易,31,上海市,84245,千克,0,?,"2,594,867"
202001,8094000,鲜梅及李,601,澳大利亚,10,一般贸易,33,浙江省,139610,千克,0,?,"5,192,705"
202001,8094000,鲜梅及李,601,澳大利亚,10,一般贸易,44,广东省,280995,千克,0,?,"11,681,182"
202001,8104000,鲜蔓越橘及越橘,412,智利,10,一般贸易,21,辽宁省,983915,千克,0,?,"54,865,190"
202001,8104000,鲜蔓越橘及越橘,412,智利,10,一般贸易,31,上海市,805906,千克,0,?,"40,659,355"
202001,8104000,鲜蔓越橘及越橘,412,智利,10,一般贸易,33,浙江省,542791,千克,0,?,"25,273,302"
202001,8104000,鲜蔓越橘及越橘,412,智利,10,一般贸易,34,安徽省,102751,千克,0,?,"5,333,840"
202001,8104000,鲜蔓越橘及越橘,412,智利,10,一般贸易,35,福建省,23400,千克,0,?,"1,353,816"
202001,8104000,鲜蔓越橘及越橘,412,智利,10,一般贸易,37,山东省,22500,千克,0,?,"1,053,876"
202001,8104000,鲜蔓越橘及越橘,412,智利,10,一般贸易,43,湖南省,11385,千克,0,?,"617,651"
202001,8104000,鲜蔓越橘及越橘,412,智利,10,一般贸易,44,广东省,3537469,千克,0,?,"193,813,626"
202001,8104000,鲜蔓越橘及越橘,434,秘鲁,10,一般贸易,31,上海市,468404,千克,0,?,"24,226,745"
202001,8104000,鲜蔓越橘及越橘,434,秘鲁,10,一般贸易,33,浙江省,233448,千克,0,?,"11,722,711"
202001,8104000,鲜蔓越橘及越橘,434,秘鲁,10,一般贸易,34,安徽省,163806,千克,0,?,"8,015,513"
202001,8104000,鲜蔓越橘及越橘,434,秘鲁,10,一般贸易,44,广东省,251460,千克,0,?,"12,867,669"
202001,8105000,鲜猕猴桃,307,意大利,10,一般贸易,31,上海市,3483908,千克,0,?,"87,101,111"
202001,8105000,鲜猕猴桃,307,意大利,10,一般贸易,44,广东省,52508,千克,0,?,"1,355,187"
202001,8105000,鲜猕猴桃,310,希腊,10,一般贸易,31,上海市,408877,千克,0,?,"4,687,002"
202001,8105000,鲜猕猴桃,310,希腊,10,一般贸易,33,浙江省,33864,千克,0,?,"425,604"
202001,8105000,鲜猕猴桃,310,希腊,10,一般贸易,44,广东省,239473,千克,0,?,"3,254,347"
202001,8105000,鲜猕猴桃,609,新西兰,10,一般贸易,31,上海市,204537,千克,0,?,"3,658,855"
202001,8106000,鲜榴莲,136,泰国,10,一般贸易,11,北京市,47626,千克,0,?,"1,444,542"
202001,8106000,鲜榴莲,136,泰国,10,一般贸易,15,内蒙古自治区,158,千克,0,?,"1,996"
202001,8106000,鲜榴莲,136,泰国,10,一般贸易,31,上海市,135045,千克,0,?,"3,466,419"
202001,8106000,鲜榴莲,136,泰国,10,一般贸易,32,江苏省,13770,千克,0,?,"369,036"
202001,8106000,鲜榴莲,136,泰国,10,一般贸易,33,浙江省,1155,千克,0,?,"40,529"
202001,8106000,鲜榴莲,136,泰国,10,一般贸易,37,山东省,418114,千克,0,?,"11,003,367"
202001,8106000,鲜榴莲,136,泰国,10,一般贸易,41,河南省,990,千克,0,?,"27,096"
202001,8106000,鲜榴莲,136,泰国,10,一般贸易,43,湖南省,409215,千克,0,?,"10,056,974"
202001,8106000,鲜榴莲,136,泰国,10,一般贸易,44,广东省,2574060,千克,0,?,"81,997,515"
202001,8106000,鲜榴莲,136,泰国,10,一般贸易,45,广西壮族自治区,7147041,千克,0,?,"156,250,056"
202001,8106000,鲜榴莲,136,泰国,10,一般贸易,46,海南省,5950,千克,0,?,"113,050"
202001,8106000,鲜榴莲,136,泰国,10,一般贸易,50,重庆市,434523,千克,0,?,"12,121,160"
202001,8106000,鲜榴莲,136,泰国,10,一般贸易,53,云南省,262085,千克,0,?,"6,030,490"
202001,8106000,鲜榴莲,136,泰国,10,一般贸易,61,陕西省,240506,千克,0,?,"6,720,494"
202001,8109010,鲜荔枝,141,越南,19,边境小额贸易,45,广西壮族自治区,9310,千克,0,?,"30,723"
202001,8109030,鲜龙眼,136,泰国,10,一般贸易,21,辽宁省,212082,千克,0,?,"1,637,214"
202001,8109030,鲜龙眼,136,泰国,10,一般贸易,31,上海市,24725,千克,0,?,"359,946"
202001,8109030,鲜龙眼,136,泰国,10,一般贸易,32,江苏省,1419196,千克,0,?,"13,117,772"
202001,8109030,鲜龙眼,136,泰国,10,一般贸易,33,浙江省,45770,千克,0,?,"357,006"
202001,8109030,鲜龙眼,136,泰国,10,一般贸易,37,山东省,3415810,千克,0,?,"27,442,524"
202001,8109030,鲜龙眼,136,泰国,10,一般贸易,43,湖南省,2551356,千克,0,?,"25,608,426"
202001,8109030,鲜龙眼,136,泰国,10,一般贸易,44,广东省,10064727,千克,0,?,"102,389,747"
202001,8109030,鲜龙眼,136,泰国,10,一般贸易,45,广西壮族自治区,17316214,千克,0,?,"156,613,896"
202001,8109030,鲜龙眼,136,泰国,10,一般贸易,46,海南省,818468,千克,0,?,"7,102,540"
202001,8109030,鲜龙眼,136,泰国,10,一般贸易,50,重庆市,13134086,千克,0,?,"132,871,525"
202001,8109030,鲜龙眼,136,泰国,10,一般贸易,52,贵州省,226224,千克,0,?,"2,460,802"
202001,8109030,鲜龙眼,136,泰国,10,一般贸易,53,云南省,18475320,千克,0,?,"162,901,623"
202001,8109030,鲜龙眼,141,越南,10,一般贸易,21,辽宁省,95760,千克,0,?,"463,703"
202001,8109030,鲜龙眼,141,越南,10,一般贸易,37,山东省,670212,千克,0,?,"2,354,534"
202001,8109030,鲜龙眼,141,越南,19,边境小额贸易,45,广西壮族自治区,3312435,千克,0,?,"16,496,143"
202001,8109040,鲜红毛丹,136,泰国,10,一般贸易,11,北京市,26372,千克,0,?,"426,513"
202001,8109040,鲜红毛丹,136,泰国,10,一般贸易,31,上海市,62442,千克,0,?,"1,239,713"
202001,8109040,鲜红毛丹,136,泰国,10,一般贸易,44,广东省,11295,千克,0,?,"197,992"
202001,8109040,鲜红毛丹,141,越南,19,边境小额贸易,45,广西壮族自治区,34045,千克,0,?,"204,270"
202001,8109050,鲜番荔枝,143,中国台湾,10,一般贸易,35,福建省,2226091,千克,0,?,"49,121,869"
202001,8109050,鲜番荔枝,143,中国台湾,10,一般贸易,44,广东省,1821522,千克,0,?,"44,933,246"
202001,8109050,鲜番荔枝,143,中国台湾,10,一般贸易,45,广西壮族自治区,22014,千克,0,?,"437,727"
202001,8109050,鲜番荔枝,143,中国台湾,39,其他,35,福建省,10782,千克,0,?,"239,001"
202001,8109060,鲜杨桃,143,中国台湾,10,一般贸易,35,福建省,27966,千克,0,?,"227,130"
202001,8109060,鲜杨桃,143,中国台湾,39,其他,35,福建省,800,千克,0,?,"6,300"
202001,8109070,鲜莲雾,136,泰国,10,一般贸易,11,北京市,4980,千克,0,?,"115,334"
202001,8109070,鲜莲雾,136,泰国,10,一般贸易,31,上海市,16199,千克,0,?,"362,416"
202001,8109070,鲜莲雾,136,泰国,10,一般贸易,35,福建省,44945,千克,0,?,"1,040,883"
202001,8109070,鲜莲雾,136,泰国,10,一般贸易,44,广东省,78868,千克,0,?,"1,713,709"
202001,8109070,鲜莲雾,136,泰国,10,一般贸易,45,广西壮族自治区,54675,千克,0,?,"1,044,292"
202001,8109070,鲜莲雾,143,中国台湾,10,一般贸易,35,福建省,503695,千克,0,?,"13,829,618"
202001,8109070,鲜莲雾,143,中国台湾,39,其他,35,福建省,654,千克,0,?,"17,331"
202001,8109080,鲜火龙果,141,越南,10,一般贸易,11,北京市,1597854,千克,0,?,"9,624,332"
202001,8109080,鲜火龙果,141,越南,10,一般贸易,12,天津市,1550483,千克,0,?,"7,852,492"
202001,8109080,鲜火龙果,141,越南,10,一般贸易,21,辽宁省,3457280,千克,0,?,"14,498,731"
202001,8109080,鲜火龙果,141,越南,10,一般贸易,31,上海市,8667081,千克,0,?,"50,623,597"
202001,8109080,鲜火龙果,141,越南,10,一般贸易,32,江苏省,18865,千克,0,?,"92,675"
202001,8109080,鲜火龙果,141,越南,10,一般贸易,33,浙江省,727135,千克,0,?,"3,893,789"
202001,8109080,鲜火龙果,141,越南,10,一般贸易,35,福建省,3834940,千克,0,?,"21,588,564"
202001,8109080,鲜火龙果,141,越南,10,一般贸易,37,山东省,3935445,千克,0,?,"21,986,735"
202001,8109080,鲜火龙果,141,越南,10,一般贸易,43,湖南省,40716,千克,0,?,"371,463"
202001,8109080,鲜火龙果,141,越南,10,一般贸易,44,广东省,14388097,千克,0,?,"81,767,536"
202001,8109080,鲜火龙果,141,越南,10,一般贸易,45,广西壮族自治区,1876944,千克,0,?,"10,757,277"
202001,8109080,鲜火龙果,141,越南,10,一般贸易,50,重庆市,4104918,千克,0,?,"35,399,995"
202001,8109080,鲜火龙果,141,越南,19,边境小额贸易,45,广西壮族自治区,749071,千克,0,?,"4,544,373"
202001,8109080,鲜火龙果,143,中国台湾,10,一般贸易,35,福建省,6138,千克,0,?,"94,240"
202001,8109090,未列名鲜果,112,印度尼西亚,10,一般贸易,11,北京市,16830,千克,0,?,"393,317"
202001,8109090,未列名鲜果,112,印度尼西亚,10,一般贸易,33,浙江省,4050,千克,0,?,"48,949"
202001,8109090,未列名鲜果,112,印度尼西亚,10,一般贸易,44,广东省,12769,千克,0,?,"268,530"
202001,8109090,未列名鲜果,136,泰国,10,一般贸易,32,江苏省,109010,千克,0,?,"446,941"
202001,8109090,未列名鲜果,136,泰国,10,一般贸易,43,湖南省,243285,千克,0,?,"997,470"
202001,8109090,未列名鲜果,136,泰国,10,一般贸易,45,广西壮族自治区,174299,千克,0,?,"1,402,890"
202001,8109090,未列名鲜果,136,泰国,10,一般贸易,46,海南省,460161,千克,0,?,"1,886,661"
202001,8109090,未列名鲜果,136,泰国,10,一般贸易,50,重庆市,25000,千克,0,?,"209,907"
202001,8109090,未列名鲜果,136,泰国,10,一般贸易,53,云南省,2818301,千克,0,?,"11,625,270"
202001,8109090,未列名鲜果,141,越南,10,一般贸易,12,天津市,7493,千克,0,?,"42,068"
202001,8109090,未列名鲜果,141,越南,10,一般贸易,43,湖南省,22530,千克,0,?,"305,587"
202001,8109090,未列名鲜果,141,越南,19,边境小额贸易,45,广西壮族自治区,675852,千克,0,?,"6,359,897"
202001,8109090,未列名鲜果,143,中国台湾,10,一般贸易,35,福建省,65744,千克,0,?,"918,330"
202001,8109090,未列名鲜果,143,中国台湾,39,其他,35,福建省,624,千克,0,?,"7,176"
202001,8111000,冷冻草莓,215,埃及,14,来料加工贸易,31,上海市,25000,千克,0,?,"253,301"
202001,8111000,冷冻草莓,215,埃及,14,来料加工贸易,37,山东省,72000,千克,0,?,"707,761"
202001,8111000,冷冻草莓,232,摩洛哥,14,来料加工贸易,37,山东省,240000,千克,0,?,"3,179,308"
202001,8111000,冷冻草莓,327,波兰,10,一般贸易,11,北京市,360,千克,0,?,"12,475"
202001,8111000,冷冻草莓,327,波兰,34,海关特殊监管区域物流货物,31,上海市,140,千克,0,?,"4,955"
202001,8111000,冷冻草莓,412,智利,10,一般贸易,31,上海市,3865,千克,0,?,"81,186"
202001,8111000,冷冻草莓,412,智利,14,来料加工贸易,37,山东省,480240,千克,0,?,"6,300,380"
202001,8111000,冷冻草莓,412,智利,34,海关特殊监管区域物流货物,37,山东省,71994,千克,0,?,"934,719"
202001,8112000,冷冻木莓、黑莓、桑椹、罗甘莓、穗醋栗（加仑子）及醋栗,305,法国,10,一般贸易,31,上海市,2724,千克,0,?,"234,704"
202001,8112000,冷冻木莓、黑莓、桑椹、罗甘莓、穗醋栗（加仑子）及醋栗,327,波兰,10,一般贸易,11,北京市,13236,千克,0,?,"776,515"
202001,8112000,冷冻木莓、黑莓、桑椹、罗甘莓、穗醋栗（加仑子）及醋栗,327,波兰,10,一般贸易,44,广东省,22000,千克,0,?,"115,449"
202001,8112000,冷冻木莓、黑莓、桑椹、罗甘莓、穗醋栗（加仑子）及醋栗,358,塞尔维亚,10,一般贸易,11,北京市,360,千克,0,?,"13,014"
202001,8112000,冷冻木莓、黑莓、桑椹、罗甘莓、穗醋栗（加仑子）及醋栗,358,塞尔维亚,34,海关特殊监管区域物流货物,31,上海市,410,千克,0,?,"15,137"
202001,8112000,冷冻木莓、黑莓、桑椹、罗甘莓、穗醋栗（加仑子）及醋栗,412,智利,10,一般贸易,31,上海市,665,千克,0,?,"17,027"
202001,8112000,冷冻木莓、黑莓、桑椹、罗甘莓、穗醋栗（加仑子）及醋栗,609,新西兰,15,进料加工贸易,33,浙江省,151200,千克,0,?,"1,798,483"
202001,8119090,未列名冷冻水果及坚果,122,马来西亚,10,一般贸易,12,天津市,9200,千克,0,?,"386,229"
202001,8119090,未列名冷冻水果及坚果,122,马来西亚,10,一般贸易,21,辽宁省,3400,千克,0,?,"336,438"
202001,8119090,未列名冷冻水果及坚果,122,马来西亚,10,一般贸易,31,上海市,82862,千克,0,?,"4,953,312"
202001,8119090,未列名冷冻水果及坚果,122,马来西亚,10,一般贸易,32,江苏省,11490,千克,0,?,"1,467,689"
202001,8119090,未列名冷冻水果及坚果,122,马来西亚,10,一般贸易,35,福建省,261547,千克,0,?,"17,496,436"
202001,8119090,未列名冷冻水果及坚果,122,马来西亚,10,一般贸易,41,河南省,104000,千克,0,?,"10,033,143"
202001,8119090,未列名冷冻水果及坚果,122,马来西亚,10,一般贸易,44,广东省,340360,千克,0,?,"26,428,641"
202001,8119090,未列名冷冻水果及坚果,122,马来西亚,10,一般贸易,45,广西壮族自治区,9300,千克,0,?,"1,074,321"
202001,8119090,未列名冷冻水果及坚果,122,马来西亚,10,一般贸易,53,云南省,13000,千克,0,?,"640,900"
202001,8119090,未列名冷冻水果及坚果,122,马来西亚,34,海关特殊监管区域物流货物,31,上海市,400,千克,0,?,"51,041"
202001,8119090,未列名冷冻水果及坚果,129,菲律宾,10,一般贸易,31,上海市,60,千克,0,?,"6,583"
202001,8119090,未列名冷冻水果及坚果,136,泰国,10,一般贸易,11,北京市,21606,千克,0,?,"1,355,274"
202001,8119090,未列名冷冻水果及坚果,136,泰国,10,一般贸易,21,辽宁省,42850,千克,0,?,"1,072,006"
202001,8119090,未列名冷冻水果及坚果,136,泰国,10,一般贸易,31,上海市,18650,千克,0,?,"1,053,100"
202001,8119090,未列名冷冻水果及坚果,136,泰国,10,一般贸易,33,浙江省,269480,千克,0,?,"12,048,149"
202001,8119090,未列名冷冻水果及坚果,136,泰国,10,一般贸易,35,福建省,24572,千克,0,?,"257,892"
202001,8119090,未列名冷冻水果及坚果,136,泰国,10,一般贸易,37,山东省,171872,千克,0,?,"4,654,800"
202001,8119090,未列名冷冻水果及坚果,136,泰国,10,一般贸易,44,广东省,430177,千克,0,?,"22,043,114"
202001,8119090,未列名冷冻水果及坚果,136,泰国,10,一般贸易,45,广西壮族自治区,780545,千克,0,?,"49,029,393"
202001,8119090,未列名冷冻水果及坚果,136,泰国,10,一般贸易,53,云南省,24666,千克,0,?,"1,159,690"
202001,8119090,未列名冷冻水果及坚果,136,泰国,33,保税监管场所进出境货物,33,浙江省,19656,千克,0,?,"801,806"
202001,8119090,未列名冷冻水果及坚果,141,越南,10,一般贸易,44,广东省,75758,千克,0,?,"2,729,231"
202001,8119090,未列名冷冻水果及坚果,305,法国,10,一般贸易,31,上海市,50,千克,0,?,"2,083"
202001,8119090,未列名冷冻水果及坚果,327,波兰,10,一般贸易,11,北京市,20070,千克,0,?,"266,183"
202001,8119090,未列名冷冻水果及坚果,327,波兰,10,一般贸易,13,河北省,21500,千克,0,?,"262,451"
202001,8119090,未列名冷冻水果及坚果,328,罗马尼亚,14,来料加工贸易,32,江苏省,55500,千克,0,?,"1,602,047"
202001,8119090,未列名冷冻水果及坚果,330,瑞典,15,进料加工贸易,33,浙江省,400000,千克,0,?,"11,546,368"
202001,8119090,未列名冷冻水果及坚果,330,瑞典,15,进料加工贸易,61,陕西省,100000,千克,0,?,"2,925,600"
202001,8119090,未列名冷冻水果及坚果,340,白俄罗斯,10,一般贸易,61,陕西省,25000,千克,0,?,"618,277"
202001,8119090,未列名冷冻水果及坚果,340,白俄罗斯,14,来料加工贸易,32,江苏省,100000,千克,0,?,"2,551,420"
202001,8119090,未列名冷冻水果及坚果,340,白俄罗斯,15,进料加工贸易,61,陕西省,75000,千克,0,?,"1,854,830"
202001,8119090,未列名冷冻水果及坚果,344,俄罗斯,14,来料加工贸易,32,江苏省,100000,千克,0,?,"3,028,958"
202001,8119090,未列名冷冻水果及坚果,344,俄罗斯,15,进料加工贸易,61,陕西省,100000,千克,0,?,"2,808,576"
202001,8119090,未列名冷冻水果及坚果,347,乌克兰,10,一般贸易,33,浙江省,1,千克,0,?,"2,643"
202001,8119090,未列名冷冻水果及坚果,347,乌克兰,14,来料加工贸易,32,江苏省,144500,千克,0,?,"3,945,631"
202001,8119090,未列名冷冻水果及坚果,347,乌克兰,15,进料加工贸易,33,浙江省,200000,千克,0,?,"5,675,614"
202001,8119090,未列名冷冻水果及坚果,347,乌克兰,15,进料加工贸易,44,广东省,100000,千克,0,?,"2,872,253"
202001,8119090,未列名冷冻水果及坚果,347,乌克兰,15,进料加工贸易,61,陕西省,100000,千克,0,?,"2,879,602"
202001,8119090,未列名冷冻水果及坚果,412,智利,10,一般贸易,13,河北省,72028,千克,0,?,"1,128,913"
202001,8119090,未列名冷冻水果及坚果,412,智利,10,一般贸易,31,上海市,4298,千克,0,?,"118,218"
202001,8119090,未列名冷冻水果及坚果,412,智利,10,一般贸易,35,福建省,24012,千克,0,?,"404,434"
202001,8119090,未列名冷冻水果及坚果,412,智利,10,一般贸易,37,山东省,93989,千克,0,?,"1,232,590"
202001,8119090,未列名冷冻水果及坚果,501,加拿大,10,一般贸易,11,北京市,72125,千克,0,?,"1,113,608"
202001,8119090,未列名冷冻水果及坚果,501,加拿大,10,一般贸易,31,上海市,157848,千克,0,?,"2,889,475"
202001,8119090,未列名冷冻水果及坚果,501,加拿大,10,一般贸易,37,山东省,138142,千克,0,?,"1,128,701"
202001,8119090,未列名冷冻水果及坚果,501,加拿大,15,进料加工贸易,11,北京市,97976,千克,0,?,"1,500,706"
202001,8119090,未列名冷冻水果及坚果,501,加拿大,15,进料加工贸易,12,天津市,22861,千克,0,?,"288,785"
202001,8119090,未列名冷冻水果及坚果,501,加拿大,15,进料加工贸易,37,山东省,165335,千克,0,?,"2,611,578"
202001,8119090,未列名冷冻水果及坚果,609,新西兰,10,一般贸易,37,山东省,19000,千克,0,?,"157,535"
202001,8121000,暂时保藏的樱桃,307,意大利,15,进料加工贸易,34,安徽省,11200,千克,0,?,"205,147"
202001,8121000,暂时保藏的樱桃,307,意大利,15,进料加工贸易,37,山东省,23200,千克,0,?,"293,215"
202001,8121000,暂时保藏的樱桃,312,西班牙,15,进料加工贸易,37,山东省,11200,千克,0,?,"135,436"
202001,8129000,其他暂时保藏的水果及坚果,107,柬埔寨,10,一般贸易,35,福建省,292500,千克,0,?,"1,637,275"
202001,8129000,其他暂时保藏的水果及坚果,136,泰国,15,进料加工贸易,44,广东省,26680,千克,0,?,"102,672"
202001,8129000,其他暂时保藏的水果及坚果,141,越南,10,一般贸易,11,北京市,22000,千克,0,?,"123,425"
202001,8129000,其他暂时保藏的水果及坚果,141,越南,10,一般贸易,32,江苏省,225000,千克,0,?,"1,151,393"
202001,8129000,其他暂时保藏的水果及坚果,141,越南,10,一般贸易,35,福建省,1158500,千克,0,?,"5,783,781"
202001,8129000,其他暂时保藏的水果及坚果,141,越南,10,一般贸易,37,山东省,135000,千克,0,?,"797,151"
202001,8129000,其他暂时保藏的水果及坚果,141,越南,10,一般贸易,44,广东省,81690,千克,0,?,"297,381"
202001,8131000,杏干,101,阿富汗,10,一般贸易,32,江苏省,162820,千克,0,?,"656,085"
202001,8131000,杏干,101,阿富汗,10,一般贸易,33,浙江省,106220,千克,0,?,"537,290"
202001,8131000,杏干,101,阿富汗,10,一般贸易,37,山东省,302250,千克,0,?,"1,448,741"
202001,8131000,杏干,101,阿富汗,10,一般贸易,44,广东省,181714,千克,0,?,"957,795"
202001,8131000,杏干,137,土耳其,10,一般贸易,12,天津市,45000,千克,0,?,"437,038"
202001,8131000,杏干,137,土耳其,10,一般贸易,31,上海市,6832,千克,0,?,"346,570"
202001,8131000,杏干,137,土耳其,10,一般贸易,33,浙江省,480,千克,0,?,"23,433"
202001,8131000,杏干,137,土耳其,10,一般贸易,44,广东省,81240,千克,0,?,"661,851"
202001,8131000,杏干,146,吉尔吉斯斯坦,10,一般贸易,32,江苏省,28200,千克,0,?,"237,279"
202001,8131000,杏干,146,吉尔吉斯斯坦,10,一般贸易,43,湖南省,19380,千克,0,?,"135,600"
202001,8131000,杏干,149,乌兹别克斯坦,10,一般贸易,44,广东省,87250,千克,0,?,"522,974"
202001,8131000,杏干,149,乌兹别克斯坦,10,一般贸易,65,新疆维吾尔自治区,15000,千克,0,?,"105,310"
202001,8131000,杏干,304,德国,10,一般贸易,31,上海市,2,千克,0,?,149
202001,8131000,杏干,304,德国,10,一般贸易,42,湖北省,0,千克,0,?,12
202001,8131000,杏干,304,德国,10,一般贸易,44,广东省,0,千克,0,?,20
202001,8131000,杏干,331,瑞士,10,一般贸易,44,广东省,1,千克,0,?,54
202001,8131000,杏干,502,美国,10,一般贸易,44,广东省,289,千克,0,?,"10,835"
202001,8132000,梅干及李干,110,中国香港,10,一般贸易,44,广东省,541,千克,0,?,"41,424"
202001,8132000,梅干及李干,305,法国,10,一般贸易,33,浙江省,66000,千克,0,?,"430,375"
202001,8132000,梅干及李干,305,法国,10,一般贸易,34,安徽省,7,千克,0,?,"1,817"
202001,8132000,梅干及李干,412,智利,10,一般贸易,11,北京市,36000,千克,0,?,"453,399"
202001,8132000,梅干及李干,412,智利,10,一般贸易,13,河北省,74350,千克,0,?,"887,644"
202001,8132000,梅干及李干,412,智利,10,一般贸易,31,上海市,259763,千克,0,?,"4,112,192"
202001,8132000,梅干及李干,412,智利,10,一般贸易,33,浙江省,164075,千克,0,?,"1,991,250"
202001,8132000,梅干及李干,412,智利,10,一般贸易,34,安徽省,320000,千克,0,?,"5,247,675"
202001,8132000,梅干及李干,412,智利,10,一般贸易,35,福建省,24000,千克,0,?,"159,529"
202001,8132000,梅干及李干,412,智利,10,一般贸易,42,湖北省,10,千克,0,?,"1,544"
202001,8132000,梅干及李干,412,智利,10,一般贸易,44,广东省,67170,千克,0,?,"765,678"
202001,8132000,梅干及李干,412,智利,33,保税监管场所进出境货物,33,浙江省,95000,千克,0,?,"1,275,142"
202001,8132000,梅干及李干,502,美国,10,一般贸易,31,上海市,97279,千克,0,?,"597,332"
202001,8132000,梅干及李干,502,美国,10,一般贸易,37,山东省,113400,千克,0,?,"415,884"
202001,8132000,梅干及李干,502,美国,10,一般贸易,44,广东省,46,千克,0,?,"2,895"
202001,8132000,梅干及李干,502,美国,34,海关特殊监管区域物流货物,31,上海市,113721,千克,0,?,"608,802"
202001,8133000,苹果干,502,美国,10,一般贸易,11,北京市,2,千克,0,?,662
202001,8134010,龙眼干、肉,110,中国香港,10,一般贸易,44,广东省,1620,千克,0,?,"199,615"
202001,8134010,龙眼干、肉,136,泰国,10,一般贸易,33,浙江省,749704,千克,0,?,"6,552,965"
202001,8134010,龙眼干、肉,136,泰国,10,一般贸易,35,福建省,3465713,千克,0,?,"29,101,902"
202001,8134010,龙眼干、肉,136,泰国,10,一般贸易,44,广东省,363,千克,0,?,"32,997"
202001,8134010,龙眼干、肉,136,泰国,10,一般贸易,45,广西壮族自治区,47020,千克,0,?,"367,052"
202001,8134010,龙眼干、肉,136,泰国,10,一般贸易,53,云南省,350990,千克,0,?,"2,520,135"
202001,8134010,龙眼干、肉,136,泰国,33,保税监管场所进出境货物,33,浙江省,104160,千克,0,?,"937,529"
202001,8134010,龙眼干、肉,142,中国,10,一般贸易,44,广东省,182,千克,0,?,"24,559"
202001,8134030,红枣,110,中国香港,10,一般贸易,44,广东省,253,千克,0,?,"28,980"
202001,8134030,红枣,502,美国,10,一般贸易,31,上海市,1,千克,0,?,164
202001,8134090,未列名干果,110,中国香港,10,一般贸易,44,广东省,1589,千克,0,?,"251,423"
202001,8134090,未列名干果,122,马来西亚,10,一般贸易,52,贵州省,75,千克,0,?,"22,500"
202001,8134090,未列名干果,136,泰国,10,一般贸易,33,浙江省,1100,千克,0,?,"217,680"
202001,8134090,未列名干果,136,泰国,10,一般贸易,44,广东省,3821,千克,0,?,"1,069,295"
202001,8134090,未列名干果,136,泰国,10,一般贸易,50,重庆市,1,千克,0,?,160
202001,8134090,未列名干果,136,泰国,10,一般贸易,53,云南省,1890,千克,0,?,"535,648"
202001,8134090,未列名干果,136,泰国,33,保税监管场所进出境货物,33,浙江省,1375,千克,0,?,"139,506"
202001,8134090,未列名干果,137,土耳其,10,一般贸易,12,天津市,0,千克,0,?,204
202001,8134090,未列名干果,138,阿联酋,10,一般贸易,11,北京市,3,千克,0,?,634
202001,8134090,未列名干果,141,越南,34,海关特殊监管区域物流货物,31,上海市,75,千克,0,?,"9,698"
202001,8134090,未列名干果,143,中国台湾,10,一般贸易,31,上海市,0,千克,0,?,89
202001,8134090,未列名干果,303,英国,10,一般贸易,44,广东省,19,千克,0,?,"5,172"
202001,8134090,未列名干果,304,德国,10,一般贸易,31,上海市,0,千克,0,?,19
202001,8134090,未列名干果,304,德国,10,一般贸易,42,湖北省,4,千克,0,?,437
202001,8134090,未列名干果,304,德国,10,一般贸易,44,广东省,1,千克,0,?,102
202001,8134090,未列名干果,305,法国,15,进料加工贸易,37,山东省,600,千克,0,?,"137,714"
202001,8134090,未列名干果,309,荷兰,10,一般贸易,44,广东省,0,千克,0,?,27
202001,8134090,未列名干果,331,瑞士,10,一般贸易,33,浙江省,0,千克,0,?,20
202001,8134090,未列名干果,501,加拿大,10,一般贸易,44,广东省,66,千克,0,?,"5,629"
202001,8134090,未列名干果,502,美国,10,一般贸易,11,北京市,8,千克,0,?,778
202001,8134090,未列名干果,502,美国,10,一般贸易,12,天津市,0,千克,0,?,480
202001,8134090,未列名干果,502,美国,10,一般贸易,23,黑龙江省,34,千克,0,?,"1,152"
202001,8134090,未列名干果,502,美国,10,一般贸易,31,上海市,73,千克,0,?,"8,101"
202001,8134090,未列名干果,502,美国,10,一般贸易,44,广东省,210,千克,0,?,"21,481"
202001,8134090,未列名干果,502,美国,14,来料加工贸易,37,山东省,16760,千克,0,?,"270,896"
202001,8134090,未列名干果,502,美国,34,海关特殊监管区域物流货物,44,广东省,23,千克,0,?,"2,157"
202001,8135000,本章的什锦坚果或干果,110,中国香港,34,海关特殊监管区域物流货物,21,辽宁省,45,千克,0,?,"3,568"
202001,8135000,本章的什锦坚果或干果,136,泰国,10,一般贸易,32,江苏省,144,千克,0,?,"10,878"
202001,8135000,本章的什锦坚果或干果,137,土耳其,10,一般贸易,11,北京市,1008,千克,0,?,"84,814"
202001,8135000,本章的什锦坚果或干果,143,中国台湾,10,一般贸易,35,福建省,194,千克,0,?,"6,146"
202001,8135000,本章的什锦坚果或干果,143,中国台湾,39,其他,35,福建省,605,千克,0,?,"19,100"
202001,8135000,本章的什锦坚果或干果,303,英国,10,一般贸易,44,广东省,8,千克,0,?,"3,718"
202001,8135000,本章的什锦坚果或干果,303,英国,33,保税监管场所进出境货物,11,北京市,14,千克,0,?,"8,171"
202001,8135000,本章的什锦坚果或干果,304,德国,10,一般贸易,42,湖北省,0,千克,0,?,42
202001,8135000,本章的什锦坚果或干果,501,加拿大,10,一般贸易,11,北京市,49,千克,0,?,"3,547"
202001,8135000,本章的什锦坚果或干果,501,加拿大,10,一般贸易,31,上海市,4,千克,0,?,504
202001,8135000,本章的什锦坚果或干果,502,美国,10,一般贸易,11,北京市,20,千克,0,?,"1,965"
202001,8135000,本章的什锦坚果或干果,502,美国,10,一般贸易,12,天津市,0,千克,0,?,111
202001,8135000,本章的什锦坚果或干果,502,美国,10,一般贸易,23,黑龙江省,6,千克,0,?,453
202001,8135000,本章的什锦坚果或干果,502,美国,10,一般贸易,31,上海市,178,千克,0,?,"24,454"
202001,8135000,本章的什锦坚果或干果,502,美国,33,保税监管场所进出境货物,11,北京市,476,千克,0,?,"35,545"
202001,8135000,本章的什锦坚果或干果,601,澳大利亚,10,一般贸易,31,上海市,1,千克,0,?,227
202001,8140000,"柑桔属水果或甜瓜（包括西瓜）的果皮,鲜、冻、干或用盐水、亚硫酸水或其他防腐液暂时保藏的",116,日本,14,来料加工贸易,21,辽宁省,65520,千克,0,?,"91,962"
202001,8140000,"柑桔属水果或甜瓜（包括西瓜）的果皮,鲜、冻、干或用盐水、亚硫酸水或其他防腐液暂时保藏的",142,中国,10,一般贸易,44,广东省,91,千克,0,?,"52,645"
202001,9011100,未焙炒未浸除咖啡碱的咖啡,111,印度,10,一般贸易,11,北京市,4350,千克,0,?,"133,915"
202001,9011100,未焙炒未浸除咖啡碱的咖啡,111,印度,10,一般贸易,31,上海市,1805,千克,0,?,"35,492"
202001,9011100,未焙炒未浸除咖啡碱的咖啡,112,印度尼西亚,10,一般贸易,11,北京市,38450,千克,0,?,"1,513,287"
202001,9011100,未焙炒未浸除咖啡碱的咖啡,112,印度尼西亚,10,一般贸易,31,上海市,85857,千克,0,?,"3,226,226"
202001,9011100,未焙炒未浸除咖啡碱的咖啡,112,印度尼西亚,10,一般贸易,44,广东省,20540,千克,0,?,"506,142"
202001,9011100,未焙炒未浸除咖啡碱的咖啡,112,印度尼西亚,10,一般贸易,61,陕西省,750,千克,0,?,"26,317"
202001,9011100,未焙炒未浸除咖啡碱的咖啡,112,印度尼西亚,14,来料加工贸易,44,广东省,19200,千克,0,?,"265,445"
202001,9011100,未焙炒未浸除咖啡碱的咖啡,112,印度尼西亚,15,进料加工贸易,44,广东省,19560,千克,0,?,"301,263"
202001,9011100,未焙炒未浸除咖啡碱的咖啡,112,印度尼西亚,34,海关特殊监管区域物流货物,31,上海市,5580,千克,0,?,"282,238"
202001,9011100,未焙炒未浸除咖啡碱的咖啡,133,韩国,10,一般贸易,31,上海市,3,千克,0,?,714
202001,9011100,未焙炒未浸除咖啡碱的咖啡,141,越南,10,一般贸易,11,北京市,96000,千克,0,?,"1,157,788"
202001,9011100,未焙炒未浸除咖啡碱的咖啡,141,越南,10,一般贸易,31,上海市,2,千克,0,?,512
202001,9011100,未焙炒未浸除咖啡碱的咖啡,141,越南,10,一般贸易,37,山东省,520756,千克,0,?,"5,451,915"
202001,9011100,未焙炒未浸除咖啡碱的咖啡,141,越南,10,一般贸易,44,广东省,38376,千克,0,?,"469,226"
202001,9011100,未焙炒未浸除咖啡碱的咖啡,141,越南,10,一般贸易,53,云南省,96000,千克,0,?,"1,162,045"
202001,9011100,未焙炒未浸除咖啡碱的咖啡,141,越南,15,进料加工贸易,44,广东省,19200,千克,0,?,"222,395"
202001,9011100,未焙炒未浸除咖啡碱的咖啡,142,中国,10,一般贸易,31,上海市,1,千克,0,?,84
202001,9011100,未焙炒未浸除咖啡碱的咖啡,142,中国,10,一般贸易,44,广东省,0,千克,0,?,33
202001,9011100,未焙炒未浸除咖啡碱的咖啡,143,中国台湾,39,其他,35,福建省,120,千克,0,?,"1,836"
202001,9011100,未焙炒未浸除咖啡碱的咖啡,144,东帝汶,10,一般贸易,31,上海市,18,千克,0,?,"3,586"
202001,9011100,未焙炒未浸除咖啡碱的咖啡,217,埃塞俄比亚,10,一般贸易,11,北京市,60600,千克,0,?,"1,261,280"
202001,9011100,未焙炒未浸除咖啡碱的咖啡,217,埃塞俄比亚,10,一般贸易,31,上海市,20508,千克,0,?,"440,377"
202001,9011100,未焙炒未浸除咖啡碱的咖啡,217,埃塞俄比亚,10,一般贸易,44,广东省,31202,千克,0,?,"1,263,617"
202001,9011100,未焙炒未浸除咖啡碱的咖啡,217,埃塞俄比亚,10,一般贸易,65,新疆维吾尔自治区,19200,千克,0,?,"489,368"
202001,9011100,未焙炒未浸除咖啡碱的咖啡,217,埃塞俄比亚,34,海关特殊监管区域物流货物,44,广东省,32700,千克,0,?,"1,895,297"
202001,9011100,未焙炒未浸除咖啡碱的咖啡,224,肯尼亚,10,一般贸易,11,北京市,900,千克,0,?,"68,088"
202001,9011100,未焙炒未浸除咖啡碱的咖啡,224,肯尼亚,10,一般贸易,31,上海市,599,千克,0,?,"44,838"
202001,9011100,未焙炒未浸除咖啡碱的咖啡,224,肯尼亚,10,一般贸易,35,福建省,19380,千克,0,?,"702,182"
202001,9011100,未焙炒未浸除咖啡碱的咖啡,224,肯尼亚,34,海关特殊监管区域物流货物,31,上海市,19200,千克,0,?,"476,975"
202001,9011100,未焙炒未浸除咖啡碱的咖啡,238,卢旺达,10,一般贸易,31,上海市,38400,千克,0,?,"984,787"
202001,9011100,未焙炒未浸除咖啡碱的咖啡,247,坦桑尼亚,10,一般贸易,35,福建省,57600,千克,0,?,"1,074,804"
202001,9011100,未焙炒未浸除咖啡碱的咖啡,247,坦桑尼亚,34,海关特殊监管区域物流货物,31,上海市,19200,千克,0,?,"387,201"
202001,9011100,未焙炒未浸除咖啡碱的咖啡,250,乌干达,10,一般贸易,11,北京市,57600,千克,0,?,"725,439"
202001,9011100,未焙炒未浸除咖啡碱的咖啡,250,乌干达,10,一般贸易,31,上海市,151290,千克,0,?,"1,644,132"
202001,9011100,未焙炒未浸除咖啡碱的咖啡,250,乌干达,10,一般贸易,44,广东省,39600,千克,0,?,"482,978"
202001,9011100,未焙炒未浸除咖啡碱的咖啡,250,乌干达,33,保税监管场所进出境货物,31,上海市,18000,千克,0,?,"318,214"
202001,9011100,未焙炒未浸除咖啡碱的咖啡,250,乌干达,34,海关特殊监管区域物流货物,31,上海市,19200,千克,0,?,"645,094"
202001,9011100,未焙炒未浸除咖啡碱的咖啡,303,英国,10,一般贸易,44,广东省,1,千克,0,?,73
202001,9011100,未焙炒未浸除咖啡碱的咖啡,304,德国,10,一般贸易,42,湖北省,12,千克,0,?,696
202001,9011100,未焙炒未浸除咖啡碱的咖啡,304,德国,10,一般贸易,44,广东省,2,千克,0,?,175
202001,9011100,未焙炒未浸除咖啡碱的咖啡,307,意大利,10,一般贸易,11,北京市,18,千克,0,?,"2,308"
202001,9011100,未焙炒未浸除咖啡碱的咖啡,307,意大利,10,一般贸易,31,上海市,1,千克,0,?,171
202001,9011100,未焙炒未浸除咖啡碱的咖啡,311,葡萄牙,10,一般贸易,51,四川省,6,千克,0,?,816
202001,9011100,未焙炒未浸除咖啡碱的咖啡,408,玻利维亚,10,一般贸易,37,山东省,9000,千克,0,?,"506,713"
202001,9011100,未焙炒未浸除咖啡碱的咖啡,410,巴西,10,一般贸易,31,上海市,62011,千克,0,?,"1,095,786"
202001,9011100,未焙炒未浸除咖啡碱的咖啡,410,巴西,10,一般贸易,32,江苏省,145,千克,0,?,"117,567"
202001,9011100,未焙炒未浸除咖啡碱的咖啡,410,巴西,10,一般贸易,34,安徽省,39960,千克,0,?,"701,786"
202001,9011100,未焙炒未浸除咖啡碱的咖啡,410,巴西,10,一般贸易,44,广东省,95975,千克,0,?,"1,591,848"
202001,9011100,未焙炒未浸除咖啡碱的咖啡,410,巴西,14,来料加工贸易,44,广东省,19175,千克,0,?,"336,420"
202001,9011100,未焙炒未浸除咖啡碱的咖啡,410,巴西,15,进料加工贸易,44,广东省,38400,千克,0,?,"632,266"
202001,9011100,未焙炒未浸除咖啡碱的咖啡,410,巴西,33,保税监管场所进出境货物,31,上海市,76700,千克,0,?,"1,236,958"
202001,9011100,未焙炒未浸除咖啡碱的咖啡,410,巴西,34,海关特殊监管区域物流货物,31,上海市,494577,千克,0,?,"8,723,656"
202001,9011100,未焙炒未浸除咖啡碱的咖啡,410,巴西,34,海关特殊监管区域物流货物,44,广东省,48000,千克,0,?,"1,845,839"
202001,9011100,未焙炒未浸除咖啡碱的咖啡,410,巴西,39,其他,31,上海市,2,千克,0,?,"1,402"
202001,9011100,未焙炒未浸除咖啡碱的咖啡,413,哥伦比亚,10,一般贸易,11,北京市,58581,千克,0,?,"1,322,054"
202001,9011100,未焙炒未浸除咖啡碱的咖啡,413,哥伦比亚,10,一般贸易,31,上海市,120804,千克,0,?,"2,829,587"
202001,9011100,未焙炒未浸除咖啡碱的咖啡,413,哥伦比亚,10,一般贸易,44,广东省,19204,千克,0,?,"402,617"
202001,9011100,未焙炒未浸除咖啡碱的咖啡,413,哥伦比亚,10,一般贸易,65,新疆维吾尔自治区,95700,千克,0,?,"2,755,704"
202001,9011100,未焙炒未浸除咖啡碱的咖啡,413,哥伦比亚,15,进料加工贸易,44,广东省,19225,千克,0,?,"435,469"
202001,9011100,未焙炒未浸除咖啡碱的咖啡,413,哥伦比亚,34,海关特殊监管区域物流货物,31,上海市,179639,千克,0,?,"4,977,202"
202001,9011100,未焙炒未浸除咖啡碱的咖啡,413,哥伦比亚,39,其他,31,上海市,2,千克,0,?,308
202001,9011100,未焙炒未浸除咖啡碱的咖啡,415,哥斯达黎加,10,一般贸易,31,上海市,1085,千克,0,?,"50,661"
202001,9011100,未焙炒未浸除咖啡碱的咖啡,415,哥斯达黎加,10,一般贸易,44,广东省,2484,千克,0,?,"140,477"
202001,9011100,未焙炒未浸除咖啡碱的咖啡,419,厄瓜多尔,10,一般贸易,31,上海市,12340,千克,0,?,"500,801"
202001,9011100,未焙炒未浸除咖啡碱的咖啡,423,危地马拉,10,一般贸易,11,北京市,2070,千克,0,?,"90,906"
202001,9011100,未焙炒未浸除咖啡碱的咖啡,423,危地马拉,10,一般贸易,31,上海市,739,千克,0,?,"30,449"
202001,9011100,未焙炒未浸除咖啡碱的咖啡,423,危地马拉,34,海关特殊监管区域物流货物,34,安徽省,113850,千克,0,?,"2,503,146"
202001,9011100,未焙炒未浸除咖啡碱的咖啡,426,洪都拉斯,10,一般贸易,31,上海市,56,千克,0,?,"6,325"
202001,9011100,未焙炒未浸除咖啡碱的咖啡,426,洪都拉斯,15,进料加工贸易,44,广东省,18975,千克,0,?,"303,420"
202001,9011100,未焙炒未浸除咖啡碱的咖啡,427,牙买加,10,一般贸易,44,广东省,1170,千克,0,?,"178,597"
202001,9011100,未焙炒未浸除咖啡碱的咖啡,429,墨西哥,10,一般贸易,31,上海市,540,千克,0,?,"74,484"
202001,9011100,未焙炒未浸除咖啡碱的咖啡,431,尼加拉瓜,10,一般贸易,31,上海市,4,千克,0,?,544
202001,9011100,未焙炒未浸除咖啡碱的咖啡,432,巴拿马,10,一般贸易,11,北京市,300,千克,0,?,"16,022"
202001,9011100,未焙炒未浸除咖啡碱的咖啡,432,巴拿马,10,一般贸易,31,上海市,1082,千克,0,?,"215,714"
202001,9011100,未焙炒未浸除咖啡碱的咖啡,432,巴拿马,10,一般贸易,44,广东省,45,千克,0,?,"34,305"
202001,9011100,未焙炒未浸除咖啡碱的咖啡,432,巴拿马,10,一般贸易,65,新疆维吾尔自治区,6240,千克,0,?,"372,617"
202001,9011100,未焙炒未浸除咖啡碱的咖啡,434,秘鲁,10,一般贸易,12,天津市,18975,千克,0,?,"819,038"
202001,9011100,未焙炒未浸除咖啡碱的咖啡,434,秘鲁,34,海关特殊监管区域物流货物,31,上海市,18975,千克,0,?,"381,195"
202001,9011100,未焙炒未浸除咖啡碱的咖啡,440,萨尔瓦多,10,一般贸易,31,上海市,687,千克,0,?,"42,359"
202001,9011100,未焙炒未浸除咖啡碱的咖啡,501,加拿大,10,一般贸易,11,北京市,1000,千克,0,?,191
202001,9011100,未焙炒未浸除咖啡碱的咖啡,502,美国,10,一般贸易,11,北京市,1,千克,0,?,216
202001,9011100,未焙炒未浸除咖啡碱的咖啡,502,美国,10,一般贸易,31,上海市,11,千克,0,?,667
202001,9011100,未焙炒未浸除咖啡碱的咖啡,502,美国,10,一般贸易,44,广东省,116,千克,0,?,"10,210"
202001,9011100,未焙炒未浸除咖啡碱的咖啡,611,巴布亚新几内亚,10,一般贸易,11,北京市,1800,千克,0,?,"80,699"
202001,9011100,未焙炒未浸除咖啡碱的咖啡,611,巴布亚新几内亚,10,一般贸易,31,上海市,76800,千克,0,?,"1,895,487"
202001,9011100,未焙炒未浸除咖啡碱的咖啡,611,巴布亚新几内亚,10,一般贸易,33,浙江省,19200,千克,0,?,"305,278"
202001,9011100,未焙炒未浸除咖啡碱的咖啡,611,巴布亚新几内亚,34,海关特殊监管区域物流货物,31,上海市,2400,千克,0,?,"126,647"
202001,9011200,未焙炒已浸除咖啡碱的咖啡,112,印度尼西亚,10,一般贸易,44,广东省,353,千克,0,?,"26,907"
202001,9011200,未焙炒已浸除咖啡碱的咖啡,304,德国,34,海关特殊监管区域物流货物,31,上海市,662,千克,0,?,"33,328"
202001,9012100,已焙炒未浸除咖啡碱的咖啡,110,中国香港,10,一般贸易,44,广东省,1078,千克,0,?,"64,052"
202001,9012100,已焙炒未浸除咖啡碱的咖啡,110,中国香港,33,保税监管场所进出境货物,44,广东省,2,千克,0,?,582
202001,9012100,已焙炒未浸除咖啡碱的咖啡,112,印度尼西亚,10,一般贸易,31,上海市,56,千克,0,?,"4,485"
202001,9012100,已焙炒未浸除咖啡碱的咖啡,112,印度尼西亚,10,一般贸易,32,江苏省,4,千克,0,?,"7,629"
202001,9012100,已焙炒未浸除咖啡碱的咖啡,112,印度尼西亚,10,一般贸易,35,福建省,45,千克,0,?,"9,696"
202001,9012100,已焙炒未浸除咖啡碱的咖啡,116,日本,10,一般贸易,31,上海市,1026,千克,0,?,"177,328"
202001,9012100,已焙炒未浸除咖啡碱的咖啡,116,日本,10,一般贸易,33,浙江省,141,千克,0,?,"22,268"
202001,9012100,已焙炒未浸除咖啡碱的咖啡,116,日本,10,一般贸易,41,河南省,19,千克,0,?,"10,273"
202001,9012100,已焙炒未浸除咖啡碱的咖啡,116,日本,10,一般贸易,44,广东省,240,千克,0,?,"52,237"
202001,9012100,已焙炒未浸除咖啡碱的咖啡,116,日本,33,保税监管场所进出境货物,33,浙江省,333,千克,0,?,"21,926"
202001,9012100,已焙炒未浸除咖啡碱的咖啡,116,日本,34,海关特殊监管区域物流货物,31,上海市,1319,千克,0,?,"207,269"
202001,9012100,已焙炒未浸除咖啡碱的咖啡,122,马来西亚,10,一般贸易,31,上海市,981,千克,0,?,"59,058"
202001,9012100,已焙炒未浸除咖啡碱的咖啡,122,马来西亚,34,海关特殊监管区域物流货物,31,上海市,383366,千克,0,?,"31,191,380"
202001,9012100,已焙炒未浸除咖啡碱的咖啡,133,韩国,10,一般贸易,31,上海市,3910,千克,0,?,"245,306"
202001,9012100,已焙炒未浸除咖啡碱的咖啡,137,土耳其,10,一般贸易,11,北京市,1,千克,0,?,322
202001,9012100,已焙炒未浸除咖啡碱的咖啡,141,越南,10,一般贸易,12,天津市,380,千克,0,?,"44,603"
202001,9012100,已焙炒未浸除咖啡碱的咖啡,141,越南,10,一般贸易,37,山东省,180,千克,0,?,"14,530"
202001,9012100,已焙炒未浸除咖啡碱的咖啡,141,越南,34,海关特殊监管区域物流货物,31,上海市,2617,千克,0,?,"335,001"
202001,9012100,已焙炒未浸除咖啡碱的咖啡,143,中国台湾,10,一般贸易,21,辽宁省,0,千克,0,?,168
202001,9012100,已焙炒未浸除咖啡碱的咖啡,143,中国台湾,10,一般贸易,31,上海市,149,千克,0,?,"19,321"
202001,9012100,已焙炒未浸除咖啡碱的咖啡,143,中国台湾,10,一般贸易,44,广东省,1536,千克,0,?,"395,729"
202001,9012100,已焙炒未浸除咖啡碱的咖啡,301,比利时,10,一般贸易,33,浙江省,3225,千克,0,?,"550,074"
202001,9012100,已焙炒未浸除咖啡碱的咖啡,302,丹麦,10,一般贸易,31,上海市,65,千克,0,?,"3,551"
202001,9012100,已焙炒未浸除咖啡碱的咖啡,303,英国,10,一般贸易,11,北京市,17,千克,0,?,"4,582"
202001,9012100,已焙炒未浸除咖啡碱的咖啡,303,英国,10,一般贸易,31,上海市,12084,千克,0,?,"1,185,363"
202001,9012100,已焙炒未浸除咖啡碱的咖啡,303,英国,10,一般贸易,33,浙江省,343,千克,0,?,"66,804"
202001,9012100,已焙炒未浸除咖啡碱的咖啡,303,英国,33,保税监管场所进出境货物,11,北京市,59300,千克,0,?,"6,082,293"
202001,9012100,已焙炒未浸除咖啡碱的咖啡,303,英国,34,海关特殊监管区域物流货物,31,上海市,37265,千克,0,?,"4,199,406"
202001,9012100,已焙炒未浸除咖啡碱的咖啡,304,德国,10,一般贸易,11,北京市,164,千克,0,?,"22,720"
202001,9012100,已焙炒未浸除咖啡碱的咖啡,304,德国,10,一般贸易,31,上海市,1243,千克,0,?,"85,684"
202001,9012100,已焙炒未浸除咖啡碱的咖啡,304,德国,10,一般贸易,33,浙江省,654,千克,0,?,"115,998"
202001,9012100,已焙炒未浸除咖啡碱的咖啡,304,德国,10,一般贸易,42,湖北省,24,千克,0,?,"1,824"
202001,9012100,已焙炒未浸除咖啡碱的咖啡,304,德国,10,一般贸易,44,广东省,5,千克,0,?,"1,044"
202001,9012100,已焙炒未浸除咖啡碱的咖啡,304,德国,33,保税监管场所进出境货物,31,上海市,78,千克,0,?,"4,681"
202001,9012100,已焙炒未浸除咖啡碱的咖啡,304,德国,33,保税监管场所进出境货物,32,江苏省,20,千克,0,?,"1,170"
202001,9012100,已焙炒未浸除咖啡碱的咖啡,304,德国,33,保税监管场所进出境货物,37,山东省,65,千克,0,?,"3,901"
202001,9012100,已焙炒未浸除咖啡碱的咖啡,304,德国,34,海关特殊监管区域物流货物,31,上海市,1682,千克,0,?,"140,180"
202001,9012100,已焙炒未浸除咖啡碱的咖啡,305,法国,10,一般贸易,31,上海市,1186,千克,0,?,"58,089"
202001,9012100,已焙炒未浸除咖啡碱的咖啡,305,法国,34,海关特殊监管区域物流货物,31,上海市,3005,千克,0,?,"309,587"
202001,9012100,已焙炒未浸除咖啡碱的咖啡,307,意大利,10,一般贸易,11,北京市,2751,千克,0,?,"233,171"
202001,9012100,已焙炒未浸除咖啡碱的咖啡,307,意大利,10,一般贸易,31,上海市,176230,千克,0,?,"12,522,317"
202001,9012100,已焙炒未浸除咖啡碱的咖啡,307,意大利,10,一般贸易,33,浙江省,9785,千克,0,?,"1,314,126"
202001,9012100,已焙炒未浸除咖啡碱的咖啡,307,意大利,10,一般贸易,41,河南省,750,千克,0,?,"82,892"
202001,9012100,已焙炒未浸除咖啡碱的咖啡,307,意大利,10,一般贸易,44,广东省,13377,千克,0,?,"1,576,015"
202001,9012100,已焙炒未浸除咖啡碱的咖啡,307,意大利,33,保税监管场所进出境货物,31,上海市,330,千克,0,?,"10,476"
202001,9012100,已焙炒未浸除咖啡碱的咖啡,307,意大利,33,保税监管场所进出境货物,33,浙江省,2098,千克,0,?,"471,914"
202001,9012100,已焙炒未浸除咖啡碱的咖啡,307,意大利,34,海关特殊监管区域物流货物,31,上海市,14272,千克,0,?,"1,083,297"
202001,9012100,已焙炒未浸除咖啡碱的咖啡,307,意大利,39,其他,33,浙江省,5,千克,0,?,"4,178"
202001,9012100,已焙炒未浸除咖啡碱的咖啡,309,荷兰,34,海关特殊监管区域物流货物,31,上海市,1152,千克,0,?,"53,369"
202001,9012100,已焙炒未浸除咖啡碱的咖啡,311,葡萄牙,10,一般贸易,11,北京市,7,千克,0,?,"1,319"
202001,9012100,已焙炒未浸除咖啡碱的咖啡,311,葡萄牙,10,一般贸易,33,浙江省,3828,千克,0,?,"630,755"
202001,9012100,已焙炒未浸除咖啡碱的咖啡,311,葡萄牙,10,一般贸易,44,广东省,31,千克,0,?,"2,805"
202001,9012100,已焙炒未浸除咖啡碱的咖啡,311,葡萄牙,34,海关特殊监管区域物流货物,31,上海市,19428,千克,0,?,"551,416"
202001,9012100,已焙炒未浸除咖啡碱的咖啡,312,西班牙,10,一般贸易,33,浙江省,52,千克,0,?,"9,399"
202001,9012100,已焙炒未浸除咖啡碱的咖啡,318,芬兰,10,一般贸易,31,上海市,56,千克,0,?,"5,501"
202001,9012100,已焙炒未浸除咖啡碱的咖啡,327,波兰,39,其他,33,浙江省,0,千克,0,?,405
202001,9012100,已焙炒未浸除咖啡碱的咖啡,330,瑞典,34,海关特殊监管区域物流货物,31,上海市,2112,千克,0,?,"104,167"
202001,9012100,已焙炒未浸除咖啡碱的咖啡,331,瑞士,10,一般贸易,11,北京市,134,千克,0,?,"21,612"
202001,9012100,已焙炒未浸除咖啡碱的咖啡,331,瑞士,10,一般贸易,31,上海市,1258,千克,0,?,"152,308"
202001,9012100,已焙炒未浸除咖啡碱的咖啡,331,瑞士,34,海关特殊监管区域物流货物,31,上海市,67963,千克,0,?,"8,486,115"
202001,9012100,已焙炒未浸除咖啡碱的咖啡,331,瑞士,39,其他,31,上海市,2,千克,0,?,397
202001,9012100,已焙炒未浸除咖啡碱的咖啡,413,哥伦比亚,10,一般贸易,11,北京市,3,千克,0,?,551
202001,9012100,已焙炒未浸除咖啡碱的咖啡,413,哥伦比亚,10,一般贸易,44,广东省,5695,千克,0,?,"292,373"
202001,9012100,已焙炒未浸除咖啡碱的咖啡,427,牙买加,10,一般贸易,11,北京市,436,千克,0,?,"154,882"
202001,9012100,已焙炒未浸除咖啡碱的咖啡,434,秘鲁,10,一般贸易,31,上海市,1,千克,0,?,160
202001,9012100,已焙炒未浸除咖啡碱的咖啡,501,加拿大,10,一般贸易,11,北京市,1,千克,0,?,193
202001,9012100,已焙炒未浸除咖啡碱的咖啡,501,加拿大,10,一般贸易,44,广东省,2,千克,0,?,79
202001,9012100,已焙炒未浸除咖啡碱的咖啡,501,加拿大,34,海关特殊监管区域物流货物,31,上海市,192,千克,0,?,"10,325"
202001,9012100,已焙炒未浸除咖啡碱的咖啡,502,美国,10,一般贸易,11,北京市,432,千克,0,?,"51,418"
202001,9012100,已焙炒未浸除咖啡碱的咖啡,502,美国,10,一般贸易,21,辽宁省,91,千克,0,?,"10,285"
202001,9012100,已焙炒未浸除咖啡碱的咖啡,502,美国,10,一般贸易,23,黑龙江省,1,千克,0,?,75
202001,9012100,已焙炒未浸除咖啡碱的咖啡,502,美国,10,一般贸易,31,上海市,38,千克,0,?,"6,787"
202001,9012100,已焙炒未浸除咖啡碱的咖啡,502,美国,10,一般贸易,32,江苏省,3919,千克,0,?,"218,966"
202001,9012100,已焙炒未浸除咖啡碱的咖啡,502,美国,10,一般贸易,33,浙江省,6,千克,0,?,792
202001,9012100,已焙炒未浸除咖啡碱的咖啡,502,美国,10,一般贸易,44,广东省,643,千克,0,?,"29,883"
202001,9012100,已焙炒未浸除咖啡碱的咖啡,502,美国,33,保税监管场所进出境货物,31,上海市,766,千克,0,?,"79,283"
202001,9012100,已焙炒未浸除咖啡碱的咖啡,502,美国,34,海关特殊监管区域物流货物,31,上海市,74066,千克,0,?,"6,582,070"
202001,9012100,已焙炒未浸除咖啡碱的咖啡,609,新西兰,10,一般贸易,31,上海市,159,千克,0,?,"23,695"
202001,9012200,已焙炒已浸除咖啡碱的咖啡,107,柬埔寨,34,海关特殊监管区域物流货物,21,辽宁省,200,千克,0,?,"5,248"
202001,9012200,已焙炒已浸除咖啡碱的咖啡,110,中国香港,10,一般贸易,44,广东省,32,千克,0,?,"11,314"
202001,9012200,已焙炒已浸除咖啡碱的咖啡,112,印度尼西亚,10,一般贸易,31,上海市,1,千克,0,?,138
202001,9012200,已焙炒已浸除咖啡碱的咖啡,116,日本,10,一般贸易,44,广东省,34,千克,0,?,"1,451"
202001,9012200,已焙炒已浸除咖啡碱的咖啡,116,日本,39,其他,31,上海市,21,千克,0,?,"1,710"
202001,9012200,已焙炒已浸除咖啡碱的咖啡,122,马来西亚,34,海关特殊监管区域物流货物,31,上海市,9459,千克,0,?,"678,848"
202001,9012200,已焙炒已浸除咖啡碱的咖啡,138,阿联酋,33,保税监管场所进出境货物,11,北京市,5,千克,0,?,558
202001,9012200,已焙炒已浸除咖啡碱的咖啡,138,阿联酋,33,保税监管场所进出境货物,44,广东省,2,千克,0,?,323
202001,9012200,已焙炒已浸除咖啡碱的咖啡,142,中国,10,一般贸易,44,广东省,2,千克,0,?,187
202001,9012200,已焙炒已浸除咖啡碱的咖啡,143,中国台湾,10,一般贸易,31,上海市,3,千克,0,?,545
202001,9012200,已焙炒已浸除咖啡碱的咖啡,143,中国台湾,10,一般贸易,35,福建省,132,千克,0,?,"30,585"
202001,9012200,已焙炒已浸除咖啡碱的咖啡,143,中国台湾,39,其他,35,福建省,1167,千克,0,?,"53,169"
202001,9012200,已焙炒已浸除咖啡碱的咖啡,302,丹麦,10,一般贸易,44,广东省,6,千克,0,?,"1,919"
202001,9012200,已焙炒已浸除咖啡碱的咖啡,303,英国,10,一般贸易,11,北京市,4,千克,0,?,"1,100"
202001,9012200,已焙炒已浸除咖啡碱的咖啡,303,英国,10,一般贸易,31,上海市,521,千克,0,?,"74,078"
202001,9012200,已焙炒已浸除咖啡碱的咖啡,303,英国,10,一般贸易,44,广东省,13,千克,0,?,"1,013"
202001,9012200,已焙炒已浸除咖啡碱的咖啡,303,英国,33,保税监管场所进出境货物,11,北京市,1008,千克,0,?,"327,835"
202001,9012200,已焙炒已浸除咖啡碱的咖啡,303,英国,34,海关特殊监管区域物流货物,31,上海市,168,千克,0,?,"54,168"
202001,9012200,已焙炒已浸除咖啡碱的咖啡,304,德国,10,一般贸易,11,北京市,144,千克,0,?,"18,662"
202001,9012200,已焙炒已浸除咖啡碱的咖啡,304,德国,10,一般贸易,31,上海市,175,千克,0,?,"12,615"
202001,9012200,已焙炒已浸除咖啡碱的咖啡,304,德国,10,一般贸易,32,江苏省,1,千克,0,?,168
202001,9012200,已焙炒已浸除咖啡碱的咖啡,304,德国,10,一般贸易,33,浙江省,300,千克,0,?,"24,559"
202001,9012200,已焙炒已浸除咖啡碱的咖啡,304,德国,10,一般贸易,42,湖北省,76,千克,0,?,"6,589"
202001,9012200,已焙炒已浸除咖啡碱的咖啡,304,德国,10,一般贸易,44,广东省,22,千克,0,?,"3,689"
202001,9012200,已焙炒已浸除咖啡碱的咖啡,304,德国,34,海关特殊监管区域物流货物,21,辽宁省,252,千克,0,?,"13,872"
202001,9012200,已焙炒已浸除咖啡碱的咖啡,305,法国,10,一般贸易,11,北京市,4,千克,0,?,"4,745"
202001,9012200,已焙炒已浸除咖啡碱的咖啡,305,法国,10,一般贸易,42,湖北省,15,千克,0,?,"2,044"
202001,9012200,已焙炒已浸除咖啡碱的咖啡,305,法国,10,一般贸易,51,四川省,1,千克,0,?,170
202001,9012200,已焙炒已浸除咖啡碱的咖啡,305,法国,34,海关特殊监管区域物流货物,31,上海市,561,千克,0,?,"20,168"
202001,9012200,已焙炒已浸除咖啡碱的咖啡,306,爱尔兰,10,一般贸易,44,广东省,1,千克,0,?,226
202001,9012200,已焙炒已浸除咖啡碱的咖啡,307,意大利,10,一般贸易,11,北京市,24,千克,0,?,"4,270"
202001,9012200,已焙炒已浸除咖啡碱的咖啡,307,意大利,10,一般贸易,12,天津市,3456,千克,0,?,"137,570"
202001,9012200,已焙炒已浸除咖啡碱的咖啡,307,意大利,10,一般贸易,31,上海市,2424,千克,0,?,"158,056"
202001,9012200,已焙炒已浸除咖啡碱的咖啡,307,意大利,10,一般贸易,33,浙江省,1,千克,0,?,"1,705"
202001,9012200,已焙炒已浸除咖啡碱的咖啡,307,意大利,10,一般贸易,41,河南省,5790,千克,0,?,"452,755"
202001,9012200,已焙炒已浸除咖啡碱的咖啡,307,意大利,10,一般贸易,42,湖北省,413,千克,0,?,"18,099"
202001,9012200,已焙炒已浸除咖啡碱的咖啡,307,意大利,10,一般贸易,44,广东省,3,千克,0,?,605
202001,9012200,已焙炒已浸除咖啡碱的咖啡,307,意大利,33,保税监管场所进出境货物,33,浙江省,252,千克,0,?,"60,311"
202001,9012200,已焙炒已浸除咖啡碱的咖啡,307,意大利,34,海关特殊监管区域物流货物,31,上海市,1728,千克,0,?,"81,373"
202001,9012200,已焙炒已浸除咖啡碱的咖啡,307,意大利,39,其他,31,上海市,33,千克,0,?,"3,239"
202001,9012200,已焙炒已浸除咖啡碱的咖啡,307,意大利,39,其他,44,广东省,920,千克,0,?,"89,956"
202001,9012200,已焙炒已浸除咖啡碱的咖啡,309,荷兰,10,一般贸易,42,湖北省,1,千克,0,?,38
202001,9012200,已焙炒已浸除咖啡碱的咖啡,309,荷兰,10,一般贸易,44,广东省,4,千克,0,?,922
202001,9012200,已焙炒已浸除咖啡碱的咖啡,311,葡萄牙,10,一般贸易,44,广东省,2,千克,0,?,293
202001,9012200,已焙炒已浸除咖啡碱的咖啡,312,西班牙,10,一般贸易,44,广东省,3,千克,0,?,"1,008"
202001,9012200,已焙炒已浸除咖啡碱的咖啡,312,西班牙,10,一般贸易,51,四川省,3,千克,0,?,888
202001,9012200,已焙炒已浸除咖啡碱的咖啡,327,波兰,33,保税监管场所进出境货物,31,上海市,3468,千克,0,?,"135,846"
202001,9012200,已焙炒已浸除咖啡碱的咖啡,330,瑞典,10,一般贸易,44,广东省,1,千克,0,?,171
202001,9012200,已焙炒已浸除咖啡碱的咖啡,331,瑞士,10,一般贸易,31,上海市,20,千克,0,?,"2,815"
202001,9012200,已焙炒已浸除咖啡碱的咖啡,331,瑞士,10,一般贸易,44,广东省,6,千克,0,?,900
202001,9012200,已焙炒已浸除咖啡碱的咖啡,331,瑞士,34,海关特殊监管区域物流货物,31,上海市,7122,千克,0,?,"923,890"
202001,9012200,已焙炒已浸除咖啡碱的咖啡,434,秘鲁,10,一般贸易,31,上海市,0,千克,0,?,101
202001,9012200,已焙炒已浸除咖啡碱的咖啡,501,加拿大,10,一般贸易,11,北京市,2,千克,0,?,733
202001,9012200,已焙炒已浸除咖啡碱的咖啡,501,加拿大,10,一般贸易,44,广东省,22,千克,0,?,"3,813"
202001,9012200,已焙炒已浸除咖啡碱的咖啡,502,美国,10,一般贸易,11,北京市,130,千克,0,?,"24,069"
202001,9012200,已焙炒已浸除咖啡碱的咖啡,502,美国,10,一般贸易,12,天津市,0,千克,0,?,95
202001,9012200,已焙炒已浸除咖啡碱的咖啡,502,美国,10,一般贸易,31,上海市,116,千克,0,?,"14,243"
202001,9012200,已焙炒已浸除咖啡碱的咖啡,502,美国,10,一般贸易,32,江苏省,2,千克,0,?,210
202001,9012200,已焙炒已浸除咖啡碱的咖啡,502,美国,10,一般贸易,33,浙江省,510,千克,0,?,"53,280"
202001,9012200,已焙炒已浸除咖啡碱的咖啡,502,美国,10,一般贸易,44,广东省,176,千克,0,?,"14,240"
202001,9012200,已焙炒已浸除咖啡碱的咖啡,502,美国,33,保税监管场所进出境货物,11,北京市,866,千克,0,?,"69,252"
202001,9012200,已焙炒已浸除咖啡碱的咖啡,502,美国,33,保税监管场所进出境货物,31,上海市,7,千克,0,?,"6,759"
202001,9012200,已焙炒已浸除咖啡碱的咖啡,502,美国,34,海关特殊监管区域物流货物,31,上海市,723,千克,0,?,"93,145"
202001,9012200,已焙炒已浸除咖啡碱的咖啡,601,澳大利亚,39,其他,31,上海市,6,千克,0,?,717
202001,9012200,已焙炒已浸除咖啡碱的咖啡,609,新西兰,10,一般贸易,31,上海市,5,千克,0,?,804
202001,9019010,咖啡豆荚及咖啡豆皮,143,中国台湾,10,一般贸易,21,辽宁省,3,千克,0,?,430
202001,9019010,咖啡豆荚及咖啡豆皮,143,中国台湾,10,一般贸易,31,上海市,3,千克,0,?,588
202001,9019010,咖啡豆荚及咖啡豆皮,304,德国,10,一般贸易,11,北京市,2,千克,0,?,267
202001,9019010,咖啡豆荚及咖啡豆皮,305,法国,10,一般贸易,11,北京市,2,千克,0,?,"1,260"
202001,9019010,咖啡豆荚及咖啡豆皮,331,瑞士,10,一般贸易,11,北京市,7,千克,0,?,886
202001,9019010,咖啡豆荚及咖啡豆皮,408,玻利维亚,10,一般贸易,37,山东省,500,千克,0,?,"17,250"
202001,9019010,咖啡豆荚及咖啡豆皮,502,美国,10,一般贸易,11,北京市,1,千克,0,?,362
202001,9019010,咖啡豆荚及咖啡豆皮,502,美国,10,一般贸易,31,上海市,0,千克,0,?,140
202001,9019020,含咖啡的咖啡代用品,133,韩国,10,一般贸易,44,广东省,2,千克,0,?,54
202001,9019020,含咖啡的咖啡代用品,143,中国台湾,10,一般贸易,21,辽宁省,4,千克,0,?,601
202001,9019020,含咖啡的咖啡代用品,143,中国台湾,10,一般贸易,31,上海市,1,千克,0,?,168
202001,9019020,含咖啡的咖啡代用品,303,英国,10,一般贸易,11,北京市,1,千克,0,?,403
202001,9019020,含咖啡的咖啡代用品,304,德国,10,一般贸易,11,北京市,0,千克,0,?,181
202001,9019020,含咖啡的咖啡代用品,307,意大利,10,一般贸易,11,北京市,11,千克,0,?,"2,380"
202001,9019020,含咖啡的咖啡代用品,307,意大利,10,一般贸易,44,广东省,204,千克,0,?,"24,615"
202001,9019020,含咖啡的咖啡代用品,309,荷兰,10,一般贸易,44,广东省,97,千克,0,?,"13,751"
202001,9019020,含咖啡的咖啡代用品,331,瑞士,10,一般贸易,44,广东省,6,千克,0,?,983
202001,9019020,含咖啡的咖啡代用品,502,美国,10,一般贸易,11,北京市,3,千克,0,?,456
202001,9019020,含咖啡的咖啡代用品,502,美国,10,一般贸易,23,黑龙江省,7,千克,0,?,"1,026"
202001,9019020,含咖啡的咖啡代用品,502,美国,10,一般贸易,31,上海市,6,千克,0,?,"1,809"
202001,9019020,含咖啡的咖啡代用品,502,美国,10,一般贸易,44,广东省,7,千克,0,?,"2,839"
202001,9019020,含咖啡的咖啡代用品,601,澳大利亚,10,一般贸易,31,上海市,1,千克,0,?,87
202001,9021010,"花茶,内包装每件净重≤3kg",110,中国香港,10,一般贸易,33,浙江省,10,千克,0,?,"10,379"
202001,9021010,"花茶,内包装每件净重≤3kg",110,中国香港,10,一般贸易,44,广东省,2075,千克,0,?,"256,771"
202001,9021010,"花茶,内包装每件净重≤3kg",111,印度,10,一般贸易,31,上海市,1,千克,0,?,138
202001,9021010,"花茶,内包装每件净重≤3kg",133,韩国,10,一般贸易,31,上海市,3,千克,0,?,502
202001,9021010,"花茶,内包装每件净重≤3kg",133,韩国,10,一般贸易,42,湖北省,0,千克,0,?,176
202001,9021010,"花茶,内包装每件净重≤3kg",133,韩国,10,一般贸易,44,广东省,18,千克,0,?,"1,532"
202001,9021010,"花茶,内包装每件净重≤3kg",134,斯里兰卡,10,一般贸易,11,北京市,0,千克,0,?,179
202001,9021010,"花茶,内包装每件净重≤3kg",134,斯里兰卡,10,一般贸易,31,上海市,5,千克,0,?,505
202001,9021010,"花茶,内包装每件净重≤3kg",137,土耳其,10,一般贸易,11,北京市,0,千克,0,?,77
202001,9021010,"花茶,内包装每件净重≤3kg",141,越南,10,一般贸易,35,福建省,7424,千克,0,?,"942,307"
202001,9021010,"花茶,内包装每件净重≤3kg",142,中国,10,一般贸易,11,北京市,0,千克,0,?,119
202001,9021010,"花茶,内包装每件净重≤3kg",142,中国,10,一般贸易,12,天津市,0,千克,0,?,"1,412"
202001,9021010,"花茶,内包装每件净重≤3kg",142,中国,10,一般贸易,31,上海市,16,千克,0,?,"2,669"
202001,9021010,"花茶,内包装每件净重≤3kg",142,中国,10,一般贸易,44,广东省,2,千克,0,?,394
202001,9021010,"花茶,内包装每件净重≤3kg",143,中国台湾,10,一般贸易,21,辽宁省,0,千克,0,?,349
202001,9021010,"花茶,内包装每件净重≤3kg",143,中国台湾,10,一般贸易,31,上海市,1,千克,0,?,"1,146"
202001,9021010,"花茶,内包装每件净重≤3kg",143,中国台湾,39,其他,35,福建省,18,千克,0,?,750
202001,9021010,"花茶,内包装每件净重≤3kg",244,南非,10,一般贸易,31,上海市,8,千克,0,?,"1,814"
202001,9021010,"花茶,内包装每件净重≤3kg",301,比利时,10,一般贸易,31,上海市,0,千克,0,?,106
202001,9021010,"花茶,内包装每件净重≤3kg",302,丹麦,10,一般贸易,31,上海市,0,千克,0,?,169
202001,9021010,"花茶,内包装每件净重≤3kg",303,英国,10,一般贸易,11,北京市,13,千克,0,?,"7,624"
202001,9021010,"花茶,内包装每件净重≤3kg",303,英国,10,一般贸易,31,上海市,1,千克,0,?,147
202001,9021010,"花茶,内包装每件净重≤3kg",303,英国,10,一般贸易,44,广东省,0,千克,0,?,529
202001,9021010,"花茶,内包装每件净重≤3kg",304,德国,10,一般贸易,11,北京市,0,千克,0,?,222
202001,9021010,"花茶,内包装每件净重≤3kg",304,德国,10,一般贸易,31,上海市,40,千克,0,?,"32,690"
202001,9021010,"花茶,内包装每件净重≤3kg",304,德国,10,一般贸易,42,湖北省,0,千克,0,?,210
202001,9021010,"花茶,内包装每件净重≤3kg",304,德国,10,一般贸易,44,广东省,18,千克,0,?,"2,193"
202001,9021010,"花茶,内包装每件净重≤3kg",304,德国,34,海关特殊监管区域物流货物,21,辽宁省,21,千克,0,?,"1,804"
202001,9021010,"花茶,内包装每件净重≤3kg",305,法国,34,海关特殊监管区域物流货物,44,广东省,23,千克,0,?,"3,905"
202001,9021010,"花茶,内包装每件净重≤3kg",307,意大利,10,一般贸易,11,北京市,0,千克,0,?,"1,142"
202001,9021010,"花茶,内包装每件净重≤3kg",307,意大利,10,一般贸易,31,上海市,1,千克,0,?,98
202001,9021010,"花茶,内包装每件净重≤3kg",312,西班牙,10,一般贸易,51,四川省,0,千克,0,?,70
202001,9021010,"花茶,内包装每件净重≤3kg",315,奥地利,10,一般贸易,44,广东省,0,千克,0,?,50
202001,9021010,"花茶,内包装每件净重≤3kg",327,波兰,10,一般贸易,11,北京市,1,千克,0,?,521
202001,9021010,"花茶,内包装每件净重≤3kg",327,波兰,10,一般贸易,31,上海市,0,千克,0,?,54
202001,9021010,"花茶,内包装每件净重≤3kg",327,波兰,34,海关特殊监管区域物流货物,31,上海市,1584,千克,0,?,"143,086"
202001,9021010,"花茶,内包装每件净重≤3kg",331,瑞士,10,一般贸易,44,广东省,2,千克,0,?,281
202001,9021010,"花茶,内包装每件净重≤3kg",351,克罗地亚,10,一般贸易,31,上海市,3,千克,0,?,496
202001,9021010,"花茶,内包装每件净重≤3kg",434,秘鲁,10,一般贸易,31,上海市,0,千克,0,?,153
202001,9021010,"花茶,内包装每件净重≤3kg",502,美国,10,一般贸易,11,北京市,7,千克,0,?,"2,146"
202001,9021010,"花茶,内包装每件净重≤3kg",502,美国,10,一般贸易,12,天津市,1,千克,0,?,"1,046"
202001,9021010,"花茶,内包装每件净重≤3kg",502,美国,10,一般贸易,31,上海市,92,千克,0,?,"18,053"
202001,9021010,"花茶,内包装每件净重≤3kg",502,美国,10,一般贸易,44,广东省,5,千克,0,?,737
202001,9021010,"花茶,内包装每件净重≤3kg",502,美国,10,一般贸易,46,海南省,32,千克,0,?,"12,992"
202001,9021010,"花茶,内包装每件净重≤3kg",601,澳大利亚,10,一般贸易,44,广东省,5,千克,0,?,722
202001,9021010,"花茶,内包装每件净重≤3kg",609,新西兰,10,一般贸易,31,上海市,0,千克,0,?,881
202001,9021090,"绿茶,内包装每件净重≤3kg",110,中国香港,10,一般贸易,44,广东省,62,千克,0,?,"19,934"
202001,9021090,"绿茶,内包装每件净重≤3kg",111,印度,10,一般贸易,11,北京市,0,千克,0,?,199
202001,9021090,"绿茶,内包装每件净重≤3kg",112,印度尼西亚,10,一般贸易,33,浙江省,0,千克,0,?,211
202001,9021090,"绿茶,内包装每件净重≤3kg",116,日本,10,一般贸易,31,上海市,9,千克,0,?,538
202001,9021090,"绿茶,内包装每件净重≤3kg",116,日本,33,保税监管场所进出境货物,11,北京市,10,千克,0,?,"1,858"
202001,9021090,"绿茶,内包装每件净重≤3kg",122,马来西亚,10,一般贸易,44,广东省,2,千克,0,?,600
202001,9021090,"绿茶,内包装每件净重≤3kg",122,马来西亚,10,一般贸易,52,贵州省,7,千克,0,?,"3,000"
202001,9021090,"绿茶,内包装每件净重≤3kg",133,韩国,10,一般贸易,35,福建省,1,千克,0,?,"3,327"
202001,9021090,"绿茶,内包装每件净重≤3kg",134,斯里兰卡,10,一般贸易,11,北京市,194,千克,0,?,"33,995"
202001,9021090,"绿茶,内包装每件净重≤3kg",134,斯里兰卡,10,一般贸易,12,天津市,811,千克,0,?,"26,271"
202001,9021090,"绿茶,内包装每件净重≤3kg",134,斯里兰卡,10,一般贸易,31,上海市,10171,千克,0,?,"535,835"
202001,9021090,"绿茶,内包装每件净重≤3kg",134,斯里兰卡,34,海关特殊监管区域物流货物,31,上海市,42,千克,0,?,"6,986"
202001,9021090,"绿茶,内包装每件净重≤3kg",138,阿联酋,10,一般贸易,11,北京市,0,千克,0,?,109
202001,9021090,"绿茶,内包装每件净重≤3kg",142,中国,10,一般贸易,11,北京市,0,千克,0,?,237
202001,9021090,"绿茶,内包装每件净重≤3kg",142,中国,10,一般贸易,31,上海市,8,千克,0,?,"1,152"
202001,9021090,"绿茶,内包装每件净重≤3kg",142,中国,10,一般贸易,33,浙江省,0,千克,0,?,443
202001,9021090,"绿茶,内包装每件净重≤3kg",142,中国,10,一般贸易,44,广东省,6,千克,0,?,992
202001,9021090,"绿茶,内包装每件净重≤3kg",142,中国,34,海关特殊监管区域物流货物,44,广东省,1390,千克,0,?,"94,324"
202001,9021090,"绿茶,内包装每件净重≤3kg",142,中国,39,其他,33,浙江省,1,千克,0,?,238
202001,9021090,"绿茶,内包装每件净重≤3kg",143,中国台湾,10,一般贸易,12,天津市,0,千克,0,?,301
202001,9021090,"绿茶,内包装每件净重≤3kg",143,中国台湾,10,一般贸易,31,上海市,311,千克,0,?,"19,269"
202001,9021090,"绿茶,内包装每件净重≤3kg",143,中国台湾,10,一般贸易,35,福建省,72,千克,0,?,"7,575"
202001,9021090,"绿茶,内包装每件净重≤3kg",143,中国台湾,39,其他,35,福建省,545,千克,0,?,"38,126"
202001,9021090,"绿茶,内包装每件净重≤3kg",229,马里,10,一般贸易,33,浙江省,0,千克,0,?,199
202001,9021090,"绿茶,内包装每件净重≤3kg",232,摩洛哥,10,一般贸易,33,浙江省,1,千克,0,?,"1,498"
202001,9021090,"绿茶,内包装每件净重≤3kg",232,摩洛哥,33,保税监管场所进出境货物,11,北京市,4,千克,0,?,"1,175"
202001,9021090,"绿茶,内包装每件净重≤3kg",232,摩洛哥,33,保税监管场所进出境货物,31,上海市,3,千克,0,?,"3,524"
202001,9021090,"绿茶,内包装每件净重≤3kg",244,南非,10,一般贸易,31,上海市,2,千克,0,?,514
202001,9021090,"绿茶,内包装每件净重≤3kg",303,英国,10,一般贸易,11,北京市,6,千克,0,?,"3,624"
202001,9021090,"绿茶,内包装每件净重≤3kg",303,英国,10,一般贸易,31,上海市,8,千克,0,?,"1,482"
202001,9021090,"绿茶,内包装每件净重≤3kg",303,英国,10,一般贸易,44,广东省,69,千克,0,?,"46,620"
202001,9021090,"绿茶,内包装每件净重≤3kg",303,英国,34,海关特殊监管区域物流货物,31,上海市,4,千克,0,?,"1,687"
202001,9021090,"绿茶,内包装每件净重≤3kg",304,德国,10,一般贸易,11,北京市,0,千克,0,?,165
202001,9021090,"绿茶,内包装每件净重≤3kg",304,德国,10,一般贸易,31,上海市,21,千克,0,?,"13,813"
202001,9021090,"绿茶,内包装每件净重≤3kg",304,德国,10,一般贸易,33,浙江省,2,千克,0,?,522
202001,9021090,"绿茶,内包装每件净重≤3kg",304,德国,10,一般贸易,42,湖北省,1,千克,0,?,471
202001,9021090,"绿茶,内包装每件净重≤3kg",304,德国,10,一般贸易,44,广东省,1,千克,0,?,401
202001,9021090,"绿茶,内包装每件净重≤3kg",304,德国,34,海关特殊监管区域物流货物,21,辽宁省,14,千克,0,?,"2,981"
202001,9021090,"绿茶,内包装每件净重≤3kg",305,法国,10,一般贸易,43,湖南省,1,千克,0,?,"2,048"
202001,9021090,"绿茶,内包装每件净重≤3kg",327,波兰,10,一般贸易,11,北京市,0,千克,0,?,164
202001,9021090,"绿茶,内包装每件净重≤3kg",327,波兰,34,海关特殊监管区域物流货物,31,上海市,79,千克,0,?,"23,282"
202001,9021090,"绿茶,内包装每件净重≤3kg",402,阿根廷,10,一般贸易,11,北京市,1,千克,0,?,134
202001,9021090,"绿茶,内包装每件净重≤3kg",501,加拿大,10,一般贸易,44,广东省,6,千克,0,?,794
202001,9021090,"绿茶,内包装每件净重≤3kg",502,美国,10,一般贸易,11,北京市,35,千克,0,?,"12,751"
202001,9021090,"绿茶,内包装每件净重≤3kg",502,美国,10,一般贸易,12,天津市,1,千克,0,?,913
202001,9021090,"绿茶,内包装每件净重≤3kg",502,美国,10,一般贸易,31,上海市,27,千克,0,?,"4,786"
202001,9021090,"绿茶,内包装每件净重≤3kg",502,美国,10,一般贸易,44,广东省,1,千克,0,?,260
202001,9021090,"绿茶,内包装每件净重≤3kg",601,澳大利亚,10,一般贸易,44,广东省,3,千克,0,?,"1,019"
202001,9021090,"绿茶,内包装每件净重≤3kg",609,新西兰,10,一般贸易,11,北京市,7,千克,0,?,"10,228"
202001,9021090,"绿茶,内包装每件净重≤3kg",701,国家(地区)不明,10,一般贸易,33,浙江省,0,千克,0,?,106
202001,9022010,"花茶,内包装每件净重＞3kg",111,印度,10,一般贸易,12,天津市,0,千克,0,?,64
202001,9022010,"花茶,内包装每件净重＞3kg",112,印度尼西亚,10,一般贸易,34,安徽省,25100,千克,0,?,"140,498"
202001,9022010,"花茶,内包装每件净重＞3kg",113,伊朗,10,一般贸易,33,浙江省,4600,千克,0,?,"131,990"
202001,9022010,"花茶,内包装每件净重＞3kg",142,中国,10,一般贸易,31,上海市,0,千克,0,?,255
202001,9022010,"花茶,内包装每件净重＞3kg",303,英国,10,一般贸易,11,北京市,0,千克,0,?,146
202001,9022010,"花茶,内包装每件净重＞3kg",303,英国,10,一般贸易,12,天津市,0,千克,0,?,76
202001,9022010,"花茶,内包装每件净重＞3kg",327,波兰,10,一般贸易,12,天津市,0,千克,0,?,73
202001,9022010,"花茶,内包装每件净重＞3kg",502,美国,10,一般贸易,11,北京市,0,千克,0,?,340
202001,9022010,"花茶,内包装每件净重＞3kg",502,美国,10,一般贸易,12,天津市,0,千克,0,?,567
202001,9022010,"花茶,内包装每件净重＞3kg",502,美国,10,一般贸易,31,上海市,3,千克,0,?,483
202001,9022090,"绿茶,内包装每件净重＞3kg",111,印度,10,一般贸易,32,江苏省,16,千克,0,?,"7,557"
202001,9022090,"绿茶,内包装每件净重＞3kg",111,印度,10,一般贸易,33,浙江省,85431,千克,0,?,"573,434"
202001,9022090,"绿茶,内包装每件净重＞3kg",112,印度尼西亚,10,一般贸易,32,江苏省,15400,千克,0,?,"170,249"
202001,9022090,"绿茶,内包装每件净重＞3kg",116,日本,10,一般贸易,21,辽宁省,40,千克,0,?,"12,330"
202001,9022090,"绿茶,内包装每件净重＞3kg",141,越南,10,一般贸易,32,江苏省,174090,千克,0,?,"1,135,089"
202001,9022090,"绿茶,内包装每件净重＞3kg",141,越南,10,一般贸易,33,浙江省,47250,千克,0,?,"344,859"
202001,9022090,"绿茶,内包装每件净重＞3kg",141,越南,19,边境小额贸易,53,云南省,2473,千克,0,?,"29,674"
202001,9022090,"绿茶,内包装每件净重＞3kg",143,中国台湾,10,一般贸易,31,上海市,25200,千克,0,?,"2,142,000"
202001,9022090,"绿茶,内包装每件净重＞3kg",143,中国台湾,10,一般贸易,35,福建省,480,千克,0,?,"21,494"
202001,9022090,"绿茶,内包装每件净重＞3kg",143,中国台湾,39,其他,35,福建省,804,千克,0,?,"22,502"
202001,9022090,"绿茶,内包装每件净重＞3kg",244,南非,10,一般贸易,12,天津市,1,千克,0,?,467
202001,9022090,"绿茶,内包装每件净重＞3kg",502,美国,10,一般贸易,11,北京市,2,千克,0,?,490
202001,9023010,"乌龙茶,内包装每件净重≤3kg",110,中国香港,10,一般贸易,33,浙江省,2,千克,0,?,"2,076"
202001,9023010,"乌龙茶,内包装每件净重≤3kg",110,中国香港,10,一般贸易,44,广东省,55,千克,0,?,"12,063"
202001,9023010,"乌龙茶,内包装每件净重≤3kg",111,印度,10,一般贸易,44,广东省,8,千克,0,?,"6,168"
202001,9023010,"乌龙茶,内包装每件净重≤3kg",116,日本,33,保税监管场所进出境货物,11,北京市,8,千克,0,?,743
202001,9023010,"乌龙茶,内包装每件净重≤3kg",134,斯里兰卡,34,海关特殊监管区域物流货物,31,上海市,24,千克,0,?,"2,385"
202001,9023010,"乌龙茶,内包装每件净重≤3kg",142,中国,10,一般贸易,11,北京市,0,千克,0,?,90
202001,9023010,"乌龙茶,内包装每件净重≤3kg",142,中国,10,一般贸易,31,上海市,0,千克,0,?,127
202001,9023010,"乌龙茶,内包装每件净重≤3kg",142,中国,10,一般贸易,33,浙江省,126,千克,0,?,"19,060"
202001,9023010,"乌龙茶,内包装每件净重≤3kg",142,中国,10,一般贸易,44,广东省,80,千克,0,?,"9,085"
202001,9023010,"乌龙茶,内包装每件净重≤3kg",142,中国,34,海关特殊监管区域物流货物,35,福建省,15000,千克,0,?,"398,823"
202001,9023010,"乌龙茶,内包装每件净重≤3kg",142,中国,41,免税品,44,广东省,455,千克,0,?,"481,873"
202001,9023010,"乌龙茶,内包装每件净重≤3kg",143,中国台湾,10,一般贸易,21,辽宁省,3,千克,0,?,"2,608"
202001,9023010,"乌龙茶,内包装每件净重≤3kg",143,中国台湾,10,一般贸易,31,上海市,10907,千克,0,?,"1,671,260"
202001,9023010,"乌龙茶,内包装每件净重≤3kg",143,中国台湾,10,一般贸易,33,浙江省,0,千克,0,?,431
202001,9023010,"乌龙茶,内包装每件净重≤3kg",143,中国台湾,10,一般贸易,35,福建省,22387,千克,0,?,"2,115,991"
202001,9023010,"乌龙茶,内包装每件净重≤3kg",143,中国台湾,10,一般贸易,44,广东省,467,千克,0,?,"151,624"
202001,9023010,"乌龙茶,内包装每件净重≤3kg",143,中国台湾,10,一般贸易,50,重庆市,24,千克,0,?,"15,439"
202001,9023010,"乌龙茶,内包装每件净重≤3kg",143,中国台湾,39,其他,33,浙江省,764,千克,0,?,"16,045"
202001,9023010,"乌龙茶,内包装每件净重≤3kg",143,中国台湾,39,其他,35,福建省,14040,千克,0,?,"1,224,579"
202001,9023010,"乌龙茶,内包装每件净重≤3kg",303,英国,10,一般贸易,31,上海市,19,千克,0,?,"15,031"
202001,9023010,"乌龙茶,内包装每件净重≤3kg",304,德国,10,一般贸易,31,上海市,0,千克,0,?,109
202001,9023010,"乌龙茶,内包装每件净重≤3kg",502,美国,10,一般贸易,11,北京市,8,千克,0,?,"2,773"
202001,9023010,"乌龙茶,内包装每件净重≤3kg",502,美国,10,一般贸易,31,上海市,6,千克,0,?,"5,611"
202001,9023010,"乌龙茶,内包装每件净重≤3kg",601,澳大利亚,10,一般贸易,44,广东省,7,千克,0,?,"1,714"
202001,9023010,"乌龙茶,内包装每件净重≤3kg",609,新西兰,10,一般贸易,11,北京市,34,千克,0,?,"36,337"
202001,9023020,"普洱茶,内包装每件净重≤3kg",110,中国香港,10,一般贸易,44,广东省,861,千克,0,?,"149,255"
202001,9023020,"普洱茶,内包装每件净重≤3kg",116,日本,10,一般贸易,31,上海市,1,千克,0,?,60
202001,9023020,"普洱茶,内包装每件净重≤3kg",132,新加坡,10,一般贸易,31,上海市,408,千克,0,?,"219,504"
202001,9023020,"普洱茶,内包装每件净重≤3kg",142,中国,10,一般贸易,12,天津市,1,千克,0,?,469
202001,9023020,"普洱茶,内包装每件净重≤3kg",142,中国,10,一般贸易,31,上海市,2,千克,0,?,713
202001,9023020,"普洱茶,内包装每件净重≤3kg",142,中国,10,一般贸易,44,广东省,1,千克,0,?,225
202001,9023020,"普洱茶,内包装每件净重≤3kg",502,美国,10,一般贸易,31,上海市,0,千克,0,?,46
202001,9023090,"红茶及其他半发酵茶,内包装每件净重≤3kg",110,中国香港,10,一般贸易,44,广东省,1194,千克,0,?,"151,055"
202001,9023090,"红茶及其他半发酵茶,内包装每件净重≤3kg",111,印度,10,一般贸易,33,浙江省,6,千克,0,?,"2,698"
202001,9023090,"红茶及其他半发酵茶,内包装每件净重≤3kg",111,印度,10,一般贸易,35,福建省,1,千克,0,?,554
202001,9023090,"红茶及其他半发酵茶,内包装每件净重≤3kg",111,印度,10,一般贸易,44,广东省,24,千克,0,?,"20,782"
202001,9023090,"红茶及其他半发酵茶,内包装每件净重≤3kg",111,印度,39,其他,44,广东省,0,千克,0,?,951
202001,9023090,"红茶及其他半发酵茶,内包装每件净重≤3kg",132,新加坡,10,一般贸易,31,上海市,750,千克,0,?,"178,328"
202001,9023090,"红茶及其他半发酵茶,内包装每件净重≤3kg",132,新加坡,10,一般贸易,32,江苏省,7776,千克,0,?,"301,148"
202001,9023090,"红茶及其他半发酵茶,内包装每件净重≤3kg",134,斯里兰卡,10,一般贸易,11,北京市,1228,千克,0,?,"168,786"
202001,9023090,"红茶及其他半发酵茶,内包装每件净重≤3kg",134,斯里兰卡,10,一般贸易,12,天津市,2577,千克,0,?,"88,118"
202001,9023090,"红茶及其他半发酵茶,内包装每件净重≤3kg",134,斯里兰卡,10,一般贸易,31,上海市,8901,千克,0,?,"449,711"
202001,9023090,"红茶及其他半发酵茶,内包装每件净重≤3kg",134,斯里兰卡,10,一般贸易,33,浙江省,1,千克,0,?,518
202001,9023090,"红茶及其他半发酵茶,内包装每件净重≤3kg",134,斯里兰卡,10,一般贸易,34,安徽省,13680,千克,0,?,"499,225"
202001,9023090,"红茶及其他半发酵茶,内包装每件净重≤3kg",134,斯里兰卡,10,一般贸易,35,福建省,8929,千克,0,?,"956,363"
202001,9023090,"红茶及其他半发酵茶,内包装每件净重≤3kg",134,斯里兰卡,10,一般贸易,41,河南省,300,千克,0,?,"36,174"
202001,9023090,"红茶及其他半发酵茶,内包装每件净重≤3kg",134,斯里兰卡,10,一般贸易,44,广东省,13474,千克,0,?,"479,691"
202001,9023090,"红茶及其他半发酵茶,内包装每件净重≤3kg",134,斯里兰卡,33,保税监管场所进出境货物,11,北京市,11,千克,0,?,468
202001,9023090,"红茶及其他半发酵茶,内包装每件净重≤3kg",134,斯里兰卡,33,保税监管场所进出境货物,31,上海市,3,千克,0,?,144
202001,9023090,"红茶及其他半发酵茶,内包装每件净重≤3kg",134,斯里兰卡,34,海关特殊监管区域物流货物,31,上海市,804,千克,0,?,"120,310"
202001,9023090,"红茶及其他半发酵茶,内包装每件净重≤3kg",134,斯里兰卡,34,海关特殊监管区域物流货物,44,广东省,31801,千克,0,?,"1,184,839"
202001,9023090,"红茶及其他半发酵茶,内包装每件净重≤3kg",136,泰国,10,一般贸易,21,辽宁省,95,千克,0,?,"5,388"
202001,9023090,"红茶及其他半发酵茶,内包装每件净重≤3kg",136,泰国,10,一般贸易,33,浙江省,1,千克,0,?,223
202001,9023090,"红茶及其他半发酵茶,内包装每件净重≤3kg",138,阿联酋,34,海关特殊监管区域物流货物,44,广东省,10002,千克,0,?,"350,221"
202001,9023090,"红茶及其他半发酵茶,内包装每件净重≤3kg",141,越南,33,保税监管场所进出境货物,11,北京市,25,千克,0,?,"1,960"
202001,9023090,"红茶及其他半发酵茶,内包装每件净重≤3kg",142,中国,10,一般贸易,11,北京市,2,千克,0,?,695
202001,9023090,"红茶及其他半发酵茶,内包装每件净重≤3kg",142,中国,10,一般贸易,31,上海市,8,千克,0,?,"1,176"
202001,9023090,"红茶及其他半发酵茶,内包装每件净重≤3kg",143,中国台湾,10,一般贸易,21,辽宁省,1,千克,0,?,742
202001,9023090,"红茶及其他半发酵茶,内包装每件净重≤3kg",143,中国台湾,10,一般贸易,31,上海市,4026,千克,0,?,"263,542"
202001,9023090,"红茶及其他半发酵茶,内包装每件净重≤3kg",143,中国台湾,10,一般贸易,35,福建省,128,千克,0,?,"61,199"
202001,9023090,"红茶及其他半发酵茶,内包装每件净重≤3kg",143,中国台湾,10,一般贸易,44,广东省,505,千克,0,?,"28,621"
202001,9023090,"红茶及其他半发酵茶,内包装每件净重≤3kg",143,中国台湾,10,一般贸易,50,重庆市,30,千克,0,?,"19,272"
202001,9023090,"红茶及其他半发酵茶,内包装每件净重≤3kg",143,中国台湾,34,海关特殊监管区域物流货物,31,上海市,210,千克,0,?,"203,451"
202001,9023090,"红茶及其他半发酵茶,内包装每件净重≤3kg",143,中国台湾,39,其他,35,福建省,3681,千克,0,?,"187,135"
202001,9023090,"红茶及其他半发酵茶,内包装每件净重≤3kg",145,哈萨克斯坦,10,一般贸易,65,新疆维吾尔自治区,1178,千克,0,?,"56,048"
202001,9023090,"红茶及其他半发酵茶,内包装每件净重≤3kg",224,肯尼亚,10,一般贸易,33,浙江省,0,千克,0,?,379
202001,9023090,"红茶及其他半发酵茶,内包装每件净重≤3kg",224,肯尼亚,10,一般贸易,35,福建省,3,千克,0,?,"1,258"
202001,9023090,"红茶及其他半发酵茶,内包装每件净重≤3kg",224,肯尼亚,10,一般贸易,44,广东省,305,千克,0,?,"36,279"
202001,9023090,"红茶及其他半发酵茶,内包装每件净重≤3kg",232,摩洛哥,33,保税监管场所进出境货物,31,上海市,3,千克,0,?,"2,056"
202001,9023090,"红茶及其他半发酵茶,内包装每件净重≤3kg",244,南非,10,一般贸易,11,北京市,0,千克,0,?,136
202001,9023090,"红茶及其他半发酵茶,内包装每件净重≤3kg",244,南非,10,一般贸易,31,上海市,1,千克,0,?,233
202001,9023090,"红茶及其他半发酵茶,内包装每件净重≤3kg",244,南非,10,一般贸易,37,山东省,768,千克,0,?,"66,048"
202001,9023090,"红茶及其他半发酵茶,内包装每件净重≤3kg",250,乌干达,10,一般贸易,35,福建省,0,千克,0,?,33
202001,9023090,"红茶及其他半发酵茶,内包装每件净重≤3kg",303,英国,10,一般贸易,11,北京市,22,千克,0,?,"11,083"
202001,9023090,"红茶及其他半发酵茶,内包装每件净重≤3kg",303,英国,10,一般贸易,31,上海市,254,千克,0,?,"36,360"
202001,9023090,"红茶及其他半发酵茶,内包装每件净重≤3kg",303,英国,10,一般贸易,44,广东省,79,千克,0,?,"46,806"
202001,9023090,"红茶及其他半发酵茶,内包装每件净重≤3kg",303,英国,10,一般贸易,50,重庆市,2,千克,0,?,440
202001,9023090,"红茶及其他半发酵茶,内包装每件净重≤3kg",303,英国,34,海关特殊监管区域物流货物,31,上海市,22,千克,0,?,"5,597"
202001,9023090,"红茶及其他半发酵茶,内包装每件净重≤3kg",304,德国,10,一般贸易,31,上海市,266,千克,0,?,"132,363"
202001,9023090,"红茶及其他半发酵茶,内包装每件净重≤3kg",304,德国,10,一般贸易,33,浙江省,0,千克,0,?,212
202001,9023090,"红茶及其他半发酵茶,内包装每件净重≤3kg",304,德国,10,一般贸易,42,湖北省,0,千克,0,?,18
202001,9023090,"红茶及其他半发酵茶,内包装每件净重≤3kg",304,德国,10,一般贸易,44,广东省,100,千克,0,?,"6,964"
202001,9023090,"红茶及其他半发酵茶,内包装每件净重≤3kg",305,法国,10,一般贸易,43,湖南省,11,千克,0,?,"4,214"
202001,9023090,"红茶及其他半发酵茶,内包装每件净重≤3kg",306,爱尔兰,10,一般贸易,31,上海市,1,千克,0,?,165
202001,9023090,"红茶及其他半发酵茶,内包装每件净重≤3kg",307,意大利,33,保税监管场所进出境货物,31,上海市,5,千克,0,?,"1,105"
202001,9023090,"红茶及其他半发酵茶,内包装每件净重≤3kg",327,波兰,10,一般贸易,11,北京市,2,千克,0,?,553
202001,9023090,"红茶及其他半发酵茶,内包装每件净重≤3kg",327,波兰,10,一般贸易,12,天津市,0,千克,0,?,121
202001,9023090,"红茶及其他半发酵茶,内包装每件净重≤3kg",327,波兰,10,一般贸易,31,上海市,3,千克,0,?,716
202001,9023090,"红茶及其他半发酵茶,内包装每件净重≤3kg",327,波兰,10,一般贸易,33,浙江省,90,千克,0,?,"43,683"
202001,9023090,"红茶及其他半发酵茶,内包装每件净重≤3kg",327,波兰,34,海关特殊监管区域物流货物,31,上海市,3384,千克,0,?,"251,375"
202001,9023090,"红茶及其他半发酵茶,内包装每件净重≤3kg",330,瑞典,10,一般贸易,42,湖北省,0,千克,0,?,48
202001,9023090,"红茶及其他半发酵茶,内包装每件净重≤3kg",353,斯洛伐克,33,保税监管场所进出境货物,11,北京市,3,千克,0,?,166
202001,9023090,"红茶及其他半发酵茶,内包装每件净重≤3kg",402,阿根廷,10,一般贸易,35,福建省,0,千克,0,?,"1,375"
202001,9023090,"红茶及其他半发酵茶,内包装每件净重≤3kg",502,美国,10,一般贸易,11,北京市,41,千克,0,?,"14,065"
202001,9023090,"红茶及其他半发酵茶,内包装每件净重≤3kg",502,美国,10,一般贸易,31,上海市,95,千克,0,?,"77,361"
202001,9023090,"红茶及其他半发酵茶,内包装每件净重≤3kg",502,美国,10,一般贸易,44,广东省,25,千克,0,?,"4,379"
202001,9023090,"红茶及其他半发酵茶,内包装每件净重≤3kg",502,美国,33,保税监管场所进出境货物,31,上海市,9,千克,0,?,"1,058"
202001,9023090,"红茶及其他半发酵茶,内包装每件净重≤3kg",601,澳大利亚,10,一般贸易,11,北京市,1,千克,0,?,541
202001,9023090,"红茶及其他半发酵茶,内包装每件净重≤3kg",601,澳大利亚,10,一般贸易,44,广东省,164,千克,0,?,"52,064"
202001,9023090,"红茶及其他半发酵茶,内包装每件净重≤3kg",609,新西兰,10,一般贸易,11,北京市,36,千克,0,?,"54,496"
202001,9024010,"乌龙茶,内包装每件净重＞3kg",143,中国台湾,10,一般贸易,21,辽宁省,0,千克,0,?,69
202001,9024010,"乌龙茶,内包装每件净重＞3kg",143,中国台湾,10,一般贸易,31,上海市,33361,千克,0,?,"3,003,016"
202001,9024010,"乌龙茶,内包装每件净重＞3kg",143,中国台湾,10,一般贸易,32,江苏省,216,千克,0,?,"10,071"
202001,9024010,"乌龙茶,内包装每件净重＞3kg",143,中国台湾,10,一般贸易,35,福建省,25236,千克,0,?,"1,101,427"
202001,9024010,"乌龙茶,内包装每件净重＞3kg",143,中国台湾,10,一般贸易,44,广东省,500,千克,0,?,"201,616"
202001,9024010,"乌龙茶,内包装每件净重＞3kg",143,中国台湾,39,其他,35,福建省,3181,千克,0,?,"116,894"
202001,9024010,"乌龙茶,内包装每件净重＞3kg",502,美国,10,一般贸易,11,北京市,0,千克,0,?,140
202001,9024090,"红茶及其他半发酵茶,内包装每件净重＞3kg",111,印度,10,一般贸易,11,北京市,99600,千克,0,?,"1,483,054"
202001,9024090,"红茶及其他半发酵茶,内包装每件净重＞3kg",111,印度,10,一般贸易,12,天津市,50160,千克,0,?,"879,280"
202001,9024090,"红茶及其他半发酵茶,内包装每件净重＞3kg",111,印度,10,一般贸易,31,上海市,69939,千克,0,?,"1,164,515"
202001,9024090,"红茶及其他半发酵茶,内包装每件净重＞3kg",111,印度,10,一般贸易,32,江苏省,53500,千克,0,?,"951,858"
202001,9024090,"红茶及其他半发酵茶,内包装每件净重＞3kg",111,印度,10,一般贸易,33,浙江省,126800,千克,0,?,"1,828,926"
202001,9024090,"红茶及其他半发酵茶,内包装每件净重＞3kg",111,印度,10,一般贸易,35,福建省,354320,千克,0,?,"7,712,492"
202001,9024090,"红茶及其他半发酵茶,内包装每件净重＞3kg",111,印度,10,一般贸易,44,广东省,52500,千克,0,?,"616,522"
202001,9024090,"红茶及其他半发酵茶,内包装每件净重＞3kg",111,印度,10,一般贸易,45,广西壮族自治区,97520,千克,0,?,"1,980,682"
202001,9024090,"红茶及其他半发酵茶,内包装每件净重＞3kg",111,印度,15,进料加工贸易,33,浙江省,22800,千克,0,?,"582,282"
202001,9024090,"红茶及其他半发酵茶,内包装每件净重＞3kg",112,印度尼西亚,10,一般贸易,32,江苏省,15050,千克,0,?,"160,178"
202001,9024090,"红茶及其他半发酵茶,内包装每件净重＞3kg",112,印度尼西亚,10,一般贸易,33,浙江省,32000,千克,0,?,"302,267"
202001,9024090,"红茶及其他半发酵茶,内包装每件净重＞3kg",112,印度尼西亚,10,一般贸易,35,福建省,18700,千克,0,?,"238,847"
202001,9024090,"红茶及其他半发酵茶,内包装每件净重＞3kg",112,印度尼西亚,10,一般贸易,44,广东省,24000,千克,0,?,"346,460"
202001,9024090,"红茶及其他半发酵茶,内包装每件净重＞3kg",134,斯里兰卡,10,一般贸易,31,上海市,15360,千克,0,?,"423,261"
202001,9024090,"红茶及其他半发酵茶,内包装每件净重＞3kg",134,斯里兰卡,10,一般贸易,32,江苏省,62000,千克,0,?,"1,951,435"
202001,9024090,"红茶及其他半发酵茶,内包装每件净重＞3kg",134,斯里兰卡,10,一般贸易,34,安徽省,100770,千克,0,?,"2,592,946"
202001,9024090,"红茶及其他半发酵茶,内包装每件净重＞3kg",134,斯里兰卡,10,一般贸易,35,福建省,183885,千克,0,?,"4,988,027"
202001,9024090,"红茶及其他半发酵茶,内包装每件净重＞3kg",134,斯里兰卡,10,一般贸易,44,广东省,151744,千克,0,?,"3,400,642"
202001,9024090,"红茶及其他半发酵茶,内包装每件净重＞3kg",134,斯里兰卡,14,来料加工贸易,44,广东省,20866,千克,0,?,"569,495"
202001,9024090,"红茶及其他半发酵茶,内包装每件净重＞3kg",134,斯里兰卡,15,进料加工贸易,44,广东省,136307,千克,0,?,"2,789,612"
202001,9024090,"红茶及其他半发酵茶,内包装每件净重＞3kg",134,斯里兰卡,33,保税监管场所进出境货物,44,广东省,12670,千克,0,?,"209,369"
202001,9024090,"红茶及其他半发酵茶,内包装每件净重＞3kg",134,斯里兰卡,34,海关特殊监管区域物流货物,44,广东省,16443,千克,0,?,"425,705"
202001,9024090,"红茶及其他半发酵茶,内包装每件净重＞3kg",138,阿联酋,10,一般贸易,11,北京市,0,千克,0,?,110
202001,9024090,"红茶及其他半发酵茶,内包装每件净重＞3kg",141,越南,10,一般贸易,32,江苏省,1512,千克,0,?,"44,014"
202001,9024090,"红茶及其他半发酵茶,内包装每件净重＞3kg",141,越南,10,一般贸易,35,福建省,37116,千克,0,?,"388,623"
202001,9024090,"红茶及其他半发酵茶,内包装每件净重＞3kg",141,越南,10,一般贸易,45,广西壮族自治区,25010,千克,0,?,"344,416"
202001,9024090,"红茶及其他半发酵茶,内包装每件净重＞3kg",142,中国,10,一般贸易,12,天津市,0,千克,0,?,243
202001,9024090,"红茶及其他半发酵茶,内包装每件净重＞3kg",142,中国,10,一般贸易,31,上海市,2,千克,0,?,302
202001,9024090,"红茶及其他半发酵茶,内包装每件净重＞3kg",143,中国台湾,10,一般贸易,35,福建省,6040,千克,0,?,"167,656"
202001,9024090,"红茶及其他半发酵茶,内包装每件净重＞3kg",143,中国台湾,39,其他,35,福建省,434,千克,0,?,"11,318"
202001,9024090,"红茶及其他半发酵茶,内包装每件净重＞3kg",205,布隆迪,10,一般贸易,35,福建省,26560,千克,0,?,"521,906"
202001,9024090,"红茶及其他半发酵茶,内包装每件净重＞3kg",224,肯尼亚,10,一般贸易,31,上海市,1,千克,0,?,228
202001,9024090,"红茶及其他半发酵茶,内包装每件净重＞3kg",224,肯尼亚,10,一般贸易,33,浙江省,12200,千克,0,?,"260,316"
202001,9024090,"红茶及其他半发酵茶,内包装每件净重＞3kg",224,肯尼亚,10,一般贸易,35,福建省,78664,千克,0,?,"1,533,945"
202001,9024090,"红茶及其他半发酵茶,内包装每件净重＞3kg",224,肯尼亚,10,一般贸易,44,广东省,165,千克,0,?,"6,927"
202001,9024090,"红茶及其他半发酵茶,内包装每件净重＞3kg",224,肯尼亚,15,进料加工贸易,44,广东省,6804,千克,0,?,"103,788"
202001,9024090,"红茶及其他半发酵茶,内包装每件净重＞3kg",228,马拉维,10,一般贸易,33,浙江省,235200,千克,0,?,"1,805,762"
202001,9024090,"红茶及其他半发酵茶,内包装每件净重＞3kg",233,莫桑比克,10,一般贸易,35,福建省,47000,千克,0,?,"563,950"
202001,9024090,"红茶及其他半发酵茶,内包装每件净重＞3kg",250,乌干达,10,一般贸易,44,广东省,5188,千克,0,?,"67,272"
202001,9024090,"红茶及其他半发酵茶,内包装每件净重＞3kg",303,英国,10,一般贸易,11,北京市,21,千克,0,?,"4,142"
202001,9024090,"红茶及其他半发酵茶,内包装每件净重＞3kg",303,英国,10,一般贸易,31,上海市,0,千克,0,?,186
202001,9024090,"红茶及其他半发酵茶,内包装每件净重＞3kg",307,意大利,10,一般贸易,12,天津市,0,千克,0,?,66
202001,9024090,"红茶及其他半发酵茶,内包装每件净重＞3kg",327,波兰,10,一般贸易,12,天津市,0,千克,0,?,57
202001,9024090,"红茶及其他半发酵茶,内包装每件净重＞3kg",327,波兰,10,一般贸易,31,上海市,1,千克,0,?,288
202001,9024090,"红茶及其他半发酵茶,内包装每件净重＞3kg",502,美国,10,一般贸易,11,北京市,0,千克,0,?,308
202001,9024090,"红茶及其他半发酵茶,内包装每件净重＞3kg",502,美国,10,一般贸易,12,天津市,0,千克,0,?,238
202001,9024090,"红茶及其他半发酵茶,内包装每件净重＞3kg",502,美国,10,一般贸易,21,辽宁省,23,千克,0,?,"1,399"
202001,9024090,"红茶及其他半发酵茶,内包装每件净重＞3kg",502,美国,10,一般贸易,31,上海市,3,千克,0,?,755
202001,9024090,"红茶及其他半发酵茶,内包装每件净重＞3kg",601,澳大利亚,10,一般贸易,44,广东省,2,千克,0,?,818
202001,9030000,马黛茶,143,中国台湾,10,一般贸易,31,上海市,0,千克,0,?,129
202001,9030000,马黛茶,402,阿根廷,10,一般贸易,11,北京市,0,千克,0,?,112
202001,9030000,马黛茶,410,巴西,10,一般贸易,31,上海市,1,千克,0,?,329
202001,9030000,马黛茶,433,巴拉圭,10,一般贸易,12,天津市,0,千克,0,?,105
202001,9030000,马黛茶,433,巴拉圭,10,一般贸易,31,上海市,2,千克,0,?,191
202001,9041100,未磨胡椒,111,印度,10,一般贸易,11,北京市,0,千克,0,?,107
202001,9041100,未磨胡椒,111,印度,10,一般贸易,37,山东省,1700,千克,0,?,"54,258"
202001,9041100,未磨胡椒,112,印度尼西亚,10,一般贸易,11,北京市,56000,千克,0,?,"959,975"
202001,9041100,未磨胡椒,112,印度尼西亚,10,一般贸易,13,河北省,50000,千克,0,?,"1,075,224"
202001,9041100,未磨胡椒,112,印度尼西亚,10,一般贸易,37,山东省,74000,千克,0,?,"1,225,492"
202001,9041100,未磨胡椒,112,印度尼西亚,10,一般贸易,44,广东省,415545,千克,0,?,"7,672,336"
202001,9041100,未磨胡椒,112,印度尼西亚,10,一般贸易,45,广西壮族自治区,402000,千克,0,?,"8,196,486"
202001,9041100,未磨胡椒,112,印度尼西亚,15,进料加工贸易,13,河北省,80000,千克,0,?,"1,113,906"
202001,9041100,未磨胡椒,112,印度尼西亚,33,保税监管场所进出境货物,45,广西壮族自治区,7000,千克,0,?,"184,525"
202001,9041100,未磨胡椒,122,马来西亚,10,一般贸易,13,河北省,100000,千克,0,?,"2,356,270"
202001,9041100,未磨胡椒,122,马来西亚,10,一般贸易,41,河南省,23000,千克,0,?,"355,105"
202001,9041100,未磨胡椒,134,斯里兰卡,34,海关特殊监管区域物流货物,31,上海市,300,千克,0,?,"8,186"
202001,9041100,未磨胡椒,141,越南,10,一般贸易,37,山东省,353750,千克,0,?,"5,619,323"
202001,9041100,未磨胡椒,141,越南,10,一般贸易,44,广东省,56000,千克,0,?,"791,047"
202001,9041100,未磨胡椒,141,越南,19,边境小额贸易,53,云南省,31872,千克,0,?,"478,080"
202001,9041100,未磨胡椒,141,越南,33,保税监管场所进出境货物,44,广东省,15000,千克,0,?,"310,487"
202001,9041100,未磨胡椒,141,越南,34,海关特殊监管区域物流货物,31,上海市,795,千克,0,?,"54,833"
202001,9041100,未磨胡椒,307,意大利,33,保税监管场所进出境货物,31,上海市,7592,千克,0,?,"1,214,882"
202001,9041100,未磨胡椒,410,巴西,10,一般贸易,37,山东省,5216,千克,0,?,"163,937"
202001,9041100,未磨胡椒,410,巴西,15,进料加工贸易,37,山东省,246800,千克,0,?,"3,545,808"
202001,9041100,未磨胡椒,410,巴西,33,保税监管场所进出境货物,44,广东省,2500,千克,0,?,"182,955"
202001,9041100,未磨胡椒,502,美国,10,一般贸易,11,北京市,2,千克,0,?,383
202001,9041100,未磨胡椒,502,美国,10,一般贸易,12,天津市,0,千克,0,?,72
202001,9041100,未磨胡椒,502,美国,10,一般贸易,31,上海市,3,千克,0,?,527
202001,9041100,未磨胡椒,502,美国,10,一般贸易,33,浙江省,36,千克,0,?,"14,896"
202001,9041200,已磨胡椒,110,中国香港,10,一般贸易,44,广东省,2250,千克,0,?,"243,841"
202001,9041200,已磨胡椒,111,印度,10,一般贸易,31,上海市,20000,千克,0,?,"644,414"
202001,9041200,已磨胡椒,111,印度,33,保税监管场所进出境货物,44,广东省,625,千克,0,?,"9,839"
202001,9041200,已磨胡椒,132,新加坡,10,一般贸易,31,上海市,30,千克,0,?,"6,204"
202001,9041200,已磨胡椒,133,韩国,10,一般贸易,12,天津市,358,千克,0,?,"16,020"
202001,9041200,已磨胡椒,133,韩国,10,一般贸易,37,山东省,60,千克,0,?,"12,296"
202001,9041200,已磨胡椒,136,泰国,33,保税监管场所进出境货物,31,上海市,78,千克,0,?,"15,254"
202001,9041200,已磨胡椒,137,土耳其,33,保税监管场所进出境货物,31,上海市,15,千克,0,?,"1,511"
202001,9041200,已磨胡椒,138,阿联酋,33,保税监管场所进出境货物,11,北京市,48,千克,0,?,"1,008"
202001,9041200,已磨胡椒,138,阿联酋,33,保税监管场所进出境货物,31,上海市,37,千克,0,?,"1,057"
202001,9041200,已磨胡椒,138,阿联酋,33,保税监管场所进出境货物,44,广东省,6,千克,0,?,493
202001,9041200,已磨胡椒,141,越南,10,一般贸易,31,上海市,7500,千克,0,?,"328,924"
202001,9041200,已磨胡椒,141,越南,10,一般贸易,37,山东省,11000,千克,0,?,"277,417"
202001,9041200,已磨胡椒,141,越南,33,保税监管场所进出境货物,31,上海市,14,千克,0,?,518
202001,9041200,已磨胡椒,141,越南,34,海关特殊监管区域物流货物,31,上海市,549,千克,0,?,"28,338"
202001,9041200,已磨胡椒,142,中国,10,一般贸易,44,广东省,2184,千克,0,?,"95,251"
202001,9041200,已磨胡椒,142,中国,33,保税监管场所进出境货物,31,上海市,754,千克,0,?,"56,738"
202001,9041200,已磨胡椒,143,中国台湾,33,保税监管场所进出境货物,31,上海市,6,千克,0,?,280
202001,9041200,已磨胡椒,301,比利时,33,保税监管场所进出境货物,31,上海市,35,千克,0,?,835
202001,9041200,已磨胡椒,304,德国,33,保税监管场所进出境货物,31,上海市,27,千克,0,?,"1,132"
202001,9041200,已磨胡椒,304,德国,34,海关特殊监管区域物流货物,21,辽宁省,5,千克,0,?,343
202001,9041200,已磨胡椒,305,法国,33,保税监管场所进出境货物,31,上海市,46,千克,0,?,928
202001,9041200,已磨胡椒,307,意大利,10,一般贸易,31,上海市,6,千克,0,?,433
202001,9041200,已磨胡椒,344,俄罗斯,33,保税监管场所进出境货物,31,上海市,18,千克,0,?,"2,225"
202001,9041200,已磨胡椒,502,美国,10,一般贸易,11,北京市,1,千克,0,?,142
202001,9041200,已磨胡椒,502,美国,10,一般贸易,31,上海市,5,千克,0,?,"1,678"
202001,9041200,已磨胡椒,502,美国,10,一般贸易,44,广东省,4,千克,0,?,701
202001,9041200,已磨胡椒,502,美国,34,海关特殊监管区域物流货物,31,上海市,184,千克,0,?,"23,828"
202001,9041200,已磨胡椒,601,澳大利亚,33,保税监管场所进出境货物,31,上海市,4,千克,0,?,393
202001,9042100,未磨的辣椒干,111,印度,10,一般贸易,11,北京市,30000,千克,0,?,"556,254"
202001,9042100,未磨的辣椒干,111,印度,10,一般贸易,12,天津市,29000,千克,0,?,"530,167"
202001,9042100,未磨的辣椒干,111,印度,10,一般贸易,13,河北省,56000,千克,0,?,"1,060,316"
202001,9042100,未磨的辣椒干,111,印度,10,一般贸易,31,上海市,87000,千克,0,?,"1,562,968"
202001,9042100,未磨的辣椒干,111,印度,10,一般贸易,35,福建省,58000,千克,0,?,"801,009"
202001,9042100,未磨的辣椒干,111,印度,10,一般贸易,37,山东省,890610,千克,0,?,"14,619,249"
202001,9042100,未磨的辣椒干,111,印度,10,一般贸易,45,广西壮族自治区,85000,千克,0,?,"1,634,683"
202001,9042100,未磨的辣椒干,111,印度,10,一般贸易,51,四川省,75000,千克,0,?,"1,295,126"
202001,9042100,未磨的辣椒干,111,印度,15,进料加工贸易,37,山东省,655000,千克,0,?,"13,199,622"
202001,9042100,未磨的辣椒干,111,印度,33,保税监管场所进出境货物,44,广东省,1750,千克,0,?,"24,489"
202001,9042100,未磨的辣椒干,141,越南,10,一般贸易,44,广东省,26000,千克,0,?,"261,313"
202001,9042100,未磨的辣椒干,141,越南,19,边境小额贸易,53,云南省,74205,千克,0,?,"653,004"
202001,9042100,未磨的辣椒干,502,美国,15,进料加工贸易,37,山东省,40000,千克,0,?,"307,864"
202001,9042200,已磨的辣椒,110,中国香港,10,一般贸易,44,广东省,3,千克,0,?,131
202001,9042200,已磨的辣椒,111,印度,10,一般贸易,11,北京市,8375,千克,0,?,"191,065"
202001,9042200,已磨的辣椒,111,印度,10,一般贸易,31,上海市,1500,千克,0,?,"73,793"
202001,9042200,已磨的辣椒,111,印度,34,海关特殊监管区域物流货物,31,上海市,143,千克,0,?,"7,117"
202001,9042200,已磨的辣椒,116,日本,14,来料加工贸易,46,海南省,800,千克,0,?,"50,148"
202001,9042200,已磨的辣椒,312,西班牙,10,一般贸易,11,北京市,0,千克,0,?,145
202001,9042200,已磨的辣椒,312,西班牙,10,一般贸易,31,上海市,19344,千克,0,?,"521,809"
202001,9042200,已磨的辣椒,312,西班牙,33,保税监管场所进出境货物,31,上海市,748,千克,0,?,"104,480"
202001,9042200,已磨的辣椒,502,美国,10,一般贸易,11,北京市,1,千克,0,?,176
202001,9042200,已磨的辣椒,502,美国,10,一般贸易,12,天津市,0,千克,0,?,200
202001,9042200,已磨的辣椒,502,美国,10,一般贸易,31,上海市,10,千克,0,?,965
202001,9051000,未磨的香子兰豆,112,印度尼西亚,10,一般贸易,11,北京市,50,千克,0,?,"120,697"
202001,9051000,未磨的香子兰豆,112,印度尼西亚,10,一般贸易,15,内蒙古自治区,400,千克,0,?,"280,726"
202001,9051000,未磨的香子兰豆,227,马达加斯加,10,一般贸易,31,上海市,73,千克,0,?,"253,173"
202001,9051000,未磨的香子兰豆,227,马达加斯加,10,一般贸易,44,广东省,400,千克,0,?,"890,782"
202001,9061900,其他未磨的肉桂及肉桂花,106,缅甸,19,边境小额贸易,53,云南省,30000,千克,0,?,"60,000"
202001,9061900,其他未磨的肉桂及肉桂花,112,印度尼西亚,15,进料加工贸易,37,山东省,4012,千克,0,?,"610,875"
202001,9061900,其他未磨的肉桂及肉桂花,134,斯里兰卡,10,一般贸易,41,河南省,60,千克,0,?,"7,934"
202001,9061900,其他未磨的肉桂及肉桂花,142,中国,15,进料加工贸易,37,山东省,3754,千克,0,?,"419,302"
202001,9061900,其他未磨的肉桂及肉桂花,502,美国,10,一般贸易,12,天津市,0,千克,0,?,158
202001,9062000,已磨的肉桂及肉桂花,112,印度尼西亚,10,一般贸易,31,上海市,2,千克,0,?,60
202001,9062000,已磨的肉桂及肉桂花,134,斯里兰卡,10,一般贸易,11,北京市,0,千克,0,?,76
202001,9062000,已磨的肉桂及肉桂花,502,美国,10,一般贸易,11,北京市,0,千克,0,?,62
202001,9062000,已磨的肉桂及肉桂花,502,美国,10,一般贸易,12,天津市,1,千克,0,?,"1,478"
202001,9062000,已磨的肉桂及肉桂花,502,美国,10,一般贸易,31,上海市,2,千克,0,?,731
202001,9071000,未磨的丁香（母丁香、公丁香及丁香梗）,112,印度尼西亚,34,海关特殊监管区域物流货物,44,广东省,52000,千克,0,?,"363,839"
202001,9071000,未磨的丁香（母丁香、公丁香及丁香梗）,227,马达加斯加,33,保税监管场所进出境货物,45,广西壮族自治区,108000,千克,0,?,"3,791,998"
202001,9081100,未磨的肉豆蔻,112,印度尼西亚,10,一般贸易,44,广东省,99020,千克,0,?,"2,276,252"
202001,9081100,未磨的肉豆蔻,112,印度尼西亚,10,一般贸易,45,广西壮族自治区,26400,千克,0,?,"1,294,464"
202001,9081100,未磨的肉豆蔻,112,印度尼西亚,15,进料加工贸易,37,山东省,2336,千克,0,?,"851,955"
202001,9081100,未磨的肉豆蔻,112,印度尼西亚,33,保税监管场所进出境货物,45,广西壮族自治区,157370,千克,0,?,"4,437,709"
202001,9082200,已磨的肉豆蔻衣,112,印度尼西亚,10,一般贸易,37,山东省,1,千克,0,?,140
202001,9083100,未磨的豆蔻,112,印度尼西亚,10,一般贸易,34,安徽省,12319,千克,0,?,"196,523"
202001,9083100,未磨的豆蔻,112,印度尼西亚,10,一般贸易,44,广东省,39000,千克,0,?,"2,510,345"
202001,9083100,未磨的豆蔻,112,印度尼西亚,10,一般贸易,45,广西壮族自治区,26000,千克,0,?,"1,925,080"
202001,9083100,未磨的豆蔻,112,印度尼西亚,33,保税监管场所进出境货物,45,广西壮族自治区,22000,千克,0,?,"1,506,839"
202001,9083200,已磨的豆蔻,502,美国,10,一般贸易,12,天津市,0,千克,0,?,161
202001,9092100,未磨的芫荽子,111,印度,10,一般贸易,37,山东省,21000,千克,0,?,"145,466"
202001,9093100,未磨的枯茗子,111,印度,10,一般贸易,12,天津市,81000,千克,0,?,"1,208,902"
202001,9093100,未磨的枯茗子,111,印度,10,一般贸易,32,江苏省,52000,千克,0,?,"804,525"
202001,9093100,未磨的枯茗子,111,印度,10,一般贸易,34,安徽省,81000,千克,0,?,"1,229,845"
202001,9093100,未磨的枯茗子,111,印度,10,一般贸易,37,山东省,1488000,千克,0,?,"22,497,331"
202001,9093100,未磨的枯茗子,111,印度,10,一般贸易,41,河南省,351000,千克,0,?,"5,314,215"
202001,9093100,未磨的枯茗子,111,印度,10,一般贸易,44,广东省,216000,千克,0,?,"3,151,124"
202001,9093100,未磨的枯茗子,111,印度,10,一般贸易,45,广西壮族自治区,243000,千克,0,?,"3,646,001"
202001,9093100,未磨的枯茗子,312,西班牙,33,保税监管场所进出境货物,31,上海市,151,千克,0,?,"40,983"
202001,9096110,未磨的八角茴香,142,中国,15,进料加工贸易,37,山东省,912,千克,0,?,"135,855"
202001,9096190,未磨的茴芹子、艹页蒿子或小茴香子、杜松果,327,波兰,10,一般贸易,31,上海市,200,千克,0,?,"12,843"
202001,9096210,已磨的八角茴香,502,美国,10,一般贸易,12,天津市,0,千克,0,?,69
202001,9101100,未磨的姜,106,缅甸,19,边境小额贸易,53,云南省,42500,千克,0,?,"106,250"
202001,9101100,未磨的姜,111,印度,10,一般贸易,45,广西壮族自治区,25950,千克,0,?,"388,559"
202001,9101100,未磨的姜,136,泰国,10,一般贸易,32,江苏省,50,千克,0,?,"1,771"
202001,9101100,未磨的姜,143,中国台湾,10,一般贸易,44,广东省,30,千克,0,?,"4,704"
202001,9101200,已磨的姜,143,中国台湾,10,一般贸易,44,广东省,10,千克,0,?,"1,882"
202001,9102000,番红花,113,伊朗,10,一般贸易,32,江苏省,10,千克,0,?,"81,514"
202001,9102000,番红花,113,伊朗,10,一般贸易,53,云南省,12,千克,0,?,"31,513"
202001,9102000,番红花,113,伊朗,15,进料加工贸易,37,山东省,8,千克,0,?,"229,061"
202001,9103000,姜黄,106,缅甸,19,边境小额贸易,53,云南省,155341,千克,0,?,"388,353"
202001,9103000,姜黄,502,美国,10,一般贸易,11,北京市,0,千克,0,?,98
202001,9103000,姜黄,502,美国,10,一般贸易,12,天津市,1,千克,0,?,"1,107"
202001,9103000,姜黄,502,美国,10,一般贸易,31,上海市,0,千克,0,?,42
202001,9109100,不同品目的≥两种调味香料的混合物,133,韩国,10,一般贸易,44,广东省,5,千克,0,?,645
202001,9109100,不同品目的≥两种调味香料的混合物,142,中国,10,一般贸易,44,广东省,32,千克,0,?,"11,587"
202001,9109100,不同品目的≥两种调味香料的混合物,142,中国,33,保税监管场所进出境货物,51,四川省,26,千克,0,?,"2,128"
202001,9109100,不同品目的≥两种调味香料的混合物,502,美国,10,一般贸易,11,北京市,38,千克,0,?,"1,275"
202001,9109100,不同品目的≥两种调味香料的混合物,502,美国,10,一般贸易,12,天津市,1,千克,0,?,734
202001,9109100,不同品目的≥两种调味香料的混合物,502,美国,10,一般贸易,31,上海市,20,千克,0,?,"1,717"
202001,9109900,未列名调味香料,110,中国香港,10,一般贸易,44,广东省,18,千克,0,?,"3,715"
202001,9109900,未列名调味香料,111,印度,10,一般贸易,37,山东省,1002,千克,0,?,"29,220"
202001,9109900,未列名调味香料,111,印度,10,一般贸易,44,广东省,54000,千克,0,?,"358,941"
202001,9109900,未列名调味香料,121,中国澳门,10,一般贸易,44,广东省,36,千克,0,?,"1,497"
202001,9109900,未列名调味香料,133,韩国,10,一般贸易,12,天津市,2000,千克,0,?,"10,320"
202001,9109900,未列名调味香料,133,韩国,10,一般贸易,21,辽宁省,7820,千克,0,?,"104,062"
202001,9109900,未列名调味香料,133,韩国,10,一般贸易,31,上海市,226,千克,0,?,"10,588"
202001,9109900,未列名调味香料,134,斯里兰卡,10,一般贸易,11,北京市,0,千克,0,?,152
202001,9109900,未列名调味香料,136,泰国,10,一般贸易,44,广东省,200,千克,0,?,"19,871"
202001,9109900,未列名调味香料,137,土耳其,10,一般贸易,31,上海市,1830,千克,0,?,"144,481"
202001,9109900,未列名调味香料,137,土耳其,10,一般贸易,37,山东省,2000,千克,0,?,"76,868"
202001,9109900,未列名调味香料,142,中国,10,一般贸易,31,上海市,1,千克,0,?,110
202001,9109900,未列名调味香料,215,埃及,10,一般贸易,12,天津市,0,千克,0,?,112
202001,9109900,未列名调味香料,215,埃及,10,一般贸易,31,上海市,500,千克,0,?,"17,825"
202001,9109900,未列名调味香料,215,埃及,10,一般贸易,37,山东省,5010,千克,0,?,"112,797"
202001,9109900,未列名调味香料,232,摩洛哥,10,一般贸易,37,山东省,800,千克,0,?,"18,572"
202001,9109900,未列名调味香料,304,德国,10,一般贸易,37,山东省,15210,千克,0,?,"397,678"
202001,9109900,未列名调味香料,313,阿尔巴尼亚,10,一般贸易,37,山东省,495,千克,0,?,"15,793"
202001,9109900,未列名调味香料,315,奥地利,10,一般贸易,11,北京市,0,千克,0,?,108
202001,9109900,未列名调味香料,337,格鲁吉亚(2023年起停用),10,一般贸易,32,江苏省,101200,千克,0,?,"722,757"
202001,9109900,未列名调味香料,337,格鲁吉亚(2023年起停用),10,一般贸易,33,浙江省,32275,千克,0,?,"571,087"
202001,9109900,未列名调味香料,337,格鲁吉亚(2023年起停用),10,一般贸易,37,山东省,645000,千克,0,?,"5,913,470"
202001,9109900,未列名调味香料,337,格鲁吉亚(2023年起停用),10,一般贸易,44,广东省,95000,千克,0,?,"1,194,335"
202001,9109900,未列名调味香料,337,格鲁吉亚(2023年起停用),10,一般贸易,45,广西壮族自治区,104000,千克,0,?,"1,840,677"
202001,9109900,未列名调味香料,429,墨西哥,10,一般贸易,37,山东省,320,千克,0,?,"8,460"
202001,9109900,未列名调味香料,429,墨西哥,33,保税监管场所进出境货物,44,广东省,5000,千克,0,?,"134,585"
202001,9109900,未列名调味香料,502,美国,10,一般贸易,11,北京市,12,千克,0,?,"1,699"
202001,9109900,未列名调味香料,502,美国,10,一般贸易,12,天津市,2,千克,0,?,972
202001,9109900,未列名调味香料,502,美国,10,一般贸易,31,上海市,134,千克,0,?,"14,910"
202001,10011900,其他硬粒小麦,145,哈萨克斯坦,15,进料加工贸易,65,新疆维吾尔自治区,140000,千克,0,?,"171,790"
202001,10011900,其他硬粒小麦,344,俄罗斯,19,边境小额贸易,23,黑龙江省,97711,千克,0,?,"78,403"
202001,10011900,其他硬粒小麦,601,澳大利亚,10,一般贸易,11,北京市,21000000,千克,0,?,"43,384,885"
202001,10011900,其他硬粒小麦,601,澳大利亚,10,一般贸易,15,内蒙古自治区,1404020,千克,0,?,"2,695,880"
202001,10011900,其他硬粒小麦,601,澳大利亚,10,一般贸易,23,黑龙江省,828980,千克,0,?,"1,830,645"
202001,10011900,其他硬粒小麦,601,澳大利亚,10,一般贸易,35,福建省,939780,千克,0,?,"1,848,843"
202001,10011900,其他硬粒小麦,601,澳大利亚,10,一般贸易,43,湖南省,3635240,千克,0,?,"8,037,822"
202001,10011900,其他硬粒小麦,601,澳大利亚,10,一般贸易,44,广东省,1885880,千克,0,?,"3,408,838"
202001,10019900,"其他小麦及混合麦,种用除外",145,哈萨克斯坦,10,一般贸易,11,北京市,2700000,千克,0,?,"4,851,471"
202001,10019900,"其他小麦及混合麦,种用除外",145,哈萨克斯坦,15,进料加工贸易,65,新疆维吾尔自治区,39145115,千克,0,?,"65,552,758"
202001,10019900,"其他小麦及混合麦,种用除外",305,法国,10,一般贸易,11,北京市,115262000,千克,0,?,"221,613,510"
202001,10019900,"其他小麦及混合麦,种用除外",336,立陶宛,10,一般贸易,11,北京市,64599814,千克,0,?,"127,100,422"
202001,10019900,"其他小麦及混合麦,种用除外",344,俄罗斯,10,一般贸易,11,北京市,1812500,千克,0,?,"3,534,365"
202001,10019900,"其他小麦及混合麦,种用除外",344,俄罗斯,19,边境小额贸易,15,内蒙古自治区,3281490,千克,0,?,"4,825,136"
202001,10019900,"其他小麦及混合麦,种用除外",601,澳大利亚,10,一般贸易,11,北京市,47644670,千克,0,?,"94,093,706"
202001,10019900,"其他小麦及混合麦,种用除外",601,澳大利亚,10,一般贸易,15,内蒙古自治区,1482350,千克,0,?,"2,975,249"
202001,10019900,"其他小麦及混合麦,种用除外",601,澳大利亚,10,一般贸易,37,山东省,1675325,千克,0,?,"3,105,263"
202001,10019900,"其他小麦及混合麦,种用除外",601,澳大利亚,10,一般贸易,41,河南省,1256480,千克,0,?,"2,542,244"
202001,10039000,其他大麦,145,哈萨克斯坦,10,一般贸易,62,甘肃省,240000,千克,0,?,"290,929"
202001,10039000,其他大麦,145,哈萨克斯坦,10,一般贸易,65,新疆维吾尔自治区,11604000,千克,0,?,"15,234,442"
202001,10039000,其他大麦,305,法国,10,一般贸易,21,辽宁省,4754783,千克,0,?,"8,221,520"
202001,10039000,其他大麦,501,加拿大,10,一般贸易,13,河北省,27914365,千克,0,?,"53,414,644"
202001,10039000,其他大麦,501,加拿大,10,一般贸易,32,江苏省,257250,千克,0,?,"383,740"
202001,10039000,其他大麦,501,加拿大,10,一般贸易,33,浙江省,35000000,千克,0,?,"66,973,134"
202001,10039000,其他大麦,501,加拿大,10,一般贸易,34,安徽省,30710000,千克,0,?,"47,162,509"
202001,10039000,其他大麦,501,加拿大,10,一般贸易,35,福建省,6500000,千克,0,?,"9,994,875"
202001,10039000,其他大麦,501,加拿大,10,一般贸易,44,广东省,23000000,千克,0,?,"44,477,364"
202001,10039000,其他大麦,601,澳大利亚,10,一般贸易,21,辽宁省,22999750,千克,0,?,"37,599,108"
202001,10039000,其他大麦,601,澳大利亚,10,一般贸易,32,江苏省,10500000,千克,0,?,"17,821,528"
202001,10039000,其他大麦,601,澳大利亚,10,一般贸易,33,浙江省,1986920,千克,0,?,"3,223,933"
202001,10039000,其他大麦,601,澳大利亚,10,一般贸易,44,广东省,22575000,千克,0,?,"38,918,755"
202001,10041000,种用燕麦,502,美国,10,一般贸易,11,北京市,97615,千克,0,?,"464,440"
202001,10041000,种用燕麦,502,美国,10,一般贸易,62,甘肃省,99792,千克,0,?,"397,994"
202001,10049000,其他燕麦,143,中国台湾,10,一般贸易,21,辽宁省,1,千克,0,?,138
202001,10049000,其他燕麦,344,俄罗斯,10,一般贸易,11,北京市,355705,千克,0,?,"592,986"
202001,10049000,其他燕麦,344,俄罗斯,19,边境小额贸易,15,内蒙古自治区,3143290,千克,0,?,"4,202,113"
202001,10049000,其他燕麦,601,澳大利亚,10,一般贸易,11,北京市,188280,千克,0,?,"464,575"
202001,10049000,其他燕麦,601,澳大利亚,10,一般贸易,13,河北省,1015450,千克,0,?,"2,213,597"
202001,10049000,其他燕麦,601,澳大利亚,10,一般贸易,31,上海市,2039680,千克,0,?,"4,332,026"
202001,10049000,其他燕麦,601,澳大利亚,10,一般贸易,32,江苏省,498330,千克,0,?,"1,129,712"
202001,10049000,其他燕麦,601,澳大利亚,10,一般贸易,44,广东省,3643014,千克,0,?,"8,934,414"
202001,10051000,种用玉米,111,印度,39,其他,11,北京市,14,千克,0,?,650
202001,10051000,种用玉米,304,德国,10,一般贸易,23,黑龙江省,399,千克,0,?,"8,801"
202001,10051000,种用玉米,305,法国,10,一般贸易,11,北京市,16815,千克,0,?,"2,504,068"
202001,10051000,种用玉米,305,法国,39,其他,11,北京市,21,千克,0,?,"1,158"
202001,10051000,种用玉米,412,智利,10,一般贸易,37,山东省,24,千克,0,?,"64,686"
202001,10051000,种用玉米,434,秘鲁,10,一般贸易,23,黑龙江省,130,千克,0,?,"5,898"
202001,10059000,"玉米,种用除外",244,南非,10,一般贸易,11,北京市,954012,千克,0,?,"4,517,686"
202001,10059000,"玉米,种用除外",316,保加利亚,10,一般贸易,11,北京市,99471500,千克,0,?,"164,206,196"
202001,10059000,"玉米,种用除外",316,保加利亚,34,海关特殊监管区域物流货物,12,天津市,3046900,千克,0,?,"4,385,693"
202001,10059000,"玉米,种用除外",344,俄罗斯,10,一般贸易,23,黑龙江省,891000,千克,0,?,"450,846"
202001,10059000,"玉米,种用除外",344,俄罗斯,19,边境小额贸易,23,黑龙江省,486000,千克,0,?,"245,916"
202001,10059000,"玉米,种用除外",344,俄罗斯,34,海关特殊监管区域物流货物,23,黑龙江省,4649424,千克,0,?,"3,997,167"
202001,10059000,"玉米,种用除外",347,乌克兰,10,一般贸易,11,北京市,157499968,千克,0,?,"253,314,278"
202001,10059000,"玉米,种用除外",347,乌克兰,10,一般贸易,22,吉林省,21994000,千克,0,?,"32,251,134"
202001,10059000,"玉米,种用除外",347,乌克兰,10,一般贸易,41,河南省,255680,千克,0,?,"386,729"
202001,10059000,"玉米,种用除外",347,乌克兰,10,一般贸易,43,湖南省,483320,千克,0,?,"730,862"
202001,10059000,"玉米,种用除外",347,乌克兰,15,进料加工贸易,34,安徽省,45300000,千克,0,?,"65,178,383"
202001,10059000,"玉米,种用除外",347,乌克兰,15,进料加工贸易,37,山东省,187349000,千克,0,?,"274,992,483"
202001,10059000,"玉米,种用除外",347,乌克兰,33,保税监管场所进出境货物,43,湖南省,10000000,千克,0,?,"14,448,599"
202001,10059000,"玉米,种用除外",347,乌克兰,34,海关特殊监管区域物流货物,37,山东省,87996000,千克,0,?,"126,132,827"
202001,10059000,"玉米,种用除外",347,乌克兰,34,海关特殊监管区域物流货物,43,湖南省,40424760,千克,0,?,"58,426,227"
202001,10059000,"玉米,种用除外",502,美国,10,一般贸易,21,辽宁省,201852,千克,0,?,"655,113"
202001,10061029,种用中短粒米稻谷（粒长≤6毫米且长宽比＜2）,129,菲律宾,10,一般贸易,32,江苏省,5,千克,0,?,"17,801"
202001,10061089,其他中短粒米稻谷（粒长≤6毫米且长宽比＜2）,344,俄罗斯,10,一般贸易,23,黑龙江省,125000,千克,0,?,"219,120"
202001,10062020,长粒米糙米（粒长＞6毫米或长宽比≥2）,136,泰国,10,一般贸易,31,上海市,625,千克,0,?,"6,727"
202001,10062020,长粒米糙米（粒长＞6毫米或长宽比≥2）,136,泰国,10,一般贸易,44,广东省,2400,千克,0,?,"22,586"
202001,10062020,长粒米糙米（粒长＞6毫米或长宽比≥2）,143,中国台湾,10,一般贸易,21,辽宁省,2,千克,0,?,139
202001,10063020,长粒米精米（粒长＞6毫米或长宽比≥2）,106,缅甸,10,一般贸易,11,北京市,14750000,千克,0,?,"37,284,571"
202001,10063020,长粒米精米（粒长＞6毫米或长宽比≥2）,106,缅甸,10,一般贸易,31,上海市,1000000,千克,0,?,"2,414,141"
202001,10063020,长粒米精米（粒长＞6毫米或长宽比≥2）,106,缅甸,10,一般贸易,34,安徽省,1714500,千克,0,?,"4,271,539"
202001,10063020,长粒米精米（粒长＞6毫米或长宽比≥2）,106,缅甸,10,一般贸易,36,江西省,2631000,千克,0,?,"6,756,962"
202001,10063020,长粒米精米（粒长＞6毫米或长宽比≥2）,106,缅甸,10,一般贸易,42,湖北省,2000000,千克,0,?,"5,189,609"
202001,10063020,长粒米精米（粒长＞6毫米或长宽比≥2）,106,缅甸,10,一般贸易,43,湖南省,600000,千克,0,?,"1,482,615"
202001,10063020,长粒米精米（粒长＞6毫米或长宽比≥2）,106,缅甸,10,一般贸易,44,广东省,13857400,千克,0,?,"34,422,365"
202001,10063020,长粒米精米（粒长＞6毫米或长宽比≥2）,107,柬埔寨,10,一般贸易,11,北京市,11459000,千克,0,?,"65,052,107"
202001,10063020,长粒米精米（粒长＞6毫米或长宽比≥2）,107,柬埔寨,10,一般贸易,34,安徽省,16000,千克,0,?,"102,391"
202001,10063020,长粒米精米（粒长＞6毫米或长宽比≥2）,107,柬埔寨,10,一般贸易,44,广东省,3238450,千克,0,?,"16,200,712"
202001,10063020,长粒米精米（粒长＞6毫米或长宽比≥2）,107,柬埔寨,10,一般贸易,45,广西壮族自治区,217000,千克,0,?,"1,297,854"
202001,10063020,长粒米精米（粒长＞6毫米或长宽比≥2）,107,柬埔寨,10,一般贸易,50,重庆市,105000,千克,0,?,"847,515"
202001,10063020,长粒米精米（粒长＞6毫米或长宽比≥2）,119,老挝,10,一般贸易,11,北京市,750000,千克,0,?,"4,985,292"
202001,10063020,长粒米精米（粒长＞6毫米或长宽比≥2）,127,巴基斯坦,10,一般贸易,11,北京市,4700000,千克,0,?,"12,379,888"
202001,10063020,长粒米精米（粒长＞6毫米或长宽比≥2）,127,巴基斯坦,10,一般贸易,34,安徽省,4000000,千克,0,?,"11,286,946"
202001,10063020,长粒米精米（粒长＞6毫米或长宽比≥2）,127,巴基斯坦,10,一般贸易,36,江西省,9762080,千克,0,?,"26,283,057"
202001,10063020,长粒米精米（粒长＞6毫米或长宽比≥2）,127,巴基斯坦,10,一般贸易,43,湖南省,6000000,千克,0,?,"15,737,432"
202001,10063020,长粒米精米（粒长＞6毫米或长宽比≥2）,127,巴基斯坦,10,一般贸易,44,广东省,16179000,千克,0,?,"46,002,844"
202001,10063020,长粒米精米（粒长＞6毫米或长宽比≥2）,127,巴基斯坦,10,一般贸易,51,四川省,869000,千克,0,?,"2,261,874"
202001,10063020,长粒米精米（粒长＞6毫米或长宽比≥2）,127,巴基斯坦,34,海关特殊监管区域物流货物,42,湖北省,2000000,千克,0,?,"5,012,018"
202001,10063020,长粒米精米（粒长＞6毫米或长宽比≥2）,136,泰国,10,一般贸易,12,天津市,1495000,千克,0,?,"11,915,033"
202001,10063020,长粒米精米（粒长＞6毫米或长宽比≥2）,136,泰国,10,一般贸易,31,上海市,204675,千克,0,?,"1,879,241"
202001,10063020,长粒米精米（粒长＞6毫米或长宽比≥2）,136,泰国,10,一般贸易,32,江苏省,310000,千克,0,?,"2,238,827"
202001,10063020,长粒米精米（粒长＞6毫米或长宽比≥2）,136,泰国,10,一般贸易,33,浙江省,170000,千克,0,?,"1,421,278"
202001,10063020,长粒米精米（粒长＞6毫米或长宽比≥2）,136,泰国,10,一般贸易,34,安徽省,21000,千克,0,?,"206,590"
202001,10063020,长粒米精米（粒长＞6毫米或长宽比≥2）,136,泰国,10,一般贸易,35,福建省,384150,千克,0,?,"3,215,882"
202001,10063020,长粒米精米（粒长＞6毫米或长宽比≥2）,136,泰国,10,一般贸易,36,江西省,200000,千克,0,?,"1,583,860"
202001,10063020,长粒米精米（粒长＞6毫米或长宽比≥2）,136,泰国,10,一般贸易,43,湖南省,525000,千克,0,?,"3,730,877"
202001,10063020,长粒米精米（粒长＞6毫米或长宽比≥2）,136,泰国,10,一般贸易,44,广东省,14957880,千克,0,?,"110,510,937"
202001,10063020,长粒米精米（粒长＞6毫米或长宽比≥2）,141,越南,10,一般贸易,33,浙江省,1000000,千克,0,?,"4,489,855"
202001,10063020,长粒米精米（粒长＞6毫米或长宽比≥2）,141,越南,10,一般贸易,35,福建省,1000000,千克,0,?,"4,410,848"
202001,10063020,长粒米精米（粒长＞6毫米或长宽比≥2）,141,越南,34,海关特殊监管区域物流货物,42,湖北省,250000,千克,0,?,"1,085,076"
202001,10063080,中短粒米精米（粒长≤6毫米且长宽比＜2）,106,缅甸,10,一般贸易,53,云南省,651400,千克,0,?,"1,563,360"
202001,10063080,中短粒米精米（粒长≤6毫米且长宽比＜2）,116,日本,10,一般贸易,23,黑龙江省,15536,千克,0,?,"220,946"
202001,10063080,中短粒米精米（粒长≤6毫米且长宽比＜2）,136,泰国,10,一般贸易,44,广东省,1950,千克,0,?,"11,310"
202001,10063080,中短粒米精米（粒长≤6毫米且长宽比＜2）,141,越南,34,海关特殊监管区域物流货物,12,天津市,468500,千克,0,?,"1,635,454"
202001,10063080,中短粒米精米（粒长≤6毫米且长宽比＜2）,143,中国台湾,10,一般贸易,31,上海市,7732,千克,0,?,"145,419"
202001,10063080,中短粒米精米（粒长≤6毫米且长宽比＜2）,143,中国台湾,10,一般贸易,32,江苏省,4104000,千克,0,?,"10,259,866"
202001,10063080,中短粒米精米（粒长≤6毫米且长宽比＜2）,143,中国台湾,10,一般贸易,34,安徽省,5306000,千克,0,?,"13,352,178"
202001,10063080,中短粒米精米（粒长≤6毫米且长宽比＜2）,143,中国台湾,39,其他,35,福建省,18040,千克,0,?,"108,240"
202001,10064020,长粒米碎米（用粒长大于6毫米或长宽比大于等于2的米制）,127,巴基斯坦,10,一般贸易,33,浙江省,300000,千克,0,?,"651,146"
202001,10064020,长粒米碎米（用粒长大于6毫米或长宽比大于等于2的米制）,127,巴基斯坦,10,一般贸易,34,安徽省,1000000,千克,0,?,"2,192,898"
202001,10064020,长粒米碎米（用粒长大于6毫米或长宽比大于等于2的米制）,127,巴基斯坦,10,一般贸易,44,广东省,5250025,千克,0,?,"11,535,102"
202001,10064020,长粒米碎米（用粒长大于6毫米或长宽比大于等于2的米制）,136,泰国,10,一般贸易,31,上海市,250000,千克,0,?,"1,104,359"
202001,10064020,长粒米碎米（用粒长大于6毫米或长宽比大于等于2的米制）,136,泰国,10,一般贸易,32,江苏省,288000,千克,0,?,"1,411,817"
202001,10064020,长粒米碎米（用粒长大于6毫米或长宽比大于等于2的米制）,136,泰国,10,一般贸易,34,安徽省,500000,千克,0,?,"2,765,731"
202001,10064020,长粒米碎米（用粒长大于6毫米或长宽比大于等于2的米制）,136,泰国,10,一般贸易,41,河南省,450000,千克,0,?,"2,447,632"
202001,10064020,长粒米碎米（用粒长大于6毫米或长宽比大于等于2的米制）,136,泰国,10,一般贸易,44,广东省,2550000,千克,0,?,"8,600,431"
202001,10064020,长粒米碎米（用粒长大于6毫米或长宽比大于等于2的米制）,136,泰国,34,海关特殊监管区域物流货物,42,湖北省,250000,千克,0,?,"1,068,462"
202001,10064020,长粒米碎米（用粒长大于6毫米或长宽比大于等于2的米制）,141,越南,10,一般贸易,41,河南省,3750000,千克,0,?,"16,435,228"
202001,10064020,长粒米碎米（用粒长大于6毫米或长宽比大于等于2的米制）,141,越南,10,一般贸易,44,广东省,6925000,千克,0,?,"29,693,380"
202001,10064020,长粒米碎米（用粒长大于6毫米或长宽比大于等于2的米制）,141,越南,10,一般贸易,45,广西壮族自治区,500000,千克,0,?,"2,108,315"
202001,10064020,长粒米碎米（用粒长大于6毫米或长宽比大于等于2的米制）,141,越南,10,一般贸易,50,重庆市,250000,千克,0,?,"1,042,718"
202001,10064080,中短粒米碎米（用粒长小于等于6毫米且长宽比小于2的米制）,127,巴基斯坦,10,一般贸易,44,广东省,1500000,千克,0,?,"3,264,260"
202001,10064080,中短粒米碎米（用粒长小于等于6毫米且长宽比小于2的米制）,136,泰国,10,一般贸易,44,广东省,796000,千克,0,?,"2,634,186"
202001,10064080,中短粒米碎米（用粒长小于等于6毫米且长宽比小于2的米制）,143,中国台湾,10,一般贸易,32,江苏省,200000,千克,0,?,"431,101"
202001,10079000,其他食用高粱,106,缅甸,10,一般贸易,53,云南省,31500,千克,0,?,"56,700"
202001,10079000,其他食用高粱,106,缅甸,19,边境小额贸易,53,云南省,2697500,千克,0,?,"2,832,376"
202001,10079000,其他食用高粱,502,美国,10,一般贸易,11,北京市,58300000,千克,0,?,"99,372,271"
202001,10079000,其他食用高粱,502,美国,10,一般贸易,35,福建省,31500000,千克,0,?,"52,266,846"
202001,10079000,其他食用高粱,502,美国,10,一般贸易,44,广东省,13202313,千克,0,?,"21,403,402"
202001,10079000,其他食用高粱,601,澳大利亚,10,一般贸易,35,福建省,998650,千克,0,?,"2,013,997"
202001,10079000,其他食用高粱,601,澳大利亚,10,一般贸易,51,四川省,299400,千克,0,?,"676,572"
202001,10081000,荞麦,344,俄罗斯,10,一般贸易,15,内蒙古自治区,760000,千克,0,?,"1,254,000"
202001,10081000,荞麦,344,俄罗斯,19,边境小额贸易,15,内蒙古自治区,998300,千克,0,?,"2,356,360"
202001,10083000,加那利草子,501,加拿大,10,一般贸易,62,甘肃省,50170,千克,0,?,"224,662"
202001,10085090,其他昆诺阿藜,408,玻利维亚,10,一般贸易,31,上海市,9000,千克,0,?,"221,662"
202001,10085090,其他昆诺阿藜,408,玻利维亚,10,一般贸易,33,浙江省,23000,千克,0,?,"430,408"
202001,10085090,其他昆诺阿藜,408,玻利维亚,10,一般贸易,35,福建省,22000,千克,0,?,"430,968"
202001,10085090,其他昆诺阿藜,408,玻利维亚,10,一般贸易,44,广东省,40000,千克,0,?,"828,111"
202001,10086090,其他黑小麦,601,澳大利亚,10,一般贸易,31,上海市,46770,千克,0,?,"157,078"
202001,10089090,未列名谷物,410,巴西,10,一般贸易,35,福建省,72,千克,0,?,"4,484"
202001,10089090,未列名谷物,502,美国,10,一般贸易,31,上海市,5,千克,0,?,208
202001,11010000,小麦或混合麦的细粉,116,日本,10,一般贸易,31,上海市,14150,千克,0,?,"225,095"
202001,11010000,小麦或混合麦的细粉,116,日本,10,一般贸易,43,湖南省,263940,千克,0,?,"1,561,052"
202001,11010000,小麦或混合麦的细粉,116,日本,10,一般贸易,44,广东省,22597,千克,0,?,"90,303"
202001,11010000,小麦或混合麦的细粉,133,韩国,15,进料加工贸易,37,山东省,61600,千克,0,?,"279,110"
202001,11010000,小麦或混合麦的细粉,133,韩国,34,海关特殊监管区域物流货物,21,辽宁省,200000,千克,0,?,"428,210"
202001,11010000,小麦或混合麦的细粉,136,泰国,10,一般贸易,37,山东省,13,千克,0,?,568
202001,11010000,小麦或混合麦的细粉,136,泰国,15,进料加工贸易,37,山东省,36000,千克,0,?,"187,657"
202001,11010000,小麦或混合麦的细粉,137,土耳其,34,海关特殊监管区域物流货物,21,辽宁省,1500000,千克,0,?,"3,152,103"
202001,11010000,小麦或混合麦的细粉,145,哈萨克斯坦,10,一般贸易,15,内蒙古自治区,63000,千克,0,?,"163,098"
202001,11010000,小麦或混合麦的细粉,145,哈萨克斯坦,10,一般贸易,41,河南省,19548,千克,0,?,"85,866"
202001,11010000,小麦或混合麦的细粉,145,哈萨克斯坦,10,一般贸易,61,陕西省,23000,千克,0,?,"102,798"
202001,11010000,小麦或混合麦的细粉,145,哈萨克斯坦,10,一般贸易,65,新疆维吾尔自治区,302996,千克,0,?,"799,749"
202001,11010000,小麦或混合麦的细粉,145,哈萨克斯坦,15,进料加工贸易,65,新疆维吾尔自治区,1690800,千克,0,?,"4,131,559"
202001,11010000,小麦或混合麦的细粉,145,哈萨克斯坦,19,边境小额贸易,65,新疆维吾尔自治区,66000,千克,0,?,"119,604"
202001,11010000,小麦或混合麦的细粉,145,哈萨克斯坦,34,海关特殊监管区域物流货物,65,新疆维吾尔自治区,123000,千克,0,?,"242,196"
202001,11010000,小麦或混合麦的细粉,305,法国,10,一般贸易,31,上海市,85800,千克,0,?,"383,625"
202001,11010000,小麦或混合麦的细粉,309,荷兰,34,海关特殊监管区域物流货物,31,上海市,26250,千克,0,?,"93,224"
202001,11010000,小麦或混合麦的细粉,344,俄罗斯,10,一般贸易,13,河北省,127000,千克,0,?,"296,382"
202001,11010000,小麦或混合麦的细粉,344,俄罗斯,10,一般贸易,21,辽宁省,67046,千克,0,?,"202,135"
202001,11010000,小麦或混合麦的细粉,344,俄罗斯,10,一般贸易,23,黑龙江省,24000,千克,0,?,"62,579"
202001,11010000,小麦或混合麦的细粉,344,俄罗斯,10,一般贸易,44,广东省,8000,千克,0,?,"27,400"
202001,11010000,小麦或混合麦的细粉,344,俄罗斯,10,一般贸易,61,陕西省,65448,千克,0,?,"169,435"
202001,11010000,小麦或混合麦的细粉,344,俄罗斯,10,一般贸易,65,新疆维吾尔自治区,27540,千克,0,?,"64,857"
202001,11010000,小麦或混合麦的细粉,344,俄罗斯,15,进料加工贸易,65,新疆维吾尔自治区,67500,千克,0,?,"135,675"
202001,11010000,小麦或混合麦的细粉,344,俄罗斯,19,边境小额贸易,15,内蒙古自治区,21996,千克,0,?,"61,589"
202001,11010000,小麦或混合麦的细粉,344,俄罗斯,19,边境小额贸易,23,黑龙江省,66996,千克,0,?,"214,643"
202001,11010000,小麦或混合麦的细粉,344,俄罗斯,34,海关特殊监管区域物流货物,21,辽宁省,5104012,千克,0,?,"11,835,148"
202001,11010000,小麦或混合麦的细粉,344,俄罗斯,34,海关特殊监管区域物流货物,22,吉林省,42600,千克,0,?,"105,022"
202001,11010000,小麦或混合麦的细粉,344,俄罗斯,34,海关特殊监管区域物流货物,23,黑龙江省,132000,千克,0,?,"321,888"
202001,11010000,小麦或混合麦的细粉,347,乌克兰,33,保税监管场所进出境货物,44,广东省,294000,千克,0,?,"577,211"
202001,11010000,小麦或混合麦的细粉,347,乌克兰,34,海关特殊监管区域物流货物,21,辽宁省,18682000,千克,0,?,"41,410,258"
202001,11010000,小麦或混合麦的细粉,501,加拿大,34,海关特殊监管区域物流货物,41,河南省,7875,千克,0,?,"50,263"
202001,11010000,小麦或混合麦的细粉,502,美国,33,保税监管场所进出境货物,11,北京市,26341,千克,0,?,"206,830"
202001,11010000,小麦或混合麦的细粉,601,澳大利亚,10,一般贸易,12,天津市,21520,千克,0,?,"80,059"
202001,11010000,小麦或混合麦的细粉,601,澳大利亚,10,一般贸易,35,福建省,21000,千克,0,?,"90,131"
202001,11010000,小麦或混合麦的细粉,601,澳大利亚,10,一般贸易,37,山东省,17280,千克,0,?,"72,757"
202001,11010000,小麦或混合麦的细粉,601,澳大利亚,15,进料加工贸易,32,江苏省,135000,千克,0,?,"532,454"
202001,11010000,小麦或混合麦的细粉,601,澳大利亚,33,保税监管场所进出境货物,13,河北省,40000,千克,0,?,"128,903"
202001,11022000,玉米细粉,429,墨西哥,10,一般贸易,31,上海市,81648,千克,0,?,"368,645"
202001,11029021,长粒米大米细粉（用粒长大于6毫米或长宽比大于等于2的米制）,136,泰国,10,一般贸易,33,浙江省,24500,千克,0,?,"112,470"
202001,11029021,长粒米大米细粉（用粒长大于6毫米或长宽比大于等于2的米制）,136,泰国,10,一般贸易,35,福建省,50900,千克,0,?,"313,696"
202001,11029029,中短粒米大米细粉（用粒长小于等于6毫米且长宽比小于2的米制）,133,韩国,10,一般贸易,31,上海市,2000,千克,0,?,"27,559"
202001,11029029,中短粒米大米细粉（用粒长小于等于6毫米且长宽比小于2的米制）,136,泰国,10,一般贸易,33,浙江省,20500,千克,0,?,"166,375"
202001,11029029,中短粒米大米细粉（用粒长小于等于6毫米且长宽比小于2的米制）,136,泰国,10,一般贸易,44,广东省,65502,千克,0,?,"366,865"
202001,11029029,中短粒米大米细粉（用粒长小于等于6毫米且长宽比小于2的米制）,143,中国台湾,39,其他,35,福建省,300,千克,0,?,"3,600"
202001,11029090,未列名谷物细粉,110,中国香港,10,一般贸易,44,广东省,21,千克,0,?,"3,183"
202001,11029090,未列名谷物细粉,133,韩国,10,一般贸易,31,上海市,72,千克,0,?,"1,440"
202001,11029090,未列名谷物细粉,307,意大利,10,一般贸易,31,上海市,1,千克,0,?,236
202001,11029090,未列名谷物细粉,318,芬兰,10,一般贸易,33,浙江省,2,千克,0,?,506
202001,11029090,未列名谷物细粉,501,加拿大,10,一般贸易,33,浙江省,1680,千克,0,?,"6,380"
202001,11029090,未列名谷物细粉,502,美国,10,一般贸易,31,上海市,27,千克,0,?,"3,612"
202001,11029090,未列名谷物细粉,502,美国,10,一般贸易,32,江苏省,36,千克,0,?,"15,593"
202001,11029090,未列名谷物细粉,502,美国,33,保税监管场所进出境货物,11,北京市,261,千克,0,?,"4,785"
202001,11029090,未列名谷物细粉,601,澳大利亚,10,一般贸易,23,黑龙江省,10000,千克,0,?,"54,669"
202001,11031100,小麦粗粒、粗粉,303,英国,34,海关特殊监管区域物流货物,31,上海市,11,千克,0,?,201
202001,11031100,小麦粗粒、粗粉,307,意大利,33,保税监管场所进出境货物,31,上海市,460,千克,0,?,"5,676"
202001,11031100,小麦粗粒、粗粉,601,澳大利亚,15,进料加工贸易,44,广东省,126000,千克,0,?,"396,724"
202001,11031300,玉米粗粒、粗粉,111,印度,10,一般贸易,13,河北省,1,千克,0,?,130
202001,11041200,滚压或制片的燕麦,304,德国,10,一般贸易,42,湖北省,1,千克,0,?,27
202001,11041200,滚压或制片的燕麦,304,德国,10,一般贸易,44,广东省,82,千克,0,?,"3,103"
202001,11041200,滚压或制片的燕麦,304,德国,34,海关特殊监管区域物流货物,21,辽宁省,26,千克,0,?,277
202001,11041200,滚压或制片的燕麦,307,意大利,10,一般贸易,31,上海市,20,千克,0,?,"1,869"
202001,11041200,滚压或制片的燕麦,501,加拿大,10,一般贸易,31,上海市,1,千克,0,?,52
202001,11041200,滚压或制片的燕麦,501,加拿大,34,海关特殊监管区域物流货物,41,河南省,6470,千克,0,?,"76,740"
202001,11041200,滚压或制片的燕麦,502,美国,10,一般贸易,11,北京市,7,千克,0,?,618
202001,11041200,滚压或制片的燕麦,502,美国,10,一般贸易,12,天津市,0,千克,0,?,39
202001,11041200,滚压或制片的燕麦,502,美国,10,一般贸易,31,上海市,25,千克,0,?,"2,088"
202001,11041200,滚压或制片的燕麦,601,澳大利亚,10,一般贸易,31,上海市,39350,千克,0,?,"175,302"
202001,11041200,滚压或制片的燕麦,601,澳大利亚,10,一般贸易,35,福建省,104000,千克,0,?,"471,301"
202001,11041200,滚压或制片的燕麦,601,澳大利亚,34,海关特殊监管区域物流货物,31,上海市,10550,千克,0,?,"90,325"
202001,11041200,滚压或制片的燕麦,601,澳大利亚,34,海关特殊监管区域物流货物,41,河南省,7515,千克,0,?,"109,662"
202001,11041990,其他滚压或制片的谷物,429,墨西哥,10,一般贸易,23,黑龙江省,2,千克,0,?,138
202001,11041990,其他滚压或制片的谷物,502,美国,10,一般贸易,31,上海市,1,千克,0,?,86
202001,11042200,经其他加工的燕麦,143,中国台湾,10,一般贸易,21,辽宁省,2,千克,0,?,248
202001,11042200,经其他加工的燕麦,305,法国,10,一般贸易,31,上海市,1,千克,0,?,88
202001,11042200,经其他加工的燕麦,318,芬兰,10,一般贸易,33,浙江省,1,千克,0,?,169
202001,11042200,经其他加工的燕麦,344,俄罗斯,19,边境小额贸易,15,内蒙古自治区,67500,千克,0,?,"141,750"
202001,11042200,经其他加工的燕麦,501,加拿大,10,一般贸易,31,上海市,6480,千克,0,?,"113,748"
202001,11042200,经其他加工的燕麦,502,美国,10,一般贸易,23,黑龙江省,1,千克,0,?,45
202001,11042200,经其他加工的燕麦,502,美国,10,一般贸易,31,上海市,2,千克,0,?,231
202001,11042200,经其他加工的燕麦,601,澳大利亚,10,一般贸易,31,上海市,22500,千克,0,?,"988,662"
202001,11042200,经其他加工的燕麦,601,澳大利亚,10,一般贸易,44,广东省,16000,千克,0,?,"56,950"
202001,11042990,经其他加工的未列名谷物,119,老挝,33,保税监管场所进出境货物,53,云南省,451000,千克,0,?,"4,961,000"
202001,11042990,经其他加工的未列名谷物,143,中国台湾,10,一般贸易,21,辽宁省,5,千克,0,?,415
202001,11042990,经其他加工的未列名谷物,143,中国台湾,10,一般贸易,31,上海市,50,千克,0,?,"3,354"
202001,11042990,经其他加工的未列名谷物,331,瑞士,10,一般贸易,31,上海市,1,千克,0,?,41
202001,11042990,经其他加工的未列名谷物,434,秘鲁,10,一般贸易,44,广东省,2160,千克,0,?,"80,892"
202001,11042990,经其他加工的未列名谷物,501,加拿大,10,一般贸易,21,辽宁省,19459,千克,0,?,"1,057,338"
202001,11042990,经其他加工的未列名谷物,501,加拿大,10,一般贸易,35,福建省,18490,千克,0,?,"1,162,765"
202001,11042990,经其他加工的未列名谷物,502,美国,10,一般贸易,11,北京市,4,千克,0,?,209
202001,11042990,经其他加工的未列名谷物,502,美国,10,一般贸易,31,上海市,4,千克,0,?,264
202001,11043000,整粒、滚压、制片或磨碎的谷物胚芽,304,德国,10,一般贸易,44,广东省,1700,千克,0,?,"15,894"
202001,11043000,整粒、滚压、制片或磨碎的谷物胚芽,305,法国,10,一般贸易,31,上海市,50,千克,0,?,999
202001,11043000,整粒、滚压、制片或磨碎的谷物胚芽,601,澳大利亚,10,一般贸易,31,上海市,203,千克,0,?,"5,779"
202001,11051000,马铃薯细粉及粗粉、粉末,302,丹麦,10,一般贸易,31,上海市,25000,千克,0,?,"239,644"
202001,11051000,马铃薯细粉及粗粉、粉末,309,荷兰,10,一般贸易,31,上海市,44000,千克,0,?,"377,597"
202001,11051000,马铃薯细粉及粗粉、粉末,309,荷兰,10,一般贸易,35,福建省,660000,千克,0,?,"5,147,651"
202001,11051000,马铃薯细粉及粗粉、粉末,502,美国,10,一般贸易,13,河北省,57154,千克,0,?,"625,317"
202001,11051000,马铃薯细粉及粗粉、粉末,502,美国,10,一般贸易,21,辽宁省,19051,千克,0,?,"196,266"
202001,11051000,马铃薯细粉及粗粉、粉末,502,美国,10,一般贸易,31,上海市,19051,千克,0,?,"207,531"
202001,11052000,马铃薯粉片、颗粒及团粒,301,比利时,10,一般贸易,32,江苏省,50400,千克,0,?,"481,670"
202001,11052000,马铃薯粉片、颗粒及团粒,304,德国,10,一般贸易,32,江苏省,23000,千克,0,?,"219,810"
202001,11061000,品目0713干豆制细粉及粗粉及粉末,136,泰国,34,海关特殊监管区域物流货物,21,辽宁省,3000,千克,0,?,"73,467"
202001,11061000,品目0713干豆制细粉及粗粉及粉末,501,加拿大,10,一般贸易,37,山东省,95200,千克,0,?,"179,848"
202001,11061000,品目0713干豆制细粉及粗粉及粉末,502,美国,10,一般贸易,37,山东省,259200,千克,0,?,"398,991"
202001,11062000,品目0714西谷茎髓及植物根茎、块茎制的粉及粉末,143,中国台湾,10,一般贸易,31,上海市,20,千克,0,?,"1,204"
202001,11062000,品目0714西谷茎髓及植物根茎、块茎制的粉及粉末,143,中国台湾,39,其他,35,福建省,34,千克,0,?,549
202001,11063000,第8章产品制细粉及粗粉、粉末,111,印度,10,一般贸易,31,上海市,20000,千克,0,?,"128,140"
202001,11063000,第8章产品制细粉及粗粉、粉末,112,印度尼西亚,10,一般贸易,37,山东省,216,千克,0,?,"8,463"
202001,11063000,第8章产品制细粉及粗粉、粉末,122,马来西亚,10,一般贸易,44,广东省,4325,千克,0,?,"154,779"
202001,11063000,第8章产品制细粉及粗粉、粉末,129,菲律宾,10,一般贸易,31,上海市,294,千克,0,?,"8,297"
202001,11063000,第8章产品制细粉及粗粉、粉末,136,泰国,10,一般贸易,33,浙江省,3385,千克,0,?,"414,632"
202001,11063000,第8章产品制细粉及粗粉、粉末,141,越南,10,一般贸易,31,上海市,10,千克,0,?,"1,252"
202001,11063000,第8章产品制细粉及粗粉、粉末,141,越南,10,一般贸易,37,山东省,11000,千克,0,?,"585,710"
202001,11063000,第8章产品制细粉及粗粉、粉末,143,中国台湾,39,其他,35,福建省,4,千克,0,?,59
202001,11063000,第8章产品制细粉及粗粉、粉末,312,西班牙,10,一般贸易,51,四川省,8,千克,0,?,"1,372"
202001,11063000,第8章产品制细粉及粗粉、粉末,330,瑞典,10,一般贸易,44,广东省,5,千克,0,?,636
202001,11063000,第8章产品制细粉及粗粉、粉末,410,巴西,10,一般贸易,21,辽宁省,202,千克,0,?,"51,640"
202001,11063000,第8章产品制细粉及粗粉、粉末,410,巴西,10,一般贸易,31,上海市,5,千克,0,?,"2,402"
202001,11063000,第8章产品制细粉及粗粉、粉末,502,美国,10,一般贸易,11,北京市,1,千克,0,?,552
202001,11063000,第8章产品制细粉及粗粉、粉末,502,美国,10,一般贸易,12,天津市,0,千克,0,?,70
202001,11063000,第8章产品制细粉及粗粉、粉末,502,美国,10,一般贸易,31,上海市,80,千克,0,?,"17,847"
202001,11063000,第8章产品制细粉及粗粉、粉末,502,美国,10,一般贸易,33,浙江省,227,千克,0,?,"46,621"
202001,11063000,第8章产品制细粉及粗粉、粉末,601,澳大利亚,10,一般贸易,33,浙江省,3,千克,0,?,"3,219"
202001,11063000,第8章产品制细粉及粗粉、粉末,601,澳大利亚,10,一般贸易,44,广东省,25600,千克,0,?,"1,289,314"
202001,11071000,未焙制的麦芽,304,德国,10,一般贸易,34,安徽省,150000,千克,0,?,"562,495"
202001,11071000,未焙制的麦芽,601,澳大利亚,10,一般贸易,44,广东省,299860,千克,0,?,"1,188,409"
202001,11072000,已焙制的麦芽,302,丹麦,15,进料加工贸易,37,山东省,26500,千克,0,?,"106,999"
202001,11072000,已焙制的麦芽,304,德国,10,一般贸易,31,上海市,2775,千克,0,?,"39,682"
202001,11072000,已焙制的麦芽,304,德国,34,海关特殊监管区域物流货物,31,上海市,12060,千克,0,?,"62,144"
202001,11072000,已焙制的麦芽,309,荷兰,10,一般贸易,31,上海市,42000,千克,0,?,"192,990"
202001,11081100,小麦淀粉,301,比利时,10,一般贸易,44,广东省,39500,千克,0,?,"204,520"
202001,11081100,小麦淀粉,601,澳大利亚,10,一般贸易,35,福建省,36000,千克,0,?,"128,737"
202001,11081100,小麦淀粉,601,澳大利亚,10,一般贸易,37,山东省,36000,千克,0,?,"100,252"
202001,11081100,小麦淀粉,601,澳大利亚,10,一般贸易,44,广东省,36000,千克,0,?,"103,274"
202001,11081200,玉米淀粉,116,日本,10,一般贸易,21,辽宁省,100,千克,0,?,"9,583"
202001,11081200,玉米淀粉,116,日本,10,一般贸易,31,上海市,450,千克,0,?,"15,428"
202001,11081200,玉米淀粉,116,日本,10,一般贸易,44,广东省,300,千克,0,?,357
202001,11081200,玉米淀粉,116,日本,15,进料加工贸易,37,山东省,4000,千克,0,?,"102,284"
202001,11081200,玉米淀粉,133,韩国,10,一般贸易,31,上海市,18000,千克,0,?,"53,526"
202001,11081200,玉米淀粉,142,中国,33,保税监管场所进出境货物,31,上海市,1996,千克,0,?,"13,879"
202001,11081200,玉米淀粉,303,英国,10,一般贸易,31,上海市,11925,千克,0,?,"260,708"
202001,11081200,玉米淀粉,305,法国,10,一般贸易,11,北京市,325,千克,0,?,"9,324"
202001,11081200,玉米淀粉,305,法国,10,一般贸易,31,上海市,2,千克,0,?,612
202001,11081200,玉米淀粉,305,法国,10,一般贸易,44,广东省,6000,千克,0,?,"48,112"
202001,11081200,玉米淀粉,307,意大利,10,一般贸易,32,江苏省,500,千克,0,?,"3,224"
202001,11081200,玉米淀粉,307,意大利,10,一般贸易,44,广东省,16000,千克,0,?,"117,548"
202001,11081200,玉米淀粉,309,荷兰,10,一般贸易,11,北京市,21100,千克,0,?,"115,677"
202001,11081200,玉米淀粉,312,西班牙,10,一般贸易,31,上海市,3,千克,0,?,364
202001,11081200,玉米淀粉,347,乌克兰,10,一般贸易,13,河北省,9,千克,0,?,"1,878"
202001,11081200,玉米淀粉,347,乌克兰,10,一般贸易,37,山东省,192500,千克,0,?,"661,963"
202001,11081200,玉米淀粉,502,美国,10,一般贸易,31,上海市,65376,千克,0,?,"586,564"
202001,11081200,玉米淀粉,502,美国,10,一般贸易,37,山东省,454,千克,0,?,"9,623"
202001,11081300,马铃薯淀粉,110,中国香港,10,一般贸易,44,广东省,59,千克,0,?,"4,902"
202001,11081300,马铃薯淀粉,112,印度尼西亚,10,一般贸易,44,广东省,90000,千克,0,?,"533,711"
202001,11081300,马铃薯淀粉,116,日本,10,一般贸易,31,上海市,498,千克,0,?,"9,409"
202001,11081300,马铃薯淀粉,116,日本,15,进料加工贸易,32,江苏省,125,千克,0,?,"1,824"
202001,11081300,马铃薯淀粉,116,日本,34,海关特殊监管区域物流货物,32,江苏省,8200,千克,0,?,"153,676"
202001,11081300,马铃薯淀粉,143,中国台湾,39,其他,35,福建省,2490,千克,0,?,"24,831"
202001,11081300,马铃薯淀粉,302,丹麦,15,进料加工贸易,21,辽宁省,74250,千克,0,?,"467,568"
202001,11081300,马铃薯淀粉,302,丹麦,15,进料加工贸易,35,福建省,63000,千克,0,?,"414,356"
202001,11081300,马铃薯淀粉,302,丹麦,15,进料加工贸易,37,山东省,84000,千克,0,?,"481,946"
202001,11081300,马铃薯淀粉,303,英国,10,一般贸易,31,上海市,100,千克,0,?,"32,787"
202001,11081300,马铃薯淀粉,304,德国,10,一般贸易,36,江西省,20000,千克,0,?,"211,964"
202001,11081300,马铃薯淀粉,304,德国,15,进料加工贸易,31,上海市,70000,千克,0,?,"406,520"
202001,11081300,马铃薯淀粉,305,法国,10,一般贸易,11,北京市,200,千克,0,?,"7,277"
202001,11081300,马铃薯淀粉,309,荷兰,10,一般贸易,31,上海市,260000,千克,0,?,"1,791,906"
202001,11081300,马铃薯淀粉,309,荷兰,10,一般贸易,37,山东省,40000,千克,0,?,"276,265"
202001,11081300,马铃薯淀粉,309,荷兰,10,一般贸易,44,广东省,820000,千克,0,?,"5,685,681"
202001,11081300,马铃薯淀粉,309,荷兰,15,进料加工贸易,35,福建省,140000,千克,0,?,"827,733"
202001,11081300,马铃薯淀粉,309,荷兰,34,海关特殊监管区域物流货物,37,山东省,200000,千克,0,?,"1,351,101"
202001,11081300,马铃薯淀粉,502,美国,10,一般贸易,12,天津市,0,千克,0,?,96
202001,11081300,马铃薯淀粉,502,美国,10,一般贸易,41,河南省,57000,千克,0,?,"825,804"
202001,11081300,马铃薯淀粉,601,澳大利亚,10,一般贸易,11,北京市,20000,千克,0,?,"85,362"
202001,11081400,木薯淀粉,107,柬埔寨,10,一般贸易,11,北京市,1354000,千克,0,?,"4,074,943"
202001,11081400,木薯淀粉,116,日本,14,来料加工贸易,46,海南省,600,千克,0,?,"22,132"
202001,11081400,木薯淀粉,119,老挝,10,一般贸易,11,北京市,4868000,千克,0,?,"13,594,151"
202001,11081400,木薯淀粉,133,韩国,10,一般贸易,44,广东省,25,千克,0,?,"9,774"
202001,11081400,木薯淀粉,136,泰国,10,一般贸易,11,北京市,8608900,千克,0,?,"25,587,503"
202001,11081400,木薯淀粉,136,泰国,10,一般贸易,12,天津市,1250000,千克,0,?,"3,675,401"
202001,11081400,木薯淀粉,136,泰国,10,一般贸易,13,河北省,2314500,千克,0,?,"6,919,838"
202001,11081400,木薯淀粉,136,泰国,10,一般贸易,21,辽宁省,19000,千克,0,?,"76,270"
202001,11081400,木薯淀粉,136,泰国,10,一般贸易,31,上海市,5581100,千克,0,?,"17,810,268"
202001,11081400,木薯淀粉,136,泰国,10,一般贸易,32,江苏省,10469875,千克,0,?,"31,255,634"
202001,11081400,木薯淀粉,136,泰国,10,一般贸易,33,浙江省,10583000,千克,0,?,"31,868,141"
202001,11081400,木薯淀粉,136,泰国,10,一般贸易,34,安徽省,4836500,千克,0,?,"14,170,735"
202001,11081400,木薯淀粉,136,泰国,10,一般贸易,35,福建省,3233850,千克,0,?,"9,404,869"
202001,11081400,木薯淀粉,136,泰国,10,一般贸易,37,山东省,12210000,千克,0,?,"36,323,723"
202001,11081400,木薯淀粉,136,泰国,10,一般贸易,41,河南省,380000,千克,0,?,"1,129,999"
202001,11081400,木薯淀粉,136,泰国,10,一般贸易,42,湖北省,136000,千克,0,?,"501,958"
202001,11081400,木薯淀粉,136,泰国,10,一般贸易,43,湖南省,6714700,千克,0,?,"19,595,096"
202001,11081400,木薯淀粉,136,泰国,10,一般贸易,44,广东省,7190250,千克,0,?,"23,173,454"
202001,11081400,木薯淀粉,136,泰国,10,一般贸易,46,海南省,2944400,千克,0,?,"8,979,819"
202001,11081400,木薯淀粉,136,泰国,14,来料加工贸易,32,江苏省,3468000,千克,0,?,"13,875,336"
202001,11081400,木薯淀粉,136,泰国,14,来料加工贸易,33,浙江省,5474000,千克,0,?,"16,156,356"
202001,11081400,木薯淀粉,136,泰国,15,进料加工贸易,44,广东省,245500,千克,0,?,"880,349"
202001,11081400,木薯淀粉,141,越南,10,一般贸易,11,北京市,5089250,千克,0,?,"14,096,282"
202001,11081400,木薯淀粉,141,越南,10,一般贸易,12,天津市,1695000,千克,0,?,"4,653,694"
202001,11081400,木薯淀粉,141,越南,10,一般贸易,31,上海市,130100,千克,0,?,"411,842"
202001,11081400,木薯淀粉,141,越南,10,一般贸易,32,江苏省,1529000,千克,0,?,"4,257,198"
202001,11081400,木薯淀粉,141,越南,10,一般贸易,33,浙江省,5048950,千克,0,?,"14,185,223"
202001,11081400,木薯淀粉,141,越南,10,一般贸易,34,安徽省,2650000,千克,0,?,"7,468,042"
202001,11081400,木薯淀粉,141,越南,10,一般贸易,35,福建省,836000,千克,0,?,"2,360,766"
202001,11081400,木薯淀粉,141,越南,10,一般贸易,37,山东省,1310000,千克,0,?,"3,682,808"
202001,11081400,木薯淀粉,141,越南,10,一般贸易,43,湖南省,17431600,千克,0,?,"48,274,700"
202001,11081400,木薯淀粉,141,越南,10,一般贸易,44,广东省,2040000,千克,0,?,"6,695,545"
202001,11081400,木薯淀粉,141,越南,10,一般贸易,45,广西壮族自治区,9624550,千克,0,?,"28,167,029"
202001,11081400,木薯淀粉,143,中国台湾,39,其他,35,福建省,6090,千克,0,?,"44,031"
202001,11081400,木薯淀粉,312,西班牙,10,一般贸易,31,上海市,7,千克,0,?,"2,453"
202001,11081900,未列名淀粉,112,印度尼西亚,10,一般贸易,35,福建省,22000,千克,0,?,"54,038"
202001,11081900,未列名淀粉,116,日本,10,一般贸易,31,上海市,12,千克,0,?,385
202001,11081900,未列名淀粉,116,日本,15,进料加工贸易,32,江苏省,92500,千克,0,?,"558,273"
202001,11081900,未列名淀粉,136,泰国,10,一般贸易,32,江苏省,14000,千克,0,?,"150,006"
202001,11081900,未列名淀粉,136,泰国,10,一般贸易,44,广东省,3751,千克,0,?,"32,875"
202001,11081900,未列名淀粉,141,越南,10,一般贸易,32,江苏省,36000,千克,0,?,"204,030"
202001,11081900,未列名淀粉,141,越南,10,一般贸易,35,福建省,34000,千克,0,?,"168,929"
202001,11081900,未列名淀粉,301,比利时,15,进料加工贸易,37,山东省,87500,千克,0,?,"352,032"
202001,11081900,未列名淀粉,304,德国,15,进料加工贸易,35,福建省,35000,千克,0,?,"142,037"
202001,11081900,未列名淀粉,304,德国,15,进料加工贸易,37,山东省,419875,千克,0,?,"1,577,586"
202001,11081900,未列名淀粉,502,美国,10,一般贸易,44,广东省,36,千克,0,?,"3,986"
202001,11081900,未列名淀粉,502,美国,15,进料加工贸易,37,山东省,93818,千克,0,?,"301,960"
202001,11082000,菊粉,301,比利时,10,一般贸易,31,上海市,196800,千克,0,?,"3,274,426"
202001,11082000,菊粉,309,荷兰,10,一般贸易,12,天津市,30000,千克,0,?,"499,302"
202001,11082000,菊粉,312,西班牙,10,一般贸易,31,上海市,58,千克,0,?,"7,993"
202001,11082000,菊粉,412,智利,10,一般贸易,11,北京市,42000,千克,0,?,"712,637"
202001,11082000,菊粉,412,智利,10,一般贸易,23,黑龙江省,21000,千克,0,?,"330,767"
202001,11090000,"面筋,不论是否干制",143,中国台湾,39,其他,35,福建省,384,千克,0,?,"13,366"
202001,11090000,"面筋,不论是否干制",304,德国,10,一般贸易,37,山东省,25500,千克,0,?,"251,461"
202001,11090000,"面筋,不论是否干制",304,德国,10,一般贸易,44,广东省,20000,千克,0,?,"268,681"
202001,11090000,"面筋,不论是否干制",305,法国,10,一般贸易,42,湖北省,75000,千克,0,?,"950,354"
202001,11090000,"面筋,不论是否干制",601,澳大利亚,10,一般贸易,44,广东省,21000,千克,0,?,"250,010"
202001,12019010,"黄大豆,种用除外",145,哈萨克斯坦,15,进料加工贸易,65,新疆维吾尔自治区,458400,千克,0,?,"1,489,800"
202001,12019010,"黄大豆,种用除外",344,俄罗斯,10,一般贸易,11,北京市,3884330,千克,0,?,"11,447,610"
202001,12019010,"黄大豆,种用除外",344,俄罗斯,10,一般贸易,23,黑龙江省,796350,千克,0,?,"1,881,656"
202001,12019010,"黄大豆,种用除外",344,俄罗斯,10,一般贸易,32,江苏省,220300,千克,0,?,"694,159"
202001,12019010,"黄大豆,种用除外",344,俄罗斯,15,进料加工贸易,21,辽宁省,4553148,千克,0,?,"14,716,450"
202001,12019010,"黄大豆,种用除外",344,俄罗斯,19,边境小额贸易,23,黑龙江省,93104467,千克,0,?,"192,663,646"
202001,12019010,"黄大豆,种用除外",344,俄罗斯,34,海关特殊监管区域物流货物,23,黑龙江省,560295,千克,0,?,"1,153,686"
202001,12019010,"黄大豆,种用除外",347,乌克兰,10,一般贸易,13,河北省,313200,千克,0,?,"1,029,972"
202001,12019010,"黄大豆,种用除外",347,乌克兰,10,一般贸易,37,山东省,6875074,千克,0,?,"20,297,038"
202001,12019010,"黄大豆,种用除外",402,阿根廷,10,一般贸易,11,北京市,466466295,千克,0,?,"1,315,293,023"
202001,12019010,"黄大豆,种用除外",402,阿根廷,10,一般贸易,12,天津市,25552000,千克,0,?,"69,448,960"
202001,12019010,"黄大豆,种用除外",402,阿根廷,10,一般贸易,31,上海市,35549000,千克,0,?,"99,909,387"
202001,12019010,"黄大豆,种用除外",402,阿根廷,10,一般贸易,32,江苏省,370039180,千克,0,?,"1,054,451,781"
202001,12019010,"黄大豆,种用除外",402,阿根廷,10,一般贸易,34,安徽省,84434000,千克,0,?,"240,489,192"
202001,12019010,"黄大豆,种用除外",402,阿根廷,10,一般贸易,37,山东省,25221155,千克,0,?,"69,872,295"
202001,12019010,"黄大豆,种用除外",402,阿根廷,10,一般贸易,41,河南省,15000000,千克,0,?,"43,805,850"
202001,12019010,"黄大豆,种用除外",402,阿根廷,10,一般贸易,42,湖北省,37478890,千克,0,?,"104,705,517"
202001,12019010,"黄大豆,种用除外",402,阿根廷,10,一般贸易,43,湖南省,16746000,千克,0,?,"46,918,525"
202001,12019010,"黄大豆,种用除外",402,阿根廷,10,一般贸易,44,广东省,103595000,千克,0,?,"287,935,059"
202001,12019010,"黄大豆,种用除外",402,阿根廷,10,一般贸易,45,广西壮族自治区,139550000,千克,0,?,"396,467,190"
202001,12019010,"黄大豆,种用除外",402,阿根廷,10,一般贸易,51,四川省,20739000,千克,0,?,"60,565,968"
202001,12019010,"黄大豆,种用除外",402,阿根廷,15,进料加工贸易,37,山东省,20000000,千克,0,?,"58,407,800"
202001,12019010,"黄大豆,种用除外",402,阿根廷,15,进料加工贸易,44,广东省,10000000,千克,0,?,"28,451,494"
202001,12019010,"黄大豆,种用除外",410,巴西,10,一般贸易,11,北京市,284990,千克,0,?,"1,525,716"
202001,12019010,"黄大豆,种用除外",410,巴西,10,一般贸易,12,天津市,63016057,千克,0,?,"184,573,873"
202001,12019010,"黄大豆,种用除外",410,巴西,10,一般贸易,13,河北省,322813096,千克,0,?,"936,050,612"
202001,12019010,"黄大豆,种用除外",410,巴西,10,一般贸易,31,上海市,374506503,千克,0,?,"1,066,923,950"
202001,12019010,"黄大豆,种用除外",410,巴西,10,一般贸易,32,江苏省,675210774,千克,0,?,"1,949,516,906"
202001,12019010,"黄大豆,种用除外",410,巴西,10,一般贸易,33,浙江省,14528676,千克,0,?,"41,925,840"
202001,12019010,"黄大豆,种用除外",410,巴西,10,一般贸易,34,安徽省,20000000,千克,0,?,"56,992,718"
202001,12019010,"黄大豆,种用除外",410,巴西,10,一般贸易,35,福建省,336285759,千克,0,?,"945,177,011"
202001,12019010,"黄大豆,种用除外",410,巴西,10,一般贸易,37,山东省,263212111,千克,0,?,"764,063,108"
202001,12019010,"黄大豆,种用除外",410,巴西,10,一般贸易,42,湖北省,10000000,千克,0,?,"27,703,622"
202001,12019010,"黄大豆,种用除外",410,巴西,10,一般贸易,43,湖南省,87189334,千克,0,?,"241,023,091"
202001,12019010,"黄大豆,种用除外",410,巴西,10,一般贸易,44,广东省,64264000,千克,0,?,"184,969,386"
202001,12019010,"黄大豆,种用除外",410,巴西,10,一般贸易,45,广西壮族自治区,323744621,千克,0,?,"945,350,781"
202001,12019010,"黄大豆,种用除外",410,巴西,10,一般贸易,53,云南省,62025225,千克,0,?,"170,058,112"
202001,12019010,"黄大豆,种用除外",410,巴西,10,一般贸易,61,陕西省,84248486,千克,0,?,"238,343,528"
202001,12019010,"黄大豆,种用除外",410,巴西,15,进料加工贸易,32,江苏省,20000000,千克,0,?,"58,299,571"
202001,12019010,"黄大豆,种用除外",410,巴西,15,进料加工贸易,43,湖南省,21420756,千克,0,?,"61,810,587"
202001,12019010,"黄大豆,种用除外",410,巴西,15,进料加工贸易,45,广西壮族自治区,8000000,千克,0,?,"23,021,142"
202001,12019010,"黄大豆,种用除外",410,巴西,33,保税监管场所进出境货物,33,浙江省,55783492,千克,0,?,"155,917,000"
202001,12019010,"黄大豆,种用除外",410,巴西,33,保税监管场所进出境货物,43,湖南省,127340400,千克,0,?,"364,875,103"
202001,12019010,"黄大豆,种用除外",444,乌拉圭,10,一般贸易,11,北京市,9196125,千克,0,?,"26,633,246"
202001,12019010,"黄大豆,种用除外",444,乌拉圭,10,一般贸易,12,天津市,89098267,千克,0,?,"250,810,871"
202001,12019010,"黄大豆,种用除外",444,乌拉圭,10,一般贸易,37,山东省,40778845,千克,0,?,"112,973,076"
202001,12019010,"黄大豆,种用除外",444,乌拉圭,10,一般贸易,44,广东省,58450658,千克,0,?,"158,167,121"
202001,12019010,"黄大豆,种用除外",501,加拿大,10,一般贸易,31,上海市,524500,千克,0,?,"1,467,950"
202001,12019010,"黄大豆,种用除外",501,加拿大,10,一般贸易,35,福建省,24370,千克,0,?,"66,398"
202001,12019010,"黄大豆,种用除外",501,加拿大,14,来料加工贸易,44,广东省,287100,千克,0,?,"1,108,056"
202001,12019010,"黄大豆,种用除外",501,加拿大,15,进料加工贸易,44,广东省,991800,千克,0,?,"4,244,912"
202001,12019010,"黄大豆,种用除外",502,美国,10,一般贸易,11,北京市,1326097861,千克,0,?,"3,737,756,706"
202001,12019010,"黄大豆,种用除外",502,美国,10,一般贸易,12,天津市,86785217,千克,0,?,"241,330,046"
202001,12019010,"黄大豆,种用除外",502,美国,10,一般贸易,13,河北省,213693875,千克,0,?,"603,380,611"
202001,12019010,"黄大豆,种用除外",502,美国,10,一般贸易,21,辽宁省,140887114,千克,0,?,"395,795,605"
202001,12019010,"黄大豆,种用除外",502,美国,10,一般贸易,22,吉林省,70693523,千克,0,?,"199,506,327"
202001,12019010,"黄大豆,种用除外",502,美国,10,一般贸易,23,黑龙江省,70200994,千克,0,?,"195,792,746"
202001,12019010,"黄大豆,种用除外",502,美国,10,一般贸易,31,上海市,211877642,千克,0,?,"610,701,466"
202001,12019010,"黄大豆,种用除外",502,美国,10,一般贸易,32,江苏省,712824687,千克,0,?,"2,025,416,271"
202001,12019010,"黄大豆,种用除外",502,美国,10,一般贸易,37,山东省,287730374,千克,0,?,"820,833,856"
202001,12019010,"黄大豆,种用除外",502,美国,10,一般贸易,44,广东省,65009099,千克,0,?,"181,725,001"
202001,12019010,"黄大豆,种用除外",502,美国,10,一般贸易,45,广西壮族自治区,208132743,千克,0,?,"576,271,546"
202001,12019020,"黑大豆,种用除外",344,俄罗斯,19,边境小额贸易,23,黑龙江省,119400,千克,0,?,"292,400"
202001,12024100,"其他未去壳花生,种用除外",141,越南,19,边境小额贸易,45,广西壮族自治区,200319,千克,0,?,"701,118"
202001,12024100,"其他未去壳花生,种用除外",502,美国,10,一般贸易,35,福建省,3400969,千克,0,?,"12,774,097"
202001,12024100,"其他未去壳花生,种用除外",502,美国,10,一般贸易,37,山东省,2322149,千克,0,?,"8,047,887"
202001,12024100,"其他未去壳花生,种用除外",502,美国,10,一般贸易,41,河南省,208106,千克,0,?,"678,526"
202001,12024100,"其他未去壳花生,种用除外",502,美国,15,进料加工贸易,37,山东省,10363265,千克,0,?,"39,751,476"
202001,12024100,"其他未去壳花生,种用除外",502,美国,34,海关特殊监管区域物流货物,37,山东省,388564,千克,0,?,"1,631,246"
202001,12024200,"其他去壳花生,不论是否破碎",106,缅甸,10,一般贸易,41,河南省,99100,千克,0,?,"541,862"
202001,12024200,"其他去壳花生,不论是否破碎",111,印度,10,一般贸易,11,北京市,4250000,千克,0,?,"29,774,415"
202001,12024200,"其他去壳花生,不论是否破碎",111,印度,10,一般贸易,13,河北省,379240,千克,0,?,"2,722,738"
202001,12024200,"其他去壳花生,不论是否破碎",111,印度,10,一般贸易,37,山东省,3866620,千克,0,?,"24,617,749"
202001,12024200,"其他去壳花生,不论是否破碎",111,印度,10,一般贸易,44,广东省,579600,千克,0,?,"4,061,452"
202001,12024200,"其他去壳花生,不论是否破碎",111,印度,10,一般贸易,45,广西壮族自治区,2127073,千克,0,?,"14,994,209"
202001,12024200,"其他去壳花生,不论是否破碎",111,印度,15,进料加工贸易,37,山东省,1047568,千克,0,?,"7,779,420"
202001,12024200,"其他去壳花生,不论是否破碎",111,印度,34,海关特殊监管区域物流货物,37,山东省,450000,千克,0,?,"3,698,911"
202001,12024200,"其他去壳花生,不论是否破碎",111,印度,34,海关特殊监管区域物流货物,45,广西壮族自治区,950000,千克,0,?,"6,785,996"
202001,12024200,"其他去壳花生,不论是否破碎",217,埃塞俄比亚,10,一般贸易,13,河北省,280000,千克,0,?,"1,273,996"
202001,12024200,"其他去壳花生,不论是否破碎",217,埃塞俄比亚,10,一般贸易,34,安徽省,850000,千克,0,?,"4,376,618"
202001,12024200,"其他去壳花生,不论是否破碎",217,埃塞俄比亚,10,一般贸易,37,山东省,1349000,千克,0,?,"8,214,013"
202001,12024200,"其他去壳花生,不论是否破碎",217,埃塞俄比亚,10,一般贸易,44,广东省,38000,千克,0,?,"187,073"
202001,12024200,"其他去壳花生,不论是否破碎",217,埃塞俄比亚,10,一般贸易,45,广西壮族自治区,100000,千克,0,?,"491,252"
202001,12024200,"其他去壳花生,不论是否破碎",240,塞内加尔,10,一般贸易,11,北京市,663000,千克,0,?,"3,253,931"
202001,12024200,"其他去壳花生,不论是否破碎",240,塞内加尔,10,一般贸易,35,福建省,285000,千克,0,?,"1,318,920"
202001,12024200,"其他去壳花生,不论是否破碎",240,塞内加尔,10,一般贸易,37,山东省,2614428,千克,0,?,"11,877,995"
202001,12024200,"其他去壳花生,不论是否破碎",246,苏丹,10,一般贸易,12,天津市,95000,千克,0,?,"631,818"
202001,12024200,"其他去壳花生,不论是否破碎",246,苏丹,10,一般贸易,34,安徽省,2898000,千克,0,?,"15,279,614"
202001,12024200,"其他去壳花生,不论是否破碎",246,苏丹,10,一般贸易,37,山东省,4243128,千克,0,?,"23,015,501"
202001,12024200,"其他去壳花生,不论是否破碎",246,苏丹,10,一般贸易,44,广东省,789300,千克,0,?,"4,651,794"
202001,12024200,"其他去壳花生,不论是否破碎",502,美国,10,一般贸易,11,北京市,1,千克,0,?,81
202001,12030000,干椰子肉,134,斯里兰卡,10,一般贸易,31,上海市,2,千克,0,?,58
202001,12030000,干椰子肉,136,泰国,10,一般贸易,50,重庆市,0,千克,0,?,300
202001,12040000,"亚麻子,不论是否破碎",145,哈萨克斯坦,10,一般贸易,15,内蒙古自治区,1579200,千克,0,?,"4,026,960"
202001,12040000,"亚麻子,不论是否破碎",145,哈萨克斯坦,10,一般贸易,62,甘肃省,660000,千克,0,?,"1,847,186"
202001,12040000,"亚麻子,不论是否破碎",145,哈萨克斯坦,10,一般贸易,65,新疆维吾尔自治区,2230200,千克,0,?,"6,269,762"
202001,12040000,"亚麻子,不论是否破碎",145,哈萨克斯坦,34,海关特殊监管区域物流货物,65,新疆维吾尔自治区,7716230,千克,0,?,"21,087,822"
202001,12040000,"亚麻子,不论是否破碎",344,俄罗斯,10,一般贸易,11,北京市,2904101,千克,0,?,"9,638,969"
202001,12040000,"亚麻子,不论是否破碎",344,俄罗斯,10,一般贸易,15,内蒙古自治区,5935420,千克,0,?,"15,432,092"
202001,12040000,"亚麻子,不论是否破碎",344,俄罗斯,10,一般贸易,21,辽宁省,484000,千克,0,?,"1,344,816"
202001,12040000,"亚麻子,不论是否破碎",344,俄罗斯,10,一般贸易,31,上海市,1666520,千克,0,?,"5,753,146"
202001,12040000,"亚麻子,不论是否破碎",344,俄罗斯,10,一般贸易,35,福建省,482120,千克,0,?,"1,403,563"
202001,12040000,"亚麻子,不论是否破碎",344,俄罗斯,10,一般贸易,45,广西壮族自治区,257010,千克,0,?,"749,081"
202001,12040000,"亚麻子,不论是否破碎",344,俄罗斯,10,一般贸易,62,甘肃省,359640,千克,0,?,"1,048,207"
202001,12040000,"亚麻子,不论是否破碎",344,俄罗斯,19,边境小额贸易,15,内蒙古自治区,8383343,千克,0,?,"23,996,940"
202001,12040000,"亚麻子,不论是否破碎",501,加拿大,10,一般贸易,11,北京市,9776958,千克,0,?,"32,088,182"
202001,12040000,"亚麻子,不论是否破碎",501,加拿大,10,一般贸易,12,天津市,1861600,千克,0,?,"6,066,725"
202001,12040000,"亚麻子,不论是否破碎",501,加拿大,10,一般贸易,13,河北省,396220,千克,0,?,"1,275,956"
202001,12040000,"亚麻子,不论是否破碎",501,加拿大,10,一般贸易,21,辽宁省,105540,千克,0,?,"362,104"
202001,12040000,"亚麻子,不论是否破碎",501,加拿大,10,一般贸易,32,江苏省,1014830,千克,0,?,"3,285,990"
202001,12040000,"亚麻子,不论是否破碎",501,加拿大,10,一般贸易,33,浙江省,130,千克,0,?,"6,893"
202001,12040000,"亚麻子,不论是否破碎",501,加拿大,10,一般贸易,34,安徽省,1677260,千克,0,?,"5,258,530"
202001,12040000,"亚麻子,不论是否破碎",501,加拿大,10,一般贸易,35,福建省,2776040,千克,0,?,"8,893,643"
202001,12040000,"亚麻子,不论是否破碎",501,加拿大,10,一般贸易,37,山东省,8763204,千克,0,?,"26,130,363"
202001,12040000,"亚麻子,不论是否破碎",501,加拿大,10,一般贸易,44,广东省,471390,千克,0,?,"1,472,889"
202001,12040000,"亚麻子,不论是否破碎",501,加拿大,10,一般贸易,62,甘肃省,993500,千克,0,?,"3,160,054"
202001,12040000,"亚麻子,不论是否破碎",502,美国,10,一般贸易,31,上海市,16,千克,0,?,"1,391"
202001,12040000,"亚麻子,不论是否破碎",502,美国,10,一般贸易,44,广东省,10,千克,0,?,"1,200"
202001,12040000,"亚麻子,不论是否破碎",601,澳大利亚,10,一般贸易,31,上海市,135,千克,0,?,"3,991"
202001,12051090,其他低芥子酸油菜子,501,加拿大,10,一般贸易,35,福建省,60491900,千克,0,?,"182,467,697"
202001,12051090,其他低芥子酸油菜子,601,澳大利亚,10,一般贸易,31,上海市,61060080,千克,0,?,"199,320,249"
202001,12051090,其他低芥子酸油菜子,601,澳大利亚,10,一般贸易,45,广西壮族自治区,31431440,千克,0,?,"104,978,759"
202001,12059090,未列名油菜子,124,蒙古,19,边境小额贸易,15,内蒙古自治区,3634040,千克,0,?,"9,070,862"
202001,12059090,未列名油菜子,344,俄罗斯,10,一般贸易,15,内蒙古自治区,987670,千克,0,?,"2,557,673"
202001,12059090,未列名油菜子,344,俄罗斯,19,边境小额贸易,15,内蒙古自治区,25063384,千克,0,?,"72,532,885"
202001,12059090,未列名油菜子,344,俄罗斯,19,边境小额贸易,23,黑龙江省,189980,千克,0,?,"469,193"
202001,12060090,其他葵花子,145,哈萨克斯坦,10,一般贸易,13,河北省,3649285,千克,0,?,"8,756,606"
202001,12060090,其他葵花子,145,哈萨克斯坦,10,一般贸易,15,内蒙古自治区,356480,千克,0,?,"798,160"
202001,12060090,其他葵花子,145,哈萨克斯坦,10,一般贸易,65,新疆维吾尔自治区,2860080,千克,0,?,"6,976,815"
202001,12060090,其他葵花子,145,哈萨克斯坦,15,进料加工贸易,65,新疆维吾尔自治区,3322650,千克,0,?,"8,317,674"
202001,12060090,其他葵花子,145,哈萨克斯坦,19,边境小额贸易,65,新疆维吾尔自治区,784360,千克,0,?,"1,845,269"
202001,12060090,其他葵花子,145,哈萨克斯坦,34,海关特殊监管区域物流货物,65,新疆维吾尔自治区,29736107,千克,0,?,"66,077,840"
202001,12060090,其他葵花子,316,保加利亚,10,一般贸易,12,天津市,100000,千克,0,?,"556,254"
202001,12060090,其他葵花子,316,保加利亚,10,一般贸易,15,内蒙古自治区,250000,千克,0,?,"1,259,442"
202001,12060090,其他葵花子,316,保加利亚,10,一般贸易,23,黑龙江省,104000,千克,0,?,"751,974"
202001,12060090,其他葵花子,316,保加利亚,10,一般贸易,32,江苏省,50000,千克,0,?,"251,888"
202001,12060090,其他葵花子,316,保加利亚,10,一般贸易,35,福建省,50000,千克,0,?,"272,879"
202001,12060090,其他葵花子,316,保加利亚,10,一般贸易,37,山东省,818750,千克,0,?,"4,056,927"
202001,12060090,其他葵花子,316,保加利亚,10,一般贸易,62,甘肃省,154000,千克,0,?,"770,009"
202001,12060090,其他葵花子,344,俄罗斯,10,一般贸易,11,北京市,1480870,千克,0,?,"4,146,436"
202001,12060090,其他葵花子,344,俄罗斯,10,一般贸易,15,内蒙古自治区,1672092,千克,0,?,"4,084,294"
202001,12060090,其他葵花子,344,俄罗斯,10,一般贸易,37,山东省,2216660,千克,0,?,"6,225,746"
202001,12060090,其他葵花子,344,俄罗斯,10,一般贸易,45,广西壮族自治区,3874890,千克,0,?,"10,065,821"
202001,12060090,其他葵花子,344,俄罗斯,10,一般贸易,65,新疆维吾尔自治区,484560,千克,0,?,"1,337,921"
202001,12060090,其他葵花子,344,俄罗斯,19,边境小额贸易,15,内蒙古自治区,2329350,千克,0,?,"5,878,681"
202001,12071090,其他棕榈果及棕榈仁,410,巴西,10,一般贸易,44,广东省,26000,千克,0,?,"72,768"
202001,12074090,其他芝麻,103,孟加拉国,10,一般贸易,13,河北省,90000,千克,0,?,"991,628"
202001,12074090,其他芝麻,103,孟加拉国,10,一般贸易,35,福建省,471000,千克,0,?,"3,603,984"
202001,12074090,其他芝麻,106,缅甸,14,来料加工贸易,37,山东省,54000,千克,0,?,"986,786"
202001,12074090,其他芝麻,111,印度,10,一般贸易,44,广东省,2,千克,0,?,438
202001,12074090,其他芝麻,127,巴基斯坦,15,进料加工贸易,42,湖北省,38000,千克,0,?,"358,941"
202001,12074090,其他芝麻,141,越南,15,进料加工贸易,37,山东省,18000,千克,0,?,"214,105"
202001,12074090,其他芝麻,143,中国台湾,10,一般贸易,44,广东省,240,千克,0,?,"16,137"
202001,12074090,其他芝麻,217,埃塞俄比亚,10,一般贸易,11,北京市,570000,千克,0,?,"6,013,074"
202001,12074090,其他芝麻,217,埃塞俄比亚,10,一般贸易,12,天津市,437000,千克,0,?,"4,541,976"
202001,12074090,其他芝麻,217,埃塞俄比亚,10,一般贸易,32,江苏省,475000,千克,0,?,"5,133,981"
202001,12074090,其他芝麻,217,埃塞俄比亚,10,一般贸易,34,安徽省,190000,千克,0,?,"1,887,491"
202001,12074090,其他芝麻,217,埃塞俄比亚,10,一般贸易,37,山东省,589000,千克,0,?,"6,032,819"
202001,12074090,其他芝麻,217,埃塞俄比亚,10,一般贸易,41,河南省,380000,千克,0,?,"3,802,324"
202001,12074090,其他芝麻,217,埃塞俄比亚,10,一般贸易,42,湖北省,190000,千克,0,?,"1,968,499"
202001,12074090,其他芝麻,217,埃塞俄比亚,10,一般贸易,44,广东省,380000,千克,0,?,"3,968,851"
202001,12074090,其他芝麻,217,埃塞俄比亚,10,一般贸易,45,广西壮族自治区,114000,千克,0,?,"1,152,525"
202001,12074090,其他芝麻,217,埃塞俄比亚,10,一般贸易,65,新疆维吾尔自治区,285000,千克,0,?,"2,986,494"
202001,12074090,其他芝麻,217,埃塞俄比亚,34,海关特殊监管区域物流货物,37,山东省,570000,千克,0,?,"6,400,317"
202001,12074090,其他芝麻,229,马里,10,一般贸易,11,北京市,293200,千克,0,?,"2,668,120"
202001,12074090,其他芝麻,229,马里,10,一般贸易,34,安徽省,210230,千克,0,?,"1,770,445"
202001,12074090,其他芝麻,229,马里,10,一般贸易,37,山东省,950000,千克,0,?,"8,912,428"
202001,12074090,其他芝麻,233,莫桑比克,10,一般贸易,32,江苏省,152100,千克,0,?,"951,485"
202001,12074090,其他芝麻,233,莫桑比克,10,一般贸易,34,安徽省,18850,千克,0,?,"187,296"
202001,12074090,其他芝麻,233,莫桑比克,10,一般贸易,37,山东省,1459944,千克,0,?,"13,173,853"
202001,12074090,其他芝麻,233,莫桑比克,10,一般贸易,41,河南省,380000,千克,0,?,"3,769,927"
202001,12074090,其他芝麻,233,莫桑比克,34,海关特殊监管区域物流货物,33,浙江省,854070,千克,0,?,"7,851,838"
202001,12074090,其他芝麻,235,尼日尔,10,一般贸易,11,北京市,847075,千克,0,?,"7,480,295"
202001,12074090,其他芝麻,235,尼日尔,10,一般贸易,12,天津市,1081010,千克,0,?,"9,600,022"
202001,12074090,其他芝麻,235,尼日尔,10,一般贸易,32,江苏省,354850,千克,0,?,"3,275,039"
202001,12074090,其他芝麻,235,尼日尔,10,一般贸易,34,安徽省,8021180,千克,0,?,"71,382,170"
202001,12074090,其他芝麻,235,尼日尔,10,一般贸易,35,福建省,208756,千克,0,?,"1,898,107"
202001,12074090,其他芝麻,235,尼日尔,10,一般贸易,37,山东省,1066063,千克,0,?,"9,423,528"
202001,12074090,其他芝麻,235,尼日尔,10,一般贸易,44,广东省,195608,千克,0,?,"1,673,939"
202001,12074090,其他芝麻,235,尼日尔,10,一般贸易,45,广西壮族自治区,255990,千克,0,?,"2,281,560"
202001,12074090,其他芝麻,235,尼日尔,34,海关特殊监管区域物流货物,33,浙江省,1149471,千克,0,?,"10,214,194"
202001,12074090,其他芝麻,235,尼日尔,34,海关特殊监管区域物流货物,37,山东省,950954,千克,0,?,"8,188,536"
202001,12074090,其他芝麻,236,尼日利亚,10,一般贸易,12,天津市,76450,千克,0,?,"641,896"
202001,12074090,其他芝麻,236,尼日利亚,10,一般贸易,31,上海市,2,千克,0,?,"1,603"
202001,12074090,其他芝麻,246,苏丹,10,一般贸易,11,北京市,1090000,千克,0,?,"9,914,526"
202001,12074090,其他芝麻,246,苏丹,10,一般贸易,12,天津市,190000,千克,0,?,"1,734,187"
202001,12074090,其他芝麻,246,苏丹,10,一般贸易,21,辽宁省,570000,千克,0,?,"5,502,077"
202001,12074090,其他芝麻,246,苏丹,10,一般贸易,31,上海市,447000,千克,0,?,"4,222,200"
202001,12074090,其他芝麻,246,苏丹,10,一般贸易,32,江苏省,399000,千克,0,?,"3,809,006"
202001,12074090,其他芝麻,246,苏丹,10,一般贸易,34,安徽省,9602000,千克,0,?,"89,853,159"
202001,12074090,其他芝麻,246,苏丹,10,一般贸易,35,福建省,2307000,千克,0,?,"21,718,016"
202001,12074090,其他芝麻,246,苏丹,10,一般贸易,37,山东省,795000,千克,0,?,"7,011,018"
202001,12074090,其他芝麻,246,苏丹,34,海关特殊监管区域物流货物,11,北京市,108000,千克,0,?,"978,473"
202001,12074090,其他芝麻,246,苏丹,34,海关特殊监管区域物流货物,21,辽宁省,190000,千克,0,?,"1,888,016"
202001,12074090,其他芝麻,246,苏丹,34,海关特殊监管区域物流货物,34,安徽省,90000,千克,0,?,"800,189"
202001,12074090,其他芝麻,247,坦桑尼亚,10,一般贸易,37,山东省,2494308,千克,0,?,"22,446,845"
202001,12074090,其他芝麻,247,坦桑尼亚,10,一般贸易,65,新疆维吾尔自治区,113223,千克,0,?,"1,082,623"
202001,12074090,其他芝麻,247,坦桑尼亚,34,海关特殊监管区域物流货物,37,山东省,38000,千克,0,?,"381,352"
202001,12074090,其他芝麻,248,多哥,10,一般贸易,21,辽宁省,192200,千克,0,?,"1,845,146"
202001,12074090,其他芝麻,248,多哥,10,一般贸易,31,上海市,380000,千克,0,?,"3,627,100"
202001,12074090,其他芝麻,248,多哥,10,一般贸易,34,安徽省,570740,千克,0,?,"5,411,812"
202001,12074090,其他芝麻,248,多哥,10,一般贸易,37,山东省,370000,千克,0,?,"3,389,569"
202001,12074090,其他芝麻,248,多哥,10,一般贸易,45,广西壮族自治区,76000,千克,0,?,"698,382"
202001,12074090,其他芝麻,250,乌干达,10,一般贸易,11,北京市,380000,千克,0,?,"3,196,160"
202001,12074090,其他芝麻,250,乌干达,10,一般贸易,34,安徽省,190000,千克,0,?,"1,715,881"
202001,12074090,其他芝麻,433,巴拉圭,14,来料加工贸易,37,山东省,77971,千克,0,?,"1,433,643"
202001,12075090,其他芥子,111,印度,33,保税监管场所进出境货物,44,广东省,1800,千克,0,?,"18,262"
202001,12075090,其他芥子,501,加拿大,10,一般贸易,44,广东省,5080,千克,0,?,"55,646"
202001,12076090,其他红花子,145,哈萨克斯坦,10,一般贸易,13,河北省,126000,千克,0,?,"284,700"
202001,12076090,其他红花子,145,哈萨克斯坦,10,一般贸易,65,新疆维吾尔自治区,1273070,千克,0,?,"2,764,637"
202001,12076090,其他红花子,145,哈萨克斯坦,34,海关特殊监管区域物流货物,65,新疆维吾尔自治区,2391004,千克,0,?,"5,204,174"
202001,12077010,种用甜瓜子,112,印度尼西亚,10,一般贸易,37,山东省,20,千克,0,?,"65,771"
202001,12077010,种用甜瓜子,136,泰国,10,一般贸易,31,上海市,820,千克,0,?,"1,059,996"
202001,12077010,种用甜瓜子,136,泰国,10,一般贸易,44,广东省,320,千克,0,?,"282,367"
202001,12077010,种用甜瓜子,142,中国,10,一般贸易,44,广东省,3,千克,0,?,"18,500"
202001,12077010,种用甜瓜子,307,意大利,39,其他,62,甘肃省,0,千克,0,?,866
202001,12077010,种用甜瓜子,434,秘鲁,10,一般贸易,31,上海市,98,千克,0,?,"783,155"
202001,12077010,种用甜瓜子,502,美国,39,其他,11,北京市,32,千克,0,?,"8,570"
202001,12079999,未列名含油子仁及果实,106,缅甸,19,边境小额贸易,53,云南省,127780,千克,0,?,"191,670"
202001,12079999,未列名含油子仁及果实,149,乌兹别克斯坦,15,进料加工贸易,65,新疆维吾尔自治区,26000,千克,0,?,"85,759"
202001,12079999,未列名含油子仁及果实,429,墨西哥,10,一般贸易,31,上海市,19200,千克,0,?,"336,523"
202001,12079999,未列名含油子仁及果实,429,墨西哥,10,一般贸易,33,浙江省,50000,千克,0,?,"874,612"
202001,12079999,未列名含油子仁及果实,502,美国,10,一般贸易,31,上海市,11,千克,0,?,"1,081"
202001,12079999,未列名含油子仁及果实,502,美国,15,进料加工贸易,61,陕西省,20012,千克,0,?,"2,203,059"
202001,12081000,大豆粉,502,美国,10,一般贸易,31,上海市,11,千克,0,?,"1,629"
202001,12089000,"其他含油子仁或果实细粉及粗粉,芥子粉除外",502,美国,10,一般贸易,31,上海市,3,千克,0,?,741
202001,12091000,糖甜菜子,301,比利时,10,一般贸易,11,北京市,9575,千克,0,?,"2,281,188"
202001,12092200,三叶草子,402,阿根廷,10,一般贸易,11,北京市,150000,千克,0,?,"3,715,354"
202001,12092200,三叶草子,601,澳大利亚,10,一般贸易,11,北京市,21500,千克,0,?,"556,603"
202001,12092200,三叶草子,609,新西兰,10,一般贸易,11,北京市,20000,千克,0,?,"528,966"
202001,12092200,三叶草子,609,新西兰,10,一般贸易,31,上海市,20000,千克,0,?,"524,768"
202001,12092300,羊茅子,302,丹麦,10,一般贸易,11,北京市,31655,千克,0,?,"438,015"
202001,12092300,羊茅子,502,美国,10,一般贸易,11,北京市,362537,千克,0,?,"4,767,556"
202001,12092300,羊茅子,502,美国,10,一般贸易,31,上海市,7258,千克,0,?,"109,179"
202001,12092400,草地早熟禾子,302,丹麦,10,一般贸易,11,北京市,31500,千克,0,?,"793,449"
202001,12092400,草地早熟禾子,302,丹麦,10,一般贸易,31,上海市,21000,千克,0,?,"528,966"
202001,12092400,草地早熟禾子,502,美国,10,一般贸易,11,北京市,89518,千克,0,?,"2,743,066"
202001,12092400,草地早熟禾子,502,美国,10,一般贸易,31,上海市,12156,千克,0,?,"402,323"
202001,12092500,黑麦草种子,302,丹麦,10,一般贸易,11,北京市,186180,千克,0,?,"2,160,412"
202001,12092500,黑麦草种子,302,丹麦,10,一般贸易,31,上海市,112700,千克,0,?,"1,345,679"
202001,12092500,黑麦草种子,501,加拿大,10,一般贸易,31,上海市,24948,千克,0,?,"366,573"
202001,12092500,黑麦草种子,501,加拿大,10,一般贸易,33,浙江省,24948,千克,0,?,"366,573"
202001,12092500,黑麦草种子,502,美国,10,一般贸易,11,北京市,369954,千克,0,?,"3,410,688"
202001,12092500,黑麦草种子,502,美国,10,一般贸易,31,上海市,149688,千克,0,?,"1,092,737"
202001,12093000,草本花卉植物种子,116,日本,10,一般贸易,33,浙江省,85,千克,0,?,"1,000,735"
202001,12093000,草本花卉植物种子,116,日本,10,一般贸易,53,云南省,35,千克,0,?,"4,626,554"
202001,12093000,草本花卉植物种子,116,日本,39,其他,62,甘肃省,0,千克,0,?,"1,269"
202001,12093000,草本花卉植物种子,137,土耳其,10,一般贸易,53,云南省,0,千克,0,?,"12,257"
202001,12093000,草本花卉植物种子,244,南非,10,一般贸易,44,广东省,200,千克,0,?,"72,266"
202001,12093000,草本花卉植物种子,304,德国,10,一般贸易,11,北京市,4,千克,0,?,"31,927"
202001,12093000,草本花卉植物种子,304,德国,10,一般贸易,53,云南省,0,千克,0,?,"1,982"
202001,12093000,草本花卉植物种子,305,法国,10,一般贸易,53,云南省,6,千克,0,?,"666,178"
202001,12093000,草本花卉植物种子,307,意大利,10,一般贸易,53,云南省,2,千克,0,?,"119,723"
202001,12093000,草本花卉植物种子,309,荷兰,10,一般贸易,53,云南省,8,千克,0,?,"294,831"
202001,12093000,草本花卉植物种子,412,智利,10,一般贸易,53,云南省,0,千克,0,?,"1,077"
202001,12093000,草本花卉植物种子,502,美国,10,一般贸易,11,北京市,103,千克,0,?,"4,475,017"
202001,12093000,草本花卉植物种子,502,美国,10,一般贸易,44,广东省,212,千克,0,?,"184,326"
202001,12093000,草本花卉植物种子,502,美国,39,其他,37,山东省,0,千克,0,?,280
202001,12093000,草本花卉植物种子,502,美国,39,其他,53,云南省,0,千克,0,?,"1,515"
202001,12099100,蔬菜种子,106,缅甸,10,一般贸易,44,广东省,7,千克,0,?,"10,775"
202001,12099100,蔬菜种子,111,印度,10,一般贸易,37,山东省,0,千克,0,?,"2,099"
202001,12099100,蔬菜种子,111,印度,10,一般贸易,44,广东省,600,千克,0,?,"370,836"
202001,12099100,蔬菜种子,112,印度尼西亚,10,一般贸易,34,安徽省,50000,千克,0,?,"703,284"
202001,12099100,蔬菜种子,112,印度尼西亚,10,一般贸易,35,福建省,80000,千克,0,?,"1,682,832"
202001,12099100,蔬菜种子,115,以色列,10,一般贸易,37,山东省,0,千克,0,?,318
202001,12099100,蔬菜种子,115,以色列,39,其他,11,北京市,0,千克,0,?,947
202001,12099100,蔬菜种子,115,以色列,39,其他,62,甘肃省,0,千克,0,?,"1,556"
202001,12099100,蔬菜种子,116,日本,10,一般贸易,11,北京市,0,千克,0,?,34
202001,12099100,蔬菜种子,116,日本,10,一般贸易,21,辽宁省,200,千克,0,?,"109,499"
202001,12099100,蔬菜种子,116,日本,10,一般贸易,31,上海市,1095,千克,0,?,"266,091"
202001,12099100,蔬菜种子,116,日本,10,一般贸易,37,山东省,713,千克,0,?,"202,645"
202001,12099100,蔬菜种子,116,日本,10,一般贸易,44,广东省,96,千克,0,?,"53,736"
202001,12099100,蔬菜种子,116,日本,39,其他,41,河南省,10,千克,0,?,702
202001,12099100,蔬菜种子,133,韩国,10,一般贸易,11,北京市,3400,千克,0,?,"1,564,680"
202001,12099100,蔬菜种子,133,韩国,10,一般贸易,21,辽宁省,50,千克,0,?,"45,969"
202001,12099100,蔬菜种子,133,韩国,10,一般贸易,31,上海市,700,千克,0,?,"521,459"
202001,12099100,蔬菜种子,133,韩国,10,一般贸易,44,广东省,282,千克,0,?,"88,791"
202001,12099100,蔬菜种子,133,韩国,39,其他,11,北京市,0,千克,0,?,"2,900"
202001,12099100,蔬菜种子,136,泰国,10,一般贸易,31,上海市,122,千克,0,?,"826,593"
202001,12099100,蔬菜种子,136,泰国,10,一般贸易,35,福建省,3,千克,0,?,"3,299"
202001,12099100,蔬菜种子,136,泰国,10,一般贸易,37,山东省,1,千克,0,?,"2,659"
202001,12099100,蔬菜种子,136,泰国,10,一般贸易,44,广东省,134,千克,0,?,"264,729"
202001,12099100,蔬菜种子,141,越南,10,一般贸易,44,广东省,0,千克,0,?,780
202001,12099100,蔬菜种子,142,中国,10,一般贸易,11,北京市,3,千克,0,?,"8,047"
202001,12099100,蔬菜种子,142,中国,10,一般贸易,37,山东省,0,千克,0,?,154
202001,12099100,蔬菜种子,142,中国,10,一般贸易,44,广东省,7,千克,0,?,"20,109"
202001,12099100,蔬菜种子,224,肯尼亚,10,一般贸易,37,山东省,0,千克,0,?,59
202001,12099100,蔬菜种子,232,摩洛哥,10,一般贸易,37,山东省,0,千克,0,?,616
202001,12099100,蔬菜种子,244,南非,10,一般贸易,21,辽宁省,130,千克,0,?,"274,092"
202001,12099100,蔬菜种子,247,坦桑尼亚,10,一般贸易,37,山东省,1,千克,0,?,"6,847"
202001,12099100,蔬菜种子,253,赞比亚,10,一般贸易,37,山东省,0,千克,0,?,346
202001,12099100,蔬菜种子,302,丹麦,10,一般贸易,37,山东省,76775,千克,0,?,"6,874,216"
202001,12099100,蔬菜种子,302,丹麦,10,一般贸易,44,广东省,14243,千克,0,?,"925,524"
202001,12099100,蔬菜种子,305,法国,10,一般贸易,31,上海市,86,千克,0,?,"234,288"
202001,12099100,蔬菜种子,305,法国,10,一般贸易,37,山东省,6,千克,0,?,"9,379"
202001,12099100,蔬菜种子,305,法国,39,其他,11,北京市,0,千克,0,?,"2,458"
202001,12099100,蔬菜种子,305,法国,39,其他,62,甘肃省,3,千克,0,?,"7,464"
202001,12099100,蔬菜种子,307,意大利,10,一般贸易,21,辽宁省,500,千克,0,?,"614,950"
202001,12099100,蔬菜种子,307,意大利,10,一般贸易,31,上海市,5420,千克,0,?,"2,447,445"
202001,12099100,蔬菜种子,307,意大利,10,一般贸易,37,山东省,20000,千克,0,?,"188,640"
202001,12099100,蔬菜种子,307,意大利,10,一般贸易,44,广东省,68,千克,0,?,"448,884"
202001,12099100,蔬菜种子,307,意大利,39,其他,11,北京市,1,千克,0,?,411
202001,12099100,蔬菜种子,307,意大利,39,其他,62,甘肃省,0,千克,0,?,"2,012"
202001,12099100,蔬菜种子,309,荷兰,10,一般贸易,37,山东省,14771,千克,0,?,"1,633,392"
202001,12099100,蔬菜种子,309,荷兰,10,一般贸易,44,广东省,3,千克,0,?,"14,659"
202001,12099100,蔬菜种子,309,荷兰,39,其他,62,甘肃省,3,千克,0,?,"1,166"
202001,12099100,蔬菜种子,312,西班牙,10,一般贸易,31,上海市,9,千克,0,?,"24,751"
202001,12099100,蔬菜种子,312,西班牙,10,一般贸易,37,山东省,0,千克,0,?,440
202001,12099100,蔬菜种子,312,西班牙,39,其他,11,北京市,0,千克,0,?,391
202001,12099100,蔬菜种子,312,西班牙,39,其他,62,甘肃省,2,千克,0,?,"5,043"
202001,12099100,蔬菜种子,412,智利,10,一般贸易,11,北京市,980,千克,0,?,"1,371,392"
202001,12099100,蔬菜种子,412,智利,10,一般贸易,21,辽宁省,21,千克,0,?,"66,907"
202001,12099100,蔬菜种子,412,智利,10,一般贸易,23,黑龙江省,2000,千克,0,?,"2,105,367"
202001,12099100,蔬菜种子,412,智利,10,一般贸易,31,上海市,487,千克,0,?,"1,080,578"
202001,12099100,蔬菜种子,412,智利,10,一般贸易,37,山东省,1072,千克,0,?,"2,164,792"
202001,12099100,蔬菜种子,412,智利,10,一般贸易,44,广东省,18,千克,0,?,"30,416"
202001,12099100,蔬菜种子,423,危地马拉,10,一般贸易,11,北京市,0,千克,0,?,"1,409"
202001,12099100,蔬菜种子,429,墨西哥,10,一般贸易,37,山东省,0,千克,0,?,"19,939"
202001,12099100,蔬菜种子,429,墨西哥,39,其他,62,甘肃省,0,千克,0,?,"1,769"
202001,12099100,蔬菜种子,434,秘鲁,10,一般贸易,37,山东省,0,千克,0,?,"3,569"
202001,12099100,蔬菜种子,502,美国,10,一般贸易,31,上海市,70,千克,0,?,"113,690"
202001,12099100,蔬菜种子,502,美国,10,一般贸易,35,福建省,100,千克,0,?,"14,066"
202001,12099100,蔬菜种子,502,美国,10,一般贸易,44,广东省,276,千克,0,?,"321,514"
202001,12099100,蔬菜种子,502,美国,39,其他,11,北京市,161,千克,0,?,"45,648"
202001,12099100,蔬菜种子,502,美国,39,其他,53,云南省,0,千克,0,?,"1,260"
202001,12099100,蔬菜种子,502,美国,39,其他,62,甘肃省,1,千克,0,?,"3,807"
202001,12099100,蔬菜种子,601,澳大利亚,10,一般贸易,44,广东省,18,千克,0,?,"1,385"
202001,12099900,其他种植用种子、果实及孢子,111,印度,10,一般贸易,11,北京市,850,千克,0,?,"89,478"
202001,12099900,其他种植用种子、果实及孢子,143,中国台湾,10,一般贸易,44,广东省,1440,千克,0,?,"29,307"
202001,12099900,其他种植用种子、果实及孢子,318,芬兰,39,其他,11,北京市,2,千克,0,?,"2,613"
202001,12099900,其他种植用种子、果实及孢子,402,阿根廷,10,一般贸易,11,北京市,250000,千克,0,?,"1,050,429"
202001,12099900,其他种植用种子、果实及孢子,402,阿根廷,10,一般贸易,62,甘肃省,108000,千克,0,?,"1,322,414"
202001,12099900,其他种植用种子、果实及孢子,501,加拿大,10,一般贸易,11,北京市,18144,千克,0,?,"355,465"
202001,12099900,其他种植用种子、果实及孢子,502,美国,10,一般贸易,11,北京市,47904,千克,0,?,"2,060,218"
202001,12099900,其他种植用种子、果实及孢子,502,美国,10,一般贸易,31,上海市,19958,千克,0,?,"1,346,545"
202001,12099900,其他种植用种子、果实及孢子,502,美国,10,一般贸易,62,甘肃省,17690,千克,0,?,"342,355"
202001,12102000,"啤酒花,经研磨或制成团粒；蛇麻腺",304,德国,10,一般贸易,11,北京市,216040,千克,0,?,"10,581,517"
202001,12102000,"啤酒花,经研磨或制成团粒；蛇麻腺",350,斯洛文尼亚,10,一般贸易,11,北京市,152000,千克,0,?,"11,374,733"
202001,12102000,"啤酒花,经研磨或制成团粒；蛇麻腺",350,斯洛文尼亚,10,一般贸易,31,上海市,200,千克,0,?,"13,731"
202001,12102000,"啤酒花,经研磨或制成团粒；蛇麻腺",350,斯洛文尼亚,39,其他,11,北京市,100,千克,0,?,"5,148"
202001,12102000,"啤酒花,经研磨或制成团粒；蛇麻腺",352,捷克,10,一般贸易,11,北京市,180000,千克,0,?,"13,112,511"
202001,12102000,"啤酒花,经研磨或制成团粒；蛇麻腺",352,捷克,10,一般贸易,31,上海市,78920,千克,0,?,"6,834,565"
202001,12102000,"啤酒花,经研磨或制成团粒；蛇麻腺",352,捷克,10,一般贸易,44,广东省,18640,千克,0,?,"1,735,856"
202001,12102000,"啤酒花,经研磨或制成团粒；蛇麻腺",502,美国,10,一般贸易,11,北京市,9600,千克,0,?,"1,310,771"
202001,12102000,"啤酒花,经研磨或制成团粒；蛇麻腺",502,美国,10,一般贸易,31,上海市,3840,千克,0,?,"560,058"
202001,12102000,"啤酒花,经研磨或制成团粒；蛇麻腺",502,美国,10,一般贸易,37,山东省,6500,千克,0,?,"797,646"
202001,12102000,"啤酒花,经研磨或制成团粒；蛇麻腺",502,美国,10,一般贸易,44,广东省,3880,千克,0,?,"606,875"
202001,12112010,西洋参,501,加拿大,10,一般贸易,11,北京市,23,千克,0,?,"5,525"
202001,12112010,西洋参,501,加拿大,10,一般贸易,44,广东省,13621,千克,0,?,"3,767,757"
202001,12112010,西洋参,501,加拿大,34,海关特殊监管区域物流货物,44,广东省,38201,千克,0,?,"8,613,831"
202001,12112010,西洋参,502,美国,10,一般贸易,11,北京市,2,千克,0,?,"2,841"
202001,12112099,未列名人参,133,韩国,10,一般贸易,31,上海市,2458,千克,0,?,"6,915,268"
202001,12112099,未列名人参,133,韩国,10,一般贸易,33,浙江省,313,千克,0,?,"801,341"
202001,12112099,未列名人参,133,韩国,34,海关特殊监管区域物流货物,42,湖北省,82,千克,0,?,"332,954"
202001,12119027,槐米,141,越南,34,海关特殊监管区域物流货物,37,山东省,800,千克,0,?,"18,527"
202001,12119036,甘草,145,哈萨克斯坦,10,一般贸易,11,北京市,208560,千克,0,?,"1,086,317"
202001,12119036,甘草,149,乌兹别克斯坦,10,一般贸易,11,北京市,97920,千克,0,?,"678,695"
202001,12119036,甘草,149,乌兹别克斯坦,10,一般贸易,65,新疆维吾尔自治区,137400,千克,0,?,"796,851"
202001,12119039,未列名主要用作药料的植物及其某部分,106,缅甸,19,边境小额贸易,53,云南省,938594,千克,0,?,"8,032,677"
202001,12119039,未列名主要用作药料的植物及其某部分,111,印度,10,一般贸易,11,北京市,348000,千克,0,?,"2,842,340"
202001,12119039,未列名主要用作药料的植物及其某部分,111,印度,10,一般贸易,12,天津市,98000,千克,0,?,"342,169"
202001,12119039,未列名主要用作药料的植物及其某部分,111,印度,10,一般贸易,31,上海市,15005,千克,0,?,"742,846"
202001,12119039,未列名主要用作药料的植物及其某部分,111,印度,10,一般贸易,32,江苏省,35801,千克,0,?,"1,127,717"
202001,12119039,未列名主要用作药料的植物及其某部分,111,印度,10,一般贸易,44,广东省,25100,千克,0,?,"867,685"
202001,12119039,未列名主要用作药料的植物及其某部分,111,印度,10,一般贸易,45,广西壮族自治区,70000,千克,0,?,"1,353,717"
202001,12119039,未列名主要用作药料的植物及其某部分,111,印度,15,进料加工贸易,33,浙江省,37770,千克,0,?,"384,258"
202001,12119039,未列名主要用作药料的植物及其某部分,111,印度,34,海关特殊监管区域物流货物,45,广西壮族自治区,77000,千克,0,?,"313,927"
202001,12119039,未列名主要用作药料的植物及其某部分,112,印度尼西亚,10,一般贸易,44,广东省,2000,千克,0,?,"64,509"
202001,12119039,未列名主要用作药料的植物及其某部分,124,蒙古,10,一般贸易,13,河北省,1389,千克,0,?,"97,187"
202001,12119039,未列名主要用作药料的植物及其某部分,124,蒙古,10,一般贸易,14,山西省,36180,千克,0,?,"1,265,740"
202001,12119039,未列名主要用作药料的植物及其某部分,136,泰国,10,一般贸易,35,福建省,28550,千克,0,?,"100,743"
202001,12119039,未列名主要用作药料的植物及其某部分,136,泰国,10,一般贸易,53,云南省,29505,千克,0,?,"516,338"
202001,12119039,未列名主要用作药料的植物及其某部分,142,中国,10,一般贸易,33,浙江省,182,千克,0,?,"28,799"
202001,12119039,未列名主要用作药料的植物及其某部分,309,荷兰,15,进料加工贸易,33,浙江省,45000,千克,0,?,"908,704"
202001,12119039,未列名主要用作药料的植物及其某部分,344,俄罗斯,10,一般贸易,33,浙江省,15010,千克,0,?,"4,131,560"
202001,12119039,未列名主要用作药料的植物及其某部分,415,哥斯达黎加,10,一般贸易,13,河北省,510,千克,0,?,"239,084"
202001,12119050,主要用作香料的植物及其某部分,111,印度,10,一般贸易,31,上海市,54000,千克,0,?,"338,160"
202001,12119050,主要用作香料的植物及其某部分,112,印度尼西亚,10,一般贸易,35,福建省,20401,千克,0,?,"125,246"
202001,12119050,主要用作香料的植物及其某部分,112,印度尼西亚,14,来料加工贸易,35,福建省,30000,千克,0,?,"315,805"
202001,12119050,主要用作香料的植物及其某部分,119,老挝,10,一般贸易,43,湖南省,32000,千克,0,?,"132,101"
202001,12119050,主要用作香料的植物及其某部分,137,土耳其,10,一般贸易,31,上海市,195,千克,0,?,"15,464"
202001,12119050,主要用作香料的植物及其某部分,141,越南,10,一般贸易,44,广东省,26490,千克,0,?,"166,813"
202001,12119050,主要用作香料的植物及其某部分,143,中国台湾,15,进料加工贸易,44,广东省,28008,千克,0,?,"110,021"
202001,12119050,主要用作香料的植物及其某部分,215,埃及,10,一般贸易,37,山东省,1824,千克,0,?,"26,975"
202001,12119050,主要用作香料的植物及其某部分,215,埃及,34,海关特殊监管区域物流货物,31,上海市,70,千克,0,?,"6,040"
202001,12119050,主要用作香料的植物及其某部分,232,摩洛哥,10,一般贸易,43,湖南省,34000,千克,0,?,"380,631"
202001,12119050,主要用作香料的植物及其某部分,232,摩洛哥,10,一般贸易,44,广东省,9450,千克,0,?,"66,310"
202001,12119050,主要用作香料的植物及其某部分,305,法国,10,一般贸易,31,上海市,9,千克,0,?,"88,899"
202001,12119050,主要用作香料的植物及其某部分,316,保加利亚,10,一般贸易,37,山东省,200,千克,0,?,"23,958"
202001,12119050,主要用作香料的植物及其某部分,337,格鲁吉亚(2023年起停用),10,一般贸易,31,上海市,66000,千克,0,?,"369,436"
202001,12119050,主要用作香料的植物及其某部分,501,加拿大,10,一般贸易,31,上海市,16457,千克,0,?,"179,690"
202001,12119050,主要用作香料的植物及其某部分,501,加拿大,10,一般贸易,37,山东省,500,千克,0,?,"22,498"
202001,12119050,主要用作香料的植物及其某部分,502,美国,10,一般贸易,11,北京市,4400,千克,0,?,"223,941"
202001,12119050,主要用作香料的植物及其某部分,502,美国,39,其他,31,上海市,70,千克,0,?,"2,749"
202001,12119050,主要用作香料的植物及其某部分,601,澳大利亚,10,一般贸易,35,福建省,38000,千克,0,?,"1,328,823"
202001,12119050,主要用作香料的植物及其某部分,601,澳大利亚,10,一般贸易,44,广东省,1990,千克,0,?,"115,978"
202001,12119050,主要用作香料的植物及其某部分,607,新喀里多尼亚,10,一般贸易,44,广东省,16628,千克,0,?,"260,350"
202001,12119050,主要用作香料的植物及其某部分,608,瓦努阿图,15,进料加工贸易,61,陕西省,4000,千克,0,?,"1,052,054"
202001,12119091,鱼藤根、除虫菊,141,越南,19,边境小额贸易,45,广西壮族自治区,13000,千克,0,?,"78,000"
202001,12119099,主要用作杀虫、杀菌等用途的植物及其某部分,111,印度,10,一般贸易,33,浙江省,52260,千克,0,?,"251,410"
202001,12119099,主要用作杀虫、杀菌等用途的植物及其某部分,111,印度,10,一般贸易,37,山东省,4040,千克,0,?,"18,312"
202001,12119099,主要用作杀虫、杀菌等用途的植物及其某部分,112,印度尼西亚,10,一般贸易,61,陕西省,0,千克,0,?,700
202001,12119099,主要用作杀虫、杀菌等用途的植物及其某部分,137,土耳其,10,一般贸易,51,四川省,17000,千克,0,?,"119,304"
202001,12119099,主要用作杀虫、杀菌等用途的植物及其某部分,141,越南,10,一般贸易,44,广东省,23200,千克,0,?,"97,689"
202001,12119099,主要用作杀虫、杀菌等用途的植物及其某部分,232,摩洛哥,10,一般贸易,61,陕西省,22000,千克,0,?,"187,797"
202001,12119099,主要用作杀虫、杀菌等用途的植物及其某部分,236,尼日利亚,15,进料加工贸易,37,山东省,156000,千克,0,?,"1,888,512"
202001,12119099,主要用作杀虫、杀菌等用途的植物及其某部分,305,法国,15,进料加工贸易,33,浙江省,17843,千克,0,?,"93,963"
202001,12119099,主要用作杀虫、杀菌等用途的植物及其某部分,327,波兰,15,进料加工贸易,33,浙江省,43000,千克,0,?,"771,578"
202001,12119099,主要用作杀虫、杀菌等用途的植物及其某部分,347,乌克兰,10,一般贸易,61,陕西省,9400,千克,0,?,"198,005"
202001,12122110,海带,110,中国香港,10,一般贸易,44,广东省,214,千克,0,?,"19,798"
202001,12122110,海带,116,日本,14,来料加工贸易,37,山东省,14900,千克,0,?,"48,155"
202001,12122110,海带,116,日本,15,进料加工贸易,21,辽宁省,3100,千克,0,?,"314,511"
202001,12122110,海带,133,韩国,10,一般贸易,31,上海市,600,千克,0,?,"49,958"
202001,12122110,海带,133,韩国,10,一般贸易,37,山东省,144,千克,0,?,"4,796"
202001,12122131,干的裙带菜,133,韩国,10,一般贸易,21,辽宁省,50,千克,0,?,"4,771"
202001,12122131,干的裙带菜,133,韩国,10,一般贸易,31,上海市,1344,千克,0,?,"131,040"
202001,12122131,干的裙带菜,133,韩国,10,一般贸易,37,山东省,221,千克,0,?,"16,144"
202001,12122141,干紫菜,110,中国香港,10,一般贸易,44,广东省,457,千克,0,?,"50,411"
202001,12122141,干紫菜,116,日本,10,一般贸易,31,上海市,299,千克,0,?,"129,868"
202001,12122141,干紫菜,133,韩国,10,一般贸易,21,辽宁省,3722,千克,0,?,"464,500"
202001,12122141,干紫菜,133,韩国,10,一般贸易,32,江苏省,24628,千克,0,?,"2,324,693"
202001,12122141,干紫菜,133,韩国,10,一般贸易,37,山东省,75424,千克,0,?,"5,479,950"
202001,12122141,干紫菜,502,美国,10,一般贸易,31,上海市,1,千克,0,?,114
202001,12122161,干麒麟菜,112,印度尼西亚,10,一般贸易,11,北京市,16519,千克,0,?,"197,498"
202001,12122161,干麒麟菜,112,印度尼西亚,10,一般贸易,31,上海市,204000,千克,0,?,"2,572,759"
202001,12122161,干麒麟菜,112,印度尼西亚,10,一般贸易,32,江苏省,6,千克,0,?,937
202001,12122161,干麒麟菜,112,印度尼西亚,10,一般贸易,33,浙江省,1076320,千克,0,?,"15,061,932"
202001,12122161,干麒麟菜,112,印度尼西亚,10,一般贸易,35,福建省,1340665,千克,0,?,"16,049,301"
202001,12122161,干麒麟菜,112,印度尼西亚,10,一般贸易,37,山东省,958600,千克,0,?,"3,630,950"
202001,12122161,干麒麟菜,112,印度尼西亚,10,一般贸易,45,广西壮族自治区,103150,千克,0,?,"1,381,316"
202001,12122161,干麒麟菜,112,印度尼西亚,10,一般贸易,65,新疆维吾尔自治区,4691404,千克,0,?,"56,447,448"
202001,12122161,干麒麟菜,122,马来西亚,10,一般贸易,33,浙江省,112000,千克,0,?,"1,395,158"
202001,12122161,干麒麟菜,129,菲律宾,10,一般贸易,33,浙江省,53687,千克,0,?,"644,276"
202001,12122161,干麒麟菜,129,菲律宾,10,一般贸易,35,福建省,447174,千克,0,?,"5,317,186"
202001,12122161,干麒麟菜,144,东帝汶,10,一般贸易,32,江苏省,56600,千克,0,?,"358,193"
202001,12122161,干麒麟菜,247,坦桑尼亚,10,一般贸易,35,福建省,25400,千克,0,?,"272,729"
202001,12122169,其他麒麟菜,112,印度尼西亚,10,一般贸易,44,广东省,83499,千克,0,?,"877,122"
202001,12122171,干江蓠,112,印度尼西亚,10,一般贸易,35,福建省,2351722,千克,0,?,"8,988,652"
202001,12122171,干江蓠,112,印度尼西亚,10,一般贸易,44,广东省,125000,千克,0,?,"503,534"
202001,12122190,未列名适合供人食用的海草及其他藻类,133,韩国,14,来料加工贸易,21,辽宁省,4020,千克,0,?,"98,742"
202001,12122190,未列名适合供人食用的海草及其他藻类,143,中国台湾,39,其他,35,福建省,2040,千克,0,?,"20,411"
202001,12122190,未列名适合供人食用的海草及其他藻类,412,智利,10,一般贸易,35,福建省,7209,千克,0,?,"141,656"
202001,12122190,未列名适合供人食用的海草及其他藻类,502,美国,10,一般贸易,12,天津市,0,千克,0,?,91
202001,12122910,马尾藻,112,印度尼西亚,10,一般贸易,11,北京市,291455,千克,0,?,"523,476"
202001,12122910,马尾藻,112,印度尼西亚,10,一般贸易,13,河北省,151940,千克,0,?,"253,724"
202001,12122910,马尾藻,112,印度尼西亚,10,一般贸易,21,辽宁省,42203,千克,0,?,"68,057"
202001,12122910,马尾藻,112,印度尼西亚,10,一般贸易,35,福建省,345290,千克,0,?,"604,906"
202001,12122910,马尾藻,129,菲律宾,10,一般贸易,37,山东省,295120,千克,0,?,"583,720"
202001,12122990,其他不适合供人食用的海草及其他藻类,112,印度尼西亚,10,一般贸易,37,山东省,201726,千克,0,?,"1,977,995"
202001,12122990,其他不适合供人食用的海草及其他藻类,112,印度尼西亚,10,一般贸易,46,海南省,24070,千克,0,?,"313,185"
202001,12122990,其他不适合供人食用的海草及其他藻类,129,菲律宾,10,一般贸易,44,广东省,50921,千克,0,?,"521,128"
202001,12122990,其他不适合供人食用的海草及其他藻类,244,南非,10,一般贸易,32,江苏省,75251,千克,0,?,"497,625"
202001,12122990,其他不适合供人食用的海草及其他藻类,244,南非,10,一般贸易,37,山东省,50720,千克,0,?,"320,353"
202001,12122990,其他不适合供人食用的海草及其他藻类,244,南非,15,进料加工贸易,37,山东省,75970,千克,0,?,"504,977"
202001,12122990,其他不适合供人食用的海草及其他藻类,412,智利,10,一般贸易,21,辽宁省,12500,千克,0,?,"114,284"
202001,12122990,其他不适合供人食用的海草及其他藻类,412,智利,10,一般贸易,32,江苏省,234504,千克,0,?,"2,140,171"
202001,12122990,其他不适合供人食用的海草及其他藻类,412,智利,10,一般贸易,35,福建省,11746,千克,0,?,"287,650"
202001,12122990,其他不适合供人食用的海草及其他藻类,412,智利,10,一般贸易,37,山东省,2053564,千克,0,?,"19,607,945"
202001,12122990,其他不适合供人食用的海草及其他藻类,412,智利,15,进料加工贸易,37,山东省,585500,千克,0,?,"4,434,678"
202001,12122990,其他不适合供人食用的海草及其他藻类,412,智利,39,其他,37,山东省,0,千克,0,?,468
202001,12122990,其他不适合供人食用的海草及其他藻类,434,秘鲁,10,一般贸易,37,山东省,1300200,千克,0,?,"8,575,700"
202001,12122990,其他不适合供人食用的海草及其他藻类,434,秘鲁,15,进料加工贸易,37,山东省,1097180,千克,0,?,"6,092,450"
202001,12129300,甘蔗,106,缅甸,10,一般贸易,53,云南省,49290000,千克,0,?,"18,025,093"
202001,12129300,甘蔗,119,老挝,10,一般贸易,53,云南省,90536700,千克,0,?,"34,403,947"
202001,12129300,甘蔗,141,越南,10,一般贸易,45,广西壮族自治区,6965660,千克,0,?,"2,472,810"
202001,12129912,甜杏仁,146,吉尔吉斯斯坦,10,一般贸易,43,湖南省,4700,千克,0,?,"42,751"
202001,12129912,甜杏仁,147,塔吉克斯坦,10,一般贸易,65,新疆维吾尔自治区,9940,千克,0,?,"76,504"
202001,12129912,甜杏仁,149,乌兹别克斯坦,10,一般贸易,44,广东省,26500,千克,0,?,"185,974"
202001,12129912,甜杏仁,149,乌兹别克斯坦,10,一般贸易,65,新疆维吾尔自治区,50000,千克,0,?,"446,055"
202001,12129912,甜杏仁,303,英国,10,一般贸易,11,北京市,1,千克,0,?,211
202001,12129912,甜杏仁,502,美国,10,一般贸易,11,北京市,3,千克,0,?,636
202001,12129919,杏核；桃（包括油桃）、梅或李的核及核仁,502,美国,10,一般贸易,31,上海市,13,千克,0,?,"1,805"
202001,12129996,甜叶菊叶,244,南非,10,一般贸易,31,上海市,4109,千克,0,?,"353,923"
202001,12129996,甜叶菊叶,253,赞比亚,15,进料加工贸易,36,江西省,67780,千克,0,?,"1,284,272"
202001,12129996,甜叶菊叶,419,厄瓜多尔,15,进料加工贸易,33,浙江省,97326,千克,0,?,"1,711,987"
202001,12129999,未列名食用植物产品,111,印度,10,一般贸易,12,天津市,720000,千克,0,?,"1,276,464"
202001,12129999,未列名食用植物产品,111,印度,10,一般贸易,34,安徽省,349000,千克,0,?,"572,409"
202001,12129999,未列名食用植物产品,111,印度,10,一般贸易,37,山东省,200000,千克,0,?,"409,318"
202001,12129999,未列名食用植物产品,111,印度,10,一般贸易,44,广东省,549000,千克,0,?,"1,104,488"
202001,12129999,未列名食用植物产品,111,印度,10,一般贸易,62,甘肃省,99890,千克,0,?,"214,893"
202001,12129999,未列名食用植物产品,112,印度尼西亚,10,一般贸易,35,福建省,29880,千克,0,?,"353,428"
202001,12129999,未列名食用植物产品,112,印度尼西亚,10,一般贸易,37,山东省,80000,千克,0,?,"851,346"
202001,12129999,未列名食用植物产品,112,印度尼西亚,10,一般贸易,42,湖北省,36888,千克,0,?,"680,335"
202001,12129999,未列名食用植物产品,112,印度尼西亚,10,一般贸易,44,广东省,184040,千克,0,?,"2,115,856"
202001,12129999,未列名食用植物产品,112,印度尼西亚,10,一般贸易,45,广西壮族自治区,177540,千克,0,?,"1,614,899"
202001,12129999,未列名食用植物产品,112,印度尼西亚,10,一般贸易,51,四川省,84060,千克,0,?,"1,535,394"
202001,12129999,未列名食用植物产品,116,日本,10,一般贸易,11,北京市,10,千克,0,?,"3,039"
202001,12129999,未列名食用植物产品,141,越南,10,一般贸易,35,福建省,15478,千克,0,?,"139,037"
202001,12129999,未列名食用植物产品,142,中国,10,一般贸易,33,浙江省,364,千克,0,?,"53,148"
202001,12129999,未列名食用植物产品,236,尼日利亚,34,海关特殊监管区域物流货物,35,福建省,72000,千克,0,?,"865,727"
202001,12129999,未列名食用植物产品,246,苏丹,10,一般贸易,11,北京市,5140,千克,0,?,"28,771"
202001,12129999,未列名食用植物产品,246,苏丹,10,一般贸易,43,湖南省,3,千克,0,?,945
202001,12129999,未列名食用植物产品,307,意大利,10,一般贸易,21,辽宁省,16938,千克,0,?,"90,990"
202001,12129999,未列名食用植物产品,502,美国,34,海关特殊监管区域物流货物,31,上海市,171,千克,0,?,"70,394"
202001,12129999,未列名食用植物产品,502,美国,34,海关特殊监管区域物流货物,44,广东省,120,千克,0,?,"11,862"
202001,12130000,未经处理的谷类植物的茎、杆及谷壳,111,印度,10,一般贸易,32,江苏省,9200,千克,0,?,"17,417"
202001,12130000,未经处理的谷类植物的茎、杆及谷壳,327,波兰,10,一般贸易,37,山东省,123125,千克,0,?,"177,514"
202001,12130000,未经处理的谷类植物的茎、杆及谷壳,336,立陶宛,10,一般贸易,12,天津市,217380,千克,0,?,"416,140"
202001,12130000,未经处理的谷类植物的茎、杆及谷壳,336,立陶宛,10,一般贸易,37,山东省,53440,千克,0,?,"103,135"
202001,12130000,未经处理的谷类植物的茎、杆及谷壳,344,俄罗斯,10,一般贸易,11,北京市,222360,千克,0,?,"326,126"
202001,12130000,未经处理的谷类植物的茎、杆及谷壳,344,俄罗斯,10,一般贸易,12,天津市,106570,千克,0,?,"269,026"
202001,12130000,未经处理的谷类植物的茎、杆及谷壳,344,俄罗斯,10,一般贸易,13,河北省,432780,千克,0,?,"691,216"
202001,12130000,未经处理的谷类植物的茎、杆及谷壳,344,俄罗斯,10,一般贸易,15,内蒙古自治区,45840,千克,0,?,"93,014"
202001,12130000,未经处理的谷类植物的茎、杆及谷壳,344,俄罗斯,10,一般贸易,32,江苏省,139970,千克,0,?,"285,806"
202001,12130000,未经处理的谷类植物的茎、杆及谷壳,344,俄罗斯,10,一般贸易,37,山东省,467955,千克,0,?,"1,044,844"
202001,12130000,未经处理的谷类植物的茎、杆及谷壳,347,乌克兰,10,一般贸易,12,天津市,55055,千克,0,?,"102,388"
202001,12130000,未经处理的谷类植物的茎、杆及谷壳,347,乌克兰,10,一般贸易,21,辽宁省,206040,千克,0,?,"379,042"
202001,12130000,未经处理的谷类植物的茎、杆及谷壳,347,乌克兰,10,一般贸易,32,江苏省,158220,千克,0,?,"160,701"
202001,12130000,未经处理的谷类植物的茎、杆及谷壳,347,乌克兰,10,一般贸易,37,山东省,45720,千克,0,?,"82,847"
202001,12141000,紫苜蓿粗粉及团粒,312,西班牙,10,一般贸易,33,浙江省,494000,千克,0,?,"835,939"
202001,12141000,紫苜蓿粗粉及团粒,312,西班牙,10,一般贸易,37,山东省,727500,千克,0,?,"1,269,471"
202001,12141000,紫苜蓿粗粉及团粒,429,墨西哥,10,一般贸易,44,广东省,1753,千克,0,?,"305,190"
202001,12149000,其他草饲料,244,南非,10,一般贸易,11,北京市,3232710,千克,0,?,"7,339,241"
202001,12149000,其他草饲料,244,南非,10,一般贸易,31,上海市,597760,千克,0,?,"1,318,974"
202001,12149000,其他草饲料,244,南非,10,一般贸易,34,安徽省,213670,千克,0,?,"515,785"
202001,12149000,其他草饲料,244,南非,10,一般贸易,37,山东省,403080,千克,0,?,"945,529"
202001,12149000,其他草饲料,244,南非,10,一般贸易,51,四川省,250880,千克,0,?,"649,116"
202001,12149000,其他草饲料,244,南非,10,一般贸易,61,陕西省,296140,千克,0,?,"741,798"
202001,12149000,其他草饲料,307,意大利,10,一般贸易,35,福建省,601580,千克,0,?,"1,253,791"
202001,12149000,其他草饲料,312,西班牙,10,一般贸易,11,北京市,3679240,千克,0,?,"7,798,379"
202001,12149000,其他草饲料,312,西班牙,10,一般贸易,12,天津市,232340,千克,0,?,"481,786"
202001,12149000,其他草饲料,312,西班牙,10,一般贸易,21,辽宁省,2531960,千克,0,?,"5,444,441"
202001,12149000,其他草饲料,312,西班牙,10,一般贸易,31,上海市,1511080,千克,0,?,"3,009,682"
202001,12149000,其他草饲料,312,西班牙,10,一般贸易,33,浙江省,485780,千克,0,?,"977,183"
202001,12149000,其他草饲料,312,西班牙,10,一般贸易,35,福建省,1168860,千克,0,?,"2,462,124"
202001,12149000,其他草饲料,312,西班牙,10,一般贸易,37,山东省,705480,千克,0,?,"1,431,007"
202001,12149000,其他草饲料,316,保加利亚,10,一般贸易,34,安徽省,143460,千克,0,?,"296,593"
202001,12149000,其他草饲料,501,加拿大,10,一般贸易,37,山东省,161490,千克,0,?,"463,571"
202001,12149000,其他草饲料,501,加拿大,10,一般贸易,44,广东省,22530,千克,0,?,"83,727"
202001,12149000,其他草饲料,502,美国,10,一般贸易,11,北京市,7041599,千克,0,?,"18,611,251"
202001,12149000,其他草饲料,502,美国,10,一般贸易,12,天津市,7510090,千克,0,?,"19,087,719"
202001,12149000,其他草饲料,502,美国,10,一般贸易,13,河北省,378010,千克,0,?,"1,057,959"
202001,12149000,其他草饲料,502,美国,10,一般贸易,15,内蒙古自治区,11666322,千克,0,?,"30,403,554"
202001,12149000,其他草饲料,502,美国,10,一般贸易,21,辽宁省,896460,千克,0,?,"2,264,529"
202001,12149000,其他草饲料,502,美国,10,一般贸易,31,上海市,7533051,千克,0,?,"19,498,445"
202001,12149000,其他草饲料,502,美国,10,一般贸易,33,浙江省,1214134,千克,0,?,"3,083,679"
202001,12149000,其他草饲料,502,美国,10,一般贸易,34,安徽省,9627234,千克,0,?,"26,062,595"
202001,12149000,其他草饲料,502,美国,10,一般贸易,35,福建省,2691742,千克,0,?,"6,505,350"
202001,12149000,其他草饲料,502,美国,10,一般贸易,37,山东省,9028013,千克,0,?,"23,801,871"
202001,12149000,其他草饲料,502,美国,10,一般贸易,44,广东省,631346,千克,0,?,"1,658,503"
202001,12149000,其他草饲料,502,美国,10,一般贸易,51,四川省,1561262,千克,0,?,"3,747,079"
202001,12149000,其他草饲料,601,澳大利亚,10,一般贸易,11,北京市,1997640,千克,0,?,"4,942,399"
202001,12149000,其他草饲料,601,澳大利亚,10,一般贸易,12,天津市,2894240,千克,0,?,"7,422,216"
202001,12149000,其他草饲料,601,澳大利亚,10,一般贸易,15,内蒙古自治区,1153820,千克,0,?,"2,678,701"
202001,12149000,其他草饲料,601,澳大利亚,10,一般贸易,21,辽宁省,771200,千克,0,?,"1,835,420"
202001,12149000,其他草饲料,601,澳大利亚,10,一般贸易,23,黑龙江省,47660,千克,0,?,"116,715"
202001,12149000,其他草饲料,601,澳大利亚,10,一般贸易,31,上海市,6996470,千克,0,?,"16,725,536"
202001,12149000,其他草饲料,601,澳大利亚,10,一般贸易,33,浙江省,3054990,千克,0,?,"7,515,387"
202001,12149000,其他草饲料,601,澳大利亚,10,一般贸易,34,安徽省,3022690,千克,0,?,"7,781,303"
202001,12149000,其他草饲料,601,澳大利亚,10,一般贸易,37,山东省,2303560,千克,0,?,"5,880,562"
202001,12149000,其他草饲料,601,澳大利亚,10,一般贸易,44,广东省,1408540,千克,0,?,"3,921,338"
202001,13012000,阿拉伯胶,211,乍得,10,一般贸易,31,上海市,4000,千克,0,?,"57,905"
202001,13012000,阿拉伯胶,303,英国,10,一般贸易,31,上海市,1,千克,0,?,228
202001,13012000,阿拉伯胶,303,英国,10,一般贸易,44,广东省,8000,千克,0,?,"295,441"
202001,13012000,阿拉伯胶,303,英国,39,其他,32,江苏省,2,千克,0,?,309
202001,13012000,阿拉伯胶,304,德国,10,一般贸易,32,江苏省,20000,千克,0,?,"359,600"
202001,13012000,阿拉伯胶,305,法国,10,一般贸易,11,北京市,9000,千克,0,?,"123,724"
202001,13012000,阿拉伯胶,305,法国,10,一般贸易,12,天津市,18000,千克,0,?,"405,260"
202001,13012000,阿拉伯胶,305,法国,10,一般贸易,31,上海市,20225,千克,0,?,"590,275"
202001,13012000,阿拉伯胶,305,法国,10,一般贸易,44,广东省,40,千克,0,?,"31,707"
202001,13012000,阿拉伯胶,312,西班牙,10,一般贸易,31,上海市,3,千克,0,?,398
202001,13019010,胶黄耆树胶（卡喇杆胶）,502,美国,39,其他,37,山东省,0,千克,0,?,875
202001,13019020,乳香、没药及血竭,112,印度尼西亚,10,一般贸易,33,浙江省,2000,千克,0,?,"1,479,425"
202001,13019020,乳香、没药及血竭,112,印度尼西亚,10,一般贸易,34,安徽省,300,千克,0,?,"272,998"
202001,13019020,乳香、没药及血竭,112,印度尼西亚,10,一般贸易,44,广东省,1100,千克,0,?,"1,223,758"
202001,13019020,乳香、没药及血竭,112,印度尼西亚,10,一般贸易,45,广西壮族自治区,1000,千克,0,?,"902,700"
202001,13019020,乳香、没药及血竭,217,埃塞俄比亚,34,海关特殊监管区域物流货物,12,天津市,32000,千克,0,?,"702,070"
202001,13019020,乳香、没药及血竭,224,肯尼亚,10,一般贸易,11,北京市,52910,千克,0,?,"4,471,723"
202001,13019020,乳香、没药及血竭,224,肯尼亚,10,一般贸易,44,广东省,28000,千克,0,?,"2,358,011"
202001,13019020,乳香、没药及血竭,243,索马里,10,一般贸易,11,北京市,24500,千克,0,?,"1,911,000"
202001,13019020,乳香、没药及血竭,246,苏丹,10,一般贸易,11,北京市,26000,千克,0,?,"1,118,000"
202001,13019020,乳香、没药及血竭,246,苏丹,10,一般贸易,34,安徽省,52000,千克,0,?,"621,703"
202001,13019020,乳香、没药及血竭,246,苏丹,10,一般贸易,44,广东省,27000,千克,0,?,"566,749"
202001,13019040,松脂,106,缅甸,10,一般贸易,53,云南省,84400,千克,0,?,"464,200"
202001,13019040,松脂,112,印度尼西亚,10,一般贸易,13,河北省,587636,千克,0,?,"3,509,002"
202001,13019040,松脂,227,马达加斯加,10,一般贸易,36,江西省,404544,千克,0,?,"1,545,080"
202001,13019040,松脂,250,乌干达,10,一般贸易,11,北京市,262080,千克,0,?,"1,466,998"
202001,13019090,未列名树胶、树脂,106,缅甸,10,一般贸易,44,广东省,9950,千克,0,?,"211,579"
202001,13019090,未列名树胶、树脂,111,印度,10,一般贸易,44,广东省,15000,千克,0,?,"168,429"
202001,13019090,未列名树胶、树脂,112,印度尼西亚,10,一般贸易,32,江苏省,15250,千克,0,?,"244,349"
202001,13019090,未列名树胶、树脂,112,印度尼西亚,10,一般贸易,34,安徽省,26000,千克,0,?,"393,984"
202001,13019090,未列名树胶、树脂,112,印度尼西亚,10,一般贸易,44,广东省,51200,千克,0,?,"814,847"
202001,13019090,未列名树胶、树脂,112,印度尼西亚,15,进料加工贸易,44,广东省,9000,千克,0,?,"170,025"
202001,13019090,未列名树胶、树脂,116,日本,10,一般贸易,21,辽宁省,15,千克,0,?,"17,317"
202001,13019090,未列名树胶、树脂,116,日本,10,一般贸易,31,上海市,229,千克,0,?,"12,447"
202001,13019090,未列名树胶、树脂,305,法国,10,一般贸易,37,山东省,200,千克,0,?,"7,671"
202001,13019090,未列名树胶、树脂,305,法国,10,一般贸易,44,广东省,400,千克,0,?,"15,459"
202001,13021200,甘草液汁及浸膏,133,韩国,10,一般贸易,44,广东省,226,千克,0,?,"196,093"
202001,13021200,甘草液汁及浸膏,138,阿联酋,34,海关特殊监管区域物流货物,32,江苏省,175000,千克,0,?,"7,346,745"
202001,13021200,甘草液汁及浸膏,149,乌兹别克斯坦,10,一般贸易,64,宁夏回族自治区,24100,千克,0,?,"370,976"
202001,13021200,甘草液汁及浸膏,304,德国,10,一般贸易,44,广东省,60,千克,0,?,"17,259"
202001,13021200,甘草液汁及浸膏,309,荷兰,10,一般贸易,31,上海市,25,千克,0,?,"1,254"
202001,13021200,甘草液汁及浸膏,502,美国,10,一般贸易,31,上海市,1250,千克,0,?,"117,044"
202001,13021200,甘草液汁及浸膏,502,美国,15,进料加工贸易,32,江苏省,7284,千克,0,?,"481,226"
202001,13021920,印楝素,111,印度,10,一般贸易,51,四川省,248,千克,0,?,"1,014,551"
202001,13021940,银杏液汁及浸膏,502,美国,10,一般贸易,31,上海市,1,千克,0,?,440
202001,13021990,其他植物液汁及浸膏,111,印度,10,一般贸易,32,江苏省,177,千克,0,?,"132,989"
202001,13021990,其他植物液汁及浸膏,111,印度,10,一般贸易,44,广东省,60,千克,0,?,"21,528"
202001,13021990,其他植物液汁及浸膏,111,印度,34,海关特殊监管区域物流货物,31,上海市,0,千克,0,?,"1,504"
202001,13021990,其他植物液汁及浸膏,112,印度尼西亚,10,一般贸易,31,上海市,120,千克,0,?,"8,658"
202001,13021990,其他植物液汁及浸膏,116,日本,10,一般贸易,11,北京市,30,千克,0,?,"41,072"
202001,13021990,其他植物液汁及浸膏,116,日本,10,一般贸易,31,上海市,294,千克,0,?,"288,035"
202001,13021990,其他植物液汁及浸膏,116,日本,10,一般贸易,33,浙江省,170,千克,0,?,"268,278"
202001,13021990,其他植物液汁及浸膏,116,日本,15,进料加工贸易,44,广东省,117,千克,0,?,"145,041"
202001,13021990,其他植物液汁及浸膏,116,日本,34,海关特殊监管区域物流货物,31,上海市,20,千克,0,?,"35,171"
202001,13021990,其他植物液汁及浸膏,119,老挝,10,一般贸易,53,云南省,4400,千克,0,?,"351,542"
202001,13021990,其他植物液汁及浸膏,129,菲律宾,10,一般贸易,31,上海市,225,千克,0,?,"48,640"
202001,13021990,其他植物液汁及浸膏,132,新加坡,10,一般贸易,32,江苏省,10050,千克,0,?,"383,532"
202001,13021990,其他植物液汁及浸膏,133,韩国,10,一般贸易,21,辽宁省,202,千克,0,?,"28,670"
202001,13021990,其他植物液汁及浸膏,133,韩国,10,一般贸易,22,吉林省,8160,千克,0,?,"1,860,826"
202001,13021990,其他植物液汁及浸膏,133,韩国,10,一般贸易,31,上海市,13335,千克,0,?,"1,537,185"
202001,13021990,其他植物液汁及浸膏,133,韩国,10,一般贸易,32,江苏省,2000,千克,0,?,"282,180"
202001,13021990,其他植物液汁及浸膏,133,韩国,10,一般贸易,37,山东省,860,千克,0,?,"94,267"
202001,13021990,其他植物液汁及浸膏,133,韩国,10,一般贸易,44,广东省,20983,千克,0,?,"2,922,347"
202001,13021990,其他植物液汁及浸膏,133,韩国,39,其他,31,上海市,0,千克,0,?,720
202001,13021990,其他植物液汁及浸膏,141,越南,10,一般贸易,51,四川省,30000,千克,0,?,"2,415,000"
202001,13021990,其他植物液汁及浸膏,142,中国,10,一般贸易,43,湖南省,5,千克,0,?,"1,934"
202001,13021990,其他植物液汁及浸膏,143,中国台湾,10,一般贸易,31,上海市,723,千克,0,?,"759,641"
202001,13021990,其他植物液汁及浸膏,224,肯尼亚,10,一般贸易,13,河北省,22080,千克,0,?,"387,388"
202001,13021990,其他植物液汁及浸膏,224,肯尼亚,10,一般贸易,31,上海市,22184,千克,0,?,"278,676"
202001,13021990,其他植物液汁及浸膏,224,肯尼亚,10,一般贸易,33,浙江省,5000,千克,0,?,"146,935"
202001,13021990,其他植物液汁及浸膏,224,肯尼亚,10,一般贸易,61,陕西省,12600,千克,0,?,"396,724"
202001,13021990,其他植物液汁及浸膏,244,南非,10,一般贸易,31,上海市,300,千克,0,?,"18,945"
202001,13021990,其他植物液汁及浸膏,302,丹麦,10,一般贸易,11,北京市,60,千克,0,?,"15,466"
202001,13021990,其他植物液汁及浸膏,304,德国,10,一般贸易,31,上海市,205,千克,0,?,"109,786"
202001,13021990,其他植物液汁及浸膏,304,德国,10,一般贸易,32,江苏省,3345,千克,0,?,"537,935"
202001,13021990,其他植物液汁及浸膏,304,德国,10,一般贸易,44,广东省,12,千克,0,?,"12,253"
202001,13021990,其他植物液汁及浸膏,304,德国,34,海关特殊监管区域物流货物,31,上海市,65,千克,0,?,"44,717"
202001,13021990,其他植物液汁及浸膏,305,法国,10,一般贸易,31,上海市,3372,千克,0,?,"383,656"
202001,13021990,其他植物液汁及浸膏,305,法国,10,一般贸易,32,江苏省,165,千克,0,?,"51,416"
202001,13021990,其他植物液汁及浸膏,305,法国,10,一般贸易,33,浙江省,40,千克,0,?,"66,677"
202001,13021990,其他植物液汁及浸膏,305,法国,10,一般贸易,37,山东省,20,千克,0,?,"37,468"
202001,13021990,其他植物液汁及浸膏,305,法国,10,一般贸易,44,广东省,320,千克,0,?,"244,577"
202001,13021990,其他植物液汁及浸膏,305,法国,34,海关特殊监管区域物流货物,31,上海市,540,千克,0,?,"607,703"
202001,13021990,其他植物液汁及浸膏,305,法国,39,其他,31,上海市,0,千克,0,?,160
202001,13021990,其他植物液汁及浸膏,307,意大利,10,一般贸易,11,北京市,741,千克,0,?,"1,445,246"
202001,13021990,其他植物液汁及浸膏,307,意大利,10,一般贸易,31,上海市,50,千克,0,?,"88,146"
202001,13021990,其他植物液汁及浸膏,307,意大利,10,一般贸易,44,广东省,27,千克,0,?,"6,179"
202001,13021990,其他植物液汁及浸膏,309,荷兰,10,一般贸易,31,上海市,210,千克,0,?,"32,850"
202001,13021990,其他植物液汁及浸膏,312,西班牙,10,一般贸易,31,上海市,130,千克,0,?,"22,299"
202001,13021990,其他植物液汁及浸膏,312,西班牙,39,其他,31,上海市,2,千克,0,?,"2,107"
202001,13021990,其他植物液汁及浸膏,318,芬兰,10,一般贸易,31,上海市,2340,千克,0,?,"24,634"
202001,13021990,其他植物液汁及浸膏,331,瑞士,10,一般贸易,31,上海市,175,千克,0,?,"47,605"
202001,13021990,其他植物液汁及浸膏,331,瑞士,10,一般贸易,44,广东省,2,千克,0,?,677
202001,13021990,其他植物液汁及浸膏,331,瑞士,34,海关特殊监管区域物流货物,31,上海市,10,千克,0,?,"2,469"
202001,13021990,其他植物液汁及浸膏,350,斯洛文尼亚,10,一般贸易,32,江苏省,20,千克,0,?,"5,287"
202001,13021990,其他植物液汁及浸膏,410,巴西,10,一般贸易,44,广东省,20,千克,0,?,"4,667"
202001,13021990,其他植物液汁及浸膏,429,墨西哥,10,一般贸易,44,广东省,1,千克,0,?,35
202001,13021990,其他植物液汁及浸膏,501,加拿大,10,一般贸易,33,浙江省,5,千克,0,?,"21,167"
202001,13021990,其他植物液汁及浸膏,502,美国,10,一般贸易,11,北京市,3123,千克,0,?,"30,348"
202001,13021990,其他植物液汁及浸膏,502,美国,10,一般贸易,31,上海市,675,千克,0,?,"958,190"
202001,13021990,其他植物液汁及浸膏,502,美国,10,一般贸易,44,广东省,48005,千克,0,?,"1,282,292"
202001,13021990,其他植物液汁及浸膏,502,美国,34,海关特殊监管区域物流货物,31,上海市,143,千克,0,?,"43,557"
202001,13021990,其他植物液汁及浸膏,601,澳大利亚,10,一般贸易,31,上海市,800,千克,0,?,"46,096"
202001,13021990,其他植物液汁及浸膏,601,澳大利亚,10,一般贸易,44,广东省,10,千克,0,?,"26,210"
202001,13022000,果胶、果胶酸盐及果胶酸酯,116,日本,34,海关特殊监管区域物流货物,31,上海市,259,千克,0,?,"17,480"
202001,13022000,果胶、果胶酸盐及果胶酸酯,142,中国,39,其他,37,山东省,0,千克,0,?,"1,000"
202001,13022000,果胶、果胶酸盐及果胶酸酯,301,比利时,10,一般贸易,44,广东省,260,千克,0,?,"34,594"
202001,13022000,果胶、果胶酸盐及果胶酸酯,305,法国,10,一般贸易,11,北京市,20000,千克,0,?,"1,813,918"
202001,13022000,果胶、果胶酸盐及果胶酸酯,305,法国,10,一般贸易,31,上海市,984,千克,0,?,"177,889"
202001,13022000,果胶、果胶酸盐及果胶酸酯,305,法国,34,海关特殊监管区域物流货物,32,江苏省,480,千克,0,?,"81,823"
202001,13022000,果胶、果胶酸盐及果胶酸酯,307,意大利,10,一般贸易,11,北京市,25000,千克,0,?,"1,232,653"
202001,13022000,果胶、果胶酸盐及果胶酸酯,312,西班牙,10,一般贸易,31,上海市,367,千克,0,?,"94,201"
202001,13022000,果胶、果胶酸盐及果胶酸酯,352,捷克,10,一般贸易,32,江苏省,23020,千克,0,?,"1,627,939"
202001,13022000,果胶、果胶酸盐及果胶酸酯,410,巴西,10,一般贸易,32,江苏省,220000,千克,0,?,"12,754,734"
202001,13022000,果胶、果胶酸盐及果胶酸酯,429,墨西哥,34,海关特殊监管区域物流货物,31,上海市,3000,千克,0,?,"282,424"
202001,13023100,琼脂,111,印度,34,海关特殊监管区域物流货物,31,上海市,1,千克,0,?,625
202001,13023100,琼脂,112,印度尼西亚,10,一般贸易,12,天津市,30000,千克,0,?,"3,365,664"
202001,13023100,琼脂,133,韩国,10,一般贸易,31,上海市,10000,千克,0,?,"1,143,916"
202001,13023100,琼脂,133,韩国,10,一般贸易,37,山东省,3100,千克,0,?,"328,281"
202001,13023100,琼脂,141,越南,10,一般贸易,31,上海市,38400,千克,0,?,"3,895,874"
202001,13023100,琼脂,232,摩洛哥,10,一般贸易,31,上海市,6000,千克,0,?,"892,051"
202001,13023100,琼脂,232,摩洛哥,10,一般贸易,44,广东省,250,千克,0,?,"61,633"
202001,13023100,琼脂,304,德国,10,一般贸易,44,广东省,2274,千克,0,?,"103,517"
202001,13023100,琼脂,305,法国,10,一般贸易,31,上海市,36,千克,0,?,"17,042"
202001,13023100,琼脂,312,西班牙,10,一般贸易,31,上海市,102,千克,0,?,"43,012"
202001,13023100,琼脂,344,俄罗斯,10,一般贸易,31,上海市,2,千克,0,?,"1,010"
202001,13023100,琼脂,502,美国,10,一般贸易,11,北京市,1,千克,0,?,"2,099"
202001,13023100,琼脂,502,美国,10,一般贸易,31,上海市,4,千克,0,?,"3,381"
202001,13023100,琼脂,502,美国,34,海关特殊监管区域物流货物,31,上海市,59,千克,0,?,"56,397"
202001,13023200,"从刺槐豆、刺槐豆子或瓜尔豆制得的胶液及增稠剂,不论是否改性",111,印度,10,一般贸易,11,北京市,90720,千克,0,?,"1,217,461"
202001,13023200,"从刺槐豆、刺槐豆子或瓜尔豆制得的胶液及增稠剂,不论是否改性",111,印度,10,一般贸易,12,天津市,66000,千克,0,?,"618,806"
202001,13023200,"从刺槐豆、刺槐豆子或瓜尔豆制得的胶液及增稠剂,不论是否改性",111,印度,10,一般贸易,13,河北省,36000,千克,0,?,"231,737"
202001,13023200,"从刺槐豆、刺槐豆子或瓜尔豆制得的胶液及增稠剂,不论是否改性",111,印度,10,一般贸易,31,上海市,101000,千克,0,?,"974,878"
202001,13023200,"从刺槐豆、刺槐豆子或瓜尔豆制得的胶液及增稠剂,不论是否改性",111,印度,10,一般贸易,32,江苏省,132000,千克,0,?,"1,640,634"
202001,13023200,"从刺槐豆、刺槐豆子或瓜尔豆制得的胶液及增稠剂,不论是否改性",111,印度,10,一般贸易,44,广东省,20000,千克,0,?,"188,916"
202001,13023200,"从刺槐豆、刺槐豆子或瓜尔豆制得的胶液及增稠剂,不论是否改性",111,印度,10,一般贸易,65,新疆维吾尔自治区,56000,千克,0,?,"498,118"
202001,13023200,"从刺槐豆、刺槐豆子或瓜尔豆制得的胶液及增稠剂,不论是否改性",111,印度,15,进料加工贸易,32,江苏省,350,千克,0,?,"21,694"
202001,13023200,"从刺槐豆、刺槐豆子或瓜尔豆制得的胶液及增稠剂,不论是否改性",111,印度,33,保税监管场所进出境货物,31,上海市,1590,千克,0,?,"93,810"
202001,13023200,"从刺槐豆、刺槐豆子或瓜尔豆制得的胶液及增稠剂,不论是否改性",116,日本,10,一般贸易,31,上海市,1920,千克,0,?,"258,816"
202001,13023200,"从刺槐豆、刺槐豆子或瓜尔豆制得的胶液及增稠剂,不论是否改性",127,巴基斯坦,10,一般贸易,13,河北省,280000,千克,0,?,"2,042,101"
202001,13023200,"从刺槐豆、刺槐豆子或瓜尔豆制得的胶液及增稠剂,不论是否改性",127,巴基斯坦,10,一般贸易,43,湖南省,40000,千克,0,?,"321,857"
202001,13023200,"从刺槐豆、刺槐豆子或瓜尔豆制得的胶液及增稠剂,不论是否改性",127,巴基斯坦,10,一般贸易,44,广东省,54000,千克,0,?,"975,263"
202001,13023200,"从刺槐豆、刺槐豆子或瓜尔豆制得的胶液及增稠剂,不论是否改性",127,巴基斯坦,10,一般贸易,65,新疆维吾尔自治区,260000,千克,0,?,"2,241,214"
202001,13023200,"从刺槐豆、刺槐豆子或瓜尔豆制得的胶液及增稠剂,不论是否改性",133,韩国,10,一般贸易,31,上海市,2020,千克,0,?,"66,243"
202001,13023200,"从刺槐豆、刺槐豆子或瓜尔豆制得的胶液及增稠剂,不论是否改性",137,土耳其,10,一般贸易,31,上海市,10000,千克,0,?,"1,287,264"
202001,13023200,"从刺槐豆、刺槐豆子或瓜尔豆制得的胶液及增稠剂,不论是否改性",137,土耳其,10,一般贸易,37,山东省,100,千克,0,?,"18,562"
202001,13023200,"从刺槐豆、刺槐豆子或瓜尔豆制得的胶液及增稠剂,不论是否改性",305,法国,10,一般贸易,32,江苏省,16000,千克,0,?,"2,462,909"
202001,13023200,"从刺槐豆、刺槐豆子或瓜尔豆制得的胶液及增稠剂,不论是否改性",305,法国,34,海关特殊监管区域物流货物,31,上海市,48,千克,0,?,"6,014"
202001,13023200,"从刺槐豆、刺槐豆子或瓜尔豆制得的胶液及增稠剂,不论是否改性",307,意大利,10,一般贸易,12,天津市,12000,千克,0,?,"1,596,207"
202001,13023200,"从刺槐豆、刺槐豆子或瓜尔豆制得的胶液及增稠剂,不论是否改性",307,意大利,10,一般贸易,31,上海市,28500,千克,0,?,"1,871,198"
202001,13023200,"从刺槐豆、刺槐豆子或瓜尔豆制得的胶液及增稠剂,不论是否改性",307,意大利,10,一般贸易,32,江苏省,8000,千克,0,?,"1,003,355"
202001,13023200,"从刺槐豆、刺槐豆子或瓜尔豆制得的胶液及增稠剂,不论是否改性",307,意大利,10,一般贸易,44,广东省,5000,千克,0,?,"682,640"
202001,13023200,"从刺槐豆、刺槐豆子或瓜尔豆制得的胶液及增稠剂,不论是否改性",309,荷兰,10,一般贸易,32,江苏省,50,千克,0,?,"2,289"
202001,13023200,"从刺槐豆、刺槐豆子或瓜尔豆制得的胶液及增稠剂,不论是否改性",309,荷兰,15,进料加工贸易,44,广东省,1000,千克,0,?,"35,263"
202001,13023200,"从刺槐豆、刺槐豆子或瓜尔豆制得的胶液及增稠剂,不论是否改性",312,西班牙,10,一般贸易,31,上海市,10052,千克,0,?,"1,276,414"
202001,13023200,"从刺槐豆、刺槐豆子或瓜尔豆制得的胶液及增稠剂,不论是否改性",502,美国,10,一般贸易,31,上海市,24225,千克,0,?,"1,261,961"
202001,13023200,"从刺槐豆、刺槐豆子或瓜尔豆制得的胶液及增稠剂,不论是否改性",502,美国,34,海关特殊监管区域物流货物,31,上海市,175,千克,0,?,"28,525"
202001,13023911,卡拉胶,112,印度尼西亚,10,一般贸易,31,上海市,139220,千克,0,?,"6,938,759"
202001,13023911,卡拉胶,112,印度尼西亚,10,一般贸易,33,浙江省,168000,千克,0,?,"7,987,132"
202001,13023911,卡拉胶,112,印度尼西亚,10,一般贸易,37,山东省,500,千克,0,?,"34,024"
202001,13023911,卡拉胶,129,菲律宾,10,一般贸易,31,上海市,2500,千克,0,?,"199,401"
202001,13023911,卡拉胶,129,菲律宾,15,进料加工贸易,37,山东省,3600,千克,0,?,"340,301"
202001,13023911,卡拉胶,129,菲律宾,34,海关特殊监管区域物流货物,31,上海市,9025,千克,0,?,"561,572"
202001,13023911,卡拉胶,133,韩国,10,一般贸易,31,上海市,55,千克,0,?,"6,014"
202001,13023911,卡拉胶,133,韩国,10,一般贸易,37,山东省,900,千克,0,?,"67,002"
202001,13023911,卡拉胶,301,比利时,10,一般贸易,44,广东省,250,千克,0,?,"32,461"
202001,13023911,卡拉胶,305,法国,10,一般贸易,31,上海市,6811,千克,0,?,"661,260"
202001,13023911,卡拉胶,312,西班牙,10,一般贸易,31,上海市,28,千克,0,?,"6,895"
202001,13023911,卡拉胶,312,西班牙,10,一般贸易,35,福建省,4000,千克,0,?,"417,822"
202001,13023911,卡拉胶,412,智利,10,一般贸易,31,上海市,400,千克,0,?,"62,972"
202001,13023911,卡拉胶,412,智利,34,海关特殊监管区域物流货物,31,上海市,28000,千克,0,?,"2,646,081"
202001,13023911,卡拉胶,502,美国,10,一般贸易,31,上海市,14710,千克,0,?,"1,372,516"
202001,13023911,卡拉胶,502,美国,10,一般贸易,32,江苏省,400,千克,0,?,"68,008"
202001,13023911,卡拉胶,502,美国,10,一般贸易,42,湖北省,25,千克,0,?,"5,391"
202001,13023911,卡拉胶,502,美国,10,一般贸易,44,广东省,18000,千克,0,?,"1,807,299"
202001,13023911,卡拉胶,502,美国,15,进料加工贸易,44,广东省,12100,千克,0,?,"1,214,907"
202001,13023911,卡拉胶,502,美国,34,海关特殊监管区域物流货物,31,上海市,50,千克,0,?,"10,971"
202001,13023912,褐藻胶,305,法国,10,一般贸易,31,上海市,0,千克,0,?,447
202001,13023919,未列名海草及藻类产品制得的胶液及增稠剂,304,德国,10,一般贸易,32,江苏省,50,千克,0,?,"34,708"
202001,13023919,未列名海草及藻类产品制得的胶液及增稠剂,304,德国,34,海关特殊监管区域物流货物,31,上海市,20,千克,0,?,"14,745"
202001,13023919,未列名海草及藻类产品制得的胶液及增稠剂,305,法国,10,一般贸易,31,上海市,117,千克,0,?,"141,730"
202001,13023919,未列名海草及藻类产品制得的胶液及增稠剂,410,巴西,10,一般贸易,44,广东省,2500,千克,0,?,"240,179"
202001,13023990,其他植物产品制得的胶液及增稠剂,110,中国香港,15,进料加工贸易,44,广东省,49,千克,0,?,"8,460"
202001,13023990,其他植物产品制得的胶液及增稠剂,111,印度,10,一般贸易,37,山东省,1000,千克,0,?,"12,785"
202001,13023990,其他植物产品制得的胶液及增稠剂,111,印度,10,一般贸易,44,广东省,40000,千克,0,?,"356,842"
202001,13023990,其他植物产品制得的胶液及增稠剂,116,日本,10,一般贸易,11,北京市,50,千克,0,?,"41,299"
202001,13023990,其他植物产品制得的胶液及增稠剂,142,中国,10,一般贸易,42,湖北省,550,千克,0,?,"34,482"
202001,13023990,其他植物产品制得的胶液及增稠剂,142,中国,10,一般贸易,44,广东省,200,千克,0,?,"12,539"
202001,13023990,其他植物产品制得的胶液及增稠剂,142,中国,15,进料加工贸易,44,广东省,129,千克,0,?,"9,114"
202001,13023990,其他植物产品制得的胶液及增稠剂,307,意大利,10,一般贸易,31,上海市,2,千克,0,?,"1,741"
202001,13023990,其他植物产品制得的胶液及增稠剂,312,西班牙,10,一般贸易,31,上海市,504,千克,0,?,"114,960"
202001,13023990,其他植物产品制得的胶液及增稠剂,315,奥地利,14,来料加工贸易,44,广东省,20,千克,0,?,"8,690"
202001,13023990,其他植物产品制得的胶液及增稠剂,434,秘鲁,10,一般贸易,44,广东省,20000,千克,0,?,"547,395"
202001,13023990,其他植物产品制得的胶液及增稠剂,502,美国,10,一般贸易,31,上海市,2,千克,0,?,974
202001,14011000,竹,106,缅甸,19,边境小额贸易,53,云南省,1504500,千克,0,?,"407,087"
202001,14011000,竹,111,印度,10,一般贸易,44,广东省,90,千克,0,?,"5,878"
202001,14011000,竹,143,中国台湾,15,进料加工贸易,35,福建省,17778,千克,0,?,"78,367"
202001,14012000,藤,106,缅甸,19,边境小额贸易,53,云南省,73600,千克,0,?,"178,170"
202001,14012000,藤,112,印度尼西亚,10,一般贸易,35,福建省,11125,千克,0,?,"46,704"
202001,14012000,藤,112,印度尼西亚,10,一般贸易,44,广东省,175669,千克,0,?,"1,466,581"
202001,14012000,藤,122,马来西亚,10,一般贸易,44,广东省,217999,千克,0,?,"1,630,957"
202001,14012000,藤,129,菲律宾,10,一般贸易,31,上海市,17360,千克,0,?,"79,190"
202001,14012000,藤,129,菲律宾,10,一般贸易,37,山东省,49320,千克,0,?,"335,491"
202001,14012000,藤,129,菲律宾,10,一般贸易,44,广东省,117220,千克,0,?,"877,455"
202001,14012000,藤,132,新加坡,10,一般贸易,44,广东省,22900,千克,0,?,"194,515"
202001,14012000,藤,611,巴布亚新几内亚,10,一般贸易,44,广东省,38950,千克,0,?,"100,987"
202001,14019090,未列名主要作编结用的植物材料,227,马达加斯加,10,一般贸易,32,江苏省,19500,千克,0,?,"136,439"
202001,14019090,未列名主要作编结用的植物材料,227,马达加斯加,10,一般贸易,33,浙江省,19800,千克,0,?,"138,954"
202001,14019090,未列名主要作编结用的植物材料,227,马达加斯加,10,一般贸易,37,山东省,147400,千克,0,?,"1,061,283"
202001,14042000,棉短绒,111,印度,10,一般贸易,37,山东省,630246,千克,0,?,"1,016,407"
202001,14042000,棉短绒,111,印度,10,一般贸易,42,湖北省,20815,千克,0,?,"161,785"
202001,14042000,棉短绒,111,印度,34,海关特殊监管区域物流货物,37,山东省,187674,千克,0,?,"281,414"
202001,14042000,棉短绒,127,巴基斯坦,10,一般贸易,32,江苏省,80198,千克,0,?,"988,654"
202001,14042000,棉短绒,137,土耳其,10,一般贸易,37,山东省,783080,千克,0,?,"1,970,341"
202001,14042000,棉短绒,148,土库曼斯坦,10,一般贸易,31,上海市,2066981,千克,0,?,"4,752,051"
202001,14042000,棉短绒,149,乌兹别克斯坦,10,一般贸易,32,江苏省,285767,千克,0,?,"899,767"
202001,14042000,棉短绒,247,坦桑尼亚,10,一般贸易,32,江苏省,234608,千克,0,?,"362,220"
202001,14042000,棉短绒,410,巴西,10,一般贸易,34,安徽省,1826681,千克,0,?,"3,625,230"
202001,14042000,棉短绒,502,美国,10,一般贸易,37,山东省,762842,千克,0,?,"2,941,892"
202001,14049010,主要供染料、鞣料用的植物原料,101,阿富汗,10,一般贸易,32,江苏省,14200,千克,0,?,"20,927"
202001,14049010,主要供染料、鞣料用的植物原料,111,印度,10,一般贸易,41,河南省,5500,千克,0,?,"101,209"
202001,14049010,主要供染料、鞣料用的植物原料,111,印度,10,一般贸易,44,广东省,9000,千克,0,?,"84,634"
202001,14049010,主要供染料、鞣料用的植物原料,111,印度,10,一般贸易,51,四川省,6000,千克,0,?,"154,558"
202001,14049010,主要供染料、鞣料用的植物原料,127,巴基斯坦,10,一般贸易,12,天津市,34680,千克,0,?,"150,068"
202001,14049010,主要供染料、鞣料用的植物原料,127,巴基斯坦,10,一般贸易,32,江苏省,64710,千克,0,?,"79,473"
202001,14049010,主要供染料、鞣料用的植物原料,127,巴基斯坦,10,一般贸易,44,广东省,15881,千克,0,?,"44,447"
202001,14049010,主要供染料、鞣料用的植物原料,127,巴基斯坦,10,一般贸易,65,新疆维吾尔自治区,42000,千克,0,?,"264,645"
202001,14049010,主要供染料、鞣料用的植物原料,240,塞内加尔,15,进料加工贸易,37,山东省,42000,千克,0,?,"526,131"
202001,14049010,主要供染料、鞣料用的植物原料,434,秘鲁,10,一般贸易,21,辽宁省,20000,千克,0,?,"197,203"
202001,14049010,主要供染料、鞣料用的植物原料,434,秘鲁,10,一般贸易,31,上海市,20000,千克,0,?,"168,429"
202001,14049010,主要供染料、鞣料用的植物原料,434,秘鲁,10,一般贸易,32,江苏省,40000,千克,0,?,"433,808"
202001,14049010,主要供染料、鞣料用的植物原料,434,秘鲁,10,一般贸易,33,浙江省,60000,千克,0,?,"650,712"
202001,14049010,主要供染料、鞣料用的植物原料,434,秘鲁,10,一般贸易,37,山东省,80000,千克,0,?,"766,804"
202001,14049010,主要供染料、鞣料用的植物原料,434,秘鲁,10,一般贸易,42,湖北省,200000,千克,0,?,"2,029,101"
202001,14049010,主要供染料、鞣料用的植物原料,434,秘鲁,34,海关特殊监管区域物流货物,31,上海市,40000,千克,0,?,"405,820"
202001,14049090,其他品目未列名的植物产品,106,缅甸,19,边境小额贸易,53,云南省,8200,千克,0,?,"12,300"
202001,14049090,其他品目未列名的植物产品,110,中国香港,10,一般贸易,31,上海市,9881,千克,0,?,"72,747"
202001,14049090,其他品目未列名的植物产品,111,印度,10,一般贸易,11,北京市,544788,千克,0,?,"1,229,913"
202001,14049090,其他品目未列名的植物产品,111,印度,10,一般贸易,13,河北省,51400,千克,0,?,"111,489"
202001,14049090,其他品目未列名的植物产品,111,印度,10,一般贸易,31,上海市,23846,千克,0,?,"76,971"
202001,14049090,其他品目未列名的植物产品,111,印度,10,一般贸易,32,江苏省,92153,千克,0,?,"375,989"
202001,14049090,其他品目未列名的植物产品,111,印度,10,一般贸易,33,浙江省,10000,千克,0,?,"175,447"
202001,14049090,其他品目未列名的植物产品,111,印度,10,一般贸易,35,福建省,109100,千克,0,?,"236,051"
202001,14049090,其他品目未列名的植物产品,111,印度,10,一般贸易,37,山东省,69000,千克,0,?,"146,844"
202001,14049090,其他品目未列名的植物产品,111,印度,10,一般贸易,44,广东省,180484,千克,0,?,"832,414"
202001,14049090,其他品目未列名的植物产品,111,印度,10,一般贸易,53,云南省,33400,千克,0,?,"165,575"
202001,14049090,其他品目未列名的植物产品,112,印度尼西亚,10,一般贸易,31,上海市,18525,千克,0,?,"25,875"
202001,14049090,其他品目未列名的植物产品,112,印度尼西亚,10,一般贸易,32,江苏省,160489,千克,0,?,"165,026"
202001,14049090,其他品目未列名的植物产品,112,印度尼西亚,10,一般贸易,35,福建省,269,千克,0,?,"8,034"
202001,14049090,其他品目未列名的植物产品,112,印度尼西亚,10,一般贸易,37,山东省,199870,千克,0,?,"201,654"
202001,14049090,其他品目未列名的植物产品,112,印度尼西亚,10,一般贸易,43,湖南省,21542,千克,0,?,"30,236"
202001,14049090,其他品目未列名的植物产品,112,印度尼西亚,10,一般贸易,44,广东省,281015,千克,0,?,"801,151"
202001,14049090,其他品目未列名的植物产品,116,日本,10,一般贸易,21,辽宁省,2400,千克,0,?,"59,426"
202001,14049090,其他品目未列名的植物产品,116,日本,39,其他,21,辽宁省,30,千克,0,?,"2,592"
202001,14049090,其他品目未列名的植物产品,122,马来西亚,10,一般贸易,11,北京市,257870,千克,0,?,"231,972"
202001,14049090,其他品目未列名的植物产品,122,马来西亚,10,一般贸易,12,天津市,75880,千克,0,?,"59,558"
202001,14049090,其他品目未列名的植物产品,122,马来西亚,10,一般贸易,13,河北省,365820,千克,0,?,"314,305"
202001,14049090,其他品目未列名的植物产品,122,马来西亚,10,一般贸易,21,辽宁省,355560,千克,0,?,"311,911"
202001,14049090,其他品目未列名的植物产品,122,马来西亚,10,一般贸易,31,上海市,0,千克,0,?,84
202001,14049090,其他品目未列名的植物产品,122,马来西亚,10,一般贸易,32,江苏省,216720,千克,0,?,"197,868"
202001,14049090,其他品目未列名的植物产品,122,马来西亚,10,一般贸易,35,福建省,658870,千克,0,?,"637,209"
202001,14049090,其他品目未列名的植物产品,122,马来西亚,10,一般贸易,37,山东省,1576050,千克,0,?,"1,305,890"
202001,14049090,其他品目未列名的植物产品,122,马来西亚,10,一般贸易,44,广东省,1622891,千克,0,?,"1,533,862"
202001,14049090,其他品目未列名的植物产品,122,马来西亚,10,一般贸易,51,四川省,82840,千克,0,?,"79,647"
202001,14049090,其他品目未列名的植物产品,122,马来西亚,33,保税监管场所进出境货物,50,重庆市,133940,千克,0,?,"126,897"
202001,14049090,其他品目未列名的植物产品,129,菲律宾,10,一般贸易,11,北京市,124040,千克,0,?,"56,582"
202001,14049090,其他品目未列名的植物产品,129,菲律宾,10,一般贸易,21,辽宁省,112300,千克,0,?,"40,626"
202001,14049090,其他品目未列名的植物产品,129,菲律宾,10,一般贸易,22,吉林省,185990,千克,0,?,"105,653"
202001,14049090,其他品目未列名的植物产品,129,菲律宾,10,一般贸易,31,上海市,70505,千克,0,?,"24,793"
202001,14049090,其他品目未列名的植物产品,129,菲律宾,10,一般贸易,32,江苏省,499209,千克,0,?,"259,427"
202001,14049090,其他品目未列名的植物产品,129,菲律宾,10,一般贸易,35,福建省,1890315,千克,0,?,"986,335"
202001,14049090,其他品目未列名的植物产品,129,菲律宾,10,一般贸易,44,广东省,352715,千克,0,?,"196,482"
202001,14049090,其他品目未列名的植物产品,134,斯里兰卡,10,一般贸易,11,北京市,73260,千克,0,?,"251,158"
202001,14049090,其他品目未列名的植物产品,134,斯里兰卡,10,一般贸易,31,上海市,64420,千克,0,?,"292,360"
202001,14049090,其他品目未列名的植物产品,134,斯里兰卡,10,一般贸易,33,浙江省,25020,千克,0,?,"50,768"
202001,14049090,其他品目未列名的植物产品,134,斯里兰卡,10,一般贸易,35,福建省,30480,千克,0,?,"41,543"
202001,14049090,其他品目未列名的植物产品,134,斯里兰卡,10,一般贸易,37,山东省,72240,千克,0,?,"101,091"
202001,14049090,其他品目未列名的植物产品,134,斯里兰卡,10,一般贸易,44,广东省,112545,千克,0,?,"778,096"
202001,14049090,其他品目未列名的植物产品,136,泰国,10,一般贸易,31,上海市,52400,千克,0,?,"73,547"
202001,14049090,其他品目未列名的植物产品,136,泰国,10,一般贸易,32,江苏省,87246,千克,0,?,"39,883"
202001,14049090,其他品目未列名的植物产品,136,泰国,10,一般贸易,43,湖南省,9522,千克,0,?,"57,392"
202001,14049090,其他品目未列名的植物产品,136,泰国,10,一般贸易,44,广东省,0,千克,0,?,14
202001,14049090,其他品目未列名的植物产品,141,越南,10,一般贸易,35,福建省,175793,千克,0,?,"122,546"
202001,14049090,其他品目未列名的植物产品,143,中国台湾,39,其他,35,福建省,968,千克,0,?,"17,186"
202001,14049090,其他品目未列名的植物产品,206,喀麦隆,10,一般贸易,37,山东省,28840,千克,0,?,"11,704"
202001,14049090,其他品目未列名的植物产品,228,马拉维,10,一般贸易,21,辽宁省,46000,千克,0,?,"64,372"
202001,14049090,其他品目未列名的植物产品,247,坦桑尼亚,10,一般贸易,12,天津市,8000,千克,0,?,"8,396"
202001,14049090,其他品目未列名的植物产品,301,比利时,10,一般贸易,31,上海市,200,千克,0,?,538
202001,14049090,其他品目未列名的植物产品,304,德国,15,进料加工贸易,33,浙江省,16500,千克,0,?,"148,035"
202001,14049090,其他品目未列名的植物产品,304,德国,39,其他,32,江苏省,1,千克,0,?,668
202001,14049090,其他品目未列名的植物产品,351,克罗地亚,10,一般贸易,44,广东省,2921,千克,0,?,"54,096"
202001,14049090,其他品目未列名的植物产品,412,智利,10,一般贸易,35,福建省,7910,千克,0,?,"266,455"
202001,14049090,其他品目未列名的植物产品,412,智利,10,一般贸易,44,广东省,29900,千克,0,?,"1,037,525"
202001,14049090,其他品目未列名的植物产品,429,墨西哥,10,一般贸易,31,上海市,21025,千克,0,?,"784,111"
202001,14049090,其他品目未列名的植物产品,429,墨西哥,15,进料加工贸易,44,广东省,16800,千克,0,?,"741,041"
202001,14049090,其他品目未列名的植物产品,434,秘鲁,10,一般贸易,44,广东省,6400,千克,0,?,"229,064"
202001,14049090,其他品目未列名的植物产品,501,加拿大,10,一般贸易,33,浙江省,490,千克,0,?,"24,254"
202001,14049090,其他品目未列名的植物产品,502,美国,10,一般贸易,31,上海市,0,千克,0,?,196
202001,14049090,其他品目未列名的植物产品,502,美国,10,一般贸易,44,广东省,42,千克,0,?,"17,735"
202001,15012000,"其他猪脂肪,但品目02.09及15.04的货品除外",110,中国香港,10,一般贸易,44,广东省,138000,千克,0,?,"557,740"
202001,15021000,牛、羊油脂,124,蒙古,10,一般贸易,51,四川省,201200,千克,0,?,"402,400"
202001,15021000,牛、羊油脂,601,澳大利亚,10,一般贸易,31,上海市,3337963,千克,0,?,"16,017,202"
202001,15021000,牛、羊油脂,601,澳大利亚,10,一般贸易,33,浙江省,3107818,千克,0,?,"14,029,647"
202001,15021000,牛、羊油脂,601,澳大利亚,10,一般贸易,37,山东省,1381520,千克,0,?,"5,237,991"
202001,15021000,牛、羊油脂,601,澳大利亚,10,一般贸易,44,广东省,207000,千克,0,?,"901,887"
202001,15021000,牛、羊油脂,609,新西兰,10,一般贸易,31,上海市,3600090,千克,0,?,"16,505,488"
202001,15021000,牛、羊油脂,609,新西兰,10,一般贸易,33,浙江省,172049,千克,0,?,"783,080"
202001,15029000,其他牛、羊脂肪,306,爱尔兰,10,一般贸易,31,上海市,646,千克,0,?,"15,879"
202001,15029000,其他牛、羊脂肪,306,爱尔兰,10,一般贸易,44,广东省,243,千克,0,?,"8,516"
202001,15029000,其他牛、羊脂肪,358,塞尔维亚,10,一般贸易,37,山东省,149,千克,0,?,"2,071"
202001,15029000,其他牛、羊脂肪,402,阿根廷,10,一般贸易,31,上海市,143720,千克,0,?,"866,792"
202001,15029000,其他牛、羊脂肪,402,阿根廷,10,一般贸易,37,山东省,26309,千克,0,?,"129,133"
202001,15029000,其他牛、羊脂肪,410,巴西,10,一般贸易,11,北京市,234,千克,0,?,"11,948"
202001,15029000,其他牛、羊脂肪,410,巴西,10,一般贸易,31,上海市,4571,千克,0,?,"160,639"
202001,15029000,其他牛、羊脂肪,410,巴西,10,一般贸易,32,江苏省,27006,千克,0,?,"132,343"
202001,15029000,其他牛、羊脂肪,410,巴西,10,一般贸易,37,山东省,1520,千克,0,?,"69,768"
202001,15029000,其他牛、羊脂肪,412,智利,10,一般贸易,12,天津市,141,千克,0,?,"5,671"
202001,15029000,其他牛、羊脂肪,412,智利,10,一般贸易,31,上海市,54,千克,0,?,"1,661"
202001,15029000,其他牛、羊脂肪,444,乌拉圭,10,一般贸易,12,天津市,3452,千克,0,?,"94,599"
202001,15029000,其他牛、羊脂肪,444,乌拉圭,10,一般贸易,21,辽宁省,3964,千克,0,?,"75,230"
202001,15029000,其他牛、羊脂肪,444,乌拉圭,10,一般贸易,31,上海市,58591,千克,0,?,"626,671"
202001,15029000,其他牛、羊脂肪,444,乌拉圭,10,一般贸易,34,安徽省,26948,千克,0,?,"150,842"
202001,15029000,其他牛、羊脂肪,444,乌拉圭,10,一般贸易,37,山东省,1899,千克,0,?,"86,550"
202001,15029000,其他牛、羊脂肪,444,乌拉圭,10,一般贸易,50,重庆市,670,千克,0,?,"30,093"
202001,15029000,其他牛、羊脂肪,444,乌拉圭,34,海关特殊监管区域物流货物,21,辽宁省,552,千克,0,?,"26,264"
202001,15029000,其他牛、羊脂肪,444,乌拉圭,34,海关特殊监管区域物流货物,31,上海市,2207,千克,0,?,"110,743"
202001,15029000,其他牛、羊脂肪,444,乌拉圭,34,海关特殊监管区域物流货物,37,山东省,285,千克,0,?,"11,031"
202001,15029000,其他牛、羊脂肪,601,澳大利亚,10,一般贸易,11,北京市,38273,千克,0,?,"352,456"
202001,15029000,其他牛、羊脂肪,601,澳大利亚,10,一般贸易,12,天津市,97019,千克,0,?,"1,021,565"
202001,15029000,其他牛、羊脂肪,601,澳大利亚,10,一般贸易,21,辽宁省,24500,千克,0,?,"342,848"
202001,15029000,其他牛、羊脂肪,601,澳大利亚,10,一般贸易,23,黑龙江省,96000,千克,0,?,"1,058,352"
202001,15029000,其他牛、羊脂肪,601,澳大利亚,10,一般贸易,31,上海市,194024,千克,0,?,"2,103,051"
202001,15029000,其他牛、羊脂肪,601,澳大利亚,10,一般贸易,32,江苏省,25525,千克,0,?,"272,763"
202001,15029000,其他牛、羊脂肪,601,澳大利亚,10,一般贸易,43,湖南省,22062,千克,0,?,"224,605"
202001,15029000,其他牛、羊脂肪,601,澳大利亚,10,一般贸易,44,广东省,135426,千克,0,?,"1,662,646"
202001,15029000,其他牛、羊脂肪,601,澳大利亚,34,海关特殊监管区域物流货物,50,重庆市,74824,千克,0,?,"715,521"
202001,15029000,其他牛、羊脂肪,609,新西兰,10,一般贸易,12,天津市,5674,千克,0,?,"103,973"
202001,15029000,其他牛、羊脂肪,609,新西兰,10,一般贸易,21,辽宁省,4985,千克,0,?,"94,176"
202001,15029000,其他牛、羊脂肪,609,新西兰,10,一般贸易,31,上海市,74367,千克,0,?,"758,525"
202001,15041000,鱼肝油及其分离品,303,英国,10,一般贸易,33,浙江省,12,千克,0,?,"4,529"
202001,15041000,鱼肝油及其分离品,304,德国,10,一般贸易,33,浙江省,150,千克,0,?,"45,316"
202001,15041000,鱼肝油及其分离品,318,芬兰,10,一般贸易,31,上海市,3,千克,0,?,715
202001,15041000,鱼肝油及其分离品,322,冰岛,10,一般贸易,31,上海市,2280,千克,0,?,"147,565"
202001,15041000,鱼肝油及其分离品,502,美国,10,一般贸易,12,天津市,79,千克,0,?,"38,614"
202001,15041000,鱼肝油及其分离品,502,美国,10,一般贸易,31,上海市,482,千克,0,?,"184,427"
202001,15041000,鱼肝油及其分离品,502,美国,10,一般贸易,33,浙江省,2986,千克,0,?,"1,467,270"
202001,15041000,鱼肝油及其分离品,502,美国,10,一般贸易,35,福建省,732,千克,0,?,"784,553"
202001,15041000,鱼肝油及其分离品,502,美国,10,一般贸易,44,广东省,70,千克,0,?,"107,826"
202001,15041000,鱼肝油及其分离品,502,美国,10,一般贸易,46,海南省,187,千克,0,?,"179,604"
202001,15041000,鱼肝油及其分离品,601,澳大利亚,10,一般贸易,33,浙江省,29,千克,0,?,"15,552"
202001,15041000,鱼肝油及其分离品,601,澳大利亚,10,一般贸易,44,广东省,350,千克,0,?,"347,745"
202001,15041000,鱼肝油及其分离品,601,澳大利亚,10,一般贸易,46,海南省,27,千克,0,?,"18,626"
202001,15041000,鱼肝油及其分离品,601,澳大利亚,10,一般贸易,50,重庆市,190,千克,0,?,"165,802"
202001,15041000,鱼肝油及其分离品,601,澳大利亚,10,一般贸易,52,贵州省,52,千克,0,?,"62,603"
202001,15042000,除鱼肝油以外的鱼油、脂及其分离品,127,巴基斯坦,10,一般贸易,35,福建省,109327,千克,0,?,"1,035,781"
202001,15042000,除鱼肝油以外的鱼油、脂及其分离品,136,泰国,10,一般贸易,32,江苏省,46800,千克,0,?,"720,402"
202001,15042000,除鱼肝油以外的鱼油、脂及其分离品,141,越南,10,一般贸易,21,辽宁省,12695,千克,0,?,"246,707"
202001,15042000,除鱼肝油以外的鱼油、脂及其分离品,141,越南,10,一般贸易,35,福建省,1333550,千克,0,?,"6,355,070"
202001,15042000,除鱼肝油以外的鱼油、脂及其分离品,141,越南,10,一般贸易,44,广东省,708870,千克,0,?,"3,660,211"
202001,15042000,除鱼肝油以外的鱼油、脂及其分离品,141,越南,10,一般贸易,50,重庆市,1177600,千克,0,?,"5,911,485"
202001,15042000,除鱼肝油以外的鱼油、脂及其分离品,230,毛里塔尼亚,10,一般贸易,37,山东省,481110,千克,0,?,"4,380,999"
202001,15042000,除鱼肝油以外的鱼油、脂及其分离品,231,毛里求斯,10,一般贸易,35,福建省,21153,千克,0,?,"232,323"
202001,15042000,除鱼肝油以外的鱼油、脂及其分离品,302,丹麦,10,一般贸易,50,重庆市,8,千克,0,?,"4,064"
202001,15042000,除鱼肝油以外的鱼油、脂及其分离品,302,丹麦,34,海关特殊监管区域物流货物,31,上海市,377,千克,0,?,"139,129"
202001,15042000,除鱼肝油以外的鱼油、脂及其分离品,303,英国,10,一般贸易,31,上海市,2070,千克,0,?,"90,005"
202001,15042000,除鱼肝油以外的鱼油、脂及其分离品,303,英国,10,一般贸易,33,浙江省,4,千克,0,?,"1,605"
202001,15042000,除鱼肝油以外的鱼油、脂及其分离品,303,英国,10,一般贸易,44,广东省,16,千克,0,?,"36,226"
202001,15042000,除鱼肝油以外的鱼油、脂及其分离品,304,德国,10,一般贸易,33,浙江省,1514,千克,0,?,"412,566"
202001,15042000,除鱼肝油以外的鱼油、脂及其分离品,304,德国,10,一般贸易,41,河南省,149,千克,0,?,"44,853"
202001,15042000,除鱼肝油以外的鱼油、脂及其分离品,304,德国,10,一般贸易,44,广东省,502,千克,0,?,"186,390"
202001,15042000,除鱼肝油以外的鱼油、脂及其分离品,304,德国,10,一般贸易,50,重庆市,18,千克,0,?,"5,461"
202001,15042000,除鱼肝油以外的鱼油、脂及其分离品,304,德国,33,保税监管场所进出境货物,31,上海市,262,千克,0,?,"62,715"
202001,15042000,除鱼肝油以外的鱼油、脂及其分离品,304,德国,33,保税监管场所进出境货物,44,广东省,12,千克,0,?,"3,370"
202001,15042000,除鱼肝油以外的鱼油、脂及其分离品,304,德国,34,海关特殊监管区域物流货物,42,湖北省,6,千克,0,?,"4,070"
202001,15042000,除鱼肝油以外的鱼油、脂及其分离品,305,法国,10,一般贸易,50,重庆市,7,千克,0,?,"7,722"
202001,15042000,除鱼肝油以外的鱼油、脂及其分离品,309,荷兰,10,一般贸易,44,广东省,9,千克,0,?,"18,228"
202001,15042000,除鱼肝油以外的鱼油、脂及其分离品,322,冰岛,10,一般贸易,32,江苏省,45600,千克,0,?,"1,651,128"
202001,15042000,除鱼肝油以外的鱼油、脂及其分离品,326,挪威,10,一般贸易,12,天津市,126,千克,0,?,"291,468"
202001,15042000,除鱼肝油以外的鱼油、脂及其分离品,326,挪威,10,一般贸易,31,上海市,190,千克,0,?,"14,893"
202001,15042000,除鱼肝油以外的鱼油、脂及其分离品,326,挪威,10,一般贸易,33,浙江省,376,千克,0,?,"377,871"
202001,15042000,除鱼肝油以外的鱼油、脂及其分离品,326,挪威,10,一般贸易,42,湖北省,2,千克,0,?,"2,560"
202001,15042000,除鱼肝油以外的鱼油、脂及其分离品,326,挪威,10,一般贸易,44,广东省,255,千克,0,?,"450,929"
202001,15042000,除鱼肝油以外的鱼油、脂及其分离品,326,挪威,10,一般贸易,51,四川省,246,千克,0,?,"69,885"
202001,15042000,除鱼肝油以外的鱼油、脂及其分离品,327,波兰,10,一般贸易,33,浙江省,11,千克,0,?,"7,302"
202001,15042000,除鱼肝油以外的鱼油、脂及其分离品,330,瑞典,10,一般贸易,42,湖北省,64,千克,0,?,"51,120"
202001,15042000,除鱼肝油以外的鱼油、脂及其分离品,331,瑞士,10,一般贸易,23,黑龙江省,756,千克,0,?,"95,349"
202001,15042000,除鱼肝油以外的鱼油、脂及其分离品,331,瑞士,10,一般贸易,33,浙江省,14,千克,0,?,"27,794"
202001,15042000,除鱼肝油以外的鱼油、脂及其分离品,412,智利,10,一般贸易,35,福建省,646700,千克,0,?,"4,884,868"
202001,15042000,除鱼肝油以外的鱼油、脂及其分离品,412,智利,15,进料加工贸易,35,福建省,530000,千克,0,?,"3,645,092"
202001,15042000,除鱼肝油以外的鱼油、脂及其分离品,434,秘鲁,10,一般贸易,32,江苏省,121270,千克,0,?,"1,872,331"
202001,15042000,除鱼肝油以外的鱼油、脂及其分离品,434,秘鲁,10,一般贸易,37,山东省,670030,千克,0,?,"10,592,433"
202001,15042000,除鱼肝油以外的鱼油、脂及其分离品,434,秘鲁,15,进料加工贸易,44,广东省,121600,千克,0,?,"3,701,080"
202001,15042000,除鱼肝油以外的鱼油、脂及其分离品,434,秘鲁,33,保税监管场所进出境货物,44,广东省,121600,千克,0,?,"3,701,080"
202001,15042000,除鱼肝油以外的鱼油、脂及其分离品,501,加拿大,10,一般贸易,33,浙江省,609,千克,0,?,"199,887"
202001,15042000,除鱼肝油以外的鱼油、脂及其分离品,501,加拿大,10,一般贸易,41,河南省,1279,千克,0,?,"571,705"
202001,15042000,除鱼肝油以外的鱼油、脂及其分离品,501,加拿大,10,一般贸易,44,广东省,2702,千克,0,?,"1,607,295"
202001,15042000,除鱼肝油以外的鱼油、脂及其分离品,501,加拿大,10,一般贸易,50,重庆市,12,千克,0,?,"3,578"
202001,15042000,除鱼肝油以外的鱼油、脂及其分离品,501,加拿大,10,一般贸易,51,四川省,1000,千克,0,?,"111,695"
202001,15042000,除鱼肝油以外的鱼油、脂及其分离品,502,美国,10,一般贸易,12,天津市,692,千克,0,?,"405,335"
202001,15042000,除鱼肝油以外的鱼油、脂及其分离品,502,美国,10,一般贸易,21,辽宁省,8829,千克,0,?,"1,155,830"
202001,15042000,除鱼肝油以外的鱼油、脂及其分离品,502,美国,10,一般贸易,31,上海市,1561,千克,0,?,"199,128"
202001,15042000,除鱼肝油以外的鱼油、脂及其分离品,502,美国,10,一般贸易,33,浙江省,13373,千克,0,?,"7,114,778"
202001,15042000,除鱼肝油以外的鱼油、脂及其分离品,502,美国,10,一般贸易,35,福建省,314,千克,0,?,"24,650"
202001,15042000,除鱼肝油以外的鱼油、脂及其分离品,502,美国,10,一般贸易,37,山东省,10,千克,0,?,"4,531"
202001,15042000,除鱼肝油以外的鱼油、脂及其分离品,502,美国,10,一般贸易,41,河南省,12501,千克,0,?,"3,380,640"
202001,15042000,除鱼肝油以外的鱼油、脂及其分离品,502,美国,10,一般贸易,44,广东省,16703,千克,0,?,"4,915,590"
202001,15042000,除鱼肝油以外的鱼油、脂及其分离品,502,美国,10,一般贸易,46,海南省,15,千克,0,?,"16,890"
202001,15042000,除鱼肝油以外的鱼油、脂及其分离品,502,美国,10,一般贸易,50,重庆市,2567,千克,0,?,"566,409"
202001,15042000,除鱼肝油以外的鱼油、脂及其分离品,502,美国,41,免税品,44,广东省,125,千克,0,?,"48,516"
202001,15042000,除鱼肝油以外的鱼油、脂及其分离品,601,澳大利亚,10,一般贸易,12,天津市,5979,千克,0,?,"846,806"
202001,15042000,除鱼肝油以外的鱼油、脂及其分离品,601,澳大利亚,10,一般贸易,31,上海市,8144,千克,0,?,"664,204"
202001,15042000,除鱼肝油以外的鱼油、脂及其分离品,601,澳大利亚,10,一般贸易,33,浙江省,14455,千克,0,?,"4,006,883"
202001,15042000,除鱼肝油以外的鱼油、脂及其分离品,601,澳大利亚,10,一般贸易,35,福建省,1831,千克,0,?,"1,057,070"
202001,15042000,除鱼肝油以外的鱼油、脂及其分离品,601,澳大利亚,10,一般贸易,37,山东省,527,千克,0,?,"86,933"
202001,15042000,除鱼肝油以外的鱼油、脂及其分离品,601,澳大利亚,10,一般贸易,41,河南省,1664,千克,0,?,"288,188"
202001,15042000,除鱼肝油以外的鱼油、脂及其分离品,601,澳大利亚,10,一般贸易,42,湖北省,4630,千克,0,?,"174,228"
202001,15042000,除鱼肝油以外的鱼油、脂及其分离品,601,澳大利亚,10,一般贸易,44,广东省,13308,千克,0,?,"3,431,702"
202001,15042000,除鱼肝油以外的鱼油、脂及其分离品,601,澳大利亚,10,一般贸易,46,海南省,1421,千克,0,?,"175,283"
202001,15042000,除鱼肝油以外的鱼油、脂及其分离品,601,澳大利亚,10,一般贸易,50,重庆市,4286,千克,0,?,"469,429"
202001,15042000,除鱼肝油以外的鱼油、脂及其分离品,601,澳大利亚,10,一般贸易,52,贵州省,102,千克,0,?,"18,607"
202001,15042000,除鱼肝油以外的鱼油、脂及其分离品,601,澳大利亚,33,保税监管场所进出境货物,44,广东省,129,千克,0,?,"21,773"
202001,15042000,除鱼肝油以外的鱼油、脂及其分离品,601,澳大利亚,34,海关特殊监管区域物流货物,31,上海市,423,千克,0,?,"43,113"
202001,15042000,除鱼肝油以外的鱼油、脂及其分离品,601,澳大利亚,41,免税品,44,广东省,144,千克,0,?,"36,882"
202001,15042000,除鱼肝油以外的鱼油、脂及其分离品,609,新西兰,10,一般贸易,21,辽宁省,2556,千克,0,?,"939,842"
202001,15042000,除鱼肝油以外的鱼油、脂及其分离品,609,新西兰,10,一般贸易,31,上海市,390,千克,0,?,"129,880"
202001,15042000,除鱼肝油以外的鱼油、脂及其分离品,609,新西兰,10,一般贸易,33,浙江省,174,千克,0,?,"89,265"
202001,15042000,除鱼肝油以外的鱼油、脂及其分离品,609,新西兰,10,一般贸易,37,山东省,460,千克,0,?,"132,381"
202001,15042000,除鱼肝油以外的鱼油、脂及其分离品,609,新西兰,10,一般贸易,44,广东省,2779,千克,0,?,"743,005"
202001,15042000,除鱼肝油以外的鱼油、脂及其分离品,609,新西兰,10,一般贸易,46,海南省,1553,千克,0,?,"327,478"
202001,15042000,除鱼肝油以外的鱼油、脂及其分离品,609,新西兰,10,一般贸易,50,重庆市,464,千克,0,?,"51,810"
202001,15050000,羊毛脂及从羊毛脂制得的脂肪物质（包括纯净的羊毛脂）,142,中国,34,海关特殊监管区域物流货物,31,上海市,5500,千克,0,?,"270,150"
202001,15060000,"其他动物油、脂及其分离品,不论是否精制,但未经化学改性",501,加拿大,10,一般贸易,33,浙江省,2,千克,0,?,"3,096"
202001,15060000,"其他动物油、脂及其分离品,不论是否精制,但未经化学改性",502,美国,10,一般贸易,33,浙江省,3,千克,0,?,"4,896"
202001,15060000,"其他动物油、脂及其分离品,不论是否精制,但未经化学改性",502,美国,10,一般贸易,44,广东省,16,千克,0,?,"5,308"
202001,15071000,初榨的豆油,111,印度,10,一般贸易,32,江苏省,1,千克,0,?,278
202001,15071000,初榨的豆油,344,俄罗斯,10,一般贸易,11,北京市,2747600,千克,0,?,"14,645,075"
202001,15071000,初榨的豆油,344,俄罗斯,10,一般贸易,32,江苏省,10000000,千克,0,?,"54,356,797"
202001,15071000,初榨的豆油,344,俄罗斯,10,一般贸易,51,四川省,5699940,千克,0,?,"28,581,301"
202001,15071000,初榨的豆油,344,俄罗斯,34,海关特殊监管区域物流货物,12,天津市,13399404,千克,0,?,"69,940,700"
202001,15071000,初榨的豆油,347,乌克兰,10,一般贸易,11,北京市,2995090,千克,0,?,"15,708,031"
202001,15071000,初榨的豆油,347,乌克兰,10,一般贸易,12,天津市,933700,千克,0,?,"4,991,575"
202001,15071000,初榨的豆油,347,乌克兰,10,一般贸易,34,安徽省,671000,千克,0,?,"3,613,335"
202001,15071000,初榨的豆油,402,阿根廷,10,一般贸易,11,北京市,16300966,千克,0,?,"83,763,612"
202001,15071000,初榨的豆油,402,阿根廷,34,海关特殊监管区域物流货物,12,天津市,12699034,千克,0,?,"65,350,412"
202001,15071000,初榨的豆油,410,巴西,10,一般贸易,11,北京市,9416040,千克,0,?,"48,352,944"
202001,15071000,初榨的豆油,410,巴西,34,海关特殊监管区域物流货物,12,天津市,1583960,千克,0,?,"8,151,206"
202001,15079000,其他豆油及其分离品,141,越南,34,海关特殊监管区域物流货物,12,天津市,75894,千克,0,?,"536,015"
202001,15079000,其他豆油及其分离品,143,中国台湾,10,一般贸易,32,江苏省,280520,千克,0,?,"1,605,381"
202001,15079000,其他豆油及其分离品,309,荷兰,10,一般贸易,31,上海市,3800,千克,0,?,"98,235"
202001,15079000,其他豆油及其分离品,344,俄罗斯,10,一般贸易,11,北京市,216660,千克,0,?,"1,523,703"
202001,15079000,其他豆油及其分离品,344,俄罗斯,10,一般贸易,22,吉林省,69066,千克,0,?,"466,914"
202001,15079000,其他豆油及其分离品,344,俄罗斯,10,一般贸易,23,黑龙江省,147507,千克,0,?,"919,860"
202001,15079000,其他豆油及其分离品,344,俄罗斯,19,边境小额贸易,15,内蒙古自治区,18860,千克,0,?,"125,009"
202001,15079000,其他豆油及其分离品,344,俄罗斯,19,边境小额贸易,23,黑龙江省,978760,千克,0,?,"5,606,613"
202001,15079000,其他豆油及其分离品,344,俄罗斯,33,保税监管场所进出境货物,22,吉林省,655010,千克,0,?,"4,154,234"
202001,15079000,其他豆油及其分离品,344,俄罗斯,33,保税监管场所进出境货物,23,黑龙江省,716674,千克,0,?,"4,440,275"
202001,15081000,初榨的花生油,110,中国香港,10,一般贸易,44,广东省,75188,千克,0,?,"1,146,817"
202001,15081000,初榨的花生油,111,印度,10,一般贸易,11,北京市,649755,千克,0,?,"6,566,270"
202001,15081000,初榨的花生油,111,印度,10,一般贸易,32,江苏省,1453590,千克,0,?,"14,195,284"
202001,15081000,初榨的花生油,111,印度,10,一般贸易,37,山东省,1408510,千克,0,?,"14,063,487"
202001,15081000,初榨的花生油,111,印度,10,一般贸易,41,河南省,217850,千克,0,?,"2,103,499"
202001,15081000,初榨的花生油,111,印度,10,一般贸易,44,广东省,2587670,千克,0,?,"25,093,291"
202001,15081000,初榨的花生油,111,印度,15,进料加工贸易,37,山东省,1541145,千克,0,?,"15,584,309"
202001,15081000,初榨的花生油,246,苏丹,10,一般贸易,37,山东省,691990,千克,0,?,"6,422,799"
202001,15081000,初榨的花生油,246,苏丹,10,一般贸易,44,广东省,187120,千克,0,?,"1,726,461"
202001,15081000,初榨的花生油,402,阿根廷,10,一般贸易,37,山东省,215000,千克,0,?,"2,035,175"
202001,15081000,初榨的花生油,402,阿根廷,10,一般贸易,44,广东省,1319880,千克,0,?,"10,516,919"
202001,15081000,初榨的花生油,410,巴西,10,一般贸易,37,山东省,3407870,千克,0,?,"31,760,476"
202001,15081000,初榨的花生油,410,巴西,10,一般贸易,44,广东省,220960,千克,0,?,"2,062,411"
202001,15081000,初榨的花生油,410,巴西,15,进料加工贸易,37,山东省,217370,千克,0,?,"2,007,609"
202001,15081000,初榨的花生油,502,美国,10,一般贸易,44,广东省,31734,千克,0,?,"613,228"
202001,15081000,初榨的花生油,502,美国,15,进料加工贸易,44,广东省,61688,千克,0,?,"1,200,265"
202001,15081000,初榨的花生油,609,新西兰,10,一般贸易,12,天津市,1,千克,0,?,427
202001,15089000,其他花生油及其分离品,304,德国,34,海关特殊监管区域物流货物,21,辽宁省,69,千克,0,?,552
202001,15091000,初榨的油橄榄油,116,日本,10,一般贸易,33,浙江省,11,千克,0,?,"1,112"
202001,15091000,初榨的油橄榄油,143,中国台湾,10,一般贸易,21,辽宁省,6,千克,0,?,663
202001,15091000,初榨的油橄榄油,143,中国台湾,10,一般贸易,31,上海市,4,千克,0,?,460
202001,15091000,初榨的油橄榄油,244,南非,10,一般贸易,35,福建省,1818,千克,0,?,"36,867"
202001,15091000,初榨的油橄榄油,305,法国,10,一般贸易,31,上海市,2727,千克,0,?,"131,905"
202001,15091000,初榨的油橄榄油,305,法国,10,一般贸易,42,湖北省,4,千克,0,?,206
202001,15091000,初榨的油橄榄油,307,意大利,10,一般贸易,11,北京市,38,千克,0,?,"3,350"
202001,15091000,初榨的油橄榄油,307,意大利,10,一般贸易,31,上海市,123953,千克,0,?,"2,743,201"
202001,15091000,初榨的油橄榄油,307,意大利,10,一般贸易,32,江苏省,34960,千克,0,?,"750,046"
202001,15091000,初榨的油橄榄油,307,意大利,10,一般贸易,33,浙江省,1862,千克,0,?,"143,477"
202001,15091000,初榨的油橄榄油,307,意大利,10,一般贸易,37,山东省,1000,千克,0,?,"67,693"
202001,15091000,初榨的油橄榄油,307,意大利,10,一般贸易,42,湖北省,9233,千克,0,?,"356,204"
202001,15091000,初榨的油橄榄油,307,意大利,10,一般贸易,44,广东省,110815,千克,0,?,"3,408,104"
202001,15091000,初榨的油橄榄油,307,意大利,10,一般贸易,50,重庆市,75,千克,0,?,"13,514"
202001,15091000,初榨的油橄榄油,307,意大利,33,保税监管场所进出境货物,11,北京市,255,千克,0,?,"12,589"
202001,15091000,初榨的油橄榄油,307,意大利,33,保税监管场所进出境货物,33,浙江省,8336,千克,0,?,"191,036"
202001,15091000,初榨的油橄榄油,307,意大利,34,海关特殊监管区域物流货物,31,上海市,58539,千克,0,?,"1,782,580"
202001,15091000,初榨的油橄榄油,307,意大利,41,免税品,46,海南省,8171,千克,0,?,"177,150"
202001,15091000,初榨的油橄榄油,309,荷兰,10,一般贸易,44,广东省,0,千克,0,?,29
202001,15091000,初榨的油橄榄油,310,希腊,10,一般贸易,11,北京市,7116,千克,0,?,"346,293"
202001,15091000,初榨的油橄榄油,310,希腊,10,一般贸易,31,上海市,13416,千克,0,?,"539,717"
202001,15091000,初榨的油橄榄油,310,希腊,10,一般贸易,33,浙江省,256,千克,0,?,"17,200"
202001,15091000,初榨的油橄榄油,310,希腊,10,一般贸易,44,广东省,3705,千克,0,?,"183,717"
202001,15091000,初榨的油橄榄油,310,希腊,34,海关特殊监管区域物流货物,44,广东省,1767,千克,0,?,"28,310"
202001,15091000,初榨的油橄榄油,311,葡萄牙,10,一般贸易,33,浙江省,41,千克,0,?,"2,528"
202001,15091000,初榨的油橄榄油,311,葡萄牙,10,一般贸易,37,山东省,12691,千克,0,?,"341,691"
202001,15091000,初榨的油橄榄油,311,葡萄牙,10,一般贸易,42,湖北省,3,千克,0,?,52
202001,15091000,初榨的油橄榄油,311,葡萄牙,34,海关特殊监管区域物流货物,37,山东省,8910,千克,0,?,"155,375"
202001,15091000,初榨的油橄榄油,312,西班牙,10,一般贸易,11,北京市,65502,千克,0,?,"1,917,224"
202001,15091000,初榨的油橄榄油,312,西班牙,10,一般贸易,12,天津市,7098,千克,0,?,"194,115"
202001,15091000,初榨的油橄榄油,312,西班牙,10,一般贸易,13,河北省,4001,千克,0,?,"91,560"
202001,15091000,初榨的油橄榄油,312,西班牙,10,一般贸易,21,辽宁省,44626,千克,0,?,"1,109,451"
202001,15091000,初榨的油橄榄油,312,西班牙,10,一般贸易,31,上海市,616589,千克,0,?,"12,381,216"
202001,15091000,初榨的油橄榄油,312,西班牙,10,一般贸易,32,江苏省,2747,千克,0,?,"96,896"
202001,15091000,初榨的油橄榄油,312,西班牙,10,一般贸易,33,浙江省,87249,千克,0,?,"2,706,168"
202001,15091000,初榨的油橄榄油,312,西班牙,10,一般贸易,35,福建省,224820,千克,0,?,"4,561,688"
202001,15091000,初榨的油橄榄油,312,西班牙,10,一般贸易,37,山东省,418317,千克,0,?,"13,246,153"
202001,15091000,初榨的油橄榄油,312,西班牙,10,一般贸易,41,河南省,8930,千克,0,?,"255,118"
202001,15091000,初榨的油橄榄油,312,西班牙,10,一般贸易,44,广东省,729675,千克,0,?,"15,984,718"
202001,15091000,初榨的油橄榄油,312,西班牙,10,一般贸易,51,四川省,6265,千克,0,?,"170,061"
202001,15091000,初榨的油橄榄油,312,西班牙,33,保税监管场所进出境货物,31,上海市,3568,千克,0,?,"126,153"
202001,15091000,初榨的油橄榄油,312,西班牙,33,保税监管场所进出境货物,33,浙江省,13445,千克,0,?,"414,747"
202001,15091000,初榨的油橄榄油,312,西班牙,34,海关特殊监管区域物流货物,31,上海市,14427,千克,0,?,"492,346"
202001,15091000,初榨的油橄榄油,312,西班牙,34,海关特殊监管区域物流货物,35,福建省,84,千克,0,?,"21,522"
202001,15091000,初榨的油橄榄油,312,西班牙,34,海关特殊监管区域物流货物,37,山东省,117142,千克,0,?,"2,735,573"
202001,15091000,初榨的油橄榄油,312,西班牙,34,海关特殊监管区域物流货物,41,河南省,900,千克,0,?,"32,299"
202001,15091000,初榨的油橄榄油,402,阿根廷,33,保税监管场所进出境货物,33,浙江省,426,千克,0,?,"53,255"
202001,15091000,初榨的油橄榄油,412,智利,10,一般贸易,31,上海市,120260,千克,0,?,"1,977,401"
202001,15091000,初榨的油橄榄油,412,智利,10,一般贸易,33,浙江省,3312,千克,0,?,"138,813"
202001,15091000,初榨的油橄榄油,412,智利,34,海关特殊监管区域物流货物,31,上海市,110,千克,0,?,"4,769"
202001,15091000,初榨的油橄榄油,502,美国,10,一般贸易,11,北京市,56,千克,0,?,"3,843"
202001,15091000,初榨的油橄榄油,502,美国,10,一般贸易,12,天津市,1,千克,0,?,250
202001,15091000,初榨的油橄榄油,502,美国,10,一般贸易,31,上海市,44,千克,0,?,"6,309"
202001,15091000,初榨的油橄榄油,502,美国,10,一般贸易,44,广东省,257,千克,0,?,"9,436"
202001,15091000,初榨的油橄榄油,601,澳大利亚,10,一般贸易,12,天津市,1828,千克,0,?,"98,625"
202001,15091000,初榨的油橄榄油,601,澳大利亚,10,一般贸易,31,上海市,4696,千克,0,?,"254,657"
202001,15091000,初榨的油橄榄油,601,澳大利亚,10,一般贸易,33,浙江省,10368,千克,0,?,"517,433"
202001,15091000,初榨的油橄榄油,601,澳大利亚,10,一般贸易,37,山东省,2810,千克,0,?,"68,592"
202001,15091000,初榨的油橄榄油,601,澳大利亚,10,一般贸易,41,河南省,10019,千克,0,?,"497,733"
202001,15091000,初榨的油橄榄油,601,澳大利亚,10,一般贸易,44,广东省,77044,千克,0,?,"2,700,826"
202001,15091000,初榨的油橄榄油,601,澳大利亚,10,一般贸易,52,贵州省,1382,千克,0,?,"69,612"
202001,15091000,初榨的油橄榄油,601,澳大利亚,33,保税监管场所进出境货物,13,河北省,22725,千克,0,?,"724,792"
202001,15091000,初榨的油橄榄油,601,澳大利亚,34,海关特殊监管区域物流货物,31,上海市,1831,千克,0,?,"114,413"
202001,15091000,初榨的油橄榄油,601,澳大利亚,34,海关特殊监管区域物流货物,32,江苏省,6231,千克,0,?,"318,704"
202001,15091000,初榨的油橄榄油,601,澳大利亚,34,海关特殊监管区域物流货物,44,广东省,28717,千克,0,?,"1,503,062"
202001,15091000,初榨的油橄榄油,609,新西兰,10,一般贸易,31,上海市,6,千克,0,?,"1,478"
202001,15099000,其他油橄榄油及其分离品,143,中国台湾,10,一般贸易,21,辽宁省,1,千克,0,?,240
202001,15099000,其他油橄榄油及其分离品,143,中国台湾,10,一般贸易,31,上海市,2,千克,0,?,371
202001,15099000,其他油橄榄油及其分离品,304,德国,34,海关特殊监管区域物流货物,21,辽宁省,132,千克,0,?,"5,215"
202001,15099000,其他油橄榄油及其分离品,307,意大利,10,一般贸易,31,上海市,2396,千克,0,?,"381,559"
202001,15099000,其他油橄榄油及其分离品,307,意大利,10,一般贸易,44,广东省,5725,千克,0,?,"141,164"
202001,15099000,其他油橄榄油及其分离品,307,意大利,33,保税监管场所进出境货物,33,浙江省,1814,千克,0,?,"47,268"
202001,15099000,其他油橄榄油及其分离品,307,意大利,33,保税监管场所进出境货物,44,广东省,129,千克,0,?,"7,736"
202001,15099000,其他油橄榄油及其分离品,307,意大利,34,海关特殊监管区域物流货物,31,上海市,1709,千克,0,?,"57,250"
202001,15099000,其他油橄榄油及其分离品,310,希腊,10,一般贸易,11,北京市,8,千克,0,?,871
202001,15099000,其他油橄榄油及其分离品,312,西班牙,10,一般贸易,31,上海市,509500,千克,0,?,"7,832,021"
202001,15099000,其他油橄榄油及其分离品,312,西班牙,10,一般贸易,32,江苏省,48000,千克,0,?,"863,520"
202001,15099000,其他油橄榄油及其分离品,312,西班牙,10,一般贸易,35,福建省,64000,千克,0,?,"1,136,412"
202001,15099000,其他油橄榄油及其分离品,312,西班牙,10,一般贸易,37,山东省,2473,千克,0,?,"50,695"
202001,15099000,其他油橄榄油及其分离品,312,西班牙,10,一般贸易,44,广东省,592280,千克,0,?,"9,310,952"
202001,15099000,其他油橄榄油及其分离品,312,西班牙,15,进料加工贸易,44,广东省,16000,千克,0,?,"293,340"
202001,15099000,其他油橄榄油及其分离品,312,西班牙,34,海关特殊监管区域物流货物,12,天津市,126000,千克,0,?,"1,943,394"
202001,15099000,其他油橄榄油及其分离品,330,瑞典,10,一般贸易,32,江苏省,185,千克,0,?,"43,375"
202001,15099000,其他油橄榄油及其分离品,502,美国,10,一般贸易,44,广东省,10,千克,0,?,"1,553"
202001,15099000,其他油橄榄油及其分离品,502,美国,34,海关特殊监管区域物流货物,31,上海市,16,千克,0,?,"2,298"
202001,15099000,其他油橄榄油及其分离品,601,澳大利亚,10,一般贸易,31,上海市,1,千克,0,?,529
202001,15100000,"其他橄榄油及其分离品,不论是否精制,但未经化学改性",304,德国,10,一般贸易,31,上海市,13,千克,0,?,"1,605"
202001,15100000,"其他橄榄油及其分离品,不论是否精制,但未经化学改性",305,法国,10,一般贸易,51,四川省,2,千克,0,?,179
202001,15100000,"其他橄榄油及其分离品,不论是否精制,但未经化学改性",307,意大利,10,一般贸易,31,上海市,122043,千克,0,?,"2,477,516"
202001,15100000,"其他橄榄油及其分离品,不论是否精制,但未经化学改性",307,意大利,10,一般贸易,35,福建省,13740,千克,0,?,"176,063"
202001,15100000,"其他橄榄油及其分离品,不论是否精制,但未经化学改性",307,意大利,10,一般贸易,44,广东省,198,千克,0,?,"8,190"
202001,15100000,"其他橄榄油及其分离品,不论是否精制,但未经化学改性",309,荷兰,10,一般贸易,44,广东省,0,千克,0,?,87
202001,15100000,"其他橄榄油及其分离品,不论是否精制,但未经化学改性",312,西班牙,10,一般贸易,11,北京市,30008,千克,0,?,"460,438"
202001,15100000,"其他橄榄油及其分离品,不论是否精制,但未经化学改性",312,西班牙,10,一般贸易,13,河北省,54822,千克,0,?,"918,385"
202001,15100000,"其他橄榄油及其分离品,不论是否精制,但未经化学改性",312,西班牙,10,一般贸易,31,上海市,132800,千克,0,?,"1,497,592"
202001,15100000,"其他橄榄油及其分离品,不论是否精制,但未经化学改性",312,西班牙,10,一般贸易,33,浙江省,3188,千克,0,?,"57,546"
202001,15100000,"其他橄榄油及其分离品,不论是否精制,但未经化学改性",312,西班牙,10,一般贸易,37,山东省,7328,千克,0,?,"88,626"
202001,15100000,"其他橄榄油及其分离品,不论是否精制,但未经化学改性",312,西班牙,10,一般贸易,44,广东省,61997,千克,0,?,"694,499"
202001,15100000,"其他橄榄油及其分离品,不论是否精制,但未经化学改性",312,西班牙,10,一般贸易,51,四川省,1165,千克,0,?,"52,988"
202001,15100000,"其他橄榄油及其分离品,不论是否精制,但未经化学改性",312,西班牙,34,海关特殊监管区域物流货物,37,山东省,9160,千克,0,?,"97,547"
202001,15100000,"其他橄榄油及其分离品,不论是否精制,但未经化学改性",328,罗马尼亚,10,一般贸易,31,上海市,3,千克,0,?,84
202001,15111000,初榨的棕榈油,112,印度尼西亚,34,海关特殊监管区域物流货物,12,天津市,990894,千克,0,?,"3,743,921"
202001,15111000,初榨的棕榈油,419,厄瓜多尔,10,一般贸易,31,上海市,204,千克,0,?,"13,367"
202001,15111000,初榨的棕榈油,502,美国,10,一般贸易,11,北京市,1,千克,0,?,130
202001,15111000,初榨的棕榈油,502,美国,10,一般贸易,12,天津市,0,千克,0,?,119
202001,15111000,初榨的棕榈油,611,巴布亚新几内亚,15,进料加工贸易,35,福建省,5857620,千克,0,?,"25,875,650"
202001,15119010,棕榈液油（熔点19℃-24℃）,112,印度尼西亚,10,一般贸易,11,北京市,14684211,千克,0,?,"67,903,836"
202001,15119010,棕榈液油（熔点19℃-24℃）,112,印度尼西亚,10,一般贸易,21,辽宁省,11999947,千克,0,?,"50,931,610"
202001,15119010,棕榈液油（熔点19℃-24℃）,112,印度尼西亚,10,一般贸易,31,上海市,52779403,千克,0,?,"220,557,682"
202001,15119010,棕榈液油（熔点19℃-24℃）,112,印度尼西亚,10,一般贸易,32,江苏省,78992646,千克,0,?,"352,429,594"
202001,15119010,棕榈液油（熔点19℃-24℃）,112,印度尼西亚,10,一般贸易,33,浙江省,1999326,千克,0,?,"7,913,654"
202001,15119010,棕榈液油（熔点19℃-24℃）,112,印度尼西亚,10,一般贸易,44,广东省,11999931,千克,0,?,"50,309,231"
202001,15119010,棕榈液油（熔点19℃-24℃）,112,印度尼西亚,33,保税监管场所进出境货物,32,江苏省,11999952,千克,0,?,"51,216,787"
202001,15119010,棕榈液油（熔点19℃-24℃）,112,印度尼西亚,33,保税监管场所进出境货物,44,广东省,9499876,千克,0,?,"38,765,119"
202001,15119010,棕榈液油（熔点19℃-24℃）,112,印度尼西亚,34,海关特殊监管区域物流货物,12,天津市,15649743,千克,0,?,"64,040,892"
202001,15119010,棕榈液油（熔点19℃-24℃）,122,马来西亚,10,一般贸易,31,上海市,58098754,千克,0,?,"235,689,237"
202001,15119010,棕榈液油（熔点19℃-24℃）,122,马来西亚,10,一般贸易,32,江苏省,38995925,千克,0,?,"164,230,874"
202001,15119010,棕榈液油（熔点19℃-24℃）,122,马来西亚,10,一般贸易,44,广东省,7035987,千克,0,?,"29,706,107"
202001,15119010,棕榈液油（熔点19℃-24℃）,122,马来西亚,15,进料加工贸易,32,江苏省,3974930,千克,0,?,"20,531,878"
202001,15119010,棕榈液油（熔点19℃-24℃）,122,马来西亚,15,进料加工贸易,44,广东省,599948,千克,0,?,"2,878,215"
202001,15119010,棕榈液油（熔点19℃-24℃）,122,马来西亚,33,保税监管场所进出境货物,32,江苏省,5999855,千克,0,?,"25,477,461"
202001,15119010,棕榈液油（熔点19℃-24℃）,122,马来西亚,34,海关特殊监管区域物流货物,12,天津市,13429649,千克,0,?,"55,231,283"
202001,15119020,棕榈硬脂（熔点44℃-56℃）,112,印度尼西亚,10,一般贸易,32,江苏省,51201660,千克,0,?,"235,009,833"
202001,15119020,棕榈硬脂（熔点44℃-56℃）,112,印度尼西亚,10,一般贸易,33,浙江省,5976544,千克,0,?,"27,699,121"
202001,15119020,棕榈硬脂（熔点44℃-56℃）,112,印度尼西亚,10,一般贸易,34,安徽省,11999808,千克,0,?,"47,238,488"
202001,15119020,棕榈硬脂（熔点44℃-56℃）,112,印度尼西亚,10,一般贸易,44,广东省,12510689,千克,0,?,"59,279,145"
202001,15119020,棕榈硬脂（熔点44℃-56℃）,112,印度尼西亚,15,进料加工贸易,21,辽宁省,144760,千克,0,?,"758,207"
202001,15119020,棕榈硬脂（熔点44℃-56℃）,112,印度尼西亚,15,进料加工贸易,44,广东省,21000,千克,0,?,"130,037"
202001,15119020,棕榈硬脂（熔点44℃-56℃）,112,印度尼西亚,33,保税监管场所进出境货物,32,江苏省,4001877,千克,0,?,"20,579,145"
202001,15119020,棕榈硬脂（熔点44℃-56℃）,122,马来西亚,10,一般贸易,11,北京市,1999914,千克,0,?,"10,494,180"
202001,15119020,棕榈硬脂（熔点44℃-56℃）,122,马来西亚,10,一般贸易,13,河北省,1499451,千克,0,?,"5,877,545"
202001,15119020,棕榈硬脂（熔点44℃-56℃）,122,马来西亚,10,一般贸易,31,上海市,10699923,千克,0,?,"42,179,210"
202001,15119020,棕榈硬脂（熔点44℃-56℃）,122,马来西亚,10,一般贸易,32,江苏省,18966870,千克,0,?,"87,426,465"
202001,15119020,棕榈硬脂（熔点44℃-56℃）,122,马来西亚,10,一般贸易,34,安徽省,11397552,千克,0,?,"55,754,910"
202001,15119020,棕榈硬脂（熔点44℃-56℃）,122,马来西亚,10,一般贸易,42,湖北省,8999874,千克,0,?,"46,838,613"
202001,15119020,棕榈硬脂（熔点44℃-56℃）,122,马来西亚,10,一般贸易,44,广东省,14001175,千克,0,?,"59,757,545"
202001,15119020,棕榈硬脂（熔点44℃-56℃）,122,马来西亚,10,一般贸易,46,海南省,10000088,千克,0,?,"45,365,365"
202001,15119020,棕榈硬脂（熔点44℃-56℃）,122,马来西亚,15,进料加工贸易,44,广东省,270750,千克,0,?,"1,173,592"
202001,15119020,棕榈硬脂（熔点44℃-56℃）,122,马来西亚,34,海关特殊监管区域物流货物,12,天津市,4499708,千克,0,?,"18,063,357"
202001,15119090,其他棕榈油及其分离品,112,印度尼西亚,34,海关特殊监管区域物流货物,21,辽宁省,718875,千克,0,?,"3,857,671"
202001,15119090,其他棕榈油及其分离品,122,马来西亚,10,一般贸易,31,上海市,124150,千克,0,?,"859,301"
202001,15119090,其他棕榈油及其分离品,122,马来西亚,10,一般贸易,32,江苏省,41040,千克,0,?,"256,951"
202001,15119090,其他棕榈油及其分离品,122,马来西亚,10,一般贸易,44,广东省,40440,千克,0,?,"260,318"
202001,15119090,其他棕榈油及其分离品,122,马来西亚,34,海关特殊监管区域物流货物,12,天津市,129780,千克,0,?,"704,860"
202001,15119090,其他棕榈油及其分离品,122,马来西亚,34,海关特殊监管区域物流货物,21,辽宁省,146700,千克,0,?,"773,575"
202001,15119090,其他棕榈油及其分离品,132,新加坡,10,一般贸易,32,江苏省,1,千克,0,?,365
202001,15119090,其他棕榈油及其分离品,143,中国台湾,10,一般贸易,32,江苏省,34000,千克,0,?,"247,410"
202001,15119090,其他棕榈油及其分离品,309,荷兰,10,一般贸易,32,江苏省,80900,千克,0,?,"1,069,498"
202001,15119090,其他棕榈油及其分离品,309,荷兰,34,海关特殊监管区域物流货物,31,上海市,60680,千克,0,?,"802,190"
202001,15119090,其他棕榈油及其分离品,410,巴西,10,一般贸易,31,上海市,360,千克,0,?,"8,457"
202001,15121100,初榨的葵花油或红花油,137,土耳其,10,一般贸易,31,上海市,48048,千克,0,?,"375,347"
202001,15121100,初榨的葵花油或红花油,137,土耳其,10,一般贸易,44,广东省,43000,千克,0,?,"290,948"
202001,15121100,初榨的葵花油或红花油,145,哈萨克斯坦,10,一般贸易,11,北京市,263500,千克,0,?,"1,375,743"
202001,15121100,初榨的葵花油或红花油,145,哈萨克斯坦,10,一般贸易,41,河南省,18400,千克,0,?,"97,957"
202001,15121100,初榨的葵花油或红花油,145,哈萨克斯坦,10,一般贸易,42,湖北省,39138,千克,0,?,"977,326"
202001,15121100,初榨的葵花油或红花油,145,哈萨克斯坦,10,一般贸易,61,陕西省,264600,千克,0,?,"1,549,344"
202001,15121100,初榨的葵花油或红花油,145,哈萨克斯坦,10,一般贸易,65,新疆维吾尔自治区,6722835,千克,0,?,"35,520,068"
202001,15121100,初榨的葵花油或红花油,145,哈萨克斯坦,19,边境小额贸易,65,新疆维吾尔自治区,19596,千克,0,?,"114,756"
202001,15121100,初榨的葵花油或红花油,304,德国,10,一般贸易,31,上海市,18,千克,0,?,216
202001,15121100,初榨的葵花油或红花油,307,意大利,33,保税监管场所进出境货物,33,浙江省,7694,千克,0,?,"51,189"
202001,15121100,初榨的葵花油或红花油,312,西班牙,10,一般贸易,11,北京市,151546,千克,0,?,"1,253,618"
202001,15121100,初榨的葵花油或红花油,312,西班牙,10,一般贸易,31,上海市,1516,千克,0,?,"11,366"
202001,15121100,初榨的葵花油或红花油,328,罗马尼亚,10,一般贸易,31,上海市,6,千克,0,?,72
202001,15121100,初榨的葵花油或红花油,328,罗马尼亚,10,一般贸易,32,江苏省,43270,千克,0,?,"670,087"
202001,15121100,初榨的葵花油或红花油,344,俄罗斯,10,一般贸易,11,北京市,409780,千克,0,?,"2,093,048"
202001,15121100,初榨的葵花油或红花油,344,俄罗斯,10,一般贸易,31,上海市,26458638,千克,0,?,"144,157,789"
202001,15121100,初榨的葵花油或红花油,344,俄罗斯,10,一般贸易,42,湖北省,139352,千克,0,?,"923,370"
202001,15121100,初榨的葵花油或红花油,344,俄罗斯,10,一般贸易,61,陕西省,45600,千克,0,?,"250,461"
202001,15121100,初榨的葵花油或红花油,344,俄罗斯,10,一般贸易,65,新疆维吾尔自治区,3943415,千克,0,?,"20,040,551"
202001,15121100,初榨的葵花油或红花油,344,俄罗斯,34,海关特殊监管区域物流货物,21,辽宁省,201,千克,0,?,"3,430"
202001,15121100,初榨的葵花油或红花油,347,乌克兰,10,一般贸易,11,北京市,744060,千克,0,?,"4,800,246"
202001,15121100,初榨的葵花油或红花油,347,乌克兰,10,一般贸易,12,天津市,79371,千克,0,?,"822,064"
202001,15121100,初榨的葵花油或红花油,347,乌克兰,10,一般贸易,21,辽宁省,48110,千克,0,?,"265,930"
202001,15121100,初榨的葵花油或红花油,347,乌克兰,10,一般贸易,31,上海市,1440840,千克,0,?,"12,209,643"
202001,15121100,初榨的葵花油或红花油,347,乌克兰,10,一般贸易,32,江苏省,31212208,千克,0,?,"166,080,563"
202001,15121100,初榨的葵花油或红花油,347,乌克兰,10,一般贸易,37,山东省,392178,千克,0,?,"2,562,929"
202001,15121100,初榨的葵花油或红花油,347,乌克兰,15,进料加工贸易,32,江苏省,239280,千克,0,?,"1,266,059"
202001,15121100,初榨的葵花油或红花油,347,乌克兰,33,保税监管场所进出境货物,31,上海市,47702,千克,0,?,"314,122"
202001,15121100,初榨的葵花油或红花油,347,乌克兰,34,海关特殊监管区域物流货物,31,上海市,53028,千克,0,?,"365,630"
202001,15121100,初榨的葵花油或红花油,358,塞尔维亚,10,一般贸易,33,浙江省,4140,千克,0,?,"26,133"
202001,15121100,初榨的葵花油或红花油,502,美国,10,一般贸易,31,上海市,1,千克,0,?,85
202001,15121100,初榨的葵花油或红花油,502,美国,10,一般贸易,44,广东省,1404,千克,0,?,"18,703"
202001,15121100,初榨的葵花油或红花油,601,澳大利亚,10,一般贸易,33,浙江省,4,千克,0,?,538
202001,15121900,其他葵花油或红花油及其分离品,111,印度,10,一般贸易,31,上海市,96,千克,0,?,"3,448"
202001,15121900,其他葵花油或红花油及其分离品,116,日本,10,一般贸易,32,江苏省,330,千克,0,?,"21,083"
202001,15121900,其他葵花油或红花油及其分离品,137,土耳其,10,一般贸易,12,天津市,25116,千克,0,?,"172,387"
202001,15121900,其他葵花油或红花油及其分离品,137,土耳其,10,一般贸易,13,河北省,99281,千克,0,?,"706,078"
202001,15121900,其他葵花油或红花油及其分离品,137,土耳其,10,一般贸易,23,黑龙江省,82227,千克,0,?,"590,404"
202001,15121900,其他葵花油或红花油及其分离品,137,土耳其,10,一般贸易,35,福建省,148716,千克,0,?,"1,083,857"
202001,15121900,其他葵花油或红花油及其分离品,137,土耳其,10,一般贸易,44,广东省,245700,千克,0,?,"1,570,870"
202001,15121900,其他葵花油或红花油及其分离品,137,土耳其,33,保税监管场所进出境货物,33,浙江省,50232,千克,0,?,"321,172"
202001,15121900,其他葵花油或红花油及其分离品,145,哈萨克斯坦,10,一般贸易,61,陕西省,18616,千克,0,?,"110,685"
202001,15121900,其他葵花油或红花油及其分离品,301,比利时,10,一般贸易,21,辽宁省,45575,千克,0,?,"717,160"
202001,15121900,其他葵花油或红花油及其分离品,303,英国,10,一般贸易,44,广东省,400,千克,0,?,"9,583"
202001,15121900,其他葵花油或红花油及其分离品,312,西班牙,10,一般贸易,31,上海市,2300,千克,0,?,"24,252"
202001,15121900,其他葵花油或红花油及其分离品,312,西班牙,10,一般贸易,33,浙江省,33963,千克,0,?,"286,861"
202001,15121900,其他葵花油或红花油及其分离品,312,西班牙,10,一般贸易,44,广东省,19295,千克,0,?,"160,354"
202001,15121900,其他葵花油或红花油及其分离品,312,西班牙,15,进料加工贸易,35,福建省,20000,千克,0,?,"238,105"
202001,15121900,其他葵花油或红花油及其分离品,312,西班牙,33,保税监管场所进出境货物,33,浙江省,8390,千克,0,?,"57,632"
202001,15121900,其他葵花油或红花油及其分离品,312,西班牙,34,海关特殊监管区域物流货物,31,上海市,9856,千克,0,?,"100,407"
202001,15121900,其他葵花油或红花油及其分离品,312,西班牙,34,海关特殊监管区域物流货物,44,广东省,59487,千克,0,?,"473,189"
202001,15121900,其他葵花油或红花油及其分离品,344,俄罗斯,10,一般贸易,22,吉林省,61437,千克,0,?,"413,010"
202001,15121900,其他葵花油或红花油及其分离品,344,俄罗斯,10,一般贸易,31,上海市,295735,千克,0,?,"1,643,909"
202001,15121900,其他葵花油或红花油及其分离品,344,俄罗斯,10,一般贸易,65,新疆维吾尔自治区,84871,千克,0,?,"537,492"
202001,15121900,其他葵花油或红花油及其分离品,344,俄罗斯,19,边境小额贸易,15,内蒙古自治区,71930,千克,0,?,"488,667"
202001,15121900,其他葵花油或红花油及其分离品,344,俄罗斯,33,保税监管场所进出境货物,31,上海市,24300,千克,0,?,"160,748"
202001,15121900,其他葵花油或红花油及其分离品,344,俄罗斯,33,保税监管场所进出境货物,33,浙江省,100022,千克,0,?,"637,469"
202001,15121900,其他葵花油或红花油及其分离品,344,俄罗斯,34,海关特殊监管区域物流货物,22,吉林省,23000,千克,0,?,"148,577"
202001,15121900,其他葵花油或红花油及其分离品,347,乌克兰,10,一般贸易,11,北京市,149965,千克,0,?,"1,018,081"
202001,15121900,其他葵花油或红花油及其分离品,347,乌克兰,10,一般贸易,13,河北省,24472,千克,0,?,"159,317"
202001,15121900,其他葵花油或红花油及其分离品,347,乌克兰,10,一般贸易,15,内蒙古自治区,24564,千克,0,?,"151,401"
202001,15121900,其他葵花油或红花油及其分离品,347,乌克兰,10,一般贸易,21,辽宁省,47930,千克,0,?,"268,289"
202001,15121900,其他葵花油或红花油及其分离品,347,乌克兰,10,一般贸易,23,黑龙江省,25082,千克,0,?,"54,949"
202001,15121900,其他葵花油或红花油及其分离品,347,乌克兰,10,一般贸易,31,上海市,544958,千克,0,?,"3,713,127"
202001,15121900,其他葵花油或红花油及其分离品,347,乌克兰,10,一般贸易,32,江苏省,22632,千克,0,?,"143,551"
202001,15121900,其他葵花油或红花油及其分离品,347,乌克兰,10,一般贸易,33,浙江省,128708,千克,0,?,"934,346"
202001,15121900,其他葵花油或红花油及其分离品,347,乌克兰,10,一般贸易,35,福建省,53131,千克,0,?,"378,357"
202001,15121900,其他葵花油或红花油及其分离品,347,乌克兰,10,一般贸易,37,山东省,419520,千克,0,?,"2,807,716"
202001,15121900,其他葵花油或红花油及其分离品,347,乌克兰,10,一般贸易,41,河南省,50194,千克,0,?,"348,657"
202001,15121900,其他葵花油或红花油及其分离品,347,乌克兰,10,一般贸易,44,广东省,192648,千克,0,?,"1,312,870"
202001,15121900,其他葵花油或红花油及其分离品,347,乌克兰,10,一般贸易,65,新疆维吾尔自治区,26827,千克,0,?,"178,906"
202001,15121900,其他葵花油或红花油及其分离品,347,乌克兰,33,保税监管场所进出境货物,33,浙江省,47624,千克,0,?,"319,431"
202001,15121900,其他葵花油或红花油及其分离品,358,塞尔维亚,10,一般贸易,33,浙江省,2763,千克,0,?,"18,724"
202001,15121900,其他葵花油或红花油及其分离品,358,塞尔维亚,33,保税监管场所进出境货物,33,浙江省,17526,千克,0,?,"133,291"
202001,15121900,其他葵花油或红花油及其分离品,502,美国,10,一般贸易,31,上海市,4,千克,0,?,201
202001,15121900,其他葵花油或红花油及其分离品,502,美国,10,一般贸易,32,江苏省,3810,千克,0,?,"22,399"
202001,15121900,其他葵花油或红花油及其分离品,502,美国,10,一般贸易,50,重庆市,3806,千克,0,?,"246,722"
202001,15122900,其他棉子油及其分离品,502,美国,10,一般贸易,31,上海市,4,千克,0,?,"2,019"
202001,15122900,其他棉子油及其分离品,502,美国,34,海关特殊监管区域物流货物,31,上海市,9,千克,0,?,"1,981"
202001,15131100,初榨的椰子油,112,印度尼西亚,10,一般贸易,33,浙江省,300,千克,0,?,"5,309"
202001,15131100,初榨的椰子油,129,菲律宾,10,一般贸易,11,北京市,1,千克,0,?,155
202001,15131100,初榨的椰子油,129,菲律宾,10,一般贸易,12,天津市,0,千克,0,?,283
202001,15131100,初榨的椰子油,129,菲律宾,10,一般贸易,31,上海市,1499,千克,0,?,"84,854"
202001,15131100,初榨的椰子油,132,新加坡,10,一般贸易,31,上海市,163,千克,0,?,"22,678"
202001,15131100,初榨的椰子油,134,斯里兰卡,10,一般贸易,31,上海市,4382,千克,0,?,"136,582"
202001,15131100,初榨的椰子油,134,斯里兰卡,10,一般贸易,37,山东省,6624,千克,0,?,"179,463"
202001,15131100,初榨的椰子油,136,泰国,10,一般贸易,44,广东省,1292,千克,0,?,"135,271"
202001,15131100,初榨的椰子油,141,越南,10,一般贸易,32,江苏省,105580,千克,0,?,"424,771"
202001,15131100,初榨的椰子油,141,越南,10,一般贸易,44,广东省,231180,千克,0,?,"1,164,880"
202001,15131100,初榨的椰子油,142,中国,10,一般贸易,11,北京市,1,千克,0,?,124
202001,15131100,初榨的椰子油,305,法国,10,一般贸易,31,上海市,1001,千克,0,?,"29,398"
202001,15131100,初榨的椰子油,501,加拿大,10,一般贸易,31,上海市,37,千克,0,?,"5,460"
202001,15131100,初榨的椰子油,502,美国,10,一般贸易,11,北京市,9,千克,0,?,"2,164"
202001,15131100,初榨的椰子油,502,美国,10,一般贸易,12,天津市,3,千克,0,?,"1,453"
202001,15131100,初榨的椰子油,502,美国,10,一般贸易,31,上海市,278,千克,0,?,"37,774"
202001,15131100,初榨的椰子油,502,美国,10,一般贸易,44,广东省,90,千克,0,?,"8,120"
202001,15131100,初榨的椰子油,601,澳大利亚,10,一般贸易,31,上海市,4,千克,0,?,"1,303"
202001,15131100,初榨的椰子油,601,澳大利亚,10,一般贸易,35,福建省,7,千克,0,?,"1,604"
202001,15131100,初榨的椰子油,601,澳大利亚,10,一般贸易,44,广东省,132,千克,0,?,"21,975"
202001,15131100,初榨的椰子油,601,澳大利亚,10,一般贸易,50,重庆市,6,千克,0,?,889
202001,15131100,初榨的椰子油,601,澳大利亚,34,海关特殊监管区域物流货物,31,上海市,16243,千克,0,?,"1,038,590"
202001,15131100,初榨的椰子油,609,新西兰,10,一般贸易,44,广东省,24,千克,0,?,"1,702"
202001,15131900,其他椰子油及其分离品,112,印度尼西亚,10,一般贸易,11,北京市,1374120,千克,0,?,"8,183,739"
202001,15131900,其他椰子油及其分离品,112,印度尼西亚,10,一般贸易,13,河北省,1249955,千克,0,?,"6,760,047"
202001,15131900,其他椰子油及其分离品,112,印度尼西亚,10,一般贸易,31,上海市,2545503,千克,0,?,"15,060,773"
202001,15131900,其他椰子油及其分离品,112,印度尼西亚,10,一般贸易,32,江苏省,2414720,千克,0,?,"12,973,775"
202001,15131900,其他椰子油及其分离品,112,印度尼西亚,10,一般贸易,35,福建省,300000,千克,0,?,"1,553,312"
202001,15131900,其他椰子油及其分离品,112,印度尼西亚,10,一般贸易,37,山东省,500000,千克,0,?,"2,606,345"
202001,15131900,其他椰子油及其分离品,112,印度尼西亚,10,一般贸易,44,广东省,6339518,千克,0,?,"35,743,047"
202001,15131900,其他椰子油及其分离品,116,日本,10,一般贸易,31,上海市,66,千克,0,?,"2,451"
202001,15131900,其他椰子油及其分离品,122,马来西亚,10,一般贸易,44,广东省,21775,千克,0,?,"379,798"
202001,15131900,其他椰子油及其分离品,122,马来西亚,10,一般贸易,65,新疆维吾尔自治区,22400,千克,0,?,"148,110"
202001,15131900,其他椰子油及其分离品,129,菲律宾,10,一般贸易,11,北京市,1114140,千克,0,?,"5,624,731"
202001,15131900,其他椰子油及其分离品,129,菲律宾,10,一般贸易,31,上海市,3,千克,0,?,84
202001,15131900,其他椰子油及其分离品,129,菲律宾,10,一般贸易,44,广东省,18507,千克,0,?,"328,134"
202001,15131900,其他椰子油及其分离品,132,新加坡,10,一般贸易,11,北京市,2,千克,0,?,154
202001,15131900,其他椰子油及其分离品,132,新加坡,10,一般贸易,31,上海市,40,千克,0,?,"8,056"
202001,15131900,其他椰子油及其分离品,133,韩国,10,一般贸易,44,广东省,15,千克,0,?,460
202001,15131900,其他椰子油及其分离品,136,泰国,10,一般贸易,44,广东省,11,千克,0,?,930
202001,15131900,其他椰子油及其分离品,312,西班牙,10,一般贸易,31,上海市,0,千克,0,?,7
202001,15131900,其他椰子油及其分离品,501,加拿大,10,一般贸易,31,上海市,2,千克,0,?,329
202001,15131900,其他椰子油及其分离品,502,美国,10,一般贸易,11,北京市,26,千克,0,?,"3,708"
202001,15131900,其他椰子油及其分离品,502,美国,10,一般贸易,12,天津市,4,千克,0,?,"3,044"
202001,15131900,其他椰子油及其分离品,502,美国,10,一般贸易,23,黑龙江省,5,千克,0,?,198
202001,15131900,其他椰子油及其分离品,502,美国,10,一般贸易,31,上海市,45,千克,0,?,"5,711"
202001,15131900,其他椰子油及其分离品,502,美国,10,一般贸易,41,河南省,11,千克,0,?,617
202001,15131900,其他椰子油及其分离品,502,美国,10,一般贸易,44,广东省,291,千克,0,?,"9,847"
202001,15131900,其他椰子油及其分离品,609,新西兰,10,一般贸易,31,上海市,8,千克,0,?,"1,445"
202001,15132100,初榨的棕榈仁油或巴巴苏棕榈果油,112,印度尼西亚,10,一般贸易,32,江苏省,15751532,千克,0,?,"83,189,564"
202001,15132100,初榨的棕榈仁油或巴巴苏棕榈果油,122,马来西亚,10,一般贸易,31,上海市,999994,千克,0,?,"4,562,130"
202001,15132900,其他棕榈仁油或巴巴苏棕榈果油及其分离品,112,印度尼西亚,10,一般贸易,13,河北省,500000,千克,0,?,"3,158,716"
202001,15132900,其他棕榈仁油或巴巴苏棕榈果油及其分离品,112,印度尼西亚,10,一般贸易,31,上海市,8999732,千克,0,?,"51,745,543"
202001,15132900,其他棕榈仁油或巴巴苏棕榈果油及其分离品,112,印度尼西亚,10,一般贸易,32,江苏省,4219395,千克,0,?,"22,255,377"
202001,15132900,其他棕榈仁油或巴巴苏棕榈果油及其分离品,112,印度尼西亚,10,一般贸易,33,浙江省,9000000,千克,0,?,"47,039,608"
202001,15132900,其他棕榈仁油或巴巴苏棕榈果油及其分离品,112,印度尼西亚,10,一般贸易,44,广东省,4999697,千克,0,?,"22,879,107"
202001,15132900,其他棕榈仁油或巴巴苏棕榈果油及其分离品,122,马来西亚,10,一般贸易,13,河北省,18180,千克,0,?,"146,920"
202001,15132900,其他棕榈仁油或巴巴苏棕榈果油及其分离品,122,马来西亚,10,一般贸易,21,辽宁省,18180,千克,0,?,"146,920"
202001,15132900,其他棕榈仁油或巴巴苏棕榈果油及其分离品,122,马来西亚,10,一般贸易,31,上海市,2849349,千克,0,?,"12,586,942"
202001,15132900,其他棕榈仁油或巴巴苏棕榈果油及其分离品,122,马来西亚,10,一般贸易,32,江苏省,1201390,千克,0,?,"5,118,707"
202001,15132900,其他棕榈仁油或巴巴苏棕榈果油及其分离品,122,马来西亚,10,一般贸易,33,浙江省,981753,千克,0,?,"4,321,602"
202001,15132900,其他棕榈仁油或巴巴苏棕榈果油及其分离品,122,马来西亚,34,海关特殊监管区域物流货物,12,天津市,899644,千克,0,?,"4,670,049"
202001,15132900,其他棕榈仁油或巴巴苏棕榈果油及其分离品,304,德国,10,一般贸易,32,江苏省,2160,千克,0,?,"102,171"
202001,15141100,初榨的低芥子酸菜子油,138,阿联酋,10,一般贸易,11,北京市,1273460,千克,0,?,"7,551,408"
202001,15141100,初榨的低芥子酸菜子油,138,阿联酋,10,一般贸易,35,福建省,9030720,千克,0,?,"49,294,133"
202001,15141100,初榨的低芥子酸菜子油,141,越南,10,一般贸易,43,湖南省,66000,千克,0,?,"392,526"
202001,15141100,初榨的低芥子酸菜子油,145,哈萨克斯坦,10,一般贸易,61,陕西省,1464350,千克,0,?,"6,807,060"
202001,15141100,初榨的低芥子酸菜子油,145,哈萨克斯坦,10,一般贸易,65,新疆维吾尔自治区,2700500,千克,0,?,"16,095,645"
202001,15141100,初榨的低芥子酸菜子油,304,德国,10,一般贸易,31,上海市,2,千克,0,?,446
202001,15141100,初榨的低芥子酸菜子油,304,德国,10,一般贸易,42,湖北省,2,千克,0,?,392
202001,15141100,初榨的低芥子酸菜子油,312,西班牙,10,一般贸易,11,北京市,662,千克,0,?,"6,949"
202001,15141100,初榨的低芥子酸菜子油,312,西班牙,10,一般贸易,31,上海市,662,千克,0,?,"6,949"
202001,15141100,初榨的低芥子酸菜子油,340,白俄罗斯,10,一般贸易,11,北京市,488500,千克,0,?,"2,820,698"
202001,15141100,初榨的低芥子酸菜子油,344,俄罗斯,10,一般贸易,11,北京市,360650,千克,0,?,"2,183,564"
202001,15141100,初榨的低芥子酸菜子油,344,俄罗斯,10,一般贸易,15,内蒙古自治区,600716,千克,0,?,"3,464,785"
202001,15141100,初榨的低芥子酸菜子油,344,俄罗斯,10,一般贸易,31,上海市,1569640,千克,0,?,"10,329,468"
202001,15141100,初榨的低芥子酸菜子油,344,俄罗斯,10,一般贸易,43,湖南省,494270,千克,0,?,"3,012,150"
202001,15141100,初榨的低芥子酸菜子油,344,俄罗斯,10,一般贸易,44,广东省,1697940,千克,0,?,"10,363,750"
202001,15141100,初榨的低芥子酸菜子油,344,俄罗斯,10,一般贸易,51,四川省,3002080,千克,0,?,"17,897,708"
202001,15141100,初榨的低芥子酸菜子油,344,俄罗斯,10,一般贸易,61,陕西省,126000,千克,0,?,"687,960"
202001,15141100,初榨的低芥子酸菜子油,344,俄罗斯,10,一般贸易,65,新疆维吾尔自治区,3938440,千克,0,?,"23,370,828"
202001,15141100,初榨的低芥子酸菜子油,344,俄罗斯,19,边境小额贸易,15,内蒙古自治区,940070,千克,0,?,"5,327,838"
202001,15141100,初榨的低芥子酸菜子油,433,巴拉圭,10,一般贸易,31,上海市,111020,千克,0,?,"645,325"
202001,15141100,初榨的低芥子酸菜子油,433,巴拉圭,10,一般贸易,34,安徽省,510410,千克,0,?,"3,001,538"
202001,15141100,初榨的低芥子酸菜子油,501,加拿大,10,一般贸易,11,北京市,2000000,千克,0,?,"11,239,428"
202001,15141100,初榨的低芥子酸菜子油,501,加拿大,10,一般贸易,31,上海市,2001237,千克,0,?,"11,334,480"
202001,15141100,初榨的低芥子酸菜子油,501,加拿大,10,一般贸易,32,江苏省,15004830,千克,0,?,"83,596,005"
202001,15141100,初榨的低芥子酸菜子油,501,加拿大,10,一般贸易,35,福建省,22005550,千克,0,?,"119,194,646"
202001,15141100,初榨的低芥子酸菜子油,501,加拿大,34,海关特殊监管区域物流货物,31,上海市,3410,千克,0,?,"50,168"
202001,15141100,初榨的低芥子酸菜子油,501,加拿大,34,海关特殊监管区域物流货物,37,山东省,3354,千克,0,?,"66,223"
202001,15141100,初榨的低芥子酸菜子油,601,澳大利亚,10,一般贸易,32,江苏省,301200,千克,0,?,"2,347,717"
202001,15141900,其他低芥子酸菜子油及其分离品,116,日本,10,一般贸易,21,辽宁省,360,千克,0,?,"5,119"
202001,15141900,其他低芥子酸菜子油及其分离品,304,德国,10,一般贸易,33,浙江省,215,千克,0,?,"12,067"
202001,15141900,其他低芥子酸菜子油及其分离品,305,法国,10,一般贸易,32,江苏省,8000,千克,0,?,"103,775"
202001,15141900,其他低芥子酸菜子油及其分离品,305,法国,33,保税监管场所进出境货物,31,上海市,7949,千克,0,?,"84,999"
202001,15141900,其他低芥子酸菜子油及其分离品,501,加拿大,10,一般贸易,23,黑龙江省,11034,千克,0,?,"129,533"
202001,15141900,其他低芥子酸菜子油及其分离品,501,加拿大,33,保税监管场所进出境货物,31,上海市,94650,千克,0,?,"921,868"
202001,15141900,其他低芥子酸菜子油及其分离品,501,加拿大,33,保税监管场所进出境货物,33,浙江省,23163,千克,0,?,"270,360"
202001,15141900,其他低芥子酸菜子油及其分离品,601,澳大利亚,10,一般贸易,31,上海市,13094,千克,0,?,"184,676"
202001,15141900,其他低芥子酸菜子油及其分离品,601,澳大利亚,10,一般贸易,33,浙江省,13313,千克,0,?,"209,629"
202001,15141900,其他低芥子酸菜子油及其分离品,601,澳大利亚,10,一般贸易,37,山东省,15594,千克,0,?,"101,944"
202001,15141900,其他低芥子酸菜子油及其分离品,601,澳大利亚,34,海关特殊监管区域物流货物,37,山东省,25332,千克,0,?,"166,608"
202001,15141900,其他低芥子酸菜子油及其分离品,601,澳大利亚,34,海关特殊监管区域物流货物,41,河南省,26496,千克,0,?,"327,782"
202001,15149110,初榨的菜子油,303,英国,34,海关特殊监管区域物流货物,31,上海市,33,千克,0,?,"2,101"
202001,15149110,初榨的菜子油,304,德国,10,一般贸易,31,上海市,4,千克,0,?,473
202001,15149110,初榨的菜子油,304,德国,10,一般贸易,42,湖北省,3,千克,0,?,248
202001,15149110,初榨的菜子油,304,德国,34,海关特殊监管区域物流货物,21,辽宁省,255,千克,0,?,"6,826"
202001,15149110,初榨的菜子油,315,奥地利,10,一般贸易,11,北京市,24,千克,0,?,"1,977"
202001,15149110,初榨的菜子油,318,芬兰,10,一般贸易,31,上海市,11,千克,0,?,144
202001,15149110,初榨的菜子油,344,俄罗斯,33,保税监管场所进出境货物,51,四川省,907840,千克,0,?,"5,651,350"
202001,15149110,初榨的菜子油,601,澳大利亚,10,一般贸易,21,辽宁省,13993,千克,0,?,"164,349"
202001,15149110,初榨的菜子油,601,澳大利亚,10,一般贸易,37,山东省,18400,千克,0,?,"177,665"
202001,15149110,初榨的菜子油,601,澳大利亚,15,进料加工贸易,37,山东省,18400,千克,0,?,"177,665"
202001,15149190,初榨的芥子油,502,美国,10,一般贸易,11,北京市,1,千克,0,?,45
202001,15149190,初榨的芥子油,502,美国,10,一般贸易,44,广东省,5197,千克,0,?,"50,665"
202001,15149190,初榨的芥子油,601,澳大利亚,10,一般贸易,31,上海市,4173,千克,0,?,"68,955"
202001,15149900,其他菜子油或芥子油及其分离品,304,德国,10,一般贸易,44,广东省,2,千克,0,?,242
202001,15149900,其他菜子油或芥子油及其分离品,312,西班牙,34,海关特殊监管区域物流货物,31,上海市,11884,千克,0,?,"121,330"
202001,15149900,其他菜子油或芥子油及其分离品,502,美国,10,一般贸易,11,北京市,1,千克,0,?,52
202001,15149900,其他菜子油或芥子油及其分离品,502,美国,10,一般贸易,12,天津市,0,千克,0,?,352
202001,15151100,初榨的亚麻子油,145,哈萨克斯坦,10,一般贸易,61,陕西省,51350,千克,0,?,"260,458"
202001,15151100,初榨的亚麻子油,145,哈萨克斯坦,10,一般贸易,65,新疆维吾尔自治区,2526240,千克,0,?,"15,037,156"
202001,15151100,初榨的亚麻子油,301,比利时,10,一般贸易,32,江苏省,531320,千克,0,?,"3,302,331"
202001,15151100,初榨的亚麻子油,304,德国,10,一般贸易,33,浙江省,1454,千克,0,?,"84,406"
202001,15151100,初榨的亚麻子油,304,德国,10,一般贸易,44,广东省,2,千克,0,?,225
202001,15151100,初榨的亚麻子油,305,法国,10,一般贸易,51,四川省,1,千克,0,?,104
202001,15151100,初榨的亚麻子油,307,意大利,10,一般贸易,31,上海市,290,千克,0,?,"22,173"
202001,15151100,初榨的亚麻子油,312,西班牙,10,一般贸易,11,北京市,1253,千克,0,?,"39,467"
202001,15151100,初榨的亚麻子油,344,俄罗斯,10,一般贸易,15,内蒙古自治区,278690,千克,0,?,"1,736,228"
202001,15151100,初榨的亚麻子油,344,俄罗斯,10,一般贸易,31,上海市,257800,千克,0,?,"1,532,337"
202001,15151100,初榨的亚麻子油,344,俄罗斯,10,一般贸易,32,江苏省,21420,千克,0,?,"125,307"
202001,15151100,初榨的亚麻子油,344,俄罗斯,10,一般贸易,65,新疆维吾尔自治区,189000,千克,0,?,"1,062,094"
202001,15151100,初榨的亚麻子油,347,乌克兰,10,一般贸易,12,天津市,25380,千克,0,?,"243,492"
202001,15151100,初榨的亚麻子油,347,乌克兰,10,一般贸易,44,广东省,275306,千克,0,?,"1,579,060"
202001,15151100,初榨的亚麻子油,501,加拿大,10,一般贸易,31,上海市,1,千克,0,?,433
202001,15151100,初榨的亚麻子油,501,加拿大,10,一般贸易,32,江苏省,713,千克,0,?,"31,649"
202001,15151100,初榨的亚麻子油,501,加拿大,10,一般贸易,37,山东省,713,千克,0,?,"15,743"
202001,15151100,初榨的亚麻子油,501,加拿大,34,海关特殊监管区域物流货物,37,山东省,1800,千克,0,?,"63,487"
202001,15151100,初榨的亚麻子油,502,美国,10,一般贸易,11,北京市,6,千克,0,?,649
202001,15151100,初榨的亚麻子油,502,美国,10,一般贸易,12,天津市,0,千克,0,?,197
202001,15151900,其他亚麻子油及其分离品,116,日本,10,一般贸易,33,浙江省,16,千克,0,?,"3,409"
202001,15151900,其他亚麻子油及其分离品,145,哈萨克斯坦,10,一般贸易,65,新疆维吾尔自治区,60000,千克,0,?,"412,673"
202001,15151900,其他亚麻子油及其分离品,303,英国,10,一般贸易,11,北京市,1,千克,0,?,105
202001,15151900,其他亚麻子油及其分离品,304,德国,10,一般贸易,11,北京市,4,千克,0,?,331
202001,15151900,其他亚麻子油及其分离品,304,德国,10,一般贸易,21,辽宁省,2,千克,0,?,126
202001,15151900,其他亚麻子油及其分离品,304,德国,10,一般贸易,31,上海市,13260,千克,0,?,"115,046"
202001,15151900,其他亚麻子油及其分离品,304,德国,10,一般贸易,53,云南省,186,千克,0,?,"6,241"
202001,15151900,其他亚麻子油及其分离品,305,法国,10,一般贸易,31,上海市,1,千克,0,?,"2,547"
202001,15151900,其他亚麻子油及其分离品,330,瑞典,10,一般贸易,31,上海市,1080,千克,0,?,"57,153"
202001,15151900,其他亚麻子油及其分离品,344,俄罗斯,10,一般贸易,44,广东省,865,千克,0,?,"13,259"
202001,15151900,其他亚麻子油及其分离品,344,俄罗斯,19,边境小额贸易,15,内蒙古自治区,1035,千克,0,?,"21,600"
202001,15151900,其他亚麻子油及其分离品,501,加拿大,10,一般贸易,33,浙江省,4,千克,0,?,"2,616"
202001,15151900,其他亚麻子油及其分离品,502,美国,10,一般贸易,11,北京市,9,千克,0,?,"1,506"
202001,15151900,其他亚麻子油及其分离品,502,美国,10,一般贸易,12,天津市,11,千克,0,?,"2,440"
202001,15151900,其他亚麻子油及其分离品,502,美国,10,一般贸易,31,上海市,17,千克,0,?,"4,835"
202001,15151900,其他亚麻子油及其分离品,502,美国,10,一般贸易,33,浙江省,437,千克,0,?,"62,679"
202001,15151900,其他亚麻子油及其分离品,601,澳大利亚,10,一般贸易,35,福建省,0,千克,0,?,109
202001,15151900,其他亚麻子油及其分离品,609,新西兰,10,一般贸易,33,浙江省,11,千克,0,?,"2,558"
202001,15152100,初榨的玉米油,110,中国香港,10,一般贸易,44,广东省,3680,千克,0,?,"33,168"
202001,15152900,其他玉米油及其分离品,110,中国香港,10,一般贸易,44,广东省,11158,千克,0,?,"119,347"
202001,15152900,其他玉米油及其分离品,133,韩国,10,一般贸易,11,北京市,146,千克,0,?,"2,003"
202001,15152900,其他玉米油及其分离品,301,比利时,34,海关特殊监管区域物流货物,31,上海市,5,千克,0,?,"1,457"
202001,15152900,其他玉米油及其分离品,502,美国,10,一般贸易,31,上海市,0,千克,0,?,"1,516"
202001,15152900,其他玉米油及其分离品,502,美国,10,一般贸易,44,广东省,9144,千克,0,?,"163,148"
202001,15152900,其他玉米油及其分离品,502,美国,39,其他,31,上海市,0,千克,0,?,94
202001,15153000,蓖麻油及其分离品,111,印度,10,一般贸易,11,北京市,2128370,千克,0,?,"18,993,903"
202001,15153000,蓖麻油及其分离品,111,印度,10,一般贸易,13,河北省,1446620,千克,0,?,"12,869,783"
202001,15153000,蓖麻油及其分离品,111,印度,10,一般贸易,14,山西省,154610,千克,0,?,"1,349,902"
202001,15153000,蓖麻油及其分离品,111,印度,10,一般贸易,15,内蒙古自治区,43830,千克,0,?,"368,009"
202001,15153000,蓖麻油及其分离品,111,印度,10,一般贸易,31,上海市,163870,千克,0,?,"1,659,022"
202001,15153000,蓖麻油及其分离品,111,印度,10,一般贸易,32,江苏省,79520,千克,0,?,"752,018"
202001,15153000,蓖麻油及其分离品,111,印度,10,一般贸易,33,浙江省,59090,千克,0,?,"685,712"
202001,15153000,蓖麻油及其分离品,111,印度,10,一般贸易,37,山东省,65210,千克,0,?,"600,274"
202001,15153000,蓖麻油及其分离品,111,印度,10,一般贸易,44,广东省,1166890,千克,0,?,"10,211,744"
202001,15153000,蓖麻油及其分离品,111,印度,15,进料加工贸易,13,河北省,6225180,千克,0,?,"55,481,267"
202001,15153000,蓖麻油及其分离品,111,印度,15,进料加工贸易,32,江苏省,503020,千克,0,?,"4,786,356"
202001,15153000,蓖麻油及其分离品,111,印度,15,进料加工贸易,44,广东省,20000,千克,0,?,"260,036"
202001,15153000,蓖麻油及其分离品,116,日本,15,进料加工贸易,44,广东省,4500,千克,0,?,"114,798"
202001,15153000,蓖麻油及其分离品,136,泰国,10,一般贸易,11,北京市,46800,千克,0,?,"477,026"
202001,15153000,蓖麻油及其分离品,143,中国台湾,10,一般贸易,31,上海市,180,千克,0,?,"3,778"
202001,15153000,蓖麻油及其分离品,305,法国,10,一般贸易,31,上海市,350,千克,0,?,"17,843"
202001,15153000,蓖麻油及其分离品,312,西班牙,10,一般贸易,31,上海市,460,千克,0,?,"5,568"
202001,15153000,蓖麻油及其分离品,502,美国,10,一般贸易,44,广东省,200,千克,0,?,"21,741"
202001,15155000,芝麻油及其分离品,116,日本,10,一般贸易,31,上海市,4,千克,0,?,190
202001,15155000,芝麻油及其分离品,116,日本,10,一般贸易,33,浙江省,94,千克,0,?,"9,629"
202001,15155000,芝麻油及其分离品,116,日本,10,一般贸易,44,广东省,408,千克,0,?,"25,017"
202001,15155000,芝麻油及其分离品,116,日本,33,保税监管场所进出境货物,31,上海市,135,千克,0,?,"13,861"
202001,15155000,芝麻油及其分离品,116,日本,34,海关特殊监管区域物流货物,21,辽宁省,1086,千克,0,?,"60,949"
202001,15155000,芝麻油及其分离品,122,马来西亚,33,保税监管场所进出境货物,31,上海市,343,千克,0,?,"28,456"
202001,15155000,芝麻油及其分离品,132,新加坡,10,一般贸易,44,广东省,360,千克,0,?,"16,793"
202001,15155000,芝麻油及其分离品,133,韩国,10,一般贸易,11,北京市,3,千克,0,?,557
202001,15155000,芝麻油及其分离品,133,韩国,10,一般贸易,21,辽宁省,34,千克,0,?,"9,824"
202001,15155000,芝麻油及其分离品,133,韩国,10,一般贸易,37,山东省,266,千克,0,?,"15,127"
202001,15155000,芝麻油及其分离品,133,韩国,10,一般贸易,44,广东省,132,千克,0,?,"8,362"
202001,15155000,芝麻油及其分离品,133,韩国,33,保税监管场所进出境货物,11,北京市,5,千克,0,?,573
202001,15155000,芝麻油及其分离品,133,韩国,33,保税监管场所进出境货物,31,上海市,10,千克,0,?,994
202001,15155000,芝麻油及其分离品,133,韩国,33,保税监管场所进出境货物,44,广东省,5,千克,0,?,573
202001,15155000,芝麻油及其分离品,141,越南,34,海关特殊监管区域物流货物,21,辽宁省,184,千克,0,?,"7,214"
202001,15155000,芝麻油及其分离品,143,中国台湾,39,其他,35,福建省,156,千克,0,?,"8,640"
202001,15155000,芝麻油及其分离品,305,法国,10,一般贸易,31,上海市,1478,千克,0,?,"72,128"
202001,15155000,芝麻油及其分离品,307,意大利,10,一般贸易,31,上海市,437,千克,0,?,"44,664"
202001,15155000,芝麻油及其分离品,309,荷兰,34,海关特殊监管区域物流货物,31,上海市,5,千克,0,?,"3,193"
202001,15155000,芝麻油及其分离品,429,墨西哥,10,一般贸易,12,天津市,0,千克,0,?,127
202001,15155000,芝麻油及其分离品,429,墨西哥,10,一般贸易,31,上海市,0,千克,0,?,50
202001,15155000,芝麻油及其分离品,429,墨西哥,10,一般贸易,44,广东省,381,千克,0,?,"28,339"
202001,15155000,芝麻油及其分离品,431,尼加拉瓜,10,一般贸易,31,上海市,350,千克,0,?,"23,819"
202001,15155000,芝麻油及其分离品,502,美国,10,一般贸易,11,北京市,4,千克,0,?,473
202001,15155000,芝麻油及其分离品,502,美国,10,一般贸易,31,上海市,4,千克,0,?,514
202001,15155000,芝麻油及其分离品,601,澳大利亚,10,一般贸易,33,浙江省,7,千克,0,?,"1,633"
202001,15159010,希蒙得木油及其分离品,116,日本,10,一般贸易,31,上海市,45,千克,0,?,"10,480"
202001,15159010,希蒙得木油及其分离品,244,南非,10,一般贸易,31,上海市,100,千克,0,?,"7,795"
202001,15159010,希蒙得木油及其分离品,312,西班牙,10,一般贸易,31,上海市,640,千克,0,?,"73,897"
202001,15159010,希蒙得木油及其分离品,402,阿根廷,10,一般贸易,22,吉林省,2700,千克,0,?,"247,103"
202001,15159010,希蒙得木油及其分离品,402,阿根廷,10,一般贸易,31,上海市,4695,千克,0,?,"429,029"
202001,15159090,未列名固定植物油、脂及其分离品,110,中国香港,10,一般贸易,44,广东省,2,千克,0,?,"1,509"
202001,15159090,未列名固定植物油、脂及其分离品,111,印度,10,一般贸易,11,北京市,30,千克,0,?,"8,660"
202001,15159090,未列名固定植物油、脂及其分离品,111,印度,10,一般贸易,37,山东省,50,千克,0,?,"9,363"
202001,15159090,未列名固定植物油、脂及其分离品,112,印度尼西亚,10,一般贸易,44,广东省,70,千克,0,?,"3,158"
202001,15159090,未列名固定植物油、脂及其分离品,116,日本,10,一般贸易,31,上海市,0,千克,0,?,306
202001,15159090,未列名固定植物油、脂及其分离品,116,日本,10,一般贸易,32,江苏省,1,千克,0,?,897
202001,15159090,未列名固定植物油、脂及其分离品,116,日本,10,一般贸易,44,广东省,258,千克,0,?,"48,622"
202001,15159090,未列名固定植物油、脂及其分离品,116,日本,33,保税监管场所进出境货物,31,上海市,270,千克,0,?,"27,722"
202001,15159090,未列名固定植物油、脂及其分离品,122,马来西亚,34,海关特殊监管区域物流货物,12,天津市,36000,千克,0,?,"197,313"
202001,15159090,未列名固定植物油、脂及其分离品,133,韩国,10,一般贸易,11,北京市,7,千克,0,?,"1,404"
202001,15159090,未列名固定植物油、脂及其分离品,133,韩国,10,一般贸易,31,上海市,10,千克,0,?,"12,239"
202001,15159090,未列名固定植物油、脂及其分离品,133,韩国,10,一般贸易,37,山东省,36,千克,0,?,"6,986"
202001,15159090,未列名固定植物油、脂及其分离品,133,韩国,10,一般贸易,44,广东省,2725,千克,0,?,"541,571"
202001,15159090,未列名固定植物油、脂及其分离品,133,韩国,10,一般贸易,50,重庆市,5,千克,0,?,"1,811"
202001,15159090,未列名固定植物油、脂及其分离品,136,泰国,10,一般贸易,11,北京市,4013,千克,0,?,"92,369"
202001,15159090,未列名固定植物油、脂及其分离品,137,土耳其,10,一般贸易,23,黑龙江省,25160,千克,0,?,"562,688"
202001,15159090,未列名固定植物油、脂及其分离品,142,中国,10,一般贸易,31,上海市,30,千克,0,?,"9,130"
202001,15159090,未列名固定植物油、脂及其分离品,142,中国,10,一般贸易,44,广东省,7,千克,0,?,"3,624"
202001,15159090,未列名固定植物油、脂及其分离品,143,中国台湾,10,一般贸易,21,辽宁省,1,千克,0,?,372
202001,15159090,未列名固定植物油、脂及其分离品,143,中国台湾,34,海关特殊监管区域物流货物,31,上海市,11078,千克,0,?,"396,457"
202001,15159090,未列名固定植物油、脂及其分离品,215,埃及,10,一般贸易,11,北京市,80,千克,0,?,"21,844"
202001,15159090,未列名固定植物油、脂及其分离品,224,肯尼亚,10,一般贸易,11,北京市,40,千克,0,?,"10,922"
202001,15159090,未列名固定植物油、脂及其分离品,232,摩洛哥,10,一般贸易,21,辽宁省,460,千克,0,?,"97,814"
202001,15159090,未列名固定植物油、脂及其分离品,301,比利时,10,一般贸易,11,北京市,10,千克,0,?,"3,511"
202001,15159090,未列名固定植物油、脂及其分离品,302,丹麦,10,一般贸易,44,广东省,1,千克,0,?,125
202001,15159090,未列名固定植物油、脂及其分离品,303,英国,10,一般贸易,11,北京市,0,千克,0,?,378
202001,15159090,未列名固定植物油、脂及其分离品,303,英国,10,一般贸易,32,江苏省,5,千克,0,?,"1,764"
202001,15159090,未列名固定植物油、脂及其分离品,303,英国,10,一般贸易,44,广东省,7200,千克,0,?,"144,632"
202001,15159090,未列名固定植物油、脂及其分离品,304,德国,10,一般贸易,11,北京市,11,千克,0,?,"1,841"
202001,15159090,未列名固定植物油、脂及其分离品,304,德国,10,一般贸易,31,上海市,6,千克,0,?,"1,430"
202001,15159090,未列名固定植物油、脂及其分离品,304,德国,10,一般贸易,33,浙江省,3297,千克,0,?,"238,492"
202001,15159090,未列名固定植物油、脂及其分离品,304,德国,10,一般贸易,42,湖北省,2,千克,0,?,521
202001,15159090,未列名固定植物油、脂及其分离品,304,德国,10,一般贸易,44,广东省,14,千克,0,?,"3,472"
202001,15159090,未列名固定植物油、脂及其分离品,304,德国,10,一般贸易,53,云南省,987,千克,0,?,"53,737"
202001,15159090,未列名固定植物油、脂及其分离品,305,法国,10,一般贸易,11,北京市,3938,千克,0,?,"722,238"
202001,15159090,未列名固定植物油、脂及其分离品,305,法国,10,一般贸易,31,上海市,7431,千克,0,?,"305,612"
202001,15159090,未列名固定植物油、脂及其分离品,305,法国,10,一般贸易,33,浙江省,1410,千克,0,?,"768,836"
202001,15159090,未列名固定植物油、脂及其分离品,305,法国,10,一般贸易,42,湖北省,340,千克,0,?,"19,547"
202001,15159090,未列名固定植物油、脂及其分离品,305,法国,10,一般贸易,44,广东省,16190,千克,0,?,"776,157"
202001,15159090,未列名固定植物油、脂及其分离品,305,法国,10,一般贸易,51,四川省,207,千克,0,?,"42,418"
202001,15159090,未列名固定植物油、脂及其分离品,305,法国,33,保税监管场所进出境货物,31,上海市,2385,千克,0,?,"53,345"
202001,15159090,未列名固定植物油、脂及其分离品,305,法国,33,保税监管场所进出境货物,33,浙江省,4736,千克,0,?,"233,053"
202001,15159090,未列名固定植物油、脂及其分离品,305,法国,34,海关特殊监管区域物流货物,31,上海市,3078,千克,0,?,"68,841"
202001,15159090,未列名固定植物油、脂及其分离品,307,意大利,10,一般贸易,21,辽宁省,1140,千克,0,?,"35,575"
202001,15159090,未列名固定植物油、脂及其分离品,307,意大利,10,一般贸易,31,上海市,19980,千克,0,?,"858,957"
202001,15159090,未列名固定植物油、脂及其分离品,307,意大利,10,一般贸易,33,浙江省,0,千克,0,?,55
202001,15159090,未列名固定植物油、脂及其分离品,307,意大利,10,一般贸易,44,广东省,35,千克,0,?,"7,185"
202001,15159090,未列名固定植物油、脂及其分离品,307,意大利,33,保税监管场所进出境货物,33,浙江省,1220,千克,0,?,"27,187"
202001,15159090,未列名固定植物油、脂及其分离品,307,意大利,41,免税品,46,海南省,595,千克,0,?,"17,138"
202001,15159090,未列名固定植物油、脂及其分离品,309,荷兰,10,一般贸易,31,上海市,490,千克,0,?,"29,944"
202001,15159090,未列名固定植物油、脂及其分离品,309,荷兰,10,一般贸易,44,广东省,4,千克,0,?,453
202001,15159090,未列名固定植物油、脂及其分离品,309,荷兰,15,进料加工贸易,21,辽宁省,17300,千克,0,?,"2,243,284"
202001,15159090,未列名固定植物油、脂及其分离品,310,希腊,10,一般贸易,33,浙江省,103,千克,0,?,"7,510"
202001,15159090,未列名固定植物油、脂及其分离品,311,葡萄牙,10,一般贸易,33,浙江省,3,千克,0,?,512
202001,15159090,未列名固定植物油、脂及其分离品,312,西班牙,10,一般贸易,11,北京市,5199,千克,0,?,"120,239"
202001,15159090,未列名固定植物油、脂及其分离品,312,西班牙,10,一般贸易,31,上海市,22725,千克,0,?,"504,653"
202001,15159090,未列名固定植物油、脂及其分离品,312,西班牙,10,一般贸易,33,浙江省,14112,千克,0,?,"368,822"
202001,15159090,未列名固定植物油、脂及其分离品,312,西班牙,10,一般贸易,37,山东省,207,千克,0,?,"9,336"
202001,15159090,未列名固定植物油、脂及其分离品,312,西班牙,10,一般贸易,44,广东省,36668,千克,0,?,"690,632"
202001,15159090,未列名固定植物油、脂及其分离品,312,西班牙,10,一般贸易,51,四川省,3,千克,0,?,506
202001,15159090,未列名固定植物油、脂及其分离品,312,西班牙,34,海关特殊监管区域物流货物,31,上海市,1985,千克,0,?,"44,656"
202001,15159090,未列名固定植物油、脂及其分离品,315,奥地利,10,一般贸易,31,上海市,12,千克,0,?,"1,991"
202001,15159090,未列名固定植物油、脂及其分离品,315,奥地利,10,一般贸易,44,广东省,3,千克,0,?,324
202001,15159090,未列名固定植物油、脂及其分离品,330,瑞典,10,一般贸易,32,江苏省,18724,千克,0,?,"672,516"
202001,15159090,未列名固定植物油、脂及其分离品,330,瑞典,10,一般贸易,44,广东省,4,千克,0,?,567
202001,15159090,未列名固定植物油、脂及其分离品,344,俄罗斯,10,一般贸易,44,广东省,480,千克,0,?,"24,489"
202001,15159090,未列名固定植物油、脂及其分离品,347,乌克兰,10,一般贸易,44,广东省,140,千克,0,?,"32,002"
202001,15159090,未列名固定植物油、脂及其分离品,410,巴西,10,一般贸易,44,广东省,0,千克,0,?,166
202001,15159090,未列名固定植物油、脂及其分离品,412,智利,10,一般贸易,11,北京市,40,千克,0,?,"16,227"
202001,15159090,未列名固定植物油、脂及其分离品,412,智利,10,一般贸易,44,广东省,18,千克,0,?,"2,367"
202001,15159090,未列名固定植物油、脂及其分离品,413,哥伦比亚,10,一般贸易,31,上海市,0,千克,0,?,47
202001,15159090,未列名固定植物油、脂及其分离品,419,厄瓜多尔,10,一般贸易,31,上海市,5,千克,0,?,865
202001,15159090,未列名固定植物油、脂及其分离品,429,墨西哥,10,一般贸易,21,辽宁省,1713,千克,0,?,"72,662"
202001,15159090,未列名固定植物油、脂及其分离品,429,墨西哥,10,一般贸易,31,上海市,684,千克,0,?,"75,287"
202001,15159090,未列名固定植物油、脂及其分离品,429,墨西哥,10,一般贸易,33,浙江省,497,千克,0,?,"46,750"
202001,15159090,未列名固定植物油、脂及其分离品,429,墨西哥,10,一般贸易,41,河南省,714,千克,0,?,"24,884"
202001,15159090,未列名固定植物油、脂及其分离品,429,墨西哥,10,一般贸易,44,广东省,550,千克,0,?,"25,592"
202001,15159090,未列名固定植物油、脂及其分离品,501,加拿大,10,一般贸易,11,北京市,7600,千克,0,?,"906,896"
202001,15159090,未列名固定植物油、脂及其分离品,501,加拿大,10,一般贸易,31,上海市,140,千克,0,?,"14,546"
202001,15159090,未列名固定植物油、脂及其分离品,501,加拿大,10,一般贸易,33,浙江省,2,千克,0,?,173
202001,15159090,未列名固定植物油、脂及其分离品,501,加拿大,10,一般贸易,44,广东省,164,千克,0,?,"123,520"
202001,15159090,未列名固定植物油、脂及其分离品,501,加拿大,34,海关特殊监管区域物流货物,37,山东省,4083,千克,0,?,"18,778"
202001,15159090,未列名固定植物油、脂及其分离品,502,美国,10,一般贸易,11,北京市,17,千克,0,?,"4,403"
202001,15159090,未列名固定植物油、脂及其分离品,502,美国,10,一般贸易,12,天津市,13,千克,0,?,"6,020"
202001,15159090,未列名固定植物油、脂及其分离品,502,美国,10,一般贸易,21,辽宁省,760,千克,0,?,"25,958"
202001,15159090,未列名固定植物油、脂及其分离品,502,美国,10,一般贸易,31,上海市,239,千克,0,?,"84,506"
202001,15159090,未列名固定植物油、脂及其分离品,502,美国,10,一般贸易,33,浙江省,196,千克,0,?,"36,426"
202001,15159090,未列名固定植物油、脂及其分离品,502,美国,10,一般贸易,37,山东省,86,千克,0,?,"43,929"
202001,15159090,未列名固定植物油、脂及其分离品,502,美国,10,一般贸易,41,河南省,31,千克,0,?,"7,206"
202001,15159090,未列名固定植物油、脂及其分离品,502,美国,10,一般贸易,44,广东省,9329,千克,0,?,"874,018"
202001,15159090,未列名固定植物油、脂及其分离品,502,美国,10,一般贸易,46,海南省,7,千克,0,?,"12,386"
202001,15159090,未列名固定植物油、脂及其分离品,502,美国,10,一般贸易,50,重庆市,6,千克,0,?,"2,623"
202001,15159090,未列名固定植物油、脂及其分离品,502,美国,34,海关特殊监管区域物流货物,31,上海市,768,千克,0,?,"311,043"
202001,15159090,未列名固定植物油、脂及其分离品,601,澳大利亚,10,一般贸易,12,天津市,1684,千克,0,?,"1,771,826"
202001,15159090,未列名固定植物油、脂及其分离品,601,澳大利亚,10,一般贸易,33,浙江省,5354,千克,0,?,"4,130,868"
202001,15159090,未列名固定植物油、脂及其分离品,601,澳大利亚,10,一般贸易,37,山东省,796,千克,0,?,"679,116"
202001,15159090,未列名固定植物油、脂及其分离品,601,澳大利亚,10,一般贸易,41,河南省,1842,千克,0,?,"1,252,581"
202001,15159090,未列名固定植物油、脂及其分离品,601,澳大利亚,10,一般贸易,44,广东省,3749,千克,0,?,"2,049,245"
202001,15159090,未列名固定植物油、脂及其分离品,601,澳大利亚,10,一般贸易,46,海南省,7,千克,0,?,"15,179"
202001,15159090,未列名固定植物油、脂及其分离品,601,澳大利亚,10,一般贸易,50,重庆市,802,千克,0,?,"737,092"
202001,15159090,未列名固定植物油、脂及其分离品,601,澳大利亚,10,一般贸易,52,贵州省,83,千克,0,?,"115,381"
202001,15159090,未列名固定植物油、脂及其分离品,601,澳大利亚,34,海关特殊监管区域物流货物,31,上海市,195,千克,0,?,"156,598"
202001,15159090,未列名固定植物油、脂及其分离品,609,新西兰,10,一般贸易,31,上海市,8,千克,0,?,"2,085"
202001,15159090,未列名固定植物油、脂及其分离品,609,新西兰,10,一般贸易,33,浙江省,288,千克,0,?,"108,413"
202001,15159090,未列名固定植物油、脂及其分离品,609,新西兰,10,一般贸易,44,广东省,1753,千克,0,?,"313,061"
202001,15159090,未列名固定植物油、脂及其分离品,609,新西兰,10,一般贸易,46,海南省,12,千克,0,?,"2,454"
202001,15159090,未列名固定植物油、脂及其分离品,609,新西兰,10,一般贸易,51,四川省,8,千克,0,?,"1,439"
202001,15161000,氢化酯化或反油酸化的动物油、脂及其分离品,116,日本,10,一般贸易,44,广东省,420,千克,0,?,"12,726"
202001,15161000,氢化酯化或反油酸化的动物油、脂及其分离品,304,德国,10,一般贸易,44,广东省,153,千克,0,?,"790,685"
202001,15161000,氢化酯化或反油酸化的动物油、脂及其分离品,326,挪威,10,一般贸易,32,江苏省,192,千克,0,?,"49,035"
202001,15161000,氢化酯化或反油酸化的动物油、脂及其分离品,601,澳大利亚,10,一般贸易,50,重庆市,23,千克,0,?,"13,545"
202001,15162000,氢化酯化或反油酸化的植物油、脂及其分离品,111,印度,10,一般贸易,31,上海市,20000,千克,0,?,"300,867"
202001,15162000,氢化酯化或反油酸化的植物油、脂及其分离品,111,印度,10,一般贸易,44,广东省,47600,千克,0,?,"655,508"
202001,15162000,氢化酯化或反油酸化的植物油、脂及其分离品,111,印度,14,来料加工贸易,44,广东省,9800,千克,0,?,"134,671"
202001,15162000,氢化酯化或反油酸化的植物油、脂及其分离品,111,印度,15,进料加工贸易,44,广东省,40,千克,0,?,"1,057"
202001,15162000,氢化酯化或反油酸化的植物油、脂及其分离品,112,印度尼西亚,10,一般贸易,21,辽宁省,99000,千克,0,?,"581,862"
202001,15162000,氢化酯化或反油酸化的植物油、脂及其分离品,112,印度尼西亚,10,一般贸易,31,上海市,3513736,千克,0,?,"17,520,402"
202001,15162000,氢化酯化或反油酸化的植物油、脂及其分离品,112,印度尼西亚,10,一般贸易,32,江苏省,3013832,千克,0,?,"15,622,723"
202001,15162000,氢化酯化或反油酸化的植物油、脂及其分离品,112,印度尼西亚,10,一般贸易,33,浙江省,2751040,千克,0,?,"15,679,537"
202001,15162000,氢化酯化或反油酸化的植物油、脂及其分离品,112,印度尼西亚,10,一般贸易,35,福建省,176500,千克,0,?,"1,046,358"
202001,15162000,氢化酯化或反油酸化的植物油、脂及其分离品,112,印度尼西亚,10,一般贸易,44,广东省,225000,千克,0,?,"1,570,366"
202001,15162000,氢化酯化或反油酸化的植物油、脂及其分离品,116,日本,10,一般贸易,12,天津市,500,千克,0,?,"60,924"
202001,15162000,氢化酯化或反油酸化的植物油、脂及其分离品,116,日本,10,一般贸易,31,上海市,3480,千克,0,?,"137,982"
202001,15162000,氢化酯化或反油酸化的植物油、脂及其分离品,116,日本,10,一般贸易,37,山东省,450,千克,0,?,"52,456"
202001,15162000,氢化酯化或反油酸化的植物油、脂及其分离品,122,马来西亚,10,一般贸易,11,北京市,1224720,千克,0,?,"7,851,172"
202001,15162000,氢化酯化或反油酸化的植物油、脂及其分离品,122,马来西亚,10,一般贸易,12,天津市,43500,千克,0,?,"353,838"
202001,15162000,氢化酯化或反油酸化的植物油、脂及其分离品,122,马来西亚,10,一般贸易,13,河北省,248290,千克,0,?,"7,864,312"
202001,15162000,氢化酯化或反油酸化的植物油、脂及其分离品,122,马来西亚,10,一般贸易,31,上海市,386845,千克,0,?,"5,910,084"
202001,15162000,氢化酯化或反油酸化的植物油、脂及其分离品,122,马来西亚,10,一般贸易,32,江苏省,79960,千克,0,?,"735,346"
202001,15162000,氢化酯化或反油酸化的植物油、脂及其分离品,122,马来西亚,10,一般贸易,35,福建省,782000,千克,0,?,"4,619,498"
202001,15162000,氢化酯化或反油酸化的植物油、脂及其分离品,122,马来西亚,10,一般贸易,37,山东省,570,千克,0,?,"28,442"
202001,15162000,氢化酯化或反油酸化的植物油、脂及其分离品,122,马来西亚,34,海关特殊监管区域物流货物,12,天津市,114000,千克,0,?,"631,483"
202001,15162000,氢化酯化或反油酸化的植物油、脂及其分离品,122,马来西亚,34,海关特殊监管区域物流货物,31,上海市,4750,千克,0,?,"125,496"
202001,15162000,氢化酯化或反油酸化的植物油、脂及其分离品,129,菲律宾,10,一般贸易,11,北京市,6,千克,0,?,936
202001,15162000,氢化酯化或反油酸化的植物油、脂及其分离品,132,新加坡,10,一般贸易,31,上海市,18000,千克,0,?,"104,534"
202001,15162000,氢化酯化或反油酸化的植物油、脂及其分离品,132,新加坡,10,一般贸易,32,江苏省,423750,千克,0,?,"9,812,129"
202001,15162000,氢化酯化或反油酸化的植物油、脂及其分离品,133,韩国,10,一般贸易,33,浙江省,23,千克,0,?,"1,823"
202001,15162000,氢化酯化或反油酸化的植物油、脂及其分离品,133,韩国,10,一般贸易,44,广东省,20,千克,0,?,"3,879"
202001,15162000,氢化酯化或反油酸化的植物油、脂及其分离品,136,泰国,10,一般贸易,44,广东省,40,千克,0,?,"3,025"
202001,15162000,氢化酯化或反油酸化的植物油、脂及其分离品,143,中国台湾,10,一般贸易,32,江苏省,4320,千克,0,?,"60,453"
202001,15162000,氢化酯化或反油酸化的植物油、脂及其分离品,303,英国,10,一般贸易,44,广东省,1100,千克,0,?,"50,567"
202001,15162000,氢化酯化或反油酸化的植物油、脂及其分离品,304,德国,10,一般贸易,31,上海市,680,千克,0,?,"33,617"
202001,15162000,氢化酯化或反油酸化的植物油、脂及其分离品,304,德国,10,一般贸易,44,广东省,71,千克,0,?,"4,269"
202001,15162000,氢化酯化或反油酸化的植物油、脂及其分离品,305,法国,10,一般贸易,31,上海市,511,千克,0,?,"59,595"
202001,15162000,氢化酯化或反油酸化的植物油、脂及其分离品,305,法国,10,一般贸易,32,江苏省,2400,千克,0,?,"50,378"
202001,15162000,氢化酯化或反油酸化的植物油、脂及其分离品,305,法国,15,进料加工贸易,44,广东省,200,千克,0,?,"191,365"
202001,15162000,氢化酯化或反油酸化的植物油、脂及其分离品,309,荷兰,10,一般贸易,32,江苏省,500,千克,0,?,"14,463"
202001,15162000,氢化酯化或反油酸化的植物油、脂及其分离品,312,西班牙,10,一般贸易,44,广东省,20000,千克,0,?,"327,668"
202001,15162000,氢化酯化或反油酸化的植物油、脂及其分离品,330,瑞典,10,一般贸易,31,上海市,8400,千克,0,?,"486,061"
202001,15162000,氢化酯化或反油酸化的植物油、脂及其分离品,330,瑞典,34,海关特殊监管区域物流货物,12,天津市,259185,千克,0,?,"8,535,292"
202001,15162000,氢化酯化或反油酸化的植物油、脂及其分离品,330,瑞典,34,海关特殊监管区域物流货物,31,上海市,78995,千克,0,?,"2,800,936"
202001,15162000,氢化酯化或反油酸化的植物油、脂及其分离品,434,秘鲁,10,一般贸易,31,上海市,0,千克,0,?,55
202001,15162000,氢化酯化或反油酸化的植物油、脂及其分离品,502,美国,10,一般贸易,11,北京市,7,千克,0,?,"1,771"
202001,15162000,氢化酯化或反油酸化的植物油、脂及其分离品,502,美国,10,一般贸易,31,上海市,633,千克,0,?,"60,533"
202001,15162000,氢化酯化或反油酸化的植物油、脂及其分离品,502,美国,10,一般贸易,32,江苏省,6203,千克,0,?,"229,018"
202001,15162000,氢化酯化或反油酸化的植物油、脂及其分离品,502,美国,10,一般贸易,37,山东省,23,千克,0,?,"2,201"
202001,15162000,氢化酯化或反油酸化的植物油、脂及其分离品,502,美国,10,一般贸易,44,广东省,3,千克,0,?,386
202001,15162000,氢化酯化或反油酸化的植物油、脂及其分离品,502,美国,15,进料加工贸易,44,广东省,382,千克,0,?,"14,433"
202001,15162000,氢化酯化或反油酸化的植物油、脂及其分离品,502,美国,34,海关特殊监管区域物流货物,44,广东省,20017,千克,0,?,"301,869"
202001,15171000,"人造黄油,液态的除外",112,印度尼西亚,10,一般贸易,13,河北省,609000,千克,0,?,"2,872,599"
202001,15171000,"人造黄油,液态的除外",112,印度尼西亚,10,一般贸易,31,上海市,180000,千克,0,?,"708,690"
202001,15171000,"人造黄油,液态的除外",112,印度尼西亚,10,一般贸易,44,广东省,210000,千克,0,?,"830,064"
202001,15171000,"人造黄油,液态的除外",112,印度尼西亚,10,一般贸易,65,新疆维吾尔自治区,1473000,千克,0,?,"6,721,207"
202001,15171000,"人造黄油,液态的除外",112,印度尼西亚,34,海关特殊监管区域物流货物,21,辽宁省,22800,千克,0,?,"86,784"
202001,15171000,"人造黄油,液态的除外",122,马来西亚,10,一般贸易,31,上海市,44215,千克,0,?,"425,816"
202001,15171000,"人造黄油,液态的除外",122,马来西亚,10,一般贸易,44,广东省,15255,千克,0,?,"192,919"
202001,15171000,"人造黄油,液态的除外",133,韩国,10,一般贸易,37,山东省,9655,千克,0,?,"33,701"
202001,15171000,"人造黄油,液态的除外",141,越南,10,一般贸易,44,广东省,118400,千克,0,?,"662,746"
202001,15171000,"人造黄油,液态的除外",141,越南,34,海关特殊监管区域物流货物,21,辽宁省,640,千克,0,?,"21,865"
202001,15171000,"人造黄油,液态的除外",143,中国台湾,39,其他,35,福建省,269,千克,0,?,"2,754"
202001,15171000,"人造黄油,液态的除外",145,哈萨克斯坦,10,一般贸易,65,新疆维吾尔自治区,55559,千克,0,?,"439,444"
202001,15171000,"人造黄油,液态的除外",303,英国,10,一般贸易,44,广东省,24000,千克,0,?,"264,586"
202001,15171000,"人造黄油,液态的除外",309,荷兰,10,一般贸易,31,上海市,58880,千克,0,?,"933,568"
202001,15171000,"人造黄油,液态的除外",502,美国,34,海关特殊监管区域物流货物,44,广东省,9450,千克,0,?,"372,921"
202001,15171000,"人造黄油,液态的除外",601,澳大利亚,10,一般贸易,44,广东省,84898,千克,0,?,"807,481"
202001,15179010,起酥油,112,印度尼西亚,10,一般贸易,11,北京市,877600,千克,0,?,"3,565,162"
202001,15179010,起酥油,112,印度尼西亚,10,一般贸易,12,天津市,2060950,千克,0,?,"9,900,590"
202001,15179010,起酥油,112,印度尼西亚,10,一般贸易,31,上海市,16112992,千克,0,?,"75,558,612"
202001,15179010,起酥油,112,印度尼西亚,10,一般贸易,32,江苏省,1930800,千克,0,?,"8,617,399"
202001,15179010,起酥油,112,印度尼西亚,10,一般贸易,33,浙江省,3353146,千克,0,?,"15,477,439"
202001,15179010,起酥油,112,印度尼西亚,10,一般贸易,35,福建省,1812080,千克,0,?,"8,743,991"
202001,15179010,起酥油,112,印度尼西亚,10,一般贸易,44,广东省,6922456,千克,0,?,"32,675,395"
202001,15179010,起酥油,112,印度尼西亚,10,一般贸易,65,新疆维吾尔自治区,4712400,千克,0,?,"20,118,532"
202001,15179010,起酥油,122,马来西亚,10,一般贸易,31,上海市,87760,千克,0,?,"495,022"
202001,15179010,起酥油,122,马来西亚,10,一般贸易,37,山东省,64140,千克,0,?,"352,503"
202001,15179010,起酥油,122,马来西亚,34,海关特殊监管区域物流货物,12,天津市,52800,千克,0,?,"326,259"
202001,15179090,其他本章动植物油脂及其分离品混合制成的食用油、脂或制品（品目1516的产品除外）,112,印度尼西亚,10,一般贸易,31,上海市,110000,千克,0,?,"615,727"
202001,15179090,其他本章动植物油脂及其分离品混合制成的食用油、脂或制品（品目1516的产品除外）,112,印度尼西亚,10,一般贸易,32,江苏省,1999701,千克,0,?,"6,751,074"
202001,15179090,其他本章动植物油脂及其分离品混合制成的食用油、脂或制品（品目1516的产品除外）,112,印度尼西亚,10,一般贸易,35,福建省,22250,千克,0,?,"469,378"
202001,15179090,其他本章动植物油脂及其分离品混合制成的食用油、脂或制品（品目1516的产品除外）,116,日本,10,一般贸易,31,上海市,3888,千克,0,?,"211,770"
202001,15179090,其他本章动植物油脂及其分离品混合制成的食用油、脂或制品（品目1516的产品除外）,116,日本,10,一般贸易,44,广东省,1050,千克,0,?,"26,282"
202001,15179090,其他本章动植物油脂及其分离品混合制成的食用油、脂或制品（品目1516的产品除外）,116,日本,33,保税监管场所进出境货物,31,上海市,480,千克,0,?,"5,213"
202001,15179090,其他本章动植物油脂及其分离品混合制成的食用油、脂或制品（品目1516的产品除外）,122,马来西亚,10,一般贸易,21,辽宁省,19450,千克,0,?,"159,905"
202001,15179090,其他本章动植物油脂及其分离品混合制成的食用油、脂或制品（品目1516的产品除外）,122,马来西亚,10,一般贸易,31,上海市,684000,千克,0,?,"7,660,282"
202001,15179090,其他本章动植物油脂及其分离品混合制成的食用油、脂或制品（品目1516的产品除外）,122,马来西亚,10,一般贸易,32,江苏省,79650,千克,0,?,"713,349"
202001,15179090,其他本章动植物油脂及其分离品混合制成的食用油、脂或制品（品目1516的产品除外）,122,马来西亚,10,一般贸易,35,福建省,359010,千克,0,?,"2,067,379"
202001,15179090,其他本章动植物油脂及其分离品混合制成的食用油、脂或制品（品目1516的产品除外）,129,菲律宾,10,一般贸易,31,上海市,95,千克,0,?,"5,928"
202001,15179090,其他本章动植物油脂及其分离品混合制成的食用油、脂或制品（品目1516的产品除外）,133,韩国,15,进料加工贸易,37,山东省,3600,千克,0,?,"61,208"
202001,15179090,其他本章动植物油脂及其分离品混合制成的食用油、脂或制品（品目1516的产品除外）,142,中国,10,一般贸易,44,广东省,64902,千克,0,?,"423,591"
202001,15179090,其他本章动植物油脂及其分离品混合制成的食用油、脂或制品（品目1516的产品除外）,143,中国台湾,10,一般贸易,21,辽宁省,2,千克,0,?,783
202001,15179090,其他本章动植物油脂及其分离品混合制成的食用油、脂或制品（品目1516的产品除外）,143,中国台湾,10,一般贸易,31,上海市,4245,千克,0,?,"230,036"
202001,15179090,其他本章动植物油脂及其分离品混合制成的食用油、脂或制品（品目1516的产品除外）,143,中国台湾,10,一般贸易,44,广东省,5280,千克,0,?,"240,459"
202001,15179090,其他本章动植物油脂及其分离品混合制成的食用油、脂或制品（品目1516的产品除外）,143,中国台湾,39,其他,35,福建省,51722,千克,0,?,"561,700"
202001,15179090,其他本章动植物油脂及其分离品混合制成的食用油、脂或制品（品目1516的产品除外）,301,比利时,34,海关特殊监管区域物流货物,31,上海市,7179,千克,0,?,"201,253"
202001,15179090,其他本章动植物油脂及其分离品混合制成的食用油、脂或制品（品目1516的产品除外）,302,丹麦,34,海关特殊监管区域物流货物,31,上海市,7956,千克,0,?,"248,576"
202001,15179090,其他本章动植物油脂及其分离品混合制成的食用油、脂或制品（品目1516的产品除外）,304,德国,10,一般贸易,13,河北省,7360,千克,0,?,"274,070"
202001,15179090,其他本章动植物油脂及其分离品混合制成的食用油、脂或制品（品目1516的产品除外）,304,德国,10,一般贸易,31,上海市,14396,千克,0,?,"347,973"
202001,15179090,其他本章动植物油脂及其分离品混合制成的食用油、脂或制品（品目1516的产品除外）,304,德国,10,一般贸易,33,浙江省,12,千克,0,?,"1,172"
202001,15179090,其他本章动植物油脂及其分离品混合制成的食用油、脂或制品（品目1516的产品除外）,304,德国,10,一般贸易,44,广东省,1,千克,0,?,254
202001,15179090,其他本章动植物油脂及其分离品混合制成的食用油、脂或制品（品目1516的产品除外）,305,法国,10,一般贸易,33,浙江省,3,千克,0,?,664
202001,15179090,其他本章动植物油脂及其分离品混合制成的食用油、脂或制品（品目1516的产品除外）,305,法国,10,一般贸易,51,四川省,2,千克,0,?,70
202001,15179090,其他本章动植物油脂及其分离品混合制成的食用油、脂或制品（品目1516的产品除外）,307,意大利,10,一般贸易,31,上海市,1649,千克,0,?,"469,820"
202001,15179090,其他本章动植物油脂及其分离品混合制成的食用油、脂或制品（品目1516的产品除外）,307,意大利,33,保税监管场所进出境货物,33,浙江省,6892,千克,0,?,"64,661"
202001,15179090,其他本章动植物油脂及其分离品混合制成的食用油、脂或制品（品目1516的产品除外）,309,荷兰,10,一般贸易,32,江苏省,19155,千克,0,?,"349,050"
202001,15179090,其他本章动植物油脂及其分离品混合制成的食用油、脂或制品（品目1516的产品除外）,309,荷兰,10,一般贸易,42,湖北省,31730,千克,0,?,"496,266"
202001,15179090,其他本章动植物油脂及其分离品混合制成的食用油、脂或制品（品目1516的产品除外）,309,荷兰,34,海关特殊监管区域物流货物,32,江苏省,8000,千克,0,?,"151,351"
202001,15179090,其他本章动植物油脂及其分离品混合制成的食用油、脂或制品（品目1516的产品除外）,312,西班牙,10,一般贸易,11,北京市,660,千克,0,?,"8,075"
202001,15179090,其他本章动植物油脂及其分离品混合制成的食用油、脂或制品（品目1516的产品除外）,312,西班牙,10,一般贸易,31,上海市,702,千克,0,?,"18,655"
202001,15179090,其他本章动植物油脂及其分离品混合制成的食用油、脂或制品（品目1516的产品除外）,312,西班牙,10,一般贸易,33,浙江省,3231,千克,0,?,"47,341"
202001,15179090,其他本章动植物油脂及其分离品混合制成的食用油、脂或制品（品目1516的产品除外）,312,西班牙,34,海关特殊监管区域物流货物,31,上海市,446,千克,0,?,"34,197"
202001,15179090,其他本章动植物油脂及其分离品混合制成的食用油、脂或制品（品目1516的产品除外）,331,瑞士,10,一般贸易,23,黑龙江省,5824,千克,0,?,"863,250"
202001,15179090,其他本章动植物油脂及其分离品混合制成的食用油、脂或制品（品目1516的产品除外）,419,厄瓜多尔,10,一般贸易,31,上海市,429,千克,0,?,"20,383"
202001,15179090,其他本章动植物油脂及其分离品混合制成的食用油、脂或制品（品目1516的产品除外）,501,加拿大,10,一般贸易,11,北京市,249,千克,0,?,"5,607"
202001,15179090,其他本章动植物油脂及其分离品混合制成的食用油、脂或制品（品目1516的产品除外）,501,加拿大,10,一般贸易,12,天津市,14,千克,0,?,"307,230"
202001,15179090,其他本章动植物油脂及其分离品混合制成的食用油、脂或制品（品目1516的产品除外）,501,加拿大,10,一般贸易,33,浙江省,18,千克,0,?,"6,172"
202001,15179090,其他本章动植物油脂及其分离品混合制成的食用油、脂或制品（品目1516的产品除外）,502,美国,10,一般贸易,11,北京市,3,千克,0,?,329
202001,15179090,其他本章动植物油脂及其分离品混合制成的食用油、脂或制品（品目1516的产品除外）,502,美国,10,一般贸易,12,天津市,984,千克,0,?,"150,829"
202001,15179090,其他本章动植物油脂及其分离品混合制成的食用油、脂或制品（品目1516的产品除外）,502,美国,10,一般贸易,13,河北省,20,千克,0,?,"16,828"
202001,15179090,其他本章动植物油脂及其分离品混合制成的食用油、脂或制品（品目1516的产品除外）,502,美国,10,一般贸易,31,上海市,201,千克,0,?,"833,187"
202001,15179090,其他本章动植物油脂及其分离品混合制成的食用油、脂或制品（品目1516的产品除外）,502,美国,10,一般贸易,32,江苏省,720,千克,0,?,"554,154"
202001,15179090,其他本章动植物油脂及其分离品混合制成的食用油、脂或制品（品目1516的产品除外）,502,美国,10,一般贸易,44,广东省,797,千克,0,?,"310,053"
202001,15179090,其他本章动植物油脂及其分离品混合制成的食用油、脂或制品（品目1516的产品除外）,502,美国,33,保税监管场所进出境货物,31,上海市,1293,千克,0,?,"796,104"
202001,15179090,其他本章动植物油脂及其分离品混合制成的食用油、脂或制品（品目1516的产品除外）,502,美国,34,海关特殊监管区域物流货物,31,上海市,5643,千克,0,?,"1,642,431"
202001,15179090,其他本章动植物油脂及其分离品混合制成的食用油、脂或制品（品目1516的产品除外）,502,美国,34,海关特殊监管区域物流货物,44,广东省,100,千克,0,?,"100,755"
202001,15179090,其他本章动植物油脂及其分离品混合制成的食用油、脂或制品（品目1516的产品除外）,601,澳大利亚,10,一般贸易,12,天津市,12,千克,0,?,"6,900"
202001,15179090,其他本章动植物油脂及其分离品混合制成的食用油、脂或制品（品目1516的产品除外）,601,澳大利亚,10,一般贸易,31,上海市,15876,千克,0,?,"401,415"
202001,15179090,其他本章动植物油脂及其分离品混合制成的食用油、脂或制品（品目1516的产品除外）,601,澳大利亚,10,一般贸易,33,浙江省,82,千克,0,?,"55,696"
202001,15179090,其他本章动植物油脂及其分离品混合制成的食用油、脂或制品（品目1516的产品除外）,601,澳大利亚,10,一般贸易,35,福建省,152,千克,0,?,"130,460"
202001,15179090,其他本章动植物油脂及其分离品混合制成的食用油、脂或制品（品目1516的产品除外）,601,澳大利亚,10,一般贸易,41,河南省,445,千克,0,?,"267,178"
202001,15179090,其他本章动植物油脂及其分离品混合制成的食用油、脂或制品（品目1516的产品除外）,601,澳大利亚,10,一般贸易,44,广东省,13,千克,0,?,"3,603"
202001,15179090,其他本章动植物油脂及其分离品混合制成的食用油、脂或制品（品目1516的产品除外）,601,澳大利亚,10,一般贸易,50,重庆市,3004,千克,0,?,"993,091"
202001,15179090,其他本章动植物油脂及其分离品混合制成的食用油、脂或制品（品目1516的产品除外）,609,新西兰,10,一般贸易,11,北京市,479,千克,0,?,"522,081"
202001,15179090,其他本章动植物油脂及其分离品混合制成的食用油、脂或制品（品目1516的产品除外）,609,新西兰,10,一般贸易,35,福建省,201,千克,0,?,"285,620"
202001,15179090,其他本章动植物油脂及其分离品混合制成的食用油、脂或制品（品目1516的产品除外）,609,新西兰,10,一般贸易,37,山东省,1189,千克,0,?,"670,107"
202001,15179090,其他本章动植物油脂及其分离品混合制成的食用油、脂或制品（品目1516的产品除外）,609,新西兰,10,一般贸易,44,广东省,21,千克,0,?,"38,622"
202001,15180000,"化学改性动植物油脂等,但品目516的产品除外；混合制非食用油脂等",111,印度,10,一般贸易,31,上海市,20,千克,0,?,"1,819"
202001,15180000,"化学改性动植物油脂等,但品目516的产品除外；混合制非食用油脂等",111,印度,10,一般贸易,42,湖北省,15200,千克,0,?,"204,729"
202001,15180000,"化学改性动植物油脂等,但品目516的产品除外；混合制非食用油脂等",111,印度,10,一般贸易,44,广东省,68,千克,0,?,"3,472"
202001,15180000,"化学改性动植物油脂等,但品目516的产品除外；混合制非食用油脂等",116,日本,10,一般贸易,11,北京市,15,千克,0,?,"4,487"
202001,15180000,"化学改性动植物油脂等,但品目516的产品除外；混合制非食用油脂等",116,日本,10,一般贸易,31,上海市,13800,千克,0,?,"208,564"
202001,15180000,"化学改性动植物油脂等,但品目516的产品除外；混合制非食用油脂等",116,日本,10,一般贸易,44,广东省,637,千克,0,?,"15,725"
202001,15180000,"化学改性动植物油脂等,但品目516的产品除外；混合制非食用油脂等",116,日本,15,进料加工贸易,44,广东省,90,千克,0,?,"4,218"
202001,15180000,"化学改性动植物油脂等,但品目516的产品除外；混合制非食用油脂等",122,马来西亚,10,一般贸易,11,北京市,306000,千克,0,?,"1,766,369"
202001,15180000,"化学改性动植物油脂等,但品目516的产品除外；混合制非食用油脂等",122,马来西亚,10,一般贸易,12,天津市,134000,千克,0,?,"808,037"
202001,15180000,"化学改性动植物油脂等,但品目516的产品除外；混合制非食用油脂等",122,马来西亚,10,一般贸易,31,上海市,34000,千克,0,?,"197,453"
202001,15180000,"化学改性动植物油脂等,但品目516的产品除外；混合制非食用油脂等",122,马来西亚,10,一般贸易,32,江苏省,102000,千克,0,?,"553,105"
202001,15180000,"化学改性动植物油脂等,但品目516的产品除外；混合制非食用油脂等",122,马来西亚,10,一般贸易,35,福建省,6000,千克,0,?,"155,331"
202001,15180000,"化学改性动植物油脂等,但品目516的产品除外；混合制非食用油脂等",122,马来西亚,10,一般贸易,44,广东省,86250,千克,0,?,"548,299"
202001,15180000,"化学改性动植物油脂等,但品目516的产品除外；混合制非食用油脂等",133,韩国,10,一般贸易,33,浙江省,4800,千克,0,?,"45,676"
202001,15180000,"化学改性动植物油脂等,但品目516的产品除外；混合制非食用油脂等",133,韩国,10,一般贸易,37,山东省,400,千克,0,?,"9,286"
202001,15180000,"化学改性动植物油脂等,但品目516的产品除外；混合制非食用油脂等",136,泰国,10,一般贸易,31,上海市,8000,千克,0,?,"218,768"
202001,15180000,"化学改性动植物油脂等,但品目516的产品除外；混合制非食用油脂等",143,中国台湾,10,一般贸易,35,福建省,54,千克,0,?,"2,083"
202001,15180000,"化学改性动植物油脂等,但品目516的产品除外；混合制非食用油脂等",143,中国台湾,10,一般贸易,44,广东省,6000,千克,0,?,"45,647"
202001,15180000,"化学改性动植物油脂等,但品目516的产品除外；混合制非食用油脂等",143,中国台湾,15,进料加工贸易,32,江苏省,16000,千克,0,?,"139,378"
202001,15180000,"化学改性动植物油脂等,但品目516的产品除外；混合制非食用油脂等",143,中国台湾,15,进料加工贸易,44,广东省,265920,千克,0,?,"1,926,296"
202001,15180000,"化学改性动植物油脂等,但品目516的产品除外；混合制非食用油脂等",303,英国,10,一般贸易,31,上海市,15200,千克,0,?,"175,917"
202001,15180000,"化学改性动植物油脂等,但品目516的产品除外；混合制非食用油脂等",304,德国,10,一般贸易,31,上海市,2280,千克,0,?,"39,882"
202001,15180000,"化学改性动植物油脂等,但品目516的产品除外；混合制非食用油脂等",304,德国,10,一般贸易,32,江苏省,760,千克,0,?,"10,210"
202001,15180000,"化学改性动植物油脂等,但品目516的产品除外；混合制非食用油脂等",304,德国,10,一般贸易,33,浙江省,15200,千克,0,?,"159,529"
202001,15180000,"化学改性动植物油脂等,但品目516的产品除外；混合制非食用油脂等",304,德国,15,进料加工贸易,44,广东省,2665,千克,0,?,"41,755"
202001,15180000,"化学改性动植物油脂等,但品目516的产品除外；混合制非食用油脂等",309,荷兰,10,一般贸易,32,江苏省,42000,千克,0,?,"388,203"
202001,15180000,"化学改性动植物油脂等,但品目516的产品除外；混合制非食用油脂等",312,西班牙,10,一般贸易,32,江苏省,800,千克,0,?,"12,358"
202001,15180000,"化学改性动植物油脂等,但品目516的产品除外；混合制非食用油脂等",410,巴西,10,一般贸易,31,上海市,460000,千克,0,?,"5,002,784"
202001,15180000,"化学改性动植物油脂等,但品目516的产品除外；混合制非食用油脂等",410,巴西,10,一般贸易,34,安徽省,80600,千克,0,?,"955,935"
202001,15180000,"化学改性动植物油脂等,但品目516的产品除外；混合制非食用油脂等",429,墨西哥,10,一般贸易,34,安徽省,20280,千克,0,?,"364,676"
202001,15180000,"化学改性动植物油脂等,但品目516的产品除外；混合制非食用油脂等",501,加拿大,10,一般贸易,50,重庆市,406,千克,0,?,"66,467"
202001,15180000,"化学改性动植物油脂等,但品目516的产品除外；混合制非食用油脂等",502,美国,10,一般贸易,12,天津市,12,千克,0,?,"2,099"
202001,15180000,"化学改性动植物油脂等,但品目516的产品除外；混合制非食用油脂等",502,美国,10,一般贸易,22,吉林省,200,千克,0,?,"31,637"
202001,15180000,"化学改性动植物油脂等,但品目516的产品除外；混合制非食用油脂等",502,美国,10,一般贸易,31,上海市,122,千克,0,?,"11,944"
202001,15180000,"化学改性动植物油脂等,但品目516的产品除外；混合制非食用油脂等",502,美国,10,一般贸易,32,江苏省,40162,千克,0,?,"688,464"
202001,15180000,"化学改性动植物油脂等,但品目516的产品除外；混合制非食用油脂等",502,美国,10,一般贸易,37,山东省,13,千克,0,?,"3,079"
202001,15180000,"化学改性动植物油脂等,但品目516的产品除外；混合制非食用油脂等",502,美国,10,一般贸易,44,广东省,16329,千克,0,?,"342,757"
202001,15180000,"化学改性动植物油脂等,但品目516的产品除外；混合制非食用油脂等",502,美国,10,一般贸易,50,重庆市,1526,千克,0,?,"117,185"
202001,15180000,"化学改性动植物油脂等,但品目516的产品除外；混合制非食用油脂等",502,美国,34,海关特殊监管区域物流货物,31,上海市,11,千克,0,?,"2,424"
202001,15200000,粗甘油；甘油水及甘油碱液,110,中国香港,10,一般贸易,44,广东省,40330,千克,0,?,"17,778"
202001,15200000,粗甘油；甘油水及甘油碱液,112,印度尼西亚,10,一般贸易,11,北京市,14359619,千克,0,?,"21,728,310"
202001,15200000,粗甘油；甘油水及甘油碱液,112,印度尼西亚,10,一般贸易,21,辽宁省,499550,千克,0,?,"786,443"
202001,15200000,粗甘油；甘油水及甘油碱液,112,印度尼西亚,10,一般贸易,31,上海市,200000,千克,0,?,"347,947"
202001,15200000,粗甘油；甘油水及甘油碱液,112,印度尼西亚,10,一般贸易,32,江苏省,6499803,千克,0,?,"10,806,424"
202001,15200000,粗甘油；甘油水及甘油碱液,112,印度尼西亚,10,一般贸易,33,浙江省,1235600,千克,0,?,"1,891,724"
202001,15200000,粗甘油；甘油水及甘油碱液,112,印度尼西亚,10,一般贸易,37,山东省,100000,千克,0,?,"245,592"
202001,15200000,粗甘油；甘油水及甘油碱液,112,印度尼西亚,10,一般贸易,44,广东省,729000,千克,0,?,"1,084,476"
202001,15200000,粗甘油；甘油水及甘油碱液,112,印度尼西亚,10,一般贸易,65,新疆维吾尔自治区,3999979,千克,0,?,"5,048,469"
202001,15200000,粗甘油；甘油水及甘油碱液,112,印度尼西亚,33,保税监管场所进出境货物,11,北京市,9001590,千克,0,?,"12,683,943"
202001,15200000,粗甘油；甘油水及甘油碱液,122,马来西亚,10,一般贸易,12,天津市,194200,千克,0,?,"312,524"
202001,15200000,粗甘油；甘油水及甘油碱液,122,马来西亚,10,一般贸易,21,辽宁省,499430,千克,0,?,"838,671"
202001,15200000,粗甘油；甘油水及甘油碱液,122,马来西亚,10,一般贸易,32,江苏省,1315355,千克,0,?,"2,164,960"
202001,15200000,粗甘油；甘油水及甘油碱液,122,马来西亚,10,一般贸易,33,浙江省,548610,千克,0,?,"848,671"
202001,15200000,粗甘油；甘油水及甘油碱液,122,马来西亚,10,一般贸易,37,山东省,1450030,千克,0,?,"2,240,167"
202001,15200000,粗甘油；甘油水及甘油碱液,122,马来西亚,10,一般贸易,44,广东省,813240,千克,0,?,"1,274,877"
202001,15200000,粗甘油；甘油水及甘油碱液,129,菲律宾,10,一般贸易,32,江苏省,203630,千克,0,?,"235,088"
202001,15200000,粗甘油；甘油水及甘油碱液,129,菲律宾,10,一般贸易,33,浙江省,206910,千克,0,?,"341,237"
202001,15200000,粗甘油；甘油水及甘油碱液,133,韩国,10,一般贸易,31,上海市,103600,千克,0,?,"141,352"
202001,15200000,粗甘油；甘油水及甘油碱液,133,韩国,10,一般贸易,32,江苏省,605430,千克,0,?,"812,321"
202001,15200000,粗甘油；甘油水及甘油碱液,136,泰国,10,一般贸易,12,天津市,300190,千克,0,?,"493,594"
202001,15200000,粗甘油；甘油水及甘油碱液,136,泰国,10,一般贸易,32,江苏省,1063050,千克,0,?,"1,610,962"
202001,15200000,粗甘油；甘油水及甘油碱液,136,泰国,10,一般贸易,33,浙江省,511520,千克,0,?,"787,392"
202001,15200000,粗甘油；甘油水及甘油碱液,136,泰国,10,一般贸易,35,福建省,1215240,千克,0,?,"1,632,991"
202001,15200000,粗甘油；甘油水及甘油碱液,136,泰国,10,一般贸易,37,山东省,312780,千克,0,?,"520,861"
202001,15200000,粗甘油；甘油水及甘油碱液,136,泰国,10,一般贸易,44,广东省,311370,千克,0,?,"467,459"
202001,15200000,粗甘油；甘油水及甘油碱液,143,中国台湾,10,一般贸易,31,上海市,21130,千克,0,?,"23,243"
202001,15200000,粗甘油；甘油水及甘油碱液,143,中国台湾,10,一般贸易,34,安徽省,206330,千克,0,?,"217,200"
202001,15200000,粗甘油；甘油水及甘油碱液,304,德国,10,一般贸易,32,江苏省,1431140,千克,0,?,"2,356,277"
202001,15200000,粗甘油；甘油水及甘油碱液,304,德国,10,一般贸易,37,山东省,497500,千克,0,?,"818,025"
202001,15200000,粗甘油；甘油水及甘油碱液,305,法国,10,一般贸易,32,江苏省,601140,千克,0,?,"1,157,983"
202001,15200000,粗甘油；甘油水及甘油碱液,305,法国,10,一般贸易,33,浙江省,140320,千克,0,?,"231,216"
202001,15200000,粗甘油；甘油水及甘油碱液,305,法国,10,一般贸易,37,山东省,494440,千克,0,?,"812,993"
202001,15200000,粗甘油；甘油水及甘油碱液,311,葡萄牙,10,一般贸易,32,江苏省,889450,千克,0,?,"1,515,572"
202001,15200000,粗甘油；甘油水及甘油碱液,311,葡萄牙,10,一般贸易,33,浙江省,147820,千克,0,?,"228,027"
202001,15200000,粗甘油；甘油水及甘油碱液,311,葡萄牙,10,一般贸易,35,福建省,639720,千克,0,?,"927,786"
202001,15200000,粗甘油；甘油水及甘油碱液,311,葡萄牙,10,一般贸易,37,山东省,244140,千克,0,?,"363,852"
202001,15200000,粗甘油；甘油水及甘油碱液,312,西班牙,10,一般贸易,32,江苏省,232920,千克,0,?,"374,835"
202001,15200000,粗甘油；甘油水及甘油碱液,312,西班牙,10,一般贸易,33,浙江省,190500,千克,0,?,"286,576"
202001,15200000,粗甘油；甘油水及甘油碱液,312,西班牙,10,一般贸易,35,福建省,2901460,千克,0,?,"3,623,604"
202001,15200000,粗甘油；甘油水及甘油碱液,312,西班牙,10,一般贸易,37,山东省,862140,千克,0,?,"1,485,515"
202001,15200000,粗甘油；甘油水及甘油碱液,316,保加利亚,10,一般贸易,32,江苏省,311880,千克,0,?,"523,726"
202001,15200000,粗甘油；甘油水及甘油碱液,328,罗马尼亚,10,一般贸易,37,山东省,289190,千克,0,?,"485,624"
202001,15200000,粗甘油；甘油水及甘油碱液,402,阿根廷,10,一般贸易,32,江苏省,2176430,千克,0,?,"3,325,867"
202001,15200000,粗甘油；甘油水及甘油碱液,402,阿根廷,10,一般贸易,35,福建省,108500,千克,0,?,"159,424"
202001,15200000,粗甘油；甘油水及甘油碱液,402,阿根廷,10,一般贸易,37,山东省,1492960,千克,0,?,"2,612,457"
202001,15200000,粗甘油；甘油水及甘油碱液,410,巴西,10,一般贸易,32,江苏省,13015830,千克,0,?,"23,886,042"
202001,15200000,粗甘油；甘油水及甘油碱液,410,巴西,10,一般贸易,33,浙江省,9666170,千克,0,?,"15,253,873"
202001,15200000,粗甘油；甘油水及甘油碱液,410,巴西,10,一般贸易,34,安徽省,257600,千克,0,?,"343,484"
202001,15200000,粗甘油；甘油水及甘油碱液,410,巴西,10,一般贸易,35,福建省,484610,千克,0,?,"740,365"
202001,15200000,粗甘油；甘油水及甘油碱液,410,巴西,10,一般贸易,37,山东省,1643630,千克,0,?,"2,668,113"
202001,15200000,粗甘油；甘油水及甘油碱液,410,巴西,10,一般贸易,44,广东省,290760,千克,0,?,"356,202"
202001,15200000,粗甘油；甘油水及甘油碱液,410,巴西,10,一般贸易,51,四川省,250700,千克,0,?,"420,989"
202001,15200000,粗甘油；甘油水及甘油碱液,413,哥伦比亚,10,一般贸易,11,北京市,502155,千克,0,?,"862,648"
202001,15200000,粗甘油；甘油水及甘油碱液,413,哥伦比亚,10,一般贸易,35,福建省,99110,千克,0,?,"156,497"
202001,15200000,粗甘油；甘油水及甘油碱液,413,哥伦比亚,10,一般贸易,37,山东省,134080,千克,0,?,"182,938"
202001,15200000,粗甘油；甘油水及甘油碱液,501,加拿大,10,一般贸易,32,江苏省,257440,千克,0,?,"388,098"
202001,15200000,粗甘油；甘油水及甘油碱液,502,美国,10,一般贸易,35,福建省,268439,千克,0,?,"346,632"
202001,15211000,植物蜡,112,印度尼西亚,15,进料加工贸易,37,山东省,77500,千克,0,?,"347,046"
202001,15211000,植物蜡,116,日本,10,一般贸易,31,上海市,540,千克,0,?,"102,118"
202001,15211000,植物蜡,116,日本,10,一般贸易,32,江苏省,40,千克,0,?,"12,104"
202001,15211000,植物蜡,116,日本,33,保税监管场所进出境货物,32,江苏省,700,千克,0,?,"45,929"
202001,15211000,植物蜡,116,日本,34,海关特殊监管区域物流货物,31,上海市,620,千克,0,?,"58,374"
202001,15211000,植物蜡,304,德国,10,一般贸易,31,上海市,1000,千克,0,?,"103,134"
202001,15211000,植物蜡,304,德国,10,一般贸易,41,河南省,40,千克,0,?,"10,557"
202001,15211000,植物蜡,410,巴西,10,一般贸易,31,上海市,30210,千克,0,?,"1,565,070"
202001,15211000,植物蜡,410,巴西,10,一般贸易,33,浙江省,15000,千克,0,?,"541,710"
202001,15211000,植物蜡,410,巴西,10,一般贸易,37,山东省,45000,千克,0,?,"2,271,691"
202001,15211000,植物蜡,410,巴西,10,一般贸易,41,河南省,30050,千克,0,?,"1,150,192"
202001,15211000,植物蜡,410,巴西,10,一般贸易,44,广东省,15050,千克,0,?,"611,982"
202001,15211000,植物蜡,410,巴西,15,进料加工贸易,33,浙江省,31000,千克,0,?,"1,113,536"
202001,15211000,植物蜡,410,巴西,15,进料加工贸易,44,广东省,150,千克,0,?,"10,548"
202001,15211000,植物蜡,429,墨西哥,10,一般贸易,31,上海市,60,千克,0,?,"18,591"
202001,15211000,植物蜡,502,美国,10,一般贸易,31,上海市,6445,千克,0,?,"548,119"
202001,15211000,植物蜡,502,美国,10,一般贸易,44,广东省,75,千克,0,?,"8,285"
202001,15211000,植物蜡,502,美国,34,海关特殊监管区域物流货物,31,上海市,2400,千克,0,?,"234,501"
202001,15211000,植物蜡,502,美国,39,其他,12,天津市,3,千克,0,?,829
202001,15219010,蜂蜡,116,日本,10,一般贸易,31,上海市,140,千克,0,?,"29,818"
202001,15219010,蜂蜡,133,韩国,10,一般贸易,37,山东省,1200,千克,0,?,"127,426"
202001,15219010,蜂蜡,304,德国,10,一般贸易,31,上海市,5000,千克,0,?,"307,945"
202001,15219010,蜂蜡,305,法国,10,一般贸易,44,广东省,16,千克,0,?,"5,942"
202001,15219010,蜂蜡,502,美国,10,一般贸易,31,上海市,800,千克,0,?,"53,056"
202001,15219010,蜂蜡,502,美国,10,一般贸易,44,广东省,7050,千克,0,?,"583,644"
202001,15219010,蜂蜡,502,美国,34,海关特殊监管区域物流货物,31,上海市,525,千克,0,?,"40,572"
202001,16010010,用天然肠衣做外包装的肉、食用杂碎或动物血制成的香肠及类似产品,305,法国,10,一般贸易,11,北京市,132,千克,0,?,"11,219"
202001,16010010,用天然肠衣做外包装的肉、食用杂碎或动物血制成的香肠及类似产品,305,法国,10,一般贸易,31,上海市,108,千克,0,?,"10,105"
202001,16010020,其他肉、食用杂碎或动物血制成的香肠及类似产品,116,日本,34,海关特殊监管区域物流货物,21,辽宁省,39,千克,0,?,"7,435"
202001,16010020,其他肉、食用杂碎或动物血制成的香肠及类似产品,302,丹麦,10,一般贸易,31,上海市,42368,千克,0,?,"1,895,874"
202001,16010020,其他肉、食用杂碎或动物血制成的香肠及类似产品,302,丹麦,34,海关特殊监管区域物流货物,31,上海市,9172,千克,0,?,"428,683"
202001,16010020,其他肉、食用杂碎或动物血制成的香肠及类似产品,304,德国,34,海关特殊监管区域物流货物,21,辽宁省,1222,千克,0,?,"47,148"
202001,16010020,其他肉、食用杂碎或动物血制成的香肠及类似产品,305,法国,10,一般贸易,11,北京市,266,千克,0,?,"28,676"
202001,16010020,其他肉、食用杂碎或动物血制成的香肠及类似产品,305,法国,10,一般贸易,31,上海市,440,千克,0,?,"43,918"
202001,16010030,用香肠制成的食品,307,意大利,33,保税监管场所进出境货物,31,上海市,301,千克,0,?,"3,347"
202001,16023210,鸡罐头,502,美国,34,海关特殊监管区域物流货物,21,辽宁省,8700,千克,0,?,"254,578"
202001,16024100,制作或保藏的猪后腿及其肉块,304,德国,34,海关特殊监管区域物流货物,21,辽宁省,978,千克,0,?,"27,498"
202001,16024100,制作或保藏的猪后腿及其肉块,312,西班牙,10,一般贸易,11,北京市,1530,千克,0,?,"244,656"
202001,16024200,制作或保藏的猪前腿及其肉块,307,意大利,10,一般贸易,31,上海市,1142,千克,0,?,"55,508"
202001,16024910,猪肉及杂碎罐头,302,丹麦,10,一般贸易,31,上海市,11429,千克,0,?,"372,666"
202001,16024910,猪肉及杂碎罐头,302,丹麦,34,海关特殊监管区域物流货物,31,上海市,30384,千克,0,?,"932,410"
202001,16024910,猪肉及杂碎罐头,344,俄罗斯,34,海关特殊监管区域物流货物,21,辽宁省,370,千克,0,?,"14,517"
202001,16024990,未列名制作或保藏的猪肉及杂碎,305,法国,10,一般贸易,32,江苏省,598,千克,0,?,"35,276"
202001,16024990,未列名制作或保藏的猪肉及杂碎,307,意大利,10,一般贸易,31,上海市,778,千克,0,?,"70,288"
202001,16025010,牛肉及杂碎罐头,502,美国,34,海关特殊监管区域物流货物,21,辽宁省,8060,千克,0,?,"377,033"
202001,16025090,未列名制作或保藏的牛肉及杂碎,124,蒙古,10,一般贸易,11,北京市,466800,千克,0,?,"10,331,782"
202001,16025090,未列名制作或保藏的牛肉及杂碎,124,蒙古,10,一般贸易,15,内蒙古自治区,282610,千克,0,?,"6,668,497"
202001,16025090,未列名制作或保藏的牛肉及杂碎,124,蒙古,19,边境小额贸易,15,内蒙古自治区,616740,千克,0,?,"14,745,306"
202001,16029010,未列名肉及杂碎罐头,124,蒙古,10,一般贸易,15,内蒙古自治区,5008,千克,0,?,"84,276"
202001,16029090,未列名制作或保藏的肉、食用杂碎及动物血,124,蒙古,10,一般贸易,11,北京市,275570,千克,0,?,"4,448,352"
202001,16029090,未列名制作或保藏的肉、食用杂碎及动物血,124,蒙古,10,一般贸易,15,内蒙古自治区,150000,千克,0,?,"2,441,416"
202001,16029090,未列名制作或保藏的肉、食用杂碎及动物血,124,蒙古,10,一般贸易,50,重庆市,600000,千克,0,?,"10,075,536"
202001,16029090,未列名制作或保藏的肉、食用杂碎及动物血,124,蒙古,10,一般贸易,65,新疆维吾尔自治区,27000,千克,0,?,"453,399"
202001,16029090,未列名制作或保藏的肉、食用杂碎及动物血,124,蒙古,19,边境小额贸易,15,内蒙古自治区,500000,千克,0,?,"8,020,708"
202001,16030000,肉、鱼、甲壳动物、软体动物或水生无脊椎动物的精及汁,133,韩国,10,一般贸易,37,山东省,10000,千克,0,?,"64,120"
202001,16041110,"制作或保藏的大西洋鲑鱼,整条或切块",143,中国台湾,10,一般贸易,31,上海市,796,千克,0,?,"81,723"
202001,16041110,"制作或保藏的大西洋鲑鱼,整条或切块",305,法国,33,保税监管场所进出境货物,11,北京市,1599,千克,0,?,"161,118"
202001,16041190,"制作或保藏的其他鲑鱼,整条或切块",143,中国台湾,10,一般贸易,31,上海市,135,千克,0,?,"10,485"
202001,16041190,"制作或保藏的其他鲑鱼,整条或切块",502,美国,34,海关特殊监管区域物流货物,31,上海市,1975,千克,0,?,"125,505"
202001,16041200,"制作或保藏的鲱鱼,整条或切块",304,德国,34,海关特殊监管区域物流货物,21,辽宁省,885,千克,0,?,"38,046"
202001,16041300,"制作或保藏的沙丁鱼、小沙丁鱼属、黍鲱或西鲱, 整条或切块",312,西班牙,34,海关特殊监管区域物流货物,31,上海市,18,千克,0,?,"1,183"
202001,16041300,"制作或保藏的沙丁鱼、小沙丁鱼属、黍鲱或西鲱, 整条或切块",335,拉脱维亚,34,海关特殊监管区域物流货物,31,上海市,4838,千克,0,?,"153,348"
202001,16041300,"制作或保藏的沙丁鱼、小沙丁鱼属、黍鲱或西鲱, 整条或切块",351,克罗地亚,10,一般贸易,33,浙江省,64,千克,0,?,"3,040"
202001,16041400,"制作或保藏的金枪鱼、鲣鱼及狐鲣（狐鲣属）,整条或切块",133,韩国,10,一般贸易,22,吉林省,12552,千克,0,?,"540,972"
202001,16041400,"制作或保藏的金枪鱼、鲣鱼及狐鲣（狐鲣属）,整条或切块",133,韩国,10,一般贸易,31,上海市,37366,千克,0,?,"1,139,414"
202001,16041400,"制作或保藏的金枪鱼、鲣鱼及狐鲣（狐鲣属）,整条或切块",133,韩国,10,一般贸易,37,山东省,1968,千克,0,?,"89,996"
202001,16041400,"制作或保藏的金枪鱼、鲣鱼及狐鲣（狐鲣属）,整条或切块",136,泰国,10,一般贸易,31,上海市,20875,千克,0,?,"580,338"
202001,16041400,"制作或保藏的金枪鱼、鲣鱼及狐鲣（狐鲣属）,整条或切块",136,泰国,10,一般贸易,37,山东省,11307,千克,0,?,"552,309"
202001,16041400,"制作或保藏的金枪鱼、鲣鱼及狐鲣（狐鲣属）,整条或切块",307,意大利,10,一般贸易,42,湖北省,4562,千克,0,?,"212,890"
202001,16041400,"制作或保藏的金枪鱼、鲣鱼及狐鲣（狐鲣属）,整条或切块",312,西班牙,33,保税监管场所进出境货物,31,上海市,5170,千克,0,?,"346,499"
202001,16041400,"制作或保藏的金枪鱼、鲣鱼及狐鲣（狐鲣属）,整条或切块",312,西班牙,34,海关特殊监管区域物流货物,31,上海市,108,千克,0,?,"9,175"
202001,16041400,"制作或保藏的金枪鱼、鲣鱼及狐鲣（狐鲣属）,整条或切块",351,克罗地亚,10,一般贸易,33,浙江省,263,千克,0,?,"23,358"
202001,16041500,"制作或保藏的鲭鱼,整条或切块",143,中国台湾,10,一般贸易,35,福建省,6,千克,0,?,"1,111"
202001,16041500,"制作或保藏的鲭鱼,整条或切块",143,中国台湾,10,一般贸易,41,河南省,156,千克,0,?,"12,208"
202001,16041500,"制作或保藏的鲭鱼,整条或切块",143,中国台湾,39,其他,35,福建省,83,千克,0,?,"1,825"
202001,16041600,"制作或保藏的?鱼,整条或切块",307,意大利,10,一般贸易,31,上海市,7280,千克,0,?,"546,602"
202001,16041700,"制作或保藏的鳗鱼（鳗鲡属）,整条或切块",143,中国台湾,10,一般贸易,35,福建省,768,千克,0,?,"35,676"
202001,16041700,"制作或保藏的鳗鱼（鳗鲡属）,整条或切块",143,中国台湾,10,一般贸易,41,河南省,672,千克,0,?,"45,629"
202001,16041700,"制作或保藏的鳗鱼（鳗鲡属）,整条或切块",143,中国台湾,39,其他,35,福建省,4598,千克,0,?,"174,653"
202001,16041990,"未列名制作或保藏的鱼,整条或切块",141,越南,10,一般贸易,12,天津市,23000,千克,0,?,"576,125"
202001,16041990,"未列名制作或保藏的鱼,整条或切块",141,越南,10,一般贸易,37,山东省,46000,千克,0,?,"1,152,250"
202001,16041990,"未列名制作或保藏的鱼,整条或切块",141,越南,10,一般贸易,44,广东省,47152,千克,0,?,"1,035,251"
202001,16041990,"未列名制作或保藏的鱼,整条或切块",141,越南,10,一般贸易,45,广西壮族自治区,10670,千克,0,?,"249,807"
202001,16041990,"未列名制作或保藏的鱼,整条或切块",143,中国台湾,10,一般贸易,35,福建省,176,千克,0,?,"10,530"
202001,16041990,"未列名制作或保藏的鱼,整条或切块",143,中国台湾,10,一般贸易,41,河南省,1241,千克,0,?,"81,320"
202001,16041990,"未列名制作或保藏的鱼,整条或切块",143,中国台湾,39,其他,35,福建省,1008,千克,0,?,"43,743"
202001,16041990,"未列名制作或保藏的鱼,整条或切块",312,西班牙,33,保税监管场所进出境货物,31,上海市,138,千克,0,?,"27,707"
202001,16041990,"未列名制作或保藏的鱼,整条或切块",502,美国,10,一般贸易,31,上海市,783,千克,0,?,"43,438"
202001,16042019,其他绞碎制作或保藏的鱼罐头,133,韩国,10,一般贸易,21,辽宁省,23,千克,0,?,"7,106"
202001,16042019,其他绞碎制作或保藏的鱼罐头,136,泰国,10,一般贸易,31,上海市,5616,千克,0,?,"188,217"
202001,16042019,其他绞碎制作或保藏的鱼罐头,136,泰国,34,海关特殊监管区域物流货物,21,辽宁省,178,千克,0,?,"9,096"
202001,16042019,其他绞碎制作或保藏的鱼罐头,143,中国台湾,39,其他,35,福建省,102,千克,0,?,"5,100"
202001,16042019,其他绞碎制作或保藏的鱼罐头,304,德国,34,海关特殊监管区域物流货物,21,辽宁省,449,千克,0,?,"18,976"
202001,16042019,其他绞碎制作或保藏的鱼罐头,312,西班牙,33,保税监管场所进出境货物,31,上海市,810,千克,0,?,"58,132"
202001,16042019,其他绞碎制作或保藏的鱼罐头,344,俄罗斯,34,海关特殊监管区域物流货物,23,黑龙江省,154,千克,0,?,"8,109"
202001,16042091,其他绞碎制作或保藏的鱼翅,143,中国台湾,39,其他,35,福建省,50,千克,0,?,"4,828"
202001,16042099,其他绞碎制作或保藏的鱼,111,印度,10,一般贸易,31,上海市,7920,千克,0,?,"347,260"
202001,16042099,其他绞碎制作或保藏的鱼,111,印度,10,一般贸易,33,浙江省,22000,千克,0,?,"548,097"
202001,16042099,其他绞碎制作或保藏的鱼,111,印度,15,进料加工贸易,33,浙江省,22000,千克,0,?,"609,855"
202001,16042099,其他绞碎制作或保藏的鱼,116,日本,10,一般贸易,21,辽宁省,6721,千克,0,?,"859,453"
202001,16042099,其他绞碎制作或保藏的鱼,116,日本,10,一般贸易,37,山东省,2635,千克,0,?,"222,442"
202001,16042099,其他绞碎制作或保藏的鱼,116,日本,10,一般贸易,44,广东省,23769,千克,0,?,"1,132,641"
202001,16042099,其他绞碎制作或保藏的鱼,116,日本,33,保税监管场所进出境货物,33,浙江省,2835,千克,0,?,"113,014"
202001,16042099,其他绞碎制作或保藏的鱼,116,日本,39,其他,44,广东省,44,千克,0,?,"1,686"
202001,16042099,其他绞碎制作或保藏的鱼,122,马来西亚,10,一般贸易,31,上海市,46127,千克,0,?,"1,331,198"
202001,16042099,其他绞碎制作或保藏的鱼,122,马来西亚,10,一般贸易,35,福建省,84698,千克,0,?,"2,333,643"
202001,16042099,其他绞碎制作或保藏的鱼,122,马来西亚,10,一般贸易,37,山东省,5539,千克,0,?,"153,218"
202001,16042099,其他绞碎制作或保藏的鱼,122,马来西亚,10,一般贸易,44,广东省,50900,千克,0,?,"1,193,601"
202001,16042099,其他绞碎制作或保藏的鱼,132,新加坡,10,一般贸易,21,辽宁省,10304,千克,0,?,"417,731"
202001,16042099,其他绞碎制作或保藏的鱼,132,新加坡,10,一般贸易,31,上海市,5021,千克,0,?,"192,072"
202001,16042099,其他绞碎制作或保藏的鱼,132,新加坡,10,一般贸易,33,浙江省,263,千克,0,?,"46,242"
202001,16042099,其他绞碎制作或保藏的鱼,132,新加坡,10,一般贸易,35,福建省,1000,千克,0,?,"245,595"
202001,16042099,其他绞碎制作或保藏的鱼,132,新加坡,10,一般贸易,46,海南省,8210,千克,0,?,"279,362"
202001,16042099,其他绞碎制作或保藏的鱼,133,韩国,10,一般贸易,11,北京市,34415,千克,0,?,"1,452,225"
202001,16042099,其他绞碎制作或保藏的鱼,133,韩国,10,一般贸易,21,辽宁省,170504,千克,0,?,"6,074,234"
202001,16042099,其他绞碎制作或保藏的鱼,133,韩国,10,一般贸易,31,上海市,8640,千克,0,?,"289,690"
202001,16042099,其他绞碎制作或保藏的鱼,133,韩国,10,一般贸易,37,山东省,200397,千克,0,?,"7,436,837"
202001,16042099,其他绞碎制作或保藏的鱼,133,韩国,33,保税监管场所进出境货物,31,上海市,7010,千克,0,?,"293,914"
202001,16042099,其他绞碎制作或保藏的鱼,136,泰国,10,一般贸易,21,辽宁省,12200,千克,0,?,"1,195,071"
202001,16042099,其他绞碎制作或保藏的鱼,136,泰国,10,一般贸易,31,上海市,151468,千克,0,?,"5,267,089"
202001,16042099,其他绞碎制作或保藏的鱼,136,泰国,10,一般贸易,35,福建省,39602,千克,0,?,"833,776"
202001,16042099,其他绞碎制作或保藏的鱼,136,泰国,10,一般贸易,37,山东省,34924,千克,0,?,"1,214,141"
202001,16042099,其他绞碎制作或保藏的鱼,136,泰国,10,一般贸易,44,广东省,1011530,千克,0,?,"21,501,179"
202001,16042099,其他绞碎制作或保藏的鱼,136,泰国,10,一般贸易,45,广西壮族自治区,117901,千克,0,?,"2,625,091"
202001,16042099,其他绞碎制作或保藏的鱼,141,越南,10,一般贸易,21,辽宁省,40200,千克,0,?,"1,481,000"
202001,16042099,其他绞碎制作或保藏的鱼,141,越南,10,一般贸易,35,福建省,56743,千克,0,?,"1,200,887"
202001,16042099,其他绞碎制作或保藏的鱼,141,越南,10,一般贸易,45,广西壮族自治区,8220,千克,0,?,"121,589"
202001,16042099,其他绞碎制作或保藏的鱼,141,越南,34,海关特殊监管区域物流货物,31,上海市,1968,千克,0,?,"135,403"
202001,16042099,其他绞碎制作或保藏的鱼,143,中国台湾,10,一般贸易,12,天津市,9000,千克,0,?,"410,125"
202001,16042099,其他绞碎制作或保藏的鱼,143,中国台湾,10,一般贸易,31,上海市,1163,千克,0,?,"119,838"
202001,16042099,其他绞碎制作或保藏的鱼,143,中国台湾,10,一般贸易,35,福建省,934,千克,0,?,"90,251"
202001,16042099,其他绞碎制作或保藏的鱼,143,中国台湾,10,一般贸易,41,河南省,23604,千克,0,?,"817,348"
202001,16042099,其他绞碎制作或保藏的鱼,143,中国台湾,10,一般贸易,44,广东省,8100,千克,0,?,"383,703"
202001,16042099,其他绞碎制作或保藏的鱼,143,中国台湾,33,保税监管场所进出境货物,31,上海市,248,千克,0,?,"20,208"
202001,16042099,其他绞碎制作或保藏的鱼,143,中国台湾,39,其他,35,福建省,46930,千克,0,?,"875,624"
202001,16042099,其他绞碎制作或保藏的鱼,305,法国,33,保税监管场所进出境货物,11,北京市,1360,千克,0,?,"128,388"
202001,16042099,其他绞碎制作或保藏的鱼,351,克罗地亚,10,一般贸易,33,浙江省,136,千克,0,?,"10,163"
202001,16043200,鲟鱼子酱代用品,143,中国台湾,10,一般贸易,21,辽宁省,56,千克,0,?,"5,340"
202001,16043200,鲟鱼子酱代用品,143,中国台湾,39,其他,35,福建省,102,千克,0,?,"6,423"
202001,16043200,鲟鱼子酱代用品,330,瑞典,10,一般贸易,31,上海市,2134,千克,0,?,"441,217"
202001,16043200,鲟鱼子酱代用品,330,瑞典,10,一般贸易,37,山东省,1188,千克,0,?,"114,387"
202001,16051000,制作或保藏的蟹,116,日本,34,海关特殊监管区域物流货物,44,广东省,8,千克,0,?,970
202001,16051000,制作或保藏的蟹,129,菲律宾,10,一般贸易,31,上海市,871,千克,0,?,"268,645"
202001,16051000,制作或保藏的蟹,133,韩国,10,一般贸易,33,浙江省,3060,千克,0,?,"430,783"
202001,16051000,制作或保藏的蟹,344,俄罗斯,14,来料加工贸易,37,山东省,15368,千克,0,?,"537,642"
202001,16051000,制作或保藏的蟹,402,阿根廷,14,来料加工贸易,37,山东省,36692,千克,0,?,"385,102"
202001,16052900,其他制作或保藏的小虾及对虾,136,泰国,10,一般贸易,31,上海市,11101,千克,0,?,"1,502,273"
202001,16052900,其他制作或保藏的小虾及对虾,136,泰国,10,一般贸易,44,广东省,23176,千克,0,?,"2,551,243"
202001,16052900,其他制作或保藏的小虾及对虾,136,泰国,10,一般贸易,53,云南省,210,千克,0,?,"7,219"
202001,16052900,其他制作或保藏的小虾及对虾,141,越南,10,一般贸易,11,北京市,280,千克,0,?,"19,889"
202001,16052900,其他制作或保藏的小虾及对虾,141,越南,10,一般贸易,31,上海市,1552,千克,0,?,"121,572"
202001,16052900,其他制作或保藏的小虾及对虾,141,越南,10,一般贸易,37,山东省,123600,千克,0,?,"9,699,767"
202001,16052900,其他制作或保藏的小虾及对虾,141,越南,10,一般贸易,42,湖北省,1870,千克,0,?,"129,354"
202001,16052900,其他制作或保藏的小虾及对虾,141,越南,10,一般贸易,44,广东省,54908,千克,0,?,"3,167,662"
202001,16052900,其他制作或保藏的小虾及对虾,143,中国台湾,39,其他,35,福建省,9335,千克,0,?,"101,683"
202001,16052900,其他制作或保藏的小虾及对虾,302,丹麦,10,一般贸易,37,山东省,4820,千克,0,?,"395,006"
202001,16053000,制作或保藏的龙虾,501,加拿大,10,一般贸易,11,北京市,7335,千克,0,?,"749,348"
202001,16054011,制作或保藏的淡水小龙虾仁,143,中国台湾,10,一般贸易,31,上海市,20540,千克,0,?,"987,415"
202001,16055200,"制作或保藏的扇贝,包括海扇",116,日本,10,一般贸易,21,辽宁省,5460,千克,0,?,"3,651,409"
202001,16055200,"制作或保藏的扇贝,包括海扇",116,日本,15,进料加工贸易,21,辽宁省,10000,千克,0,?,"460,092"
202001,16055300,制作或保藏的贻贝,412,智利,10,一般贸易,31,上海市,17963,千克,0,?,"271,027"
202001,16055300,制作或保藏的贻贝,412,智利,15,进料加工贸易,37,山东省,22000,千克,0,?,"500,278"
202001,16055300,制作或保藏的贻贝,501,加拿大,10,一般贸易,31,上海市,17147,千克,0,?,"459,792"
202001,16055400,制作或保藏的墨鱼及鱿鱼,132,新加坡,10,一般贸易,21,辽宁省,1260,千克,0,?,"90,745"
202001,16055400,制作或保藏的墨鱼及鱿鱼,132,新加坡,10,一般贸易,31,上海市,408,千克,0,?,"20,091"
202001,16055400,制作或保藏的墨鱼及鱿鱼,136,泰国,10,一般贸易,31,上海市,1219,千克,0,?,"90,789"
202001,16055400,制作或保藏的墨鱼及鱿鱼,142,中国,33,保税监管场所进出境货物,37,山东省,7160,千克,0,?,"375,681"
202001,16055400,制作或保藏的墨鱼及鱿鱼,143,中国台湾,10,一般贸易,35,福建省,9,千克,0,?,"1,544"
202001,16055400,制作或保藏的墨鱼及鱿鱼,143,中国台湾,10,一般贸易,41,河南省,144,千克,0,?,"12,208"
202001,16055400,制作或保藏的墨鱼及鱿鱼,143,中国台湾,39,其他,35,福建省,3299,千克,0,?,"34,153"
202001,16055400,制作或保藏的墨鱼及鱿鱼,434,秘鲁,10,一般贸易,11,北京市,53640,千克,0,?,"1,505,759"
202001,16055400,制作或保藏的墨鱼及鱿鱼,434,秘鲁,10,一般贸易,32,江苏省,258216,千克,0,?,"6,469,671"
202001,16055400,制作或保藏的墨鱼及鱿鱼,434,秘鲁,10,一般贸易,33,浙江省,155520,千克,0,?,"2,869,531"
202001,16055400,制作或保藏的墨鱼及鱿鱼,434,秘鲁,10,一般贸易,37,山东省,1513845,千克,0,?,"37,384,680"
202001,16055400,制作或保藏的墨鱼及鱿鱼,434,秘鲁,15,进料加工贸易,21,辽宁省,103360,千克,0,?,"2,974,014"
202001,16055400,制作或保藏的墨鱼及鱿鱼,434,秘鲁,15,进料加工贸易,32,江苏省,413989,千克,0,?,"10,920,317"
202001,16055400,制作或保藏的墨鱼及鱿鱼,434,秘鲁,15,进料加工贸易,37,山东省,467471,千克,0,?,"12,251,095"
202001,16055400,制作或保藏的墨鱼及鱿鱼,434,秘鲁,33,保税监管场所进出境货物,37,山东省,549616,千克,0,?,"13,653,162"
202001,16055400,制作或保藏的墨鱼及鱿鱼,434,秘鲁,34,海关特殊监管区域物流货物,37,山东省,26000,千克,0,?,"693,368"
202001,16055500,制作或保藏的章鱼,141,越南,34,海关特殊监管区域物流货物,35,福建省,16000,千克,0,?,"853,613"
202001,16055500,制作或保藏的章鱼,312,西班牙,10,一般贸易,31,上海市,445,千克,0,?,"64,986"
202001,16055610,制作或保藏的蛤,142,中国,10,一般贸易,21,辽宁省,3774,千克,0,?,"47,531"
202001,16055610,制作或保藏的蛤,143,中国台湾,39,其他,35,福建省,984,千克,0,?,"12,393"
202001,16055610,制作或保藏的蛤,501,加拿大,10,一般贸易,31,上海市,59976,千克,0,?,"1,328,901"
202001,16055700,制作或保藏的鲍鱼,244,南非,10,一般贸易,44,广东省,1285,千克,0,?,"437,850"
202001,16055700,制作或保藏的鲍鱼,244,南非,34,海关特殊监管区域物流货物,31,上海市,1020,千克,0,?,"411,068"
202001,16055700,制作或保藏的鲍鱼,601,澳大利亚,10,一般贸易,44,广东省,2196,千克,0,?,"314,489"
202001,16055700,制作或保藏的鲍鱼,601,澳大利亚,34,海关特殊监管区域物流货物,42,湖北省,133,千克,0,?,"48,217"
202001,16055800,"制作或保藏的蜗牛及螺,海螺除外",143,中国台湾,39,其他,35,福建省,400,千克,0,?,"5,598"
202001,16055800,"制作或保藏的蜗牛及螺,海螺除外",305,法国,10,一般贸易,31,上海市,1133,千克,0,?,"114,481"
202001,16055900,其他制作或保藏的软体动物,127,巴基斯坦,10,一般贸易,37,山东省,27000,千克,0,?,"237,413"
202001,16055900,其他制作或保藏的软体动物,133,韩国,10,一般贸易,31,上海市,2688,千克,0,?,"138,600"
202001,16055900,其他制作或保藏的软体动物,137,土耳其,10,一般贸易,21,辽宁省,46000,千克,0,?,"2,558,889"
202001,16055900,其他制作或保藏的软体动物,137,土耳其,10,一般贸易,32,江苏省,20000,千克,0,?,"252,644"
202001,16055900,其他制作或保藏的软体动物,137,土耳其,15,进料加工贸易,37,山东省,23000,千克,0,?,"1,241,465"
202001,16055900,其他制作或保藏的软体动物,303,英国,10,一般贸易,31,上海市,20000,千克,0,?,"629,721"
202001,16055900,其他制作或保藏的软体动物,306,爱尔兰,10,一般贸易,51,四川省,22800,千克,0,?,"728,251"
202001,16055900,其他制作或保藏的软体动物,316,保加利亚,15,进料加工贸易,37,山东省,11968,千克,0,?,"727,644"
202001,16055900,其他制作或保藏的软体动物,347,乌克兰,14,来料加工贸易,21,辽宁省,45440,千克,0,?,"2,456,065"
202001,16055900,其他制作或保藏的软体动物,501,加拿大,10,一般贸易,11,北京市,48100,千克,0,?,"1,955,205"
202001,16055900,其他制作或保藏的软体动物,501,加拿大,10,一般贸易,12,天津市,48000,千克,0,?,"1,953,780"
202001,16055900,其他制作或保藏的软体动物,501,加拿大,14,来料加工贸易,37,山东省,16760,千克,0,?,"1,423,904"
202001,16056100,制作或保藏的海参,116,日本,10,一般贸易,11,北京市,1710,千克,0,?,"120,389"
202001,16056100,制作或保藏的海参,116,日本,10,一般贸易,37,山东省,5562,千克,0,?,"3,645,210"
202001,16056100,制作或保藏的海参,133,韩国,10,一般贸易,37,山东省,600,千克,0,?,"1,047,001"
202001,16056100,制作或保藏的海参,137,土耳其,10,一般贸易,37,山东省,17025,千克,0,?,"1,433,755"
202001,16056100,制作或保藏的海参,137,土耳其,10,一般贸易,44,广东省,200,千克,0,?,"42,107"
202001,16056100,制作或保藏的海参,143,中国台湾,10,一般贸易,44,广东省,8444,千克,0,?,"886,733"
202001,16056100,制作或保藏的海参,240,塞内加尔,10,一般贸易,37,山东省,53,千克,0,?,"7,767"
202001,16056100,制作或保藏的海参,429,墨西哥,10,一般贸易,37,山东省,4215,千克,0,?,"207,340"
202001,16056100,制作或保藏的海参,501,加拿大,10,一般贸易,21,辽宁省,2038,千克,0,?,"553,241"
202001,16056100,制作或保藏的海参,501,加拿大,10,一般贸易,33,浙江省,454,千克,0,?,"141,023"
202001,16056100,制作或保藏的海参,501,加拿大,10,一般贸易,37,山东省,7002,千克,0,?,"2,207,540"
202001,16056100,制作或保藏的海参,501,加拿大,10,一般贸易,44,广东省,558,千克,0,?,"65,461"
202001,16056100,制作或保藏的海参,502,美国,10,一般贸易,23,黑龙江省,1135,千克,0,?,"1,465,376"
202001,16056100,制作或保藏的海参,502,美国,10,一般贸易,44,广东省,109,千克,0,?,"151,737"
202001,17011400,"其他甘蔗糖, 未加香料或着色剂",112,印度尼西亚,10,一般贸易,32,江苏省,50,千克,0,?,"4,283"
202001,17011400,"其他甘蔗糖, 未加香料或着色剂",410,巴西,34,海关特殊监管区域物流货物,13,河北省,72500000,千克,0,?,"170,884,616"
202001,17011400,"其他甘蔗糖, 未加香料或着色剂",502,美国,10,一般贸易,11,北京市,0,千克,0,?,112
202001,17011400,"其他甘蔗糖, 未加香料或着色剂",609,新西兰,10,一般贸易,12,天津市,1,千克,0,?,58
202001,17019100,加香料或着色剂的甘蔗糖、甜菜糖及化学纯蔗糖,110,中国香港,34,海关特殊监管区域物流货物,44,广东省,42,千克,0,?,"3,234"
202001,17019100,加香料或着色剂的甘蔗糖、甜菜糖及化学纯蔗糖,122,马来西亚,10,一般贸易,35,福建省,1000,千克,0,?,"5,844"
202001,17019100,加香料或着色剂的甘蔗糖、甜菜糖及化学纯蔗糖,304,德国,10,一般贸易,42,湖北省,1,千克,0,?,42
202001,17019100,加香料或着色剂的甘蔗糖、甜菜糖及化学纯蔗糖,502,美国,10,一般贸易,31,上海市,1,千克,0,?,81
202001,17019100,加香料或着色剂的甘蔗糖、甜菜糖及化学纯蔗糖,502,美国,34,海关特殊监管区域物流货物,44,广东省,57,千克,0,?,"7,638"
202001,17019910,砂糖,111,印度,34,海关特殊监管区域物流货物,12,天津市,540000,千克,0,?,"1,443,321"
202001,17019910,砂糖,111,印度,34,海关特殊监管区域物流货物,21,辽宁省,2080000,千克,0,?,"5,740,537"
202001,17019910,砂糖,122,马来西亚,15,进料加工贸易,44,广东省,40000,千克,0,?,"123,706"
202001,17019910,砂糖,133,韩国,10,一般贸易,11,北京市,5737560,千克,0,?,"15,697,424"
202001,17019910,砂糖,133,韩国,10,一般贸易,12,天津市,999990,千克,0,?,"2,849,235"
202001,17019910,砂糖,133,韩国,10,一般贸易,44,广东省,714000,千克,0,?,"1,981,983"
202001,17019910,砂糖,133,韩国,15,进料加工贸易,32,江苏省,710400,千克,0,?,"1,913,680"
202001,17019910,砂糖,133,韩国,15,进料加工贸易,44,广东省,134400,千克,0,?,"471,193"
202001,17019910,砂糖,133,韩国,33,保税监管场所进出境货物,31,上海市,150,千克,0,?,"2,799"
202001,17019910,砂糖,133,韩国,34,海关特殊监管区域物流货物,44,广东省,153600,千克,0,?,"456,881"
202001,17019910,砂糖,136,泰国,10,一般贸易,32,江苏省,500000,千克,0,?,"1,322,414"
202001,17019910,砂糖,136,泰国,15,进料加工贸易,36,江西省,300000,千克,0,?,"1,029,525"
202001,17019910,砂糖,136,泰国,15,进料加工贸易,41,河南省,1000000,千克,0,?,"2,877,335"
202001,17019910,砂糖,136,泰国,34,海关特殊监管区域物流货物,12,天津市,3094440,千克,0,?,"7,906,030"
202001,17019910,砂糖,136,泰国,34,海关特殊监管区域物流货物,21,辽宁省,1250000,千克,0,?,"3,519,294"
202001,17019910,砂糖,136,泰国,34,海关特殊监管区域物流货物,37,山东省,1950000,千克,0,?,"5,725,758"
202001,17019910,砂糖,138,阿联酋,33,保税监管场所进出境货物,11,北京市,23,千克,0,?,175
202001,17019910,砂糖,141,越南,34,海关特殊监管区域物流货物,46,海南省,400000,千克,0,?,"1,341,953"
202001,17019910,砂糖,142,中国,10,一般贸易,41,河南省,568,千克,0,?,"6,750"
202001,17019910,砂糖,142,中国,33,保税监管场所进出境货物,31,上海市,97,千克,0,?,"2,307"
202001,17019910,砂糖,215,埃及,33,保税监管场所进出境货物,44,广东省,200,千克,0,?,"5,165"
202001,17019910,砂糖,301,比利时,33,保税监管场所进出境货物,31,上海市,102,千克,0,?,"2,461"
202001,17019910,砂糖,304,德国,33,保税监管场所进出境货物,31,上海市,16,千克,0,?,165
202001,17019910,砂糖,304,德国,33,保税监管场所进出境货物,32,江苏省,16,千克,0,?,165
202001,17019910,砂糖,304,德国,33,保税监管场所进出境货物,37,山东省,24,千克,0,?,248
202001,17019910,砂糖,304,德国,34,海关特殊监管区域物流货物,21,辽宁省,517,千克,0,?,"3,192"
202001,17019910,砂糖,305,法国,33,保税监管场所进出境货物,31,上海市,116,千克,0,?,"2,566"
202001,17019910,砂糖,305,法国,33,保税监管场所进出境货物,42,湖北省,2,千克,0,?,39
202001,17019910,砂糖,344,俄罗斯,33,保税监管场所进出境货物,31,上海市,18,千克,0,?,"1,721"
202001,17019910,砂糖,410,巴西,10,一般贸易,21,辽宁省,75000,千克,0,?,"315,805"
202001,17019910,砂糖,410,巴西,33,保税监管场所进出境货物,44,广东省,13791,千克,0,?,"96,496"
202001,17019910,砂糖,502,美国,10,一般贸易,12,天津市,0,千克,0,?,72
202001,17019910,砂糖,502,美国,33,保税监管场所进出境货物,11,北京市,75,千克,0,?,"3,694"
202001,17019910,砂糖,502,美国,33,保税监管场所进出境货物,31,上海市,173,千克,0,?,"2,800"
202001,17019910,砂糖,601,澳大利亚,33,保税监管场所进出境货物,44,广东省,6,千克,0,?,129
202001,17019920,绵白糖,136,泰国,34,海关特殊监管区域物流货物,12,天津市,525000,千克,0,?,"1,300,374"
202001,17019990,未列名精制糖；化学纯蔗糖,116,日本,10,一般贸易,12,天津市,30,千克,0,?,"8,144"
202001,17019990,未列名精制糖；化学纯蔗糖,133,韩国,10,一般贸易,31,上海市,17,千克,0,?,512
202001,17019990,未列名精制糖；化学纯蔗糖,133,韩国,33,保税监管场所进出境货物,11,北京市,60,千克,0,?,"1,291"
202001,17019990,未列名精制糖；化学纯蔗糖,133,韩国,33,保税监管场所进出境货物,32,江苏省,45,千克,0,?,560
202001,17019990,未列名精制糖；化学纯蔗糖,136,泰国,34,海关特殊监管区域物流货物,21,辽宁省,5250000,千克,0,?,"13,010,735"
202001,17019990,未列名精制糖；化学纯蔗糖,142,中国,10,一般贸易,41,河南省,10993,千克,0,?,"162,733"
202001,17019990,未列名精制糖；化学纯蔗糖,304,德国,10,一般贸易,31,上海市,850,千克,0,?,"52,115"
202001,17019990,未列名精制糖；化学纯蔗糖,304,德国,33,保税监管场所进出境货物,11,北京市,40,千克,0,?,413
202001,17019990,未列名精制糖；化学纯蔗糖,502,美国,10,一般贸易,11,北京市,1,千克,0,?,74
202001,17019990,未列名精制糖；化学纯蔗糖,601,澳大利亚,10,一般贸易,21,辽宁省,41000,千克,0,?,"248,479"
202001,17021100,"无水乳糖,重量计干燥状态的乳糖含量≥99％",302,丹麦,10,一般贸易,31,上海市,50175,千克,0,?,"421,283"
202001,17021100,"无水乳糖,重量计干燥状态的乳糖含量≥99％",304,德国,10,一般贸易,11,北京市,20000,千克,0,?,"959,597"
202001,17021100,"无水乳糖,重量计干燥状态的乳糖含量≥99％",304,德国,10,一般贸易,12,天津市,18000,千克,0,?,"83,373"
202001,17021100,"无水乳糖,重量计干燥状态的乳糖含量≥99％",304,德国,10,一般贸易,15,内蒙古自治区,400,千克,0,?,"26,525"
202001,17021100,"无水乳糖,重量计干燥状态的乳糖含量≥99％",304,德国,10,一般贸易,31,上海市,401725,千克,0,?,"4,408,162"
202001,17021100,"无水乳糖,重量计干燥状态的乳糖含量≥99％",304,德国,10,一般贸易,34,安徽省,172925,千克,0,?,"871,119"
202001,17021100,"无水乳糖,重量计干燥状态的乳糖含量≥99％",304,德国,10,一般贸易,35,福建省,197700,千克,0,?,"925,426"
202001,17021100,"无水乳糖,重量计干燥状态的乳糖含量≥99％",304,德国,10,一般贸易,44,广东省,19,千克,0,?,"21,460"
202001,17021100,"无水乳糖,重量计干燥状态的乳糖含量≥99％",305,法国,10,一般贸易,31,上海市,99000,千克,0,?,"563,310"
202001,17021100,"无水乳糖,重量计干燥状态的乳糖含量≥99％",309,荷兰,10,一般贸易,12,天津市,25000,千克,0,?,"122,446"
202001,17021100,"无水乳糖,重量计干燥状态的乳糖含量≥99％",309,荷兰,10,一般贸易,23,黑龙江省,36000,千克,0,?,"346,498"
202001,17021100,"无水乳糖,重量计干燥状态的乳糖含量≥99％",327,波兰,10,一般贸易,31,上海市,230000,千克,0,?,"1,255,243"
202001,17021100,"无水乳糖,重量计干燥状态的乳糖含量≥99％",327,波兰,10,一般贸易,34,安徽省,48000,千克,0,?,"251,888"
202001,17021100,"无水乳糖,重量计干燥状态的乳糖含量≥99％",327,波兰,15,进料加工贸易,44,广东省,147000,千克,0,?,"977,117"
202001,17021100,"无水乳糖,重量计干燥状态的乳糖含量≥99％",502,美国,10,一般贸易,11,北京市,493000,千克,0,?,"2,503,922"
202001,17021100,"无水乳糖,重量计干燥状态的乳糖含量≥99％",502,美国,10,一般贸易,12,天津市,645850,千克,0,?,"3,357,984"
202001,17021100,"无水乳糖,重量计干燥状态的乳糖含量≥99％",502,美国,10,一般贸易,13,河北省,875,千克,0,?,"39,865"
202001,17021100,"无水乳糖,重量计干燥状态的乳糖含量≥99％",502,美国,10,一般贸易,23,黑龙江省,560000,千克,0,?,"3,115,258"
202001,17021100,"无水乳糖,重量计干燥状态的乳糖含量≥99％",502,美国,10,一般贸易,31,上海市,151100,千克,0,?,"987,424"
202001,17021100,"无水乳糖,重量计干燥状态的乳糖含量≥99％",502,美国,10,一般贸易,32,江苏省,303975,千克,0,?,"1,711,661"
202001,17021100,"无水乳糖,重量计干燥状态的乳糖含量≥99％",502,美国,10,一般贸易,33,浙江省,392650,千克,0,?,"1,948,126"
202001,17021100,"无水乳糖,重量计干燥状态的乳糖含量≥99％",502,美国,10,一般贸易,34,安徽省,275000,千克,0,?,"1,345,617"
202001,17021100,"无水乳糖,重量计干燥状态的乳糖含量≥99％",502,美国,10,一般贸易,35,福建省,220000,千克,0,?,"1,004,515"
202001,17021100,"无水乳糖,重量计干燥状态的乳糖含量≥99％",502,美国,10,一般贸易,44,广东省,200000,千克,0,?,"1,107,707"
202001,17021100,"无水乳糖,重量计干燥状态的乳糖含量≥99％",502,美国,33,保税监管场所进出境货物,33,浙江省,75200,千克,0,?,"392,774"
202001,17021100,"无水乳糖,重量计干燥状态的乳糖含量≥99％",502,美国,33,保税监管场所进出境货物,51,四川省,20000,千克,0,?,"89,829"
202001,17021100,"无水乳糖,重量计干燥状态的乳糖含量≥99％",502,美国,34,海关特殊监管区域物流货物,32,江苏省,17325,千克,0,?,"469,457"
202001,17021100,"无水乳糖,重量计干燥状态的乳糖含量≥99％",601,澳大利亚,10,一般贸易,35,福建省,50400,千克,0,?,"303,274"
202001,17021100,"无水乳糖,重量计干燥状态的乳糖含量≥99％",601,澳大利亚,10,一般贸易,44,广东省,100500,千克,0,?,"645,116"
202001,17021900,其他乳糖及乳糖浆,122,马来西亚,10,一般贸易,31,上海市,21420,千克,0,?,"169,269"
202001,17021900,其他乳糖及乳糖浆,143,中国台湾,10,一般贸易,31,上海市,4000,千克,0,?,"96,000"
202001,17021900,其他乳糖及乳糖浆,304,德国,10,一般贸易,12,天津市,24000,千克,0,?,"146,935"
202001,17021900,其他乳糖及乳糖浆,304,德国,10,一般贸易,31,上海市,63600,千克,0,?,"1,315,181"
202001,17021900,其他乳糖及乳糖浆,304,德国,10,一般贸易,44,广东省,20740,千克,0,?,"440,490"
202001,17021900,其他乳糖及乳糖浆,305,法国,10,一般贸易,11,北京市,100,千克,0,?,"7,277"
202001,17021900,其他乳糖及乳糖浆,309,荷兰,10,一般贸易,31,上海市,218800,千克,0,?,"2,446,396"
202001,17021900,其他乳糖及乳糖浆,309,荷兰,39,其他,31,上海市,6,千克,0,?,"1,803"
202001,17021900,其他乳糖及乳糖浆,502,美国,10,一般贸易,11,北京市,57007,千克,0,?,"587,669"
202001,17021900,其他乳糖及乳糖浆,502,美国,10,一般贸易,12,天津市,313000,千克,0,?,"2,264,126"
202001,17021900,其他乳糖及乳糖浆,502,美国,10,一般贸易,31,上海市,55055,千克,0,?,"341,570"
202001,17021900,其他乳糖及乳糖浆,502,美国,10,一般贸易,37,山东省,255,千克,0,?,"7,005"
202001,17021900,其他乳糖及乳糖浆,502,美国,10,一般贸易,44,广东省,20000,千克,0,?,"138,161"
202001,17021900,其他乳糖及乳糖浆,502,美国,34,海关特殊监管区域物流货物,32,江苏省,39975,千克,0,?,"176,224"
202001,17021900,其他乳糖及乳糖浆,609,新西兰,10,一般贸易,31,上海市,599975,千克,0,?,"5,193,304"
202001,17021900,其他乳糖及乳糖浆,609,新西兰,10,一般贸易,42,湖北省,0,千克,0,?,"2,243"
202001,17022000,槭糖及槭糖浆,501,加拿大,10,一般贸易,31,上海市,453,千克,0,?,"112,844"
202001,17022000,槭糖及槭糖浆,501,加拿大,10,一般贸易,44,广东省,5136,千克,0,?,"287,245"
202001,17022000,槭糖及槭糖浆,501,加拿大,34,海关特殊监管区域物流货物,31,上海市,920,千克,0,?,"42,851"
202001,17022000,槭糖及槭糖浆,501,加拿大,34,海关特殊监管区域物流货物,37,山东省,766,千克,0,?,"25,781"
202001,17022000,槭糖及槭糖浆,502,美国,10,一般贸易,11,北京市,17,千克,0,?,"1,604"
202001,17022000,槭糖及槭糖浆,502,美国,10,一般贸易,31,上海市,12,千克,0,?,"1,883"
202001,17023000,"葡萄糖及葡萄糖浆,果糖＜20％",116,日本,10,一般贸易,31,上海市,5,千克,0,?,883
202001,17023000,"葡萄糖及葡萄糖浆,果糖＜20％",116,日本,10,一般贸易,37,山东省,570,千克,0,?,"702,900"
202001,17023000,"葡萄糖及葡萄糖浆,果糖＜20％",133,韩国,10,一般贸易,37,山东省,12447,千克,0,?,"85,873"
202001,17023000,"葡萄糖及葡萄糖浆,果糖＜20％",301,比利时,10,一般贸易,31,上海市,3500,千克,0,?,"24,375"
202001,17023000,"葡萄糖及葡萄糖浆,果糖＜20％",304,德国,10,一般贸易,31,上海市,16,千克,0,?,"2,157"
202001,17023000,"葡萄糖及葡萄糖浆,果糖＜20％",304,德国,34,海关特殊监管区域物流货物,31,上海市,14,千克,0,?,"1,507"
202001,17023000,"葡萄糖及葡萄糖浆,果糖＜20％",305,法国,10,一般贸易,31,上海市,4166,千克,0,?,"115,737"
202001,17023000,"葡萄糖及葡萄糖浆,果糖＜20％",305,法国,10,一般贸易,32,江苏省,72000,千克,0,?,"485,161"
202001,17023000,"葡萄糖及葡萄糖浆,果糖＜20％",305,法国,10,一般贸易,44,广东省,72,千克,0,?,711
202001,17023000,"葡萄糖及葡萄糖浆,果糖＜20％",305,法国,33,保税监管场所进出境货物,31,上海市,248,千克,0,?,"2,092"
202001,17023000,"葡萄糖及葡萄糖浆,果糖＜20％",305,法国,39,其他,11,北京市,1,千克,0,?,117
202001,17023000,"葡萄糖及葡萄糖浆,果糖＜20％",307,意大利,10,一般贸易,11,北京市,3034,千克,0,?,"158,529"
202001,17023000,"葡萄糖及葡萄糖浆,果糖＜20％",309,荷兰,10,一般贸易,11,北京市,2534,千克,0,?,"30,374"
202001,17023000,"葡萄糖及葡萄糖浆,果糖＜20％",309,荷兰,10,一般贸易,31,上海市,12000,千克,0,?,"93,619"
202001,17023000,"葡萄糖及葡萄糖浆,果糖＜20％",309,荷兰,10,一般贸易,44,广东省,9982,千克,0,?,"103,294"
202001,17023000,"葡萄糖及葡萄糖浆,果糖＜20％",309,荷兰,33,保税监管场所进出境货物,31,上海市,9443,千克,0,?,"99,426"
202001,17023000,"葡萄糖及葡萄糖浆,果糖＜20％",312,西班牙,10,一般贸易,31,上海市,48,千克,0,?,"1,892"
202001,17023000,"葡萄糖及葡萄糖浆,果糖＜20％",352,捷克,34,海关特殊监管区域物流货物,31,上海市,1,千克,0,?,246
202001,17023000,"葡萄糖及葡萄糖浆,果糖＜20％",502,美国,10,一般贸易,31,上海市,53,千克,0,?,"11,689"
202001,17023000,"葡萄糖及葡萄糖浆,果糖＜20％",502,美国,10,一般贸易,42,湖北省,0,千克,0,?,"2,075"
202001,17023000,"葡萄糖及葡萄糖浆,果糖＜20％",502,美国,33,保税监管场所进出境货物,31,上海市,0,千克,0,?,"2,015"
202001,17023000,"葡萄糖及葡萄糖浆,果糖＜20％",502,美国,34,海关特殊监管区域物流货物,31,上海市,553,千克,0,?,"49,428"
202001,17023000,"葡萄糖及葡萄糖浆,果糖＜20％",601,澳大利亚,10,一般贸易,44,广东省,84,千克,0,?,"44,161"
202001,17024000,"葡萄糖及糖浆,20％≤果糖＜50％,转化糖除外",112,印度尼西亚,10,一般贸易,32,江苏省,25,千克,0,?,"1,337"
202001,17024000,"葡萄糖及糖浆,20％≤果糖＜50％,转化糖除外",116,日本,14,来料加工贸易,46,海南省,7500,千克,0,?,"88,161"
202001,17024000,"葡萄糖及糖浆,20％≤果糖＜50％,转化糖除外",133,韩国,10,一般贸易,21,辽宁省,600,千克,0,?,"1,679"
202001,17024000,"葡萄糖及糖浆,20％≤果糖＜50％,转化糖除外",305,法国,10,一般贸易,51,四川省,0,千克,0,?,195
202001,17024000,"葡萄糖及糖浆,20％≤果糖＜50％,转化糖除外",502,美国,10,一般贸易,11,北京市,1,千克,0,?,569
202001,17025000,化学纯果糖,115,以色列,10,一般贸易,11,北京市,40000,千克,0,?,"363,839"
202001,17025000,化学纯果糖,115,以色列,15,进料加工贸易,37,山东省,80000,千克,0,?,"604,532"
202001,17025000,化学纯果糖,137,土耳其,10,一般贸易,31,上海市,90000,千克,0,?,"494,360"
202001,17025000,化学纯果糖,141,越南,34,海关特殊监管区域物流货物,21,辽宁省,6369,千克,0,?,"41,244"
202001,17025000,化学纯果糖,318,芬兰,10,一般贸易,31,上海市,0,千克,0,?,"2,969"
202001,17025000,化学纯果糖,502,美国,10,一般贸易,31,上海市,828,千克,0,?,"25,929"
202001,17026000,"果糖及果糖浆,果糖＞50％,转化糖除外",116,日本,10,一般贸易,44,广东省,10,千克,0,?,"1,457"
202001,17026000,"果糖及果糖浆,果糖＞50％,转化糖除外",133,韩国,10,一般贸易,21,辽宁省,600,千克,0,?,"1,385"
202001,17026000,"果糖及果糖浆,果糖＞50％,转化糖除外",133,韩国,10,一般贸易,31,上海市,1470,千克,0,?,"10,800"
202001,17026000,"果糖及果糖浆,果糖＞50％,转化糖除外",133,韩国,10,一般贸易,37,山东省,8234,千克,0,?,"51,234"
202001,17026000,"果糖及果糖浆,果糖＞50％,转化糖除外",136,泰国,10,一般贸易,65,新疆维吾尔自治区,94500,千克,0,?,"231,982"
202001,17026000,"果糖及果糖浆,果糖＞50％,转化糖除外",136,泰国,41,免税品,46,海南省,9,千克,0,?,"2,140"
202001,17026000,"果糖及果糖浆,果糖＞50％,转化糖除外",142,中国,10,一般贸易,31,上海市,1,千克,0,?,160
202001,17026000,"果糖及果糖浆,果糖＞50％,转化糖除外",142,中国,10,一般贸易,41,河南省,679,千克,0,?,"8,472"
202001,17026000,"果糖及果糖浆,果糖＞50％,转化糖除外",143,中国台湾,10,一般贸易,33,浙江省,96,千克,0,?,74
202001,17026000,"果糖及果糖浆,果糖＞50％,转化糖除外",143,中国台湾,10,一般贸易,35,福建省,44160,千克,0,?,"526,479"
202001,17026000,"果糖及果糖浆,果糖＞50％,转化糖除外",143,中国台湾,39,其他,35,福建省,1606,千克,0,?,"10,132"
202001,17026000,"果糖及果糖浆,果糖＞50％,转化糖除外",301,比利时,10,一般贸易,31,上海市,14400,千克,0,?,"303,326"
202001,17026000,"果糖及果糖浆,果糖＞50％,转化糖除外",301,比利时,10,一般贸易,34,安徽省,6300,千克,0,?,"51,105"
202001,17026000,"果糖及果糖浆,果糖＞50％,转化糖除外",303,英国,10,一般贸易,11,北京市,24,千克,0,?,"2,984"
202001,17026000,"果糖及果糖浆,果糖＞50％,转化糖除外",303,英国,10,一般贸易,31,上海市,0,千克,0,?,100
202001,17026000,"果糖及果糖浆,果糖＞50％,转化糖除外",304,德国,10,一般贸易,11,北京市,14,千克,0,?,546
202001,17026000,"果糖及果糖浆,果糖＞50％,转化糖除外",304,德国,10,一般贸易,42,湖北省,27,千克,0,?,"1,985"
202001,17026000,"果糖及果糖浆,果糖＞50％,转化糖除外",304,德国,34,海关特殊监管区域物流货物,21,辽宁省,263,千克,0,?,"20,754"
202001,17026000,"果糖及果糖浆,果糖＞50％,转化糖除外",304,德国,41,免税品,46,海南省,54,千克,0,?,"2,820"
202001,17026000,"果糖及果糖浆,果糖＞50％,转化糖除外",305,法国,10,一般贸易,11,北京市,828,千克,0,?,"16,148"
202001,17026000,"果糖及果糖浆,果糖＞50％,转化糖除外",305,法国,10,一般贸易,12,天津市,0,千克,0,?,97
202001,17026000,"果糖及果糖浆,果糖＞50％,转化糖除外",305,法国,10,一般贸易,31,上海市,1,千克,0,?,301
202001,17026000,"果糖及果糖浆,果糖＞50％,转化糖除外",305,法国,10,一般贸易,51,四川省,0,千克,0,?,110
202001,17026000,"果糖及果糖浆,果糖＞50％,转化糖除外",305,法国,33,保税监管场所进出境货物,31,上海市,17,千克,0,?,"1,193"
202001,17026000,"果糖及果糖浆,果糖＞50％,转化糖除外",312,西班牙,41,免税品,46,海南省,27,千克,0,?,"1,423"
202001,17026000,"果糖及果糖浆,果糖＞50％,转化糖除外",429,墨西哥,10,一般贸易,12,天津市,0,千克,0,?,125
202001,17026000,"果糖及果糖浆,果糖＞50％,转化糖除外",429,墨西哥,10,一般贸易,31,上海市,20,千克,0,?,"1,646"
202001,17026000,"果糖及果糖浆,果糖＞50％,转化糖除外",501,加拿大,10,一般贸易,44,广东省,1,千克,0,?,46
202001,17026000,"果糖及果糖浆,果糖＞50％,转化糖除外",501,加拿大,34,海关特殊监管区域物流货物,44,广东省,53,千克,0,?,"5,580"
202001,17026000,"果糖及果糖浆,果糖＞50％,转化糖除外",502,美国,10,一般贸易,11,北京市,9,千克,0,?,"1,529"
202001,17026000,"果糖及果糖浆,果糖＞50％,转化糖除外",502,美国,10,一般贸易,12,天津市,4,千克,0,?,724
202001,17026000,"果糖及果糖浆,果糖＞50％,转化糖除外",502,美国,10,一般贸易,31,上海市,48,千克,0,?,"4,833"
202001,17026000,"果糖及果糖浆,果糖＞50％,转化糖除外",601,澳大利亚,10,一般贸易,31,上海市,4800,千克,0,?,"42,712"
202001,17026000,"果糖及果糖浆,果糖＞50％,转化糖除外",601,澳大利亚,10,一般贸易,33,浙江省,75,千克,0,?,"35,578"
202001,17026000,"果糖及果糖浆,果糖＞50％,转化糖除外",601,澳大利亚,33,保税监管场所进出境货物,44,广东省,35,千克,0,?,"2,112"
202001,17026000,"果糖及果糖浆,果糖＞50％,转化糖除外",601,澳大利亚,34,海关特殊监管区域物流货物,41,河南省,1080,千克,0,?,"31,075"
202001,17026000,"果糖及果糖浆,果糖＞50％,转化糖除外",609,新西兰,10,一般贸易,31,上海市,8,千克,0,?,"8,497"
202001,17029000,其他固体糖及未加香料或着色剂的糖浆,106,缅甸,19,边境小额贸易,53,云南省,455800,千克,0,?,"674,005"
202001,17029000,其他固体糖及未加香料或着色剂的糖浆,110,中国香港,10,一般贸易,44,广东省,10686,千克,0,?,"64,586"
202001,17029000,其他固体糖及未加香料或着色剂的糖浆,112,印度尼西亚,10,一般贸易,31,上海市,134,千克,0,?,"5,599"
202001,17029000,其他固体糖及未加香料或着色剂的糖浆,116,日本,10,一般贸易,31,上海市,1,千克,0,?,"13,732"
202001,17029000,其他固体糖及未加香料或着色剂的糖浆,116,日本,10,一般贸易,37,山东省,9,千克,0,?,871
202001,17029000,其他固体糖及未加香料或着色剂的糖浆,116,日本,10,一般贸易,44,广东省,1245,千克,0,?,"61,678"
202001,17029000,其他固体糖及未加香料或着色剂的糖浆,116,日本,14,来料加工贸易,46,海南省,80,千克,0,?,"1,399"
202001,17029000,其他固体糖及未加香料或着色剂的糖浆,119,老挝,10,一般贸易,53,云南省,533620,千克,0,?,"1,086,296"
202001,17029000,其他固体糖及未加香料或着色剂的糖浆,122,马来西亚,10,一般贸易,11,北京市,3030134,千克,0,?,"8,944,664"
202001,17029000,其他固体糖及未加香料或着色剂的糖浆,122,马来西亚,10,一般贸易,31,上海市,200,千克,0,?,"9,020"
202001,17029000,其他固体糖及未加香料或着色剂的糖浆,122,马来西亚,10,一般贸易,44,广东省,867900,千克,0,?,"4,760,498"
202001,17029000,其他固体糖及未加香料或着色剂的糖浆,133,韩国,10,一般贸易,11,北京市,84818,千克,0,?,"1,173,507"
202001,17029000,其他固体糖及未加香料或着色剂的糖浆,133,韩国,10,一般贸易,13,河北省,1800,千克,0,?,"25,532"
202001,17029000,其他固体糖及未加香料或着色剂的糖浆,133,韩国,10,一般贸易,37,山东省,2352,千克,0,?,"30,821"
202001,17029000,其他固体糖及未加香料或着色剂的糖浆,133,韩国,10,一般贸易,44,广东省,1,千克,0,?,27
202001,17029000,其他固体糖及未加香料或着色剂的糖浆,133,韩国,14,来料加工贸易,37,山东省,159940,千克,0,?,"609,901"
202001,17029000,其他固体糖及未加香料或着色剂的糖浆,133,韩国,33,保税监管场所进出境货物,31,上海市,14200,千克,0,?,"96,200"
202001,17029000,其他固体糖及未加香料或着色剂的糖浆,136,泰国,10,一般贸易,11,北京市,9200420,千克,0,?,"23,414,844"
202001,17029000,其他固体糖及未加香料或着色剂的糖浆,136,泰国,10,一般贸易,12,天津市,5088400,千克,0,?,"12,246,027"
202001,17029000,其他固体糖及未加香料或着色剂的糖浆,136,泰国,10,一般贸易,31,上海市,22575,千克,0,?,"221,426"
202001,17029000,其他固体糖及未加香料或着色剂的糖浆,136,泰国,10,一般贸易,35,福建省,2520500,千克,0,?,"6,772,901"
202001,17029000,其他固体糖及未加香料或着色剂的糖浆,136,泰国,10,一般贸易,37,山东省,1000000,千克,0,?,"2,418,876"
202001,17029000,其他固体糖及未加香料或着色剂的糖浆,136,泰国,10,一般贸易,44,广东省,806590,千克,0,?,"2,076,086"
202001,17029000,其他固体糖及未加香料或着色剂的糖浆,136,泰国,10,一般贸易,53,云南省,50000,千克,0,?,"122,707"
202001,17029000,其他固体糖及未加香料或着色剂的糖浆,141,越南,10,一般贸易,35,福建省,3432000,千克,0,?,"8,492,892"
202001,17029000,其他固体糖及未加香料或着色剂的糖浆,141,越南,10,一般贸易,37,山东省,360000,千克,0,?,"954,995"
202001,17029000,其他固体糖及未加香料或着色剂的糖浆,142,中国,10,一般贸易,31,上海市,1,千克,0,?,192
202001,17029000,其他固体糖及未加香料或着色剂的糖浆,142,中国,39,其他,32,江苏省,0,千克,0,?,132
202001,17029000,其他固体糖及未加香料或着色剂的糖浆,143,中国台湾,10,一般贸易,33,浙江省,198,千克,0,?,499
202001,17029000,其他固体糖及未加香料或着色剂的糖浆,143,中国台湾,10,一般贸易,35,福建省,5640,千克,0,?,"32,990"
202001,17029000,其他固体糖及未加香料或着色剂的糖浆,143,中国台湾,10,一般贸易,45,广西壮族自治区,17320,千克,0,?,"86,264"
202001,17029000,其他固体糖及未加香料或着色剂的糖浆,143,中国台湾,15,进料加工贸易,37,山东省,151200,千克,0,?,"594,219"
202001,17029000,其他固体糖及未加香料或着色剂的糖浆,143,中国台湾,39,其他,35,福建省,38620,千克,0,?,"232,487"
202001,17029000,其他固体糖及未加香料或着色剂的糖浆,301,比利时,10,一般贸易,31,上海市,780,千克,0,?,"5,941"
202001,17029000,其他固体糖及未加香料或着色剂的糖浆,301,比利时,10,一般贸易,34,安徽省,5040,千克,0,?,"45,377"
202001,17029000,其他固体糖及未加香料或着色剂的糖浆,303,英国,10,一般贸易,11,北京市,4,千克,0,?,730
202001,17029000,其他固体糖及未加香料或着色剂的糖浆,303,英国,10,一般贸易,31,上海市,5025,千克,0,?,"72,807"
202001,17029000,其他固体糖及未加香料或着色剂的糖浆,303,英国,39,其他,31,上海市,1,千克,0,?,152
202001,17029000,其他固体糖及未加香料或着色剂的糖浆,304,德国,10,一般贸易,31,上海市,1201,千克,0,?,"31,157"
202001,17029000,其他固体糖及未加香料或着色剂的糖浆,304,德国,10,一般贸易,42,湖北省,3,千克,0,?,368
202001,17029000,其他固体糖及未加香料或着色剂的糖浆,304,德国,10,一般贸易,44,广东省,1,千克,0,?,30
202001,17029000,其他固体糖及未加香料或着色剂的糖浆,305,法国,10,一般贸易,11,北京市,2800,千克,0,?,"42,387"
202001,17029000,其他固体糖及未加香料或着色剂的糖浆,305,法国,10,一般贸易,31,上海市,2133,千克,0,?,"42,921"
202001,17029000,其他固体糖及未加香料或着色剂的糖浆,305,法国,10,一般贸易,44,广东省,13391,千克,0,?,"135,690"
202001,17029000,其他固体糖及未加香料或着色剂的糖浆,305,法国,15,进料加工贸易,31,上海市,32400,千克,0,?,"376,321"
202001,17029000,其他固体糖及未加香料或着色剂的糖浆,305,法国,33,保税监管场所进出境货物,31,上海市,8057,千克,0,?,"97,414"
202001,17029000,其他固体糖及未加香料或着色剂的糖浆,305,法国,34,海关特殊监管区域物流货物,37,山东省,596,千克,0,?,"12,803"
202001,17029000,其他固体糖及未加香料或着色剂的糖浆,307,意大利,10,一般贸易,11,北京市,3,千克,0,?,809
202001,17029000,其他固体糖及未加香料或着色剂的糖浆,309,荷兰,10,一般贸易,42,湖北省,1,千克,0,?,32
202001,17029000,其他固体糖及未加香料或着色剂的糖浆,312,西班牙,10,一般贸易,31,上海市,43,千克,0,?,"5,805"
202001,17029000,其他固体糖及未加香料或着色剂的糖浆,327,波兰,10,一般贸易,31,上海市,1200,千克,0,?,"32,267"
202001,17029000,其他固体糖及未加香料或着色剂的糖浆,344,俄罗斯,10,一般贸易,53,云南省,1596,千克,0,?,"106,424"
202001,17029000,其他固体糖及未加香料或着色剂的糖浆,350,斯洛文尼亚,10,一般贸易,31,上海市,300,千克,0,?,"9,914"
202001,17029000,其他固体糖及未加香料或着色剂的糖浆,410,巴西,10,一般贸易,31,上海市,0,千克,0,?,30
202001,17029000,其他固体糖及未加香料或着色剂的糖浆,429,墨西哥,10,一般贸易,12,天津市,1,千克,0,?,276
202001,17029000,其他固体糖及未加香料或着色剂的糖浆,429,墨西哥,10,一般贸易,31,上海市,5,千克,0,?,475
202001,17029000,其他固体糖及未加香料或着色剂的糖浆,501,加拿大,10,一般贸易,31,上海市,190,千克,0,?,"14,589"
202001,17029000,其他固体糖及未加香料或着色剂的糖浆,502,美国,10,一般贸易,11,北京市,53,千克,0,?,"2,850"
202001,17029000,其他固体糖及未加香料或着色剂的糖浆,502,美国,10,一般贸易,31,上海市,280,千克,0,?,"15,350"
202001,17029000,其他固体糖及未加香料或着色剂的糖浆,502,美国,10,一般贸易,44,广东省,42,千克,0,?,"2,175"
202001,17029000,其他固体糖及未加香料或着色剂的糖浆,502,美国,15,进料加工贸易,32,江苏省,2962,千克,0,?,"25,901"
202001,17029000,其他固体糖及未加香料或着色剂的糖浆,502,美国,33,保税监管场所进出境货物,11,北京市,69,千克,0,?,"1,310"
202001,17029000,其他固体糖及未加香料或着色剂的糖浆,502,美国,34,海关特殊监管区域物流货物,31,上海市,299,千克,0,?,"9,218"
202001,17029000,其他固体糖及未加香料或着色剂的糖浆,601,澳大利亚,10,一般贸易,31,上海市,120000,千克,0,?,"2,183,033"
202001,17029000,其他固体糖及未加香料或着色剂的糖浆,601,澳大利亚,10,一般贸易,33,浙江省,2268,千克,0,?,"64,428"
202001,17029000,其他固体糖及未加香料或着色剂的糖浆,601,澳大利亚,10,一般贸易,44,广东省,2294,千克,0,?,"253,350"
202001,17029000,其他固体糖及未加香料或着色剂的糖浆,601,澳大利亚,34,海关特殊监管区域物流货物,31,上海市,0,千克,0,?,39
202001,17029000,其他固体糖及未加香料或着色剂的糖浆,609,新西兰,10,一般贸易,31,上海市,23,千克,0,?,"1,528"
202001,17029000,其他固体糖及未加香料或着色剂的糖浆,609,新西兰,10,一般贸易,41,河南省,33,千克,0,?,"4,272"
202001,17029000,其他固体糖及未加香料或着色剂的糖浆,609,新西兰,10,一般贸易,44,广东省,927,千克,0,?,"50,614"
202001,17041000,"口香糖,不论是否裹糖",116,日本,10,一般贸易,44,广东省,2474,千克,0,?,"53,800"
202001,17041000,"口香糖,不论是否裹糖",116,日本,15,进料加工贸易,44,广东省,316,千克,0,?,"15,919"
202001,17041000,"口香糖,不论是否裹糖",116,日本,34,海关特殊监管区域物流货物,44,广东省,158,千克,0,?,"3,476"
202001,17041000,"口香糖,不论是否裹糖",129,菲律宾,10,一般贸易,44,广东省,798,千克,0,?,"28,189"
202001,17041000,"口香糖,不论是否裹糖",133,韩国,10,一般贸易,21,辽宁省,39,千克,0,?,"5,329"
202001,17041000,"口香糖,不论是否裹糖",133,韩国,10,一般贸易,32,江苏省,497,千克,0,?,"28,064"
202001,17041000,"口香糖,不论是否裹糖",133,韩国,10,一般贸易,37,山东省,6,千克,0,?,425
202001,17041000,"口香糖,不论是否裹糖",133,韩国,33,保税监管场所进出境货物,33,浙江省,15,千克,0,?,"3,410"
202001,17041000,"口香糖,不论是否裹糖",136,泰国,34,海关特殊监管区域物流货物,21,辽宁省,40,千克,0,?,"1,959"
202001,17041000,"口香糖,不论是否裹糖",141,越南,34,海关特殊监管区域物流货物,21,辽宁省,1726,千克,0,?,"100,930"
202001,17041000,"口香糖,不论是否裹糖",142,中国,10,一般贸易,12,天津市,2,千克,0,?,620
202001,17041000,"口香糖,不论是否裹糖",142,中国,10,一般贸易,31,上海市,0,千克,0,?,55
202001,17041000,"口香糖,不论是否裹糖",143,中国台湾,10,一般贸易,35,福建省,202,千克,0,?,"24,906"
202001,17041000,"口香糖,不论是否裹糖",303,英国,10,一般贸易,11,北京市,1,千克,0,?,371
202001,17041000,"口香糖,不论是否裹糖",304,德国,10,一般贸易,11,北京市,0,千克,0,?,183
202001,17041000,"口香糖,不论是否裹糖",304,德国,34,海关特殊监管区域物流货物,21,辽宁省,19,千克,0,?,"3,678"
202001,17041000,"口香糖,不论是否裹糖",331,瑞士,10,一般贸易,11,北京市,0,千克,0,?,37
202001,17041000,"口香糖,不论是否裹糖",502,美国,10,一般贸易,11,北京市,6,千克,0,?,"1,604"
202001,17041000,"口香糖,不论是否裹糖",502,美国,10,一般贸易,12,天津市,1,千克,0,?,343
202001,17041000,"口香糖,不论是否裹糖",502,美国,10,一般贸易,31,上海市,6,千克,0,?,"1,383"
202001,17041000,"口香糖,不论是否裹糖",502,美国,10,一般贸易,44,广东省,19,千克,0,?,"4,990"
202001,17041000,"口香糖,不论是否裹糖",502,美国,10,一般贸易,50,重庆市,1,千克,0,?,77
202001,17049000,不含可可的糖食（口香糖除外）,107,柬埔寨,34,海关特殊监管区域物流货物,21,辽宁省,70,千克,0,?,945
202001,17049000,不含可可的糖食（口香糖除外）,110,中国香港,10,一般贸易,31,上海市,17,千克,0,?,"2,152"
202001,17049000,不含可可的糖食（口香糖除外）,110,中国香港,10,一般贸易,33,浙江省,43,千克,0,?,"35,520"
202001,17049000,不含可可的糖食（口香糖除外）,110,中国香港,10,一般贸易,44,广东省,64761,千克,0,?,"1,788,858"
202001,17049000,不含可可的糖食（口香糖除外）,110,中国香港,33,保税监管场所进出境货物,44,广东省,3871,千克,0,?,"80,905"
202001,17049000,不含可可的糖食（口香糖除外）,110,中国香港,34,海关特殊监管区域物流货物,21,辽宁省,56,千克,0,?,"4,128"
202001,17049000,不含可可的糖食（口香糖除外）,110,中国香港,34,海关特殊监管区域物流货物,44,广东省,2688,千克,0,?,"381,573"
202001,17049000,不含可可的糖食（口香糖除外）,111,印度,10,一般贸易,12,天津市,252,千克,0,?,"49,111"
202001,17049000,不含可可的糖食（口香糖除外）,111,印度,10,一般贸易,44,广东省,445,千克,0,?,"41,235"
202001,17049000,不含可可的糖食（口香糖除外）,112,印度尼西亚,10,一般贸易,31,上海市,5000,千克,0,?,"192,479"
202001,17049000,不含可可的糖食（口香糖除外）,112,印度尼西亚,10,一般贸易,33,浙江省,18,千克,0,?,453
202001,17049000,不含可可的糖食（口香糖除外）,112,印度尼西亚,10,一般贸易,44,广东省,52362,千克,0,?,"1,275,831"
202001,17049000,不含可可的糖食（口香糖除外）,112,印度尼西亚,31,免税外汇商品,11,北京市,28,千克,0,?,580
202001,17049000,不含可可的糖食（口香糖除外）,112,印度尼西亚,34,海关特殊监管区域物流货物,21,辽宁省,245,千克,0,?,"5,997"
202001,17049000,不含可可的糖食（口香糖除外）,112,印度尼西亚,41,免税品,46,海南省,4,千克,0,?,63
202001,17049000,不含可可的糖食（口香糖除外）,115,以色列,10,一般贸易,12,天津市,0,千克,0,?,57
202001,17049000,不含可可的糖食（口香糖除外）,116,日本,10,一般贸易,11,北京市,1334,千克,0,?,"116,044"
202001,17049000,不含可可的糖食（口香糖除外）,116,日本,10,一般贸易,21,辽宁省,3072,千克,0,?,"118,167"
202001,17049000,不含可可的糖食（口香糖除外）,116,日本,10,一般贸易,31,上海市,2603,千克,0,?,"231,326"
202001,17049000,不含可可的糖食（口香糖除外）,116,日本,10,一般贸易,32,江苏省,356,千克,0,?,"48,463"
202001,17049000,不含可可的糖食（口香糖除外）,116,日本,10,一般贸易,33,浙江省,15374,千克,0,?,"2,524,694"
202001,17049000,不含可可的糖食（口香糖除外）,116,日本,10,一般贸易,37,山东省,4984,千克,0,?,"186,329"
202001,17049000,不含可可的糖食（口香糖除外）,116,日本,10,一般贸易,41,河南省,1110,千克,0,?,"50,871"
202001,17049000,不含可可的糖食（口香糖除外）,116,日本,10,一般贸易,44,广东省,8384,千克,0,?,"423,845"
202001,17049000,不含可可的糖食（口香糖除外）,116,日本,10,一般贸易,46,海南省,20,千克,0,?,"8,828"
202001,17049000,不含可可的糖食（口香糖除外）,116,日本,10,一般贸易,61,陕西省,88,千克,0,?,"56,205"
202001,17049000,不含可可的糖食（口香糖除外）,116,日本,33,保税监管场所进出境货物,31,上海市,3364,千克,0,?,"124,280"
202001,17049000,不含可可的糖食（口香糖除外）,116,日本,33,保税监管场所进出境货物,33,浙江省,4432,千克,0,?,"220,599"
202001,17049000,不含可可的糖食（口香糖除外）,116,日本,34,海关特殊监管区域物流货物,21,辽宁省,569,千克,0,?,"57,156"
202001,17049000,不含可可的糖食（口香糖除外）,116,日本,34,海关特殊监管区域物流货物,31,上海市,21970,千克,0,?,"2,151,329"
202001,17049000,不含可可的糖食（口香糖除外）,116,日本,34,海关特殊监管区域物流货物,44,广东省,1010,千克,0,?,"96,875"
202001,17049000,不含可可的糖食（口香糖除外）,116,日本,41,免税品,44,广东省,64,千克,0,?,"9,057"
202001,17049000,不含可可的糖食（口香糖除外）,121,中国澳门,10,一般贸易,44,广东省,18,千克,0,?,"1,268"
202001,17049000,不含可可的糖食（口香糖除外）,121,中国澳门,41,免税品,44,广东省,713,千克,0,?,"63,652"
202001,17049000,不含可可的糖食（口香糖除外）,122,马来西亚,10,一般贸易,11,北京市,3000,千克,0,?,"104,954"
202001,17049000,不含可可的糖食（口香糖除外）,122,马来西亚,10,一般贸易,31,上海市,21756,千克,0,?,"195,072"
202001,17049000,不含可可的糖食（口香糖除外）,122,马来西亚,10,一般贸易,32,江苏省,300,千克,0,?,"7,347"
202001,17049000,不含可可的糖食（口香糖除外）,122,马来西亚,10,一般贸易,35,福建省,12447,千克,0,?,"143,053"
202001,17049000,不含可可的糖食（口香糖除外）,122,马来西亚,10,一般贸易,37,山东省,20400,千克,0,?,"145,405"
202001,17049000,不含可可的糖食（口香糖除外）,122,马来西亚,10,一般贸易,43,湖南省,40,千克,0,?,"1,152"
202001,17049000,不含可可的糖食（口香糖除外）,122,马来西亚,10,一般贸易,44,广东省,158473,千克,0,?,"2,696,928"
202001,17049000,不含可可的糖食（口香糖除外）,122,马来西亚,34,海关特殊监管区域物流货物,21,辽宁省,209,千克,0,?,"3,889"
202001,17049000,不含可可的糖食（口香糖除外）,122,马来西亚,34,海关特殊监管区域物流货物,31,上海市,3000,千克,0,?,"76,503"
202001,17049000,不含可可的糖食（口香糖除外）,122,马来西亚,34,海关特殊监管区域物流货物,44,广东省,1137,千克,0,?,"76,054"
202001,17049000,不含可可的糖食（口香糖除外）,129,菲律宾,10,一般贸易,13,河北省,4300,千克,0,?,"70,509"
202001,17049000,不含可可的糖食（口香糖除外）,132,新加坡,10,一般贸易,31,上海市,24070,千克,0,?,"773,733"
202001,17049000,不含可可的糖食（口香糖除外）,132,新加坡,10,一般贸易,44,广东省,1,千克,0,?,202
202001,17049000,不含可可的糖食（口香糖除外）,132,新加坡,33,保税监管场所进出境货物,31,上海市,8830,千克,0,?,"283,854"
202001,17049000,不含可可的糖食（口香糖除外）,133,韩国,10,一般贸易,12,天津市,1574,千克,0,?,"275,199"
202001,17049000,不含可可的糖食（口香糖除外）,133,韩国,10,一般贸易,21,辽宁省,716,千克,0,?,"26,944"
202001,17049000,不含可可的糖食（口香糖除外）,133,韩国,10,一般贸易,31,上海市,11138,千克,0,?,"791,870"
202001,17049000,不含可可的糖食（口香糖除外）,133,韩国,10,一般贸易,32,江苏省,73,千克,0,?,"4,163"
202001,17049000,不含可可的糖食（口香糖除外）,133,韩国,10,一般贸易,33,浙江省,98,千克,0,?,"61,314"
202001,17049000,不含可可的糖食（口香糖除外）,133,韩国,10,一般贸易,37,山东省,59306,千克,0,?,"2,109,581"
202001,17049000,不含可可的糖食（口香糖除外）,133,韩国,10,一般贸易,44,广东省,5122,千克,0,?,"383,639"
202001,17049000,不含可可的糖食（口香糖除外）,133,韩国,10,一般贸易,46,海南省,12,千克,0,?,"1,290"
202001,17049000,不含可可的糖食（口香糖除外）,133,韩国,31,免税外汇商品,11,北京市,71,千克,0,?,"8,473"
202001,17049000,不含可可的糖食（口香糖除外）,133,韩国,33,保税监管场所进出境货物,31,上海市,2,千克,0,?,90
202001,17049000,不含可可的糖食（口香糖除外）,133,韩国,33,保税监管场所进出境货物,33,浙江省,2081,千克,0,?,"95,505"
202001,17049000,不含可可的糖食（口香糖除外）,133,韩国,41,免税品,44,广东省,96,千克,0,?,"7,620"
202001,17049000,不含可可的糖食（口香糖除外）,136,泰国,10,一般贸易,31,上海市,149757,千克,0,?,"2,227,690"
202001,17049000,不含可可的糖食（口香糖除外）,136,泰国,10,一般贸易,33,浙江省,547,千克,0,?,"21,790"
202001,17049000,不含可可的糖食（口香糖除外）,136,泰国,10,一般贸易,43,湖南省,12194,千克,0,?,"494,652"
202001,17049000,不含可可的糖食（口香糖除外）,136,泰国,10,一般贸易,44,广东省,141727,千克,0,?,"8,094,646"
202001,17049000,不含可可的糖食（口香糖除外）,136,泰国,10,一般贸易,46,海南省,19,千克,0,?,"3,235"
202001,17049000,不含可可的糖食（口香糖除外）,136,泰国,10,一般贸易,53,云南省,11640,千克,0,?,"295,270"
202001,17049000,不含可可的糖食（口香糖除外）,136,泰国,31,免税外汇商品,11,北京市,40,千克,0,?,"5,284"
202001,17049000,不含可可的糖食（口香糖除外）,136,泰国,34,海关特殊监管区域物流货物,44,广东省,22183,千克,0,?,"908,052"
202001,17049000,不含可可的糖食（口香糖除外）,136,泰国,41,免税品,44,广东省,116,千克,0,?,"8,800"
202001,17049000,不含可可的糖食（口香糖除外）,136,泰国,41,免税品,46,海南省,5,千克,0,?,"1,452"
202001,17049000,不含可可的糖食（口香糖除外）,137,土耳其,10,一般贸易,11,北京市,4,千克,0,?,421
202001,17049000,不含可可的糖食（口香糖除外）,137,土耳其,10,一般贸易,44,广东省,10528,千克,0,?,"80,983"
202001,17049000,不含可可的糖食（口香糖除外）,137,土耳其,10,一般贸易,65,新疆维吾尔自治区,36712,千克,0,?,"294,755"
202001,17049000,不含可可的糖食（口香糖除外）,137,土耳其,19,边境小额贸易,15,内蒙古自治区,2712,千克,0,?,"25,357"
202001,17049000,不含可可的糖食（口香糖除外）,137,土耳其,31,免税外汇商品,11,北京市,55,千克,0,?,"1,730"
202001,17049000,不含可可的糖食（口香糖除外）,137,土耳其,33,保税监管场所进出境货物,31,上海市,746,千克,0,?,"67,305"
202001,17049000,不含可可的糖食（口香糖除外）,141,越南,10,一般贸易,31,上海市,1000,千克,0,?,"65,260"
202001,17049000,不含可可的糖食（口香糖除外）,141,越南,10,一般贸易,35,福建省,5000,千克,0,?,"84,250"
202001,17049000,不含可可的糖食（口香糖除外）,141,越南,10,一般贸易,44,广东省,620,千克,0,?,"189,633"
202001,17049000,不含可可的糖食（口香糖除外）,141,越南,19,边境小额贸易,45,广西壮族自治区,43458,千克,0,?,"439,001"
202001,17049000,不含可可的糖食（口香糖除外）,141,越南,34,海关特殊监管区域物流货物,21,辽宁省,1800,千克,0,?,"25,441"
202001,17049000,不含可可的糖食（口香糖除外）,142,中国,10,一般贸易,12,天津市,0,千克,0,?,96
202001,17049000,不含可可的糖食（口香糖除外）,142,中国,10,一般贸易,33,浙江省,91,千克,0,?,"25,786"
202001,17049000,不含可可的糖食（口香糖除外）,142,中国,10,一般贸易,41,河南省,1917,千克,0,?,"135,412"
202001,17049000,不含可可的糖食（口香糖除外）,142,中国,10,一般贸易,44,广东省,1598,千克,0,?,"219,314"
202001,17049000,不含可可的糖食（口香糖除外）,142,中国,33,保税监管场所进出境货物,44,广东省,3515,千克,0,?,"74,403"
202001,17049000,不含可可的糖食（口香糖除外）,142,中国,34,海关特殊监管区域物流货物,44,广东省,9,千克,0,?,213
202001,17049000,不含可可的糖食（口香糖除外）,143,中国台湾,10,一般贸易,11,北京市,1798,千克,0,?,"70,834"
202001,17049000,不含可可的糖食（口香糖除外）,143,中国台湾,10,一般贸易,21,辽宁省,37723,千克,0,?,"333,538"
202001,17049000,不含可可的糖食（口香糖除外）,143,中国台湾,10,一般贸易,31,上海市,71554,千克,0,?,"1,095,797"
202001,17049000,不含可可的糖食（口香糖除外）,143,中国台湾,10,一般贸易,33,浙江省,40,千克,0,?,"12,427"
202001,17049000,不含可可的糖食（口香糖除外）,143,中国台湾,10,一般贸易,35,福建省,19295,千克,0,?,"974,985"
202001,17049000,不含可可的糖食（口香糖除外）,143,中国台湾,10,一般贸易,41,河南省,264,千克,0,?,"31,362"
202001,17049000,不含可可的糖食（口香糖除外）,143,中国台湾,10,一般贸易,44,广东省,62614,千克,0,?,"2,485,946"
202001,17049000,不含可可的糖食（口香糖除外）,143,中国台湾,33,保税监管场所进出境货物,31,上海市,128,千克,0,?,"12,780"
202001,17049000,不含可可的糖食（口香糖除外）,143,中国台湾,33,保税监管场所进出境货物,43,湖南省,3993,千克,0,?,"1,007,406"
202001,17049000,不含可可的糖食（口香糖除外）,143,中国台湾,33,保税监管场所进出境货物,44,广东省,504,千克,0,?,"10,783"
202001,17049000,不含可可的糖食（口香糖除外）,143,中国台湾,34,海关特殊监管区域物流货物,44,广东省,38,千克,0,?,"4,592"
202001,17049000,不含可可的糖食（口香糖除外）,143,中国台湾,39,其他,35,福建省,153634,千克,0,?,"2,488,561"
202001,17049000,不含可可的糖食（口香糖除外）,143,中国台湾,41,免税品,44,广东省,148,千克,0,?,"20,089"
202001,17049000,不含可可的糖食（口香糖除外）,145,哈萨克斯坦,10,一般贸易,65,新疆维吾尔自治区,25380,千克,0,?,"204,222"
202001,17049000,不含可可的糖食（口香糖除外）,145,哈萨克斯坦,19,边境小额贸易,23,黑龙江省,19582,千克,0,?,"146,664"
202001,17049000,不含可可的糖食（口香糖除外）,301,比利时,10,一般贸易,12,天津市,1500,千克,0,?,"79,959"
202001,17049000,不含可可的糖食（口香糖除外）,301,比利时,10,一般贸易,31,上海市,60696,千克,0,?,"2,092,904"
202001,17049000,不含可可的糖食（口香糖除外）,301,比利时,10,一般贸易,32,江苏省,57000,千克,0,?,"2,211,132"
202001,17049000,不含可可的糖食（口香糖除外）,301,比利时,10,一般贸易,33,浙江省,21600,千克,0,?,"197,049"
202001,17049000,不含可可的糖食（口香糖除外）,301,比利时,10,一般贸易,44,广东省,48587,千克,0,?,"723,123"
202001,17049000,不含可可的糖食（口香糖除外）,301,比利时,10,一般贸易,51,四川省,6690,千克,0,?,"136,380"
202001,17049000,不含可可的糖食（口香糖除外）,301,比利时,34,海关特殊监管区域物流货物,31,上海市,200,千克,0,?,"6,743"
202001,17049000,不含可可的糖食（口香糖除外）,301,比利时,34,海关特殊监管区域物流货物,32,江苏省,1831,千克,0,?,"86,348"
202001,17049000,不含可可的糖食（口香糖除外）,303,英国,10,一般贸易,11,北京市,34,千克,0,?,"6,947"
202001,17049000,不含可可的糖食（口香糖除外）,303,英国,10,一般贸易,31,上海市,756,千克,0,?,"24,057"
202001,17049000,不含可可的糖食（口香糖除外）,303,英国,10,一般贸易,33,浙江省,900,千克,0,?,"23,774"
202001,17049000,不含可可的糖食（口香糖除外）,303,英国,10,一般贸易,42,湖北省,0,千克,0,?,80
202001,17049000,不含可可的糖食（口香糖除外）,303,英国,10,一般贸易,44,广东省,913,千克,0,?,"54,059"
202001,17049000,不含可可的糖食（口香糖除外）,303,英国,10,一般贸易,46,海南省,283,千克,0,?,"18,137"
202001,17049000,不含可可的糖食（口香糖除外）,303,英国,31,免税外汇商品,11,北京市,139,千克,0,?,"14,552"
202001,17049000,不含可可的糖食（口香糖除外）,303,英国,34,海关特殊监管区域物流货物,31,上海市,12509,千克,0,?,"206,020"
202001,17049000,不含可可的糖食（口香糖除外）,303,英国,41,免税品,11,北京市,10,千克,0,?,746
202001,17049000,不含可可的糖食（口香糖除外）,303,英国,41,免税品,44,广东省,576,千克,0,?,"42,158"
202001,17049000,不含可可的糖食（口香糖除外）,303,英国,41,免税品,46,海南省,195,千克,0,?,"41,011"
202001,17049000,不含可可的糖食（口香糖除外）,304,德国,10,一般贸易,11,北京市,614,千克,0,?,"36,061"
202001,17049000,不含可可的糖食（口香糖除外）,304,德国,10,一般贸易,12,天津市,0,千克,0,?,620
202001,17049000,不含可可的糖食（口香糖除外）,304,德国,10,一般贸易,31,上海市,7280,千克,0,?,"405,645"
202001,17049000,不含可可的糖食（口香糖除外）,304,德国,10,一般贸易,33,浙江省,5739,千克,0,?,"1,302,877"
202001,17049000,不含可可的糖食（口香糖除外）,304,德国,10,一般贸易,36,江西省,0,千克,0,?,36
202001,17049000,不含可可的糖食（口香糖除外）,304,德国,10,一般贸易,37,山东省,7,千克,0,?,772
202001,17049000,不含可可的糖食（口香糖除外）,304,德国,10,一般贸易,41,河南省,58,千克,0,?,"14,143"
202001,17049000,不含可可的糖食（口香糖除外）,304,德国,10,一般贸易,42,湖北省,240,千克,0,?,"23,048"
202001,17049000,不含可可的糖食（口香糖除外）,304,德国,10,一般贸易,44,广东省,174683,千克,0,?,"5,055,350"
202001,17049000,不含可可的糖食（口香糖除外）,304,德国,10,一般贸易,46,海南省,1027,千克,0,?,"59,687"
202001,17049000,不含可可的糖食（口香糖除外）,304,德国,10,一般贸易,51,四川省,634,千克,0,?,"17,574"
202001,17049000,不含可可的糖食（口香糖除外）,304,德国,15,进料加工贸易,44,广东省,64587,千克,0,?,"851,569"
202001,17049000,不含可可的糖食（口香糖除外）,304,德国,31,免税外汇商品,11,北京市,2164,千克,0,?,"117,699"
202001,17049000,不含可可的糖食（口香糖除外）,304,德国,33,保税监管场所进出境货物,31,上海市,10901,千克,0,?,"360,950"
202001,17049000,不含可可的糖食（口香糖除外）,304,德国,33,保税监管场所进出境货物,44,广东省,384,千克,0,?,"7,490"
202001,17049000,不含可可的糖食（口香糖除外）,304,德国,34,海关特殊监管区域物流货物,21,辽宁省,3583,千克,0,?,"324,523"
202001,17049000,不含可可的糖食（口香糖除外）,304,德国,34,海关特殊监管区域物流货物,42,湖北省,34,千克,0,?,"4,998"
202001,17049000,不含可可的糖食（口香糖除外）,304,德国,34,海关特殊监管区域物流货物,44,广东省,22476,千克,0,?,"505,094"
202001,17049000,不含可可的糖食（口香糖除外）,304,德国,41,免税品,44,广东省,485,千克,0,?,"31,908"
202001,17049000,不含可可的糖食（口香糖除外）,304,德国,41,免税品,46,海南省,622,千克,0,?,"41,372"
202001,17049000,不含可可的糖食（口香糖除外）,305,法国,10,一般贸易,11,北京市,24019,千克,0,?,"926,755"
202001,17049000,不含可可的糖食（口香糖除外）,305,法国,10,一般贸易,12,天津市,0,千克,0,?,273
202001,17049000,不含可可的糖食（口香糖除外）,305,法国,10,一般贸易,31,上海市,8976,千克,0,?,"929,929"
202001,17049000,不含可可的糖食（口香糖除外）,305,法国,10,一般贸易,32,江苏省,0,千克,0,?,33
202001,17049000,不含可可的糖食（口香糖除外）,305,法国,10,一般贸易,33,浙江省,0,千克,0,?,46
202001,17049000,不含可可的糖食（口香糖除外）,305,法国,10,一般贸易,42,湖北省,11,千克,0,?,"1,905"
202001,17049000,不含可可的糖食（口香糖除外）,305,法国,10,一般贸易,44,广东省,5620,千克,0,?,"276,111"
202001,17049000,不含可可的糖食（口香糖除外）,305,法国,10,一般贸易,51,四川省,5,千克,0,?,796
202001,17049000,不含可可的糖食（口香糖除外）,305,法国,34,海关特殊监管区域物流货物,31,上海市,8816,千克,0,?,"538,622"
202001,17049000,不含可可的糖食（口香糖除外）,305,法国,41,免税品,44,广东省,240,千克,0,?,"25,880"
202001,17049000,不含可可的糖食（口香糖除外）,306,爱尔兰,10,一般贸易,46,海南省,95,千克,0,?,"13,027"
202001,17049000,不含可可的糖食（口香糖除外）,306,爱尔兰,31,免税外汇商品,11,北京市,79,千克,0,?,"11,144"
202001,17049000,不含可可的糖食（口香糖除外）,306,爱尔兰,41,免税品,11,北京市,26,千克,0,?,"4,437"
202001,17049000,不含可可的糖食（口香糖除外）,307,意大利,10,一般贸易,11,北京市,2187,千克,0,?,"157,758"
202001,17049000,不含可可的糖食（口香糖除外）,307,意大利,10,一般贸易,12,天津市,624,千克,0,?,"81,542"
202001,17049000,不含可可的糖食（口香糖除外）,307,意大利,10,一般贸易,31,上海市,7,千克,0,?,"1,069"
202001,17049000,不含可可的糖食（口香糖除外）,307,意大利,10,一般贸易,33,浙江省,2202,千克,0,?,"143,703"
202001,17049000,不含可可的糖食（口香糖除外）,307,意大利,10,一般贸易,42,湖北省,1,千克,0,?,39
202001,17049000,不含可可的糖食（口香糖除外）,307,意大利,10,一般贸易,44,广东省,4068,千克,0,?,"209,215"
202001,17049000,不含可可的糖食（口香糖除外）,307,意大利,10,一般贸易,51,四川省,5100,千克,0,?,"128,727"
202001,17049000,不含可可的糖食（口香糖除外）,307,意大利,15,进料加工贸易,32,江苏省,4000,千克,0,?,"251,888"
202001,17049000,不含可可的糖食（口香糖除外）,307,意大利,31,免税外汇商品,11,北京市,14,千克,0,?,"1,737"
202001,17049000,不含可可的糖食（口香糖除外）,307,意大利,33,保税监管场所进出境货物,31,上海市,2351,千克,0,?,"115,303"
202001,17049000,不含可可的糖食（口香糖除外）,307,意大利,33,保税监管场所进出境货物,32,江苏省,20160,千克,0,?,"276,813"
202001,17049000,不含可可的糖食（口香糖除外）,309,荷兰,10,一般贸易,11,北京市,4,千克,0,?,330
202001,17049000,不含可可的糖食（口香糖除外）,309,荷兰,10,一般贸易,31,上海市,3160,千克,0,?,"58,171"
202001,17049000,不含可可的糖食（口香糖除外）,309,荷兰,10,一般贸易,32,江苏省,1104,千克,0,?,"57,850"
202001,17049000,不含可可的糖食（口香糖除外）,309,荷兰,10,一般贸易,42,湖北省,12,千克,0,?,"1,652"
202001,17049000,不含可可的糖食（口香糖除外）,309,荷兰,10,一般贸易,44,广东省,770,千克,0,?,"22,108"
202001,17049000,不含可可的糖食（口香糖除外）,309,荷兰,10,一般贸易,46,海南省,195,千克,0,?,"16,354"
202001,17049000,不含可可的糖食（口香糖除外）,309,荷兰,31,免税外汇商品,11,北京市,133,千克,0,?,"16,726"
202001,17049000,不含可可的糖食（口香糖除外）,309,荷兰,34,海关特殊监管区域物流货物,37,山东省,864,千克,0,?,"85,485"
202001,17049000,不含可可的糖食（口香糖除外）,309,荷兰,41,免税品,11,北京市,159,千克,0,?,"13,429"
202001,17049000,不含可可的糖食（口香糖除外）,309,荷兰,41,免税品,44,广东省,338,千克,0,?,"29,433"
202001,17049000,不含可可的糖食（口香糖除外）,309,荷兰,41,免税品,46,海南省,495,千克,0,?,"53,383"
202001,17049000,不含可可的糖食（口香糖除外）,310,希腊,10,一般贸易,33,浙江省,1,千克,0,?,148
202001,17049000,不含可可的糖食（口香糖除外）,312,西班牙,10,一般贸易,11,北京市,18524,千克,0,?,"371,942"
202001,17049000,不含可可的糖食（口香糖除外）,312,西班牙,10,一般贸易,31,上海市,25328,千克,0,?,"1,058,108"
202001,17049000,不含可可的糖食（口香糖除外）,312,西班牙,10,一般贸易,41,河南省,1908,千克,0,?,"87,086"
202001,17049000,不含可可的糖食（口香糖除外）,312,西班牙,10,一般贸易,44,广东省,4325,千克,0,?,"286,103"
202001,17049000,不含可可的糖食（口香糖除外）,312,西班牙,10,一般贸易,46,海南省,37,千克,0,?,"16,187"
202001,17049000,不含可可的糖食（口香糖除外）,312,西班牙,10,一般贸易,51,四川省,1,千克,0,?,420
202001,17049000,不含可可的糖食（口香糖除外）,312,西班牙,15,进料加工贸易,35,福建省,38563,千克,0,?,"566,628"
202001,17049000,不含可可的糖食（口香糖除外）,312,西班牙,15,进料加工贸易,37,山东省,2124,千克,0,?,"46,004"
202001,17049000,不含可可的糖食（口香糖除外）,312,西班牙,15,进料加工贸易,44,广东省,25920,千克,0,?,"302,793"
202001,17049000,不含可可的糖食（口香糖除外）,312,西班牙,31,免税外汇商品,11,北京市,235,千克,0,?,"34,278"
202001,17049000,不含可可的糖食（口香糖除外）,312,西班牙,33,保税监管场所进出境货物,31,上海市,168,千克,0,?,"9,632"
202001,17049000,不含可可的糖食（口香糖除外）,312,西班牙,34,海关特殊监管区域物流货物,31,上海市,8568,千克,0,?,"349,959"
202001,17049000,不含可可的糖食（口香糖除外）,312,西班牙,41,免税品,11,北京市,55,千克,0,?,"9,068"
202001,17049000,不含可可的糖食（口香糖除外）,312,西班牙,41,免税品,44,广东省,113,千克,0,?,"68,154"
202001,17049000,不含可可的糖食（口香糖除外）,312,西班牙,41,免税品,46,海南省,99,千克,0,?,"14,705"
202001,17049000,不含可可的糖食（口香糖除外）,314,安道尔,10,一般贸易,11,北京市,0,千克,0,?,266
202001,17049000,不含可可的糖食（口香糖除外）,318,芬兰,10,一般贸易,44,广东省,1,千克,0,?,110
202001,17049000,不含可可的糖食（口香糖除外）,318,芬兰,39,其他,31,上海市,1,千克,0,?,928
202001,17049000,不含可可的糖食（口香糖除外）,321,匈牙利,10,一般贸易,37,山东省,40,千克,0,?,"11,936"
202001,17049000,不含可可的糖食（口香糖除外）,321,匈牙利,31,免税外汇商品,11,北京市,66,千克,0,?,"7,197"
202001,17049000,不含可可的糖食（口香糖除外）,326,挪威,10,一般贸易,12,天津市,24,千克,0,?,"48,559"
202001,17049000,不含可可的糖食（口香糖除外）,326,挪威,10,一般贸易,33,浙江省,24,千克,0,?,"48,559"
202001,17049000,不含可可的糖食（口香糖除外）,326,挪威,10,一般贸易,42,湖北省,5,千克,0,?,"5,184"
202001,17049000,不含可可的糖食（口香糖除外）,326,挪威,10,一般贸易,44,广东省,41,千克,0,?,"83,056"
202001,17049000,不含可可的糖食（口香糖除外）,327,波兰,10,一般贸易,31,上海市,27794,千克,0,?,"1,078,583"
202001,17049000,不含可可的糖食（口香糖除外）,327,波兰,10,一般贸易,41,河南省,311,千克,0,?,"8,204"
202001,17049000,不含可可的糖食（口香糖除外）,327,波兰,15,进料加工贸易,44,广东省,6498,千克,0,?,"282,930"
202001,17049000,不含可可的糖食（口香糖除外）,327,波兰,19,边境小额贸易,15,内蒙古自治区,284,千克,0,?,"2,657"
202001,17049000,不含可可的糖食（口香糖除外）,327,波兰,41,免税品,46,海南省,180,千克,0,?,"33,734"
202001,17049000,不含可可的糖食（口香糖除外）,330,瑞典,10,一般贸易,42,湖北省,0,千克,0,?,44
202001,17049000,不含可可的糖食（口香糖除外）,330,瑞典,10,一般贸易,44,广东省,6,千克,0,?,528
202001,17049000,不含可可的糖食（口香糖除外）,330,瑞典,34,海关特殊监管区域物流货物,31,上海市,192,千克,0,?,"8,862"
202001,17049000,不含可可的糖食（口香糖除外）,331,瑞士,10,一般贸易,11,北京市,0,千克,0,?,213
202001,17049000,不含可可的糖食（口香糖除外）,331,瑞士,10,一般贸易,31,上海市,12,千克,0,?,"4,453"
202001,17049000,不含可可的糖食（口香糖除外）,331,瑞士,10,一般贸易,32,江苏省,7040,千克,0,?,"308,541"
202001,17049000,不含可可的糖食（口香糖除外）,331,瑞士,10,一般贸易,33,浙江省,24,千克,0,?,"7,994"
202001,17049000,不含可可的糖食（口香糖除外）,331,瑞士,10,一般贸易,42,湖北省,11,千克,0,?,"1,312"
202001,17049000,不含可可的糖食（口香糖除外）,331,瑞士,10,一般贸易,44,广东省,1,千克,0,?,383
202001,17049000,不含可可的糖食（口香糖除外）,331,瑞士,31,免税外汇商品,11,北京市,23,千克,0,?,"5,769"
202001,17049000,不含可可的糖食（口香糖除外）,331,瑞士,33,保税监管场所进出境货物,31,上海市,11520,千克,0,?,"429,388"
202001,17049000,不含可可的糖食（口香糖除外）,331,瑞士,34,海关特殊监管区域物流货物,44,广东省,2960,千克,0,?,"220,225"
202001,17049000,不含可可的糖食（口香糖除外）,331,瑞士,41,免税品,46,海南省,77,千克,0,?,"20,083"
202001,17049000,不含可可的糖食（口香糖除外）,339,阿塞拜疆(2023年起停用),10,一般贸易,65,新疆维吾尔自治区,4800,千克,0,?,"58,316"
202001,17049000,不含可可的糖食（口香糖除外）,344,俄罗斯,10,一般贸易,31,上海市,100208,千克,0,?,"1,010,560"
202001,17049000,不含可可的糖食（口香糖除外）,344,俄罗斯,19,边境小额贸易,15,内蒙古自治区,1250,千克,0,?,"11,688"
202001,17049000,不含可可的糖食（口香糖除外）,344,俄罗斯,19,边境小额贸易,23,黑龙江省,6000,千克,0,?,"80,168"
202001,17049000,不含可可的糖食（口香糖除外）,344,俄罗斯,34,海关特殊监管区域物流货物,21,辽宁省,62,千克,0,?,"10,425"
202001,17049000,不含可可的糖食（口香糖除外）,347,乌克兰,10,一般贸易,65,新疆维吾尔自治区,2000,千克,0,?,"50,135"
202001,17049000,不含可可的糖食（口香糖除外）,347,乌克兰,19,边境小额贸易,15,内蒙古自治区,4725,千克,0,?,"44,178"
202001,17049000,不含可可的糖食（口香糖除外）,347,乌克兰,33,保税监管场所进出境货物,31,上海市,41828,千克,0,?,"526,788"
202001,17049000,不含可可的糖食（口香糖除外）,352,捷克,31,免税外汇商品,11,北京市,91,千克,0,?,"12,296"
202001,17049000,不含可可的糖食（口香糖除外）,352,捷克,34,海关特殊监管区域物流货物,31,上海市,249,千克,0,?,"20,431"
202001,17049000,不含可可的糖食（口香糖除外）,352,捷克,41,免税品,11,北京市,212,千克,0,?,"14,232"
202001,17049000,不含可可的糖食（口香糖除外）,352,捷克,41,免税品,46,海南省,151,千克,0,?,"13,164"
202001,17049000,不含可可的糖食（口香糖除外）,402,阿根廷,19,边境小额贸易,15,内蒙古自治区,545,千克,0,?,"5,099"
202001,17049000,不含可可的糖食（口香糖除外）,410,巴西,10,一般贸易,33,浙江省,720,千克,0,?,"63,772"
202001,17049000,不含可可的糖食（口香糖除外）,413,哥伦比亚,10,一般贸易,44,广东省,6787,千克,0,?,"89,435"
202001,17049000,不含可可的糖食（口香糖除外）,419,厄瓜多尔,10,一般贸易,31,上海市,1300,千克,0,?,"109,331"
202001,17049000,不含可可的糖食（口香糖除外）,429,墨西哥,10,一般贸易,11,北京市,1,千克,0,?,461
202001,17049000,不含可可的糖食（口香糖除外）,429,墨西哥,10,一般贸易,31,上海市,109,千克,0,?,"12,620"
202001,17049000,不含可可的糖食（口香糖除外）,429,墨西哥,10,一般贸易,44,广东省,7569,千克,0,?,"362,716"
202001,17049000,不含可可的糖食（口香糖除外）,429,墨西哥,34,海关特殊监管区域物流货物,44,广东省,3401,千克,0,?,"145,382"
202001,17049000,不含可可的糖食（口香糖除外）,501,加拿大,10,一般贸易,11,北京市,2,千克,0,?,145
202001,17049000,不含可可的糖食（口香糖除外）,501,加拿大,10,一般贸易,12,天津市,16,千克,0,?,"5,124"
202001,17049000,不含可可的糖食（口香糖除外）,501,加拿大,10,一般贸易,23,黑龙江省,3,千克,0,?,207
202001,17049000,不含可可的糖食（口香糖除外）,501,加拿大,10,一般贸易,31,上海市,6,千克,0,?,"3,792"
202001,17049000,不含可可的糖食（口香糖除外）,501,加拿大,10,一般贸易,33,浙江省,7264,千克,0,?,"578,255"
202001,17049000,不含可可的糖食（口香糖除外）,501,加拿大,10,一般贸易,37,山东省,4,千克,0,?,"1,545"
202001,17049000,不含可可的糖食（口香糖除外）,501,加拿大,10,一般贸易,41,河南省,7,千克,0,?,"4,858"
202001,17049000,不含可可的糖食（口香糖除外）,501,加拿大,10,一般贸易,44,广东省,497,千克,0,?,"75,109"
202001,17049000,不含可可的糖食（口香糖除外）,501,加拿大,10,一般贸易,50,重庆市,223,千克,0,?,"117,440"
202001,17049000,不含可可的糖食（口香糖除外）,501,加拿大,31,免税外汇商品,11,北京市,11,千克,0,?,729
202001,17049000,不含可可的糖食（口香糖除外）,502,美国,10,一般贸易,11,北京市,1222,千克,0,?,"205,391"
202001,17049000,不含可可的糖食（口香糖除外）,502,美国,10,一般贸易,12,天津市,1473,千克,0,?,"399,168"
202001,17049000,不含可可的糖食（口香糖除外）,502,美国,10,一般贸易,23,黑龙江省,69,千克,0,?,"6,453"
202001,17049000,不含可可的糖食（口香糖除外）,502,美国,10,一般贸易,31,上海市,14498,千克,0,?,"545,610"
202001,17049000,不含可可的糖食（口香糖除外）,502,美国,10,一般贸易,32,江苏省,7,千克,0,?,769
202001,17049000,不含可可的糖食（口香糖除外）,502,美国,10,一般贸易,33,浙江省,3518,千克,0,?,"768,441"
202001,17049000,不含可可的糖食（口香糖除外）,502,美国,10,一般贸易,35,福建省,88,千克,0,?,"82,096"
202001,17049000,不含可可的糖食（口香糖除外）,502,美国,10,一般贸易,37,山东省,5422,千克,0,?,"1,139,155"
202001,17049000,不含可可的糖食（口香糖除外）,502,美国,10,一般贸易,41,河南省,2243,千克,0,?,"527,076"
202001,17049000,不含可可的糖食（口香糖除外）,502,美国,10,一般贸易,44,广东省,5396,千克,0,?,"779,162"
202001,17049000,不含可可的糖食（口香糖除外）,502,美国,10,一般贸易,46,海南省,123,千克,0,?,"21,393"
202001,17049000,不含可可的糖食（口香糖除外）,502,美国,10,一般贸易,50,重庆市,6365,千克,0,?,"1,261,304"
202001,17049000,不含可可的糖食（口香糖除外）,502,美国,15,进料加工贸易,37,山东省,82951,千克,0,?,"1,160,791"
202001,17049000,不含可可的糖食（口香糖除外）,502,美国,15,进料加工贸易,45,广西壮族自治区,428,千克,0,?,"8,984"
202001,17049000,不含可可的糖食（口香糖除外）,502,美国,31,免税外汇商品,11,北京市,180,千克,0,?,"30,344"
202001,17049000,不含可可的糖食（口香糖除外）,502,美国,33,保税监管场所进出境货物,33,浙江省,1256,千克,0,?,"145,088"
202001,17049000,不含可可的糖食（口香糖除外）,502,美国,41,免税品,44,广东省,1484,千克,0,?,"223,091"
202001,17049000,不含可可的糖食（口香糖除外）,502,美国,41,免税品,46,海南省,2,千克,0,?,386
202001,17049000,不含可可的糖食（口香糖除外）,601,澳大利亚,10,一般贸易,12,天津市,2548,千克,0,?,"855,599"
202001,17049000,不含可可的糖食（口香糖除外）,601,澳大利亚,10,一般贸易,31,上海市,778,千克,0,?,"235,704"
202001,17049000,不含可可的糖食（口香糖除外）,601,澳大利亚,10,一般贸易,33,浙江省,2122,千克,0,?,"693,136"
202001,17049000,不含可可的糖食（口香糖除外）,601,澳大利亚,10,一般贸易,34,安徽省,90,千克,0,?,"4,371"
202001,17049000,不含可可的糖食（口香糖除外）,601,澳大利亚,10,一般贸易,37,山东省,860,千克,0,?,"228,709"
202001,17049000,不含可可的糖食（口香糖除外）,601,澳大利亚,10,一般贸易,41,河南省,2344,千克,0,?,"547,772"
202001,17049000,不含可可的糖食（口香糖除外）,601,澳大利亚,10,一般贸易,44,广东省,4151,千克,0,?,"831,405"
202001,17049000,不含可可的糖食（口香糖除外）,601,澳大利亚,10,一般贸易,46,海南省,35,千克,0,?,"8,884"
202001,17049000,不含可可的糖食（口香糖除外）,601,澳大利亚,10,一般贸易,50,重庆市,1870,千克,0,?,"454,183"
202001,17049000,不含可可的糖食（口香糖除外）,601,澳大利亚,33,保税监管场所进出境货物,31,上海市,11,千克,0,?,345
202001,17049000,不含可可的糖食（口香糖除外）,601,澳大利亚,41,免税品,44,广东省,9,千克,0,?,"3,666"
202001,17049000,不含可可的糖食（口香糖除外）,609,新西兰,10,一般贸易,11,北京市,1107,千克,0,?,"47,514"
202001,17049000,不含可可的糖食（口香糖除外）,609,新西兰,10,一般贸易,31,上海市,12,千克,0,?,"8,656"
202001,17049000,不含可可的糖食（口香糖除外）,609,新西兰,10,一般贸易,33,浙江省,1378,千克,0,?,"1,417,812"
202001,17049000,不含可可的糖食（口香糖除外）,609,新西兰,10,一般贸易,35,福建省,2,千克,0,?,120
202001,17049000,不含可可的糖食（口香糖除外）,609,新西兰,10,一般贸易,37,山东省,2865,千克,0,?,"159,908"
202001,17049000,不含可可的糖食（口香糖除外）,609,新西兰,10,一般贸易,41,河南省,49,千克,0,?,"15,195"
202001,17049000,不含可可的糖食（口香糖除外）,609,新西兰,10,一般贸易,44,广东省,2696,千克,0,?,"192,648"
202001,17049000,不含可可的糖食（口香糖除外）,609,新西兰,31,免税外汇商品,11,北京市,2,千克,0,?,532
202001,17049000,不含可可的糖食（口香糖除外）,609,新西兰,33,保税监管场所进出境货物,31,上海市,324,千克,0,?,"30,195"
202001,18010000,"整颗或破碎的可可豆,生的或焙炒的",206,喀麦隆,10,一般贸易,32,江苏省,7,千克,0,?,"2,674"
202001,18010000,"整颗或破碎的可可豆,生的或焙炒的",220,加纳,10,一般贸易,13,河北省,400000,千克,0,?,"7,072,466"
202001,18010000,"整颗或破碎的可可豆,生的或焙炒的",223,科特迪瓦,10,一般贸易,13,河北省,1276275,千克,0,?,"22,551,848"
202001,18010000,"整颗或破碎的可可豆,生的或焙炒的",248,多哥,10,一般贸易,13,河北省,137205,千克,0,?,"2,428,824"
202001,18010000,"整颗或破碎的可可豆,生的或焙炒的",304,德国,10,一般贸易,44,广东省,2,千克,0,?,133
202001,18010000,"整颗或破碎的可可豆,生的或焙炒的",419,厄瓜多尔,10,一般贸易,13,河北省,50025,千克,0,?,"840,048"
202001,18010000,"整颗或破碎的可可豆,生的或焙炒的",419,厄瓜多尔,10,一般贸易,32,江苏省,1,千克,0,?,856
202001,18010000,"整颗或破碎的可可豆,生的或焙炒的",434,秘鲁,10,一般贸易,21,辽宁省,1000,千克,0,?,"28,355"
202001,18010000,"整颗或破碎的可可豆,生的或焙炒的",434,秘鲁,10,一般贸易,31,上海市,1,千克,0,?,262
202001,18010000,"整颗或破碎的可可豆,生的或焙炒的",502,美国,10,一般贸易,11,北京市,7,千克,0,?,810
202001,18010000,"整颗或破碎的可可豆,生的或焙炒的",502,美国,10,一般贸易,31,上海市,3,千克,0,?,283
202001,18020000,可可荚、壳、皮及废料,112,印度尼西亚,10,一般贸易,37,山东省,26004,千克,0,?,"16,375"
202001,18020000,可可荚、壳、皮及废料,220,加纳,10,一般贸易,37,山东省,448000,千克,0,?,"251,741"
202001,18031000,未脱脂可可膏,112,印度尼西亚,10,一般贸易,11,北京市,102017,千克,0,?,"3,851,879"
202001,18031000,未脱脂可可膏,112,印度尼西亚,10,一般贸易,31,上海市,20000,千克,0,?,"461,795"
202001,18031000,未脱脂可可膏,112,印度尼西亚,10,一般贸易,33,浙江省,120000,千克,0,?,"3,924,767"
202001,18031000,未脱脂可可膏,122,马来西亚,10,一般贸易,11,北京市,20000,千克,0,?,"678,693"
202001,18031000,未脱脂可可膏,122,马来西亚,10,一般贸易,31,上海市,25010,千克,0,?,"742,151"
202001,18031000,未脱脂可可膏,122,马来西亚,10,一般贸易,32,江苏省,20000,千克,0,?,"501,651"
202001,18031000,未脱脂可可膏,122,马来西亚,10,一般贸易,33,浙江省,3500,千克,0,?,"98,000"
202001,18031000,未脱脂可可膏,122,马来西亚,10,一般贸易,35,福建省,12000,千克,0,?,"303,945"
202001,18031000,未脱脂可可膏,122,马来西亚,10,一般贸易,37,山东省,40000,千克,0,?,"1,094,315"
202001,18031000,未脱脂可可膏,132,新加坡,10,一般贸易,12,天津市,5580,千克,0,?,"163,297"
202001,18031000,未脱脂可可膏,132,新加坡,10,一般贸易,44,广东省,20010,千克,0,?,"548,603"
202001,18031000,未脱脂可可膏,220,加纳,10,一般贸易,12,天津市,21000,千克,0,?,"521,619"
202001,18031000,未脱脂可可膏,220,加纳,10,一般贸易,33,浙江省,357000,千克,0,?,"9,245,712"
202001,18031000,未脱脂可可膏,220,加纳,10,一般贸易,34,安徽省,60000,千克,0,?,"1,314,125"
202001,18031000,未脱脂可可膏,220,加纳,10,一般贸易,44,广东省,21000,千克,0,?,"516,840"
202001,18031000,未脱脂可可膏,223,科特迪瓦,10,一般贸易,33,浙江省,59430,千克,0,?,"464,489"
202001,18031000,未脱脂可可膏,223,科特迪瓦,15,进料加工贸易,32,江苏省,59100,千克,0,?,"806,358"
202001,18031000,未脱脂可可膏,223,科特迪瓦,34,海关特殊监管区域物流货物,31,上海市,100000,千克,0,?,"2,389,603"
202001,18031000,未脱脂可可膏,305,法国,10,一般贸易,31,上海市,24,千克,0,?,"2,400"
202001,18031000,未脱脂可可膏,309,荷兰,10,一般贸易,31,上海市,18000,千克,0,?,"554,154"
202001,18031000,未脱脂可可膏,309,荷兰,34,海关特殊监管区域物流货物,31,上海市,79950,千克,0,?,"2,110,717"
202001,18032000,全脱脂或部分脱脂可可膏,134,斯里兰卡,15,进料加工贸易,32,江苏省,71250,千克,0,?,"360,428"
202001,18032000,全脱脂或部分脱脂可可膏,304,德国,10,一般贸易,34,安徽省,35970,千克,0,?,"239,095"
202001,18032000,全脱脂或部分脱脂可可膏,312,西班牙,10,一般贸易,11,北京市,25000,千克,0,?,"639,731"
202001,18040000,可可脂、可可油,112,印度尼西亚,10,一般贸易,11,北京市,60000,千克,0,?,"2,299,349"
202001,18040000,可可脂、可可油,112,印度尼西亚,10,一般贸易,32,江苏省,60000,千克,0,?,"2,532,738"
202001,18040000,可可脂、可可油,112,印度尼西亚,10,一般贸易,33,浙江省,80000,千克,0,?,"3,430,604"
202001,18040000,可可脂、可可油,116,日本,10,一般贸易,44,广东省,30,千克,0,?,"7,134"
202001,18040000,可可脂、可可油,122,马来西亚,10,一般贸易,11,北京市,40000,千克,0,?,"1,497,400"
202001,18040000,可可脂、可可油,122,马来西亚,10,一般贸易,33,浙江省,373000,千克,0,?,"14,388,540"
202001,18040000,可可脂、可可油,122,马来西亚,10,一般贸易,35,福建省,8000,千克,0,?,"324,656"
202001,18040000,可可脂、可可油,132,新加坡,10,一般贸易,11,北京市,20000,千克,0,?,"835,602"
202001,18040000,可可脂、可可油,132,新加坡,10,一般贸易,12,天津市,20000,千克,0,?,"776,656"
202001,18040000,可可脂、可可油,132,新加坡,10,一般贸易,33,浙江省,280000,千克,0,?,"13,358,504"
202001,18040000,可可脂、可可油,132,新加坡,10,一般贸易,44,广东省,8000,千克,0,?,"322,543"
202001,18040000,可可脂、可可油,301,比利时,10,一般贸易,31,上海市,5090,千克,0,?,"319,848"
202001,18040000,可可脂、可可油,301,比利时,10,一般贸易,44,广东省,12732,千克,0,?,"1,069,260"
202001,18040000,可可脂、可可油,301,比利时,34,海关特殊监管区域物流货物,31,上海市,4080,千克,0,?,"345,919"
202001,18040000,可可脂、可可油,304,德国,10,一般贸易,31,上海市,576,千克,0,?,"36,059"
202001,18040000,可可脂、可可油,305,法国,10,一般贸易,31,上海市,636,千克,0,?,"65,821"
202001,18040000,可可脂、可可油,309,荷兰,10,一般贸易,44,广东省,600,千克,0,?,"54,726"
202001,18040000,可可脂、可可油,312,西班牙,10,一般贸易,32,江苏省,200,千克,0,?,"16,391"
202001,18040000,可可脂、可可油,502,美国,10,一般贸易,44,广东省,100,千克,0,?,"18,355"
202001,18050000,未加糖或其他甜物质的可可粉,112,印度尼西亚,10,一般贸易,11,北京市,173400,千克,0,?,"2,083,194"
202001,18050000,未加糖或其他甜物质的可可粉,112,印度尼西亚,10,一般贸易,12,天津市,60800,千克,0,?,"823,760"
202001,18050000,未加糖或其他甜物质的可可粉,112,印度尼西亚,10,一般贸易,23,黑龙江省,14000,千克,0,?,"165,694"
202001,18050000,未加糖或其他甜物质的可可粉,112,印度尼西亚,10,一般贸易,31,上海市,257450,千克,0,?,"3,392,953"
202001,18050000,未加糖或其他甜物质的可可粉,112,印度尼西亚,10,一般贸易,35,福建省,46800,千克,0,?,"598,878"
202001,18050000,未加糖或其他甜物质的可可粉,112,印度尼西亚,10,一般贸易,37,山东省,30000,千克,0,?,"403,021"
202001,18050000,未加糖或其他甜物质的可可粉,112,印度尼西亚,10,一般贸易,44,广东省,125000,千克,0,?,"1,609,287"
202001,18050000,未加糖或其他甜物质的可可粉,122,马来西亚,10,一般贸易,11,北京市,75000,千克,0,?,"941,958"
202001,18050000,未加糖或其他甜物质的可可粉,122,马来西亚,10,一般贸易,12,天津市,45000,千克,0,?,"470,128"
202001,18050000,未加糖或其他甜物质的可可粉,122,马来西亚,10,一般贸易,23,黑龙江省,14000,千克,0,?,"248,810"
202001,18050000,未加糖或其他甜物质的可可粉,122,马来西亚,10,一般贸易,31,上海市,364300,千克,0,?,"6,770,101"
202001,18050000,未加糖或其他甜物质的可可粉,122,马来西亚,10,一般贸易,32,江苏省,274000,千克,0,?,"4,848,979"
202001,18050000,未加糖或其他甜物质的可可粉,122,马来西亚,10,一般贸易,33,浙江省,209575,千克,0,?,"2,594,485"
202001,18050000,未加糖或其他甜物质的可可粉,122,马来西亚,10,一般贸易,35,福建省,75000,千克,0,?,"1,033,792"
202001,18050000,未加糖或其他甜物质的可可粉,122,马来西亚,10,一般贸易,37,山东省,60000,千克,0,?,"759,863"
202001,18050000,未加糖或其他甜物质的可可粉,122,马来西亚,10,一般贸易,44,广东省,14000,千克,0,?,"221,948"
202001,18050000,未加糖或其他甜物质的可可粉,122,马来西亚,33,保税监管场所进出境货物,31,上海市,3320,千克,0,?,"109,180"
202001,18050000,未加糖或其他甜物质的可可粉,132,新加坡,10,一般贸易,11,北京市,150000,千克,0,?,"3,338,360"
202001,18050000,未加糖或其他甜物质的可可粉,132,新加坡,10,一般贸易,12,天津市,10000,千克,0,?,"166,799"
202001,18050000,未加糖或其他甜物质的可可粉,132,新加坡,10,一般贸易,44,广东省,127000,千克,0,?,"2,065,747"
202001,18050000,未加糖或其他甜物质的可可粉,132,新加坡,15,进料加工贸易,44,广东省,750,千克,0,?,"13,061"
202001,18050000,未加糖或其他甜物质的可可粉,133,韩国,10,一般贸易,31,上海市,2,千克,0,?,639
202001,18050000,未加糖或其他甜物质的可可粉,220,加纳,10,一般贸易,12,天津市,29250,千克,0,?,"503,871"
202001,18050000,未加糖或其他甜物质的可可粉,220,加纳,10,一般贸易,34,安徽省,28000,千克,0,?,"98,250"
202001,18050000,未加糖或其他甜物质的可可粉,220,加纳,34,海关特殊监管区域物流货物,37,山东省,56000,千克,0,?,"204,361"
202001,18050000,未加糖或其他甜物质的可可粉,223,科特迪瓦,10,一般贸易,31,上海市,21375,千克,0,?,"358,941"
202001,18050000,未加糖或其他甜物质的可可粉,303,英国,10,一般贸易,11,北京市,542,千克,0,?,"33,968"
202001,18050000,未加糖或其他甜物质的可可粉,304,德国,10,一般贸易,42,湖北省,4,千克,0,?,201
202001,18050000,未加糖或其他甜物质的可可粉,304,德国,10,一般贸易,44,广东省,7,千克,0,?,537
202001,18050000,未加糖或其他甜物质的可可粉,305,法国,10,一般贸易,11,北京市,8580,千克,0,?,"439,693"
202001,18050000,未加糖或其他甜物质的可可粉,305,法国,10,一般贸易,31,上海市,22216,千克,0,?,"1,978,365"
202001,18050000,未加糖或其他甜物质的可可粉,305,法国,10,一般贸易,44,广东省,19656,千克,0,?,"992,118"
202001,18050000,未加糖或其他甜物质的可可粉,305,法国,34,海关特殊监管区域物流货物,31,上海市,3120,千克,0,?,"159,073"
202001,18050000,未加糖或其他甜物质的可可粉,307,意大利,10,一般贸易,11,北京市,60,千克,0,?,"4,143"
202001,18050000,未加糖或其他甜物质的可可粉,307,意大利,10,一般贸易,31,上海市,25040,千克,0,?,"434,796"
202001,18050000,未加糖或其他甜物质的可可粉,307,意大利,10,一般贸易,44,广东省,350,千克,0,?,"17,200"
202001,18050000,未加糖或其他甜物质的可可粉,307,意大利,34,海关特殊监管区域物流货物,31,上海市,50,千克,0,?,"2,481"
202001,18050000,未加糖或其他甜物质的可可粉,309,荷兰,10,一般贸易,31,上海市,43461,千克,0,?,"760,916"
202001,18050000,未加糖或其他甜物质的可可粉,309,荷兰,10,一般贸易,42,湖北省,2,千克,0,?,135
202001,18050000,未加糖或其他甜物质的可可粉,309,荷兰,10,一般贸易,44,广东省,150,千克,0,?,"4,108"
202001,18050000,未加糖或其他甜物质的可可粉,309,荷兰,34,海关特殊监管区域物流货物,31,上海市,8400,千克,0,?,"387,958"
202001,18050000,未加糖或其他甜物质的可可粉,327,波兰,10,一般贸易,41,河南省,86,千克,0,?,"6,073"
202001,18050000,未加糖或其他甜物质的可可粉,331,瑞士,10,一般贸易,33,浙江省,1,千克,0,?,86
202001,18050000,未加糖或其他甜物质的可可粉,419,厄瓜多尔,10,一般贸易,31,上海市,3150,千克,0,?,"234,062"
202001,18050000,未加糖或其他甜物质的可可粉,434,秘鲁,10,一般贸易,12,天津市,1,千克,0,?,608
202001,18050000,未加糖或其他甜物质的可可粉,434,秘鲁,10,一般贸易,31,上海市,32,千克,0,?,"6,033"
202001,18050000,未加糖或其他甜物质的可可粉,502,美国,10,一般贸易,11,北京市,109,千克,0,?,"8,296"
202001,18050000,未加糖或其他甜物质的可可粉,502,美国,10,一般贸易,12,天津市,2,千克,0,?,"1,058"
202001,18050000,未加糖或其他甜物质的可可粉,502,美国,10,一般贸易,23,黑龙江省,50,千克,0,?,"3,548"
202001,18050000,未加糖或其他甜物质的可可粉,502,美国,10,一般贸易,31,上海市,60,千克,0,?,"8,459"
202001,18050000,未加糖或其他甜物质的可可粉,502,美国,10,一般贸易,44,广东省,35,千克,0,?,"1,635"
202001,18050000,未加糖或其他甜物质的可可粉,502,美国,34,海关特殊监管区域物流货物,31,上海市,812,千克,0,?,"47,307"
202001,18061000,含糖或其他甜物质的可可粉,112,印度尼西亚,10,一般贸易,65,新疆维吾尔自治区,264000,千克,0,?,"1,132,475"
202001,18061000,含糖或其他甜物质的可可粉,116,日本,10,一般贸易,11,北京市,474,千克,0,?,"20,002"
202001,18061000,含糖或其他甜物质的可可粉,116,日本,10,一般贸易,41,河南省,22,千克,0,?,"3,198"
202001,18061000,含糖或其他甜物质的可可粉,122,马来西亚,10,一般贸易,33,浙江省,504000,千克,0,?,"2,221,656"
202001,18061000,含糖或其他甜物质的可可粉,122,马来西亚,10,一般贸易,35,福建省,500,千克,0,?,"15,135"
202001,18061000,含糖或其他甜物质的可可粉,122,马来西亚,10,一般贸易,65,新疆维吾尔自治区,220000,千克,0,?,"917,649"
202001,18061000,含糖或其他甜物质的可可粉,122,马来西亚,34,海关特殊监管区域物流货物,31,上海市,140014,千克,0,?,"2,369,130"
202001,18061000,含糖或其他甜物质的可可粉,132,新加坡,10,一般贸易,12,天津市,899,千克,0,?,"56,035"
202001,18061000,含糖或其他甜物质的可可粉,132,新加坡,10,一般贸易,44,广东省,17,千克,0,?,"1,131"
202001,18061000,含糖或其他甜物质的可可粉,133,韩国,10,一般贸易,37,山东省,82,千克,0,?,"1,730"
202001,18061000,含糖或其他甜物质的可可粉,143,中国台湾,39,其他,35,福建省,3308,千克,0,?,"35,062"
202001,18061000,含糖或其他甜物质的可可粉,303,英国,10,一般贸易,11,北京市,0,千克,0,?,423
202001,18061000,含糖或其他甜物质的可可粉,303,英国,10,一般贸易,44,广东省,1,千克,0,?,202
202001,18061000,含糖或其他甜物质的可可粉,303,英国,33,保税监管场所进出境货物,44,广东省,7260,千克,0,?,"130,477"
202001,18061000,含糖或其他甜物质的可可粉,304,德国,10,一般贸易,31,上海市,3,千克,0,?,93
202001,18061000,含糖或其他甜物质的可可粉,304,德国,10,一般贸易,33,浙江省,398,千克,0,?,"22,997"
202001,18061000,含糖或其他甜物质的可可粉,304,德国,10,一般贸易,44,广东省,2,千克,0,?,162
202001,18061000,含糖或其他甜物质的可可粉,305,法国,10,一般贸易,42,湖北省,7,千克,0,?,"2,376"
202001,18061000,含糖或其他甜物质的可可粉,305,法国,10,一般贸易,43,湖南省,12,千克,0,?,"2,422"
202001,18061000,含糖或其他甜物质的可可粉,305,法国,10,一般贸易,44,广东省,2200,千克,0,?,"61,757"
202001,18061000,含糖或其他甜物质的可可粉,305,法国,33,保税监管场所进出境货物,31,上海市,4752,千克,0,?,"245,047"
202001,18061000,含糖或其他甜物质的可可粉,307,意大利,10,一般贸易,11,北京市,1235,千克,0,?,"82,060"
202001,18061000,含糖或其他甜物质的可可粉,307,意大利,10,一般贸易,31,上海市,90,千克,0,?,"4,194"
202001,18061000,含糖或其他甜物质的可可粉,307,意大利,10,一般贸易,33,浙江省,1296,千克,0,?,"39,992"
202001,18061000,含糖或其他甜物质的可可粉,307,意大利,10,一般贸易,44,广东省,415,千克,0,?,"20,895"
202001,18061000,含糖或其他甜物质的可可粉,307,意大利,34,海关特殊监管区域物流货物,31,上海市,145,千克,0,?,"10,635"
202001,18061000,含糖或其他甜物质的可可粉,307,意大利,34,海关特殊监管区域物流货物,32,江苏省,3000,千克,0,?,"99,470"
202001,18061000,含糖或其他甜物质的可可粉,330,瑞典,10,一般贸易,31,上海市,3,千克,0,?,405
202001,18061000,含糖或其他甜物质的可可粉,330,瑞典,10,一般贸易,42,湖北省,3,千克,0,?,230
202001,18061000,含糖或其他甜物质的可可粉,330,瑞典,10,一般贸易,44,广东省,40,千克,0,?,"1,711"
202001,18061000,含糖或其他甜物质的可可粉,331,瑞士,10,一般贸易,31,上海市,2,千克,0,?,259
202001,18061000,含糖或其他甜物质的可可粉,331,瑞士,10,一般贸易,33,浙江省,10,千克,0,?,"6,313"
202001,18061000,含糖或其他甜物质的可可粉,434,秘鲁,10,一般贸易,31,上海市,3,千克,0,?,601
202001,18061000,含糖或其他甜物质的可可粉,502,美国,10,一般贸易,11,北京市,18,千克,0,?,"2,955"
202001,18061000,含糖或其他甜物质的可可粉,502,美国,10,一般贸易,31,上海市,2968,千克,0,?,"263,295"
202001,18061000,含糖或其他甜物质的可可粉,502,美国,10,一般贸易,32,江苏省,15,千克,0,?,532
202001,18061000,含糖或其他甜物质的可可粉,502,美国,10,一般贸易,33,浙江省,41,千克,0,?,"6,199"
202001,18061000,含糖或其他甜物质的可可粉,502,美国,10,一般贸易,44,广东省,954,千克,0,?,"62,182"
202001,18061000,含糖或其他甜物质的可可粉,502,美国,31,免税外汇商品,11,北京市,5,千克,0,?,"1,812"
202001,18061000,含糖或其他甜物质的可可粉,601,澳大利亚,10,一般贸易,31,上海市,233,千克,0,?,"22,819"
202001,18062000,其他重量＞2kg的块状或条状含可可食品；容器包装或内包装每件净重＞2kg的散装形状的含可可食品,112,印度尼西亚,10,一般贸易,31,上海市,13650,千克,0,?,"450,325"
202001,18062000,其他重量＞2kg的块状或条状含可可食品；容器包装或内包装每件净重＞2kg的散装形状的含可可食品,112,印度尼西亚,10,一般贸易,65,新疆维吾尔自治区,185000,千克,0,?,"783,128"
202001,18062000,其他重量＞2kg的块状或条状含可可食品；容器包装或内包装每件净重＞2kg的散装形状的含可可食品,116,日本,34,海关特殊监管区域物流货物,31,上海市,19519,千克,0,?,"723,606"
202001,18062000,其他重量＞2kg的块状或条状含可可食品；容器包装或内包装每件净重＞2kg的散装形状的含可可食品,122,马来西亚,10,一般贸易,11,北京市,7000,千克,0,?,"215,505"
202001,18062000,其他重量＞2kg的块状或条状含可可食品；容器包装或内包装每件净重＞2kg的散装形状的含可可食品,122,马来西亚,10,一般贸易,31,上海市,99236,千克,0,?,"1,375,621"
202001,18062000,其他重量＞2kg的块状或条状含可可食品；容器包装或内包装每件净重＞2kg的散装形状的含可可食品,122,马来西亚,10,一般贸易,32,江苏省,34399,千克,0,?,"729,027"
202001,18062000,其他重量＞2kg的块状或条状含可可食品；容器包装或内包装每件净重＞2kg的散装形状的含可可食品,132,新加坡,10,一般贸易,11,北京市,27000,千克,0,?,"641,631"
202001,18062000,其他重量＞2kg的块状或条状含可可食品；容器包装或内包装每件净重＞2kg的散装形状的含可可食品,132,新加坡,10,一般贸易,31,上海市,69078,千克,0,?,"1,795,885"
202001,18062000,其他重量＞2kg的块状或条状含可可食品；容器包装或内包装每件净重＞2kg的散装形状的含可可食品,132,新加坡,10,一般贸易,32,江苏省,8260,千克,0,?,"147,557"
202001,18062000,其他重量＞2kg的块状或条状含可可食品；容器包装或内包装每件净重＞2kg的散装形状的含可可食品,141,越南,10,一般贸易,32,江苏省,100,千克,0,?,"8,366"
202001,18062000,其他重量＞2kg的块状或条状含可可食品；容器包装或内包装每件净重＞2kg的散装形状的含可可食品,143,中国台湾,10,一般贸易,31,上海市,4500,千克,0,?,"144,540"
202001,18062000,其他重量＞2kg的块状或条状含可可食品；容器包装或内包装每件净重＞2kg的散装形状的含可可食品,143,中国台湾,10,一般贸易,35,福建省,2100,千克,0,?,"10,500"
202001,18062000,其他重量＞2kg的块状或条状含可可食品；容器包装或内包装每件净重＞2kg的散装形状的含可可食品,143,中国台湾,10,一般贸易,44,广东省,121,千克,0,?,"16,158"
202001,18062000,其他重量＞2kg的块状或条状含可可食品；容器包装或内包装每件净重＞2kg的散装形状的含可可食品,143,中国台湾,39,其他,35,福建省,1396,千克,0,?,"18,569"
202001,18062000,其他重量＞2kg的块状或条状含可可食品；容器包装或内包装每件净重＞2kg的散装形状的含可可食品,301,比利时,10,一般贸易,12,天津市,1500,千克,0,?,"75,818"
202001,18062000,其他重量＞2kg的块状或条状含可可食品；容器包装或内包装每件净重＞2kg的散装形状的含可可食品,301,比利时,10,一般贸易,31,上海市,319684,千克,0,?,"8,884,752"
202001,18062000,其他重量＞2kg的块状或条状含可可食品；容器包装或内包装每件净重＞2kg的散装形状的含可可食品,301,比利时,10,一般贸易,32,江苏省,91365,千克,0,?,"3,562,494"
202001,18062000,其他重量＞2kg的块状或条状含可可食品；容器包装或内包装每件净重＞2kg的散装形状的含可可食品,301,比利时,10,一般贸易,44,广东省,37630,千克,0,?,"1,166,933"
202001,18062000,其他重量＞2kg的块状或条状含可可食品；容器包装或内包装每件净重＞2kg的散装形状的含可可食品,301,比利时,15,进料加工贸易,35,福建省,57600,千克,0,?,"1,482,928"
202001,18062000,其他重量＞2kg的块状或条状含可可食品；容器包装或内包装每件净重＞2kg的散装形状的含可可食品,301,比利时,34,海关特殊监管区域物流货物,31,上海市,15719,千克,0,?,"1,067,787"
202001,18062000,其他重量＞2kg的块状或条状含可可食品；容器包装或内包装每件净重＞2kg的散装形状的含可可食品,301,比利时,34,海关特殊监管区域物流货物,32,江苏省,216,千克,0,?,"27,544"
202001,18062000,其他重量＞2kg的块状或条状含可可食品；容器包装或内包装每件净重＞2kg的散装形状的含可可食品,301,比利时,39,其他,31,上海市,300,千克,0,?,"29,275"
202001,18062000,其他重量＞2kg的块状或条状含可可食品；容器包装或内包装每件净重＞2kg的散装形状的含可可食品,302,丹麦,33,保税监管场所进出境货物,31,上海市,5675,千克,0,?,"193,565"
202001,18062000,其他重量＞2kg的块状或条状含可可食品；容器包装或内包装每件净重＞2kg的散装形状的含可可食品,304,德国,10,一般贸易,31,上海市,13155,千克,0,?,"451,409"
202001,18062000,其他重量＞2kg的块状或条状含可可食品；容器包装或内包装每件净重＞2kg的散装形状的含可可食品,305,法国,10,一般贸易,11,北京市,6060,千克,0,?,"280,222"
202001,18062000,其他重量＞2kg的块状或条状含可可食品；容器包装或内包装每件净重＞2kg的散装形状的含可可食品,305,法国,10,一般贸易,31,上海市,73220,千克,0,?,"3,682,748"
202001,18062000,其他重量＞2kg的块状或条状含可可食品；容器包装或内包装每件净重＞2kg的散装形状的含可可食品,305,法国,10,一般贸易,43,湖南省,52,千克,0,?,"3,183"
202001,18062000,其他重量＞2kg的块状或条状含可可食品；容器包装或内包装每件净重＞2kg的散装形状的含可可食品,305,法国,10,一般贸易,44,广东省,71930,千克,0,?,"3,552,109"
202001,18062000,其他重量＞2kg的块状或条状含可可食品；容器包装或内包装每件净重＞2kg的散装形状的含可可食品,305,法国,34,海关特殊监管区域物流货物,31,上海市,3656,千克,0,?,"143,799"
202001,18062000,其他重量＞2kg的块状或条状含可可食品；容器包装或内包装每件净重＞2kg的散装形状的含可可食品,307,意大利,10,一般贸易,11,北京市,1095,千克,0,?,"98,686"
202001,18062000,其他重量＞2kg的块状或条状含可可食品；容器包装或内包装每件净重＞2kg的散装形状的含可可食品,307,意大利,10,一般贸易,12,天津市,300,千克,0,?,"28,662"
202001,18062000,其他重量＞2kg的块状或条状含可可食品；容器包装或内包装每件净重＞2kg的散装形状的含可可食品,307,意大利,10,一般贸易,31,上海市,10580,千克,0,?,"314,481"
202001,18062000,其他重量＞2kg的块状或条状含可可食品；容器包装或内包装每件净重＞2kg的散装形状的含可可食品,307,意大利,10,一般贸易,44,广东省,6958,千克,0,?,"328,436"
202001,18062000,其他重量＞2kg的块状或条状含可可食品；容器包装或内包装每件净重＞2kg的散装形状的含可可食品,307,意大利,33,保税监管场所进出境货物,31,上海市,9,千克,0,?,"5,680"
202001,18062000,其他重量＞2kg的块状或条状含可可食品；容器包装或内包装每件净重＞2kg的散装形状的含可可食品,307,意大利,34,海关特殊监管区域物流货物,31,上海市,60,千克,0,?,"21,869"
202001,18062000,其他重量＞2kg的块状或条状含可可食品；容器包装或内包装每件净重＞2kg的散装形状的含可可食品,309,荷兰,10,一般贸易,44,广东省,450,千克,0,?,"24,578"
202001,18062000,其他重量＞2kg的块状或条状含可可食品；容器包装或内包装每件净重＞2kg的散装形状的含可可食品,315,奥地利,10,一般贸易,13,河北省,3251,千克,0,?,"487,646"
202001,18062000,其他重量＞2kg的块状或条状含可可食品；容器包装或内包装每件净重＞2kg的散装形状的含可可食品,327,波兰,33,保税监管场所进出境货物,31,上海市,3200,千克,0,?,"107,510"
202001,18062000,其他重量＞2kg的块状或条状含可可食品；容器包装或内包装每件净重＞2kg的散装形状的含可可食品,331,瑞士,10,一般贸易,31,上海市,892,千克,0,?,"380,523"
202001,18062000,其他重量＞2kg的块状或条状含可可食品；容器包装或内包装每件净重＞2kg的散装形状的含可可食品,331,瑞士,10,一般贸易,32,江苏省,5100,千克,0,?,"225,103"
202001,18062000,其他重量＞2kg的块状或条状含可可食品；容器包装或内包装每件净重＞2kg的散装形状的含可可食品,331,瑞士,10,一般贸易,44,广东省,8600,千克,0,?,"324,575"
202001,18062000,其他重量＞2kg的块状或条状含可可食品；容器包装或内包装每件净重＞2kg的散装形状的含可可食品,331,瑞士,10,一般贸易,46,海南省,6,千克,0,?,733
202001,18062000,其他重量＞2kg的块状或条状含可可食品；容器包装或内包装每件净重＞2kg的散装形状的含可可食品,419,厄瓜多尔,10,一般贸易,31,上海市,310,千克,0,?,"24,371"
202001,18062000,其他重量＞2kg的块状或条状含可可食品；容器包装或内包装每件净重＞2kg的散装形状的含可可食品,501,加拿大,10,一般贸易,33,浙江省,2374,千克,0,?,"121,045"
202001,18062000,其他重量＞2kg的块状或条状含可可食品；容器包装或内包装每件净重＞2kg的散装形状的含可可食品,502,美国,10,一般贸易,11,北京市,20412,千克,0,?,"1,295,322"
202001,18062000,其他重量＞2kg的块状或条状含可可食品；容器包装或内包装每件净重＞2kg的散装形状的含可可食品,502,美国,10,一般贸易,31,上海市,1049,千克,0,?,"41,373"
202001,18062000,其他重量＞2kg的块状或条状含可可食品；容器包装或内包装每件净重＞2kg的散装形状的含可可食品,502,美国,10,一般贸易,32,江苏省,140,千克,0,?,"24,194"
202001,18062000,其他重量＞2kg的块状或条状含可可食品；容器包装或内包装每件净重＞2kg的散装形状的含可可食品,502,美国,10,一般贸易,33,浙江省,18270,千克,0,?,"1,947,933"
202001,18062000,其他重量＞2kg的块状或条状含可可食品；容器包装或内包装每件净重＞2kg的散装形状的含可可食品,502,美国,33,保税监管场所进出境货物,31,上海市,214,千克,0,?,"3,684"
202001,18062000,其他重量＞2kg的块状或条状含可可食品；容器包装或内包装每件净重＞2kg的散装形状的含可可食品,502,美国,34,海关特殊监管区域物流货物,31,上海市,6961,千克,0,?,"415,179"
202001,18062000,其他重量＞2kg的块状或条状含可可食品；容器包装或内包装每件净重＞2kg的散装形状的含可可食品,601,澳大利亚,10,一般贸易,11,北京市,43200,千克,0,?,"1,663,373"
202001,18063100,"块状或条状含可可的夹心食品,重量≤2kg",116,日本,10,一般贸易,31,上海市,2232,千克,0,?,"182,704"
202001,18063100,"块状或条状含可可的夹心食品,重量≤2kg",116,日本,34,海关特殊监管区域物流货物,31,上海市,205,千克,0,?,"47,130"
202001,18063100,"块状或条状含可可的夹心食品,重量≤2kg",122,马来西亚,10,一般贸易,31,上海市,15930,千克,0,?,"829,781"
202001,18063100,"块状或条状含可可的夹心食品,重量≤2kg",122,马来西亚,10,一般贸易,32,江苏省,643,千克,0,?,"29,824"
202001,18063100,"块状或条状含可可的夹心食品,重量≤2kg",122,马来西亚,10,一般贸易,44,广东省,1530,千克,0,?,"145,663"
202001,18063100,"块状或条状含可可的夹心食品,重量≤2kg",122,马来西亚,10,一般贸易,46,海南省,24,千克,0,?,"5,743"
202001,18063100,"块状或条状含可可的夹心食品,重量≤2kg",122,马来西亚,34,海关特殊监管区域物流货物,31,上海市,173,千克,0,?,"17,500"
202001,18063100,"块状或条状含可可的夹心食品,重量≤2kg",122,马来西亚,41,免税品,46,海南省,194,千克,0,?,"33,401"
202001,18063100,"块状或条状含可可的夹心食品,重量≤2kg",124,蒙古,19,边境小额贸易,15,内蒙古自治区,150,千克,0,?,"3,263"
202001,18063100,"块状或条状含可可的夹心食品,重量≤2kg",129,菲律宾,10,一般贸易,44,广东省,16855,千克,0,?,"458,905"
202001,18063100,"块状或条状含可可的夹心食品,重量≤2kg",133,韩国,10,一般贸易,31,上海市,12960,千克,0,?,"596,452"
202001,18063100,"块状或条状含可可的夹心食品,重量≤2kg",133,韩国,10,一般贸易,37,山东省,17214,千克,0,?,"711,005"
202001,18063100,"块状或条状含可可的夹心食品,重量≤2kg",137,土耳其,10,一般贸易,31,上海市,56,千克,0,?,"10,650"
202001,18063100,"块状或条状含可可的夹心食品,重量≤2kg",137,土耳其,10,一般贸易,33,浙江省,8203,千克,0,?,"153,889"
202001,18063100,"块状或条状含可可的夹心食品,重量≤2kg",137,土耳其,10,一般贸易,34,安徽省,388,千克,0,?,"39,229"
202001,18063100,"块状或条状含可可的夹心食品,重量≤2kg",137,土耳其,10,一般贸易,44,广东省,13338,千克,0,?,"285,071"
202001,18063100,"块状或条状含可可的夹心食品,重量≤2kg",137,土耳其,31,免税外汇商品,11,北京市,26,千克,0,?,"7,557"
202001,18063100,"块状或条状含可可的夹心食品,重量≤2kg",137,土耳其,34,海关特殊监管区域物流货物,31,上海市,7615,千克,0,?,"742,248"
202001,18063100,"块状或条状含可可的夹心食品,重量≤2kg",138,阿联酋,10,一般贸易,42,湖北省,2,千克,0,?,217
202001,18063100,"块状或条状含可可的夹心食品,重量≤2kg",141,越南,34,海关特殊监管区域物流货物,21,辽宁省,280,千克,0,?,"4,478"
202001,18063100,"块状或条状含可可的夹心食品,重量≤2kg",143,中国台湾,39,其他,35,福建省,92,千克,0,?,"1,545"
202001,18063100,"块状或条状含可可的夹心食品,重量≤2kg",145,哈萨克斯坦,10,一般贸易,23,黑龙江省,60,千克,0,?,"1,230"
202001,18063100,"块状或条状含可可的夹心食品,重量≤2kg",145,哈萨克斯坦,10,一般贸易,65,新疆维吾尔自治区,217270,千克,0,?,"5,004,965"
202001,18063100,"块状或条状含可可的夹心食品,重量≤2kg",145,哈萨克斯坦,19,边境小额贸易,23,黑龙江省,1632,千克,0,?,"24,010"
202001,18063100,"块状或条状含可可的夹心食品,重量≤2kg",301,比利时,10,一般贸易,11,北京市,5176,千克,0,?,"380,798"
202001,18063100,"块状或条状含可可的夹心食品,重量≤2kg",301,比利时,10,一般贸易,21,辽宁省,144,千克,0,?,"45,177"
202001,18063100,"块状或条状含可可的夹心食品,重量≤2kg",301,比利时,10,一般贸易,31,上海市,3410,千克,0,?,"1,230,683"
202001,18063100,"块状或条状含可可的夹心食品,重量≤2kg",301,比利时,10,一般贸易,32,江苏省,3753,千克,0,?,"564,799"
202001,18063100,"块状或条状含可可的夹心食品,重量≤2kg",301,比利时,10,一般贸易,42,湖北省,1026,千克,0,?,"283,585"
202001,18063100,"块状或条状含可可的夹心食品,重量≤2kg",301,比利时,10,一般贸易,44,广东省,14,千克,0,?,"1,721"
202001,18063100,"块状或条状含可可的夹心食品,重量≤2kg",301,比利时,31,免税外汇商品,11,北京市,54,千克,0,?,"57,364"
202001,18063100,"块状或条状含可可的夹心食品,重量≤2kg",301,比利时,33,保税监管场所进出境货物,31,上海市,8160,千克,0,?,"354,794"
202001,18063100,"块状或条状含可可的夹心食品,重量≤2kg",301,比利时,34,海关特殊监管区域物流货物,31,上海市,547,千克,0,?,"116,606"
202001,18063100,"块状或条状含可可的夹心食品,重量≤2kg",301,比利时,34,海关特殊监管区域物流货物,44,广东省,45,千克,0,?,"2,777"
202001,18063100,"块状或条状含可可的夹心食品,重量≤2kg",302,丹麦,10,一般贸易,11,北京市,1,千克,0,?,217
202001,18063100,"块状或条状含可可的夹心食品,重量≤2kg",302,丹麦,10,一般贸易,33,浙江省,1157,千克,0,?,"216,264"
202001,18063100,"块状或条状含可可的夹心食品,重量≤2kg",302,丹麦,31,免税外汇商品,11,北京市,110,千克,0,?,"23,325"
202001,18063100,"块状或条状含可可的夹心食品,重量≤2kg",302,丹麦,41,免税品,44,广东省,331,千克,0,?,"78,801"
202001,18063100,"块状或条状含可可的夹心食品,重量≤2kg",302,丹麦,41,免税品,46,海南省,43,千克,0,?,"11,298"
202001,18063100,"块状或条状含可可的夹心食品,重量≤2kg",303,英国,10,一般贸易,11,北京市,22,千克,0,?,"6,603"
202001,18063100,"块状或条状含可可的夹心食品,重量≤2kg",303,英国,10,一般贸易,31,上海市,123,千克,0,?,"3,639"
202001,18063100,"块状或条状含可可的夹心食品,重量≤2kg",303,英国,10,一般贸易,43,湖南省,27,千克,0,?,"10,538"
202001,18063100,"块状或条状含可可的夹心食品,重量≤2kg",303,英国,10,一般贸易,44,广东省,23163,千克,0,?,"1,017,690"
202001,18063100,"块状或条状含可可的夹心食品,重量≤2kg",303,英国,33,保税监管场所进出境货物,44,广东省,3001,千克,0,?,"134,265"
202001,18063100,"块状或条状含可可的夹心食品,重量≤2kg",303,英国,34,海关特殊监管区域物流货物,31,上海市,3696,千克,0,?,"59,524"
202001,18063100,"块状或条状含可可的夹心食品,重量≤2kg",304,德国,10,一般贸易,11,北京市,4869,千克,0,?,"293,022"
202001,18063100,"块状或条状含可可的夹心食品,重量≤2kg",304,德国,10,一般贸易,21,辽宁省,3,千克,0,?,705
202001,18063100,"块状或条状含可可的夹心食品,重量≤2kg",304,德国,10,一般贸易,31,上海市,13542,千克,0,?,"559,986"
202001,18063100,"块状或条状含可可的夹心食品,重量≤2kg",304,德国,10,一般贸易,32,江苏省,13,千克,0,?,"4,634"
202001,18063100,"块状或条状含可可的夹心食品,重量≤2kg",304,德国,10,一般贸易,37,山东省,1116,千克,0,?,"61,904"
202001,18063100,"块状或条状含可可的夹心食品,重量≤2kg",304,德国,10,一般贸易,42,湖北省,31,千克,0,?,"4,623"
202001,18063100,"块状或条状含可可的夹心食品,重量≤2kg",304,德国,10,一般贸易,44,广东省,11219,千克,0,?,"305,480"
202001,18063100,"块状或条状含可可的夹心食品,重量≤2kg",304,德国,10,一般贸易,46,海南省,50,千克,0,?,"15,458"
202001,18063100,"块状或条状含可可的夹心食品,重量≤2kg",304,德国,10,一般贸易,51,四川省,9,千克,0,?,"1,047"
202001,18063100,"块状或条状含可可的夹心食品,重量≤2kg",304,德国,10,一般贸易,61,陕西省,0,千克,0,?,188
202001,18063100,"块状或条状含可可的夹心食品,重量≤2kg",304,德国,19,边境小额贸易,15,内蒙古自治区,257,千克,0,?,"5,586"
202001,18063100,"块状或条状含可可的夹心食品,重量≤2kg",304,德国,31,免税外汇商品,11,北京市,38,千克,0,?,"11,755"
202001,18063100,"块状或条状含可可的夹心食品,重量≤2kg",304,德国,33,保税监管场所进出境货物,31,上海市,28340,千克,0,?,"1,833,891"
202001,18063100,"块状或条状含可可的夹心食品,重量≤2kg",304,德国,34,海关特殊监管区域物流货物,31,上海市,449,千克,0,?,"41,382"
202001,18063100,"块状或条状含可可的夹心食品,重量≤2kg",304,德国,34,海关特殊监管区域物流货物,44,广东省,204,千克,0,?,"7,771"
202001,18063100,"块状或条状含可可的夹心食品,重量≤2kg",304,德国,41,免税品,44,广东省,58,千克,0,?,"5,813"
202001,18063100,"块状或条状含可可的夹心食品,重量≤2kg",304,德国,41,免税品,46,海南省,812,千克,0,?,"110,213"
202001,18063100,"块状或条状含可可的夹心食品,重量≤2kg",305,法国,10,一般贸易,31,上海市,751,千克,0,?,"114,499"
202001,18063100,"块状或条状含可可的夹心食品,重量≤2kg",305,法国,19,边境小额贸易,15,内蒙古自治区,38,千克,0,?,816
202001,18063100,"块状或条状含可可的夹心食品,重量≤2kg",307,意大利,10,一般贸易,11,北京市,2796,千克,0,?,"430,454"
202001,18063100,"块状或条状含可可的夹心食品,重量≤2kg",307,意大利,10,一般贸易,31,上海市,33852,千克,0,?,"1,539,490"
202001,18063100,"块状或条状含可可的夹心食品,重量≤2kg",307,意大利,10,一般贸易,33,浙江省,10606,千克,0,?,"1,049,279"
202001,18063100,"块状或条状含可可的夹心食品,重量≤2kg",307,意大利,10,一般贸易,44,广东省,14321,千克,0,?,"1,479,008"
202001,18063100,"块状或条状含可可的夹心食品,重量≤2kg",307,意大利,19,边境小额贸易,15,内蒙古自治区,59,千克,0,?,"1,288"
202001,18063100,"块状或条状含可可的夹心食品,重量≤2kg",307,意大利,34,海关特殊监管区域物流货物,31,上海市,657,千克,0,?,"128,539"
202001,18063100,"块状或条状含可可的夹心食品,重量≤2kg",307,意大利,41,免税品,46,海南省,299,千克,0,?,"40,784"
202001,18063100,"块状或条状含可可的夹心食品,重量≤2kg",308,卢森堡,10,一般贸易,31,上海市,80,千克,0,?,"20,722"
202001,18063100,"块状或条状含可可的夹心食品,重量≤2kg",309,荷兰,10,一般贸易,41,河南省,51,千克,0,?,"2,663"
202001,18063100,"块状或条状含可可的夹心食品,重量≤2kg",309,荷兰,10,一般贸易,42,湖北省,15,千克,0,?,"1,325"
202001,18063100,"块状或条状含可可的夹心食品,重量≤2kg",309,荷兰,31,免税外汇商品,11,北京市,7,千克,0,?,"3,543"
202001,18063100,"块状或条状含可可的夹心食品,重量≤2kg",309,荷兰,34,海关特殊监管区域物流货物,31,上海市,2219,千克,0,?,"897,630"
202001,18063100,"块状或条状含可可的夹心食品,重量≤2kg",309,荷兰,41,免税品,46,海南省,1043,千克,0,?,"84,516"
202001,18063100,"块状或条状含可可的夹心食品,重量≤2kg",312,西班牙,10,一般贸易,31,上海市,1,千克,0,?,96
202001,18063100,"块状或条状含可可的夹心食品,重量≤2kg",315,奥地利,10,一般贸易,37,山东省,134,千克,0,?,"13,064"
202001,18063100,"块状或条状含可可的夹心食品,重量≤2kg",315,奥地利,31,免税外汇商品,11,北京市,33,千克,0,?,"2,975"
202001,18063100,"块状或条状含可可的夹心食品,重量≤2kg",315,奥地利,41,免税品,46,海南省,63,千克,0,?,"6,169"
202001,18063100,"块状或条状含可可的夹心食品,重量≤2kg",316,保加利亚,41,免税品,46,海南省,43,千克,0,?,"5,711"
202001,18063100,"块状或条状含可可的夹心食品,重量≤2kg",318,芬兰,10,一般贸易,31,上海市,56,千克,0,?,"6,304"
202001,18063100,"块状或条状含可可的夹心食品,重量≤2kg",318,芬兰,41,免税品,46,海南省,278,千克,0,?,"39,117"
202001,18063100,"块状或条状含可可的夹心食品,重量≤2kg",321,匈牙利,19,边境小额贸易,15,内蒙古自治区,58,千克,0,?,"1,253"
202001,18063100,"块状或条状含可可的夹心食品,重量≤2kg",326,挪威,10,一般贸易,50,重庆市,2732,千克,0,?,"287,742"
202001,18063100,"块状或条状含可可的夹心食品,重量≤2kg",327,波兰,10,一般贸易,11,北京市,1,千克,0,?,117
202001,18063100,"块状或条状含可可的夹心食品,重量≤2kg",327,波兰,10,一般贸易,44,广东省,270,千克,0,?,"9,863"
202001,18063100,"块状或条状含可可的夹心食品,重量≤2kg",327,波兰,31,免税外汇商品,11,北京市,8,千克,0,?,"1,065"
202001,18063100,"块状或条状含可可的夹心食品,重量≤2kg",327,波兰,41,免税品,46,海南省,491,千克,0,?,"61,808"
202001,18063100,"块状或条状含可可的夹心食品,重量≤2kg",330,瑞典,41,免税品,46,海南省,600,千克,0,?,"61,091"
202001,18063100,"块状或条状含可可的夹心食品,重量≤2kg",331,瑞士,10,一般贸易,31,上海市,8,千克,0,?,624
202001,18063100,"块状或条状含可可的夹心食品,重量≤2kg",331,瑞士,10,一般贸易,32,江苏省,4,千克,0,?,101
202001,18063100,"块状或条状含可可的夹心食品,重量≤2kg",331,瑞士,10,一般贸易,33,浙江省,102,千克,0,?,"17,454"
202001,18063100,"块状或条状含可可的夹心食品,重量≤2kg",331,瑞士,10,一般贸易,44,广东省,16,千克,0,?,"1,531"
202001,18063100,"块状或条状含可可的夹心食品,重量≤2kg",331,瑞士,10,一般贸易,46,海南省,2079,千克,0,?,"397,543"
202001,18063100,"块状或条状含可可的夹心食品,重量≤2kg",331,瑞士,31,免税外汇商品,11,北京市,17,千克,0,?,"4,115"
202001,18063100,"块状或条状含可可的夹心食品,重量≤2kg",331,瑞士,34,海关特殊监管区域物流货物,31,上海市,7600,千克,0,?,"955,678"
202001,18063100,"块状或条状含可可的夹心食品,重量≤2kg",331,瑞士,41,免税品,46,海南省,149,千克,0,?,"24,556"
202001,18063100,"块状或条状含可可的夹心食品,重量≤2kg",339,阿塞拜疆(2023年起停用),10,一般贸易,65,新疆维吾尔自治区,9350,千克,0,?,"185,863"
202001,18063100,"块状或条状含可可的夹心食品,重量≤2kg",344,俄罗斯,10,一般贸易,31,上海市,3411662,千克,0,?,"52,003,063"
202001,18063100,"块状或条状含可可的夹心食品,重量≤2kg",344,俄罗斯,10,一般贸易,33,浙江省,35,千克,0,?,"3,114"
202001,18063100,"块状或条状含可可的夹心食品,重量≤2kg",344,俄罗斯,19,边境小额贸易,23,黑龙江省,17090,千克,0,?,"297,148"
202001,18063100,"块状或条状含可可的夹心食品,重量≤2kg",344,俄罗斯,34,海关特殊监管区域物流货物,21,辽宁省,360,千克,0,?,"10,201"
202001,18063100,"块状或条状含可可的夹心食品,重量≤2kg",353,斯洛伐克,41,免税品,46,海南省,36,千克,0,?,"11,473"
202001,18063100,"块状或条状含可可的夹心食品,重量≤2kg",429,墨西哥,19,边境小额贸易,15,内蒙古自治区,108,千克,0,?,"2,349"
202001,18063100,"块状或条状含可可的夹心食品,重量≤2kg",501,加拿大,10,一般贸易,11,北京市,2,千克,0,?,310
202001,18063100,"块状或条状含可可的夹心食品,重量≤2kg",501,加拿大,10,一般贸易,32,江苏省,49,千克,0,?,"1,715"
202001,18063100,"块状或条状含可可的夹心食品,重量≤2kg",501,加拿大,10,一般贸易,33,浙江省,1066,千克,0,?,"126,627"
202001,18063100,"块状或条状含可可的夹心食品,重量≤2kg",501,加拿大,10,一般贸易,34,安徽省,432,千克,0,?,"21,914"
202001,18063100,"块状或条状含可可的夹心食品,重量≤2kg",501,加拿大,10,一般贸易,37,山东省,161,千克,0,?,"12,999"
202001,18063100,"块状或条状含可可的夹心食品,重量≤2kg",501,加拿大,10,一般贸易,44,广东省,45,千克,0,?,"1,613"
202001,18063100,"块状或条状含可可的夹心食品,重量≤2kg",501,加拿大,31,免税外汇商品,11,北京市,103,千克,0,?,"12,484"
202001,18063100,"块状或条状含可可的夹心食品,重量≤2kg",501,加拿大,41,免税品,44,广东省,43,千克,0,?,"6,436"
202001,18063100,"块状或条状含可可的夹心食品,重量≤2kg",501,加拿大,41,免税品,46,海南省,33,千克,0,?,"5,906"
202001,18063100,"块状或条状含可可的夹心食品,重量≤2kg",502,美国,10,一般贸易,11,北京市,75,千克,0,?,"13,557"
202001,18063100,"块状或条状含可可的夹心食品,重量≤2kg",502,美国,10,一般贸易,31,上海市,229,千克,0,?,"57,606"
202001,18063100,"块状或条状含可可的夹心食品,重量≤2kg",502,美国,10,一般贸易,32,江苏省,33,千克,0,?,"5,367"
202001,18063100,"块状或条状含可可的夹心食品,重量≤2kg",502,美国,10,一般贸易,33,浙江省,1327,千克,0,?,"534,775"
202001,18063100,"块状或条状含可可的夹心食品,重量≤2kg",502,美国,10,一般贸易,35,福建省,6720,千克,0,?,"336,000"
202001,18063100,"块状或条状含可可的夹心食品,重量≤2kg",502,美国,10,一般贸易,44,广东省,13071,千克,0,?,"1,215,486"
202001,18063100,"块状或条状含可可的夹心食品,重量≤2kg",502,美国,31,免税外汇商品,11,北京市,22,千克,0,?,"8,635"
202001,18063100,"块状或条状含可可的夹心食品,重量≤2kg",502,美国,34,海关特殊监管区域物流货物,37,山东省,259,千克,0,?,"20,073"
202001,18063100,"块状或条状含可可的夹心食品,重量≤2kg",502,美国,41,免税品,44,广东省,67,千克,0,?,"7,627"
202001,18063100,"块状或条状含可可的夹心食品,重量≤2kg",601,澳大利亚,10,一般贸易,33,浙江省,80,千克,0,?,"9,796"
202001,18063100,"块状或条状含可可的夹心食品,重量≤2kg",601,澳大利亚,10,一般贸易,44,广东省,7555,千克,0,?,"240,209"
202001,18063100,"块状或条状含可可的夹心食品,重量≤2kg",609,新西兰,10,一般贸易,31,上海市,1,千克,0,?,120
202001,18063200,"块状或条状含可可的非夹心食品,重量≤2kg",112,印度尼西亚,10,一般贸易,31,上海市,1507,千克,0,?,"49,907"
202001,18063200,"块状或条状含可可的非夹心食品,重量≤2kg",112,印度尼西亚,10,一般贸易,44,广东省,3960,千克,0,?,"152,216"
202001,18063200,"块状或条状含可可的非夹心食品,重量≤2kg",116,日本,10,一般贸易,21,辽宁省,11,千克,0,?,"1,866"
202001,18063200,"块状或条状含可可的非夹心食品,重量≤2kg",116,日本,10,一般贸易,31,上海市,254,千克,0,?,"21,623"
202001,18063200,"块状或条状含可可的非夹心食品,重量≤2kg",116,日本,10,一般贸易,33,浙江省,439,千克,0,?,"55,238"
202001,18063200,"块状或条状含可可的非夹心食品,重量≤2kg",116,日本,10,一般贸易,44,广东省,213,千克,0,?,"74,324"
202001,18063200,"块状或条状含可可的非夹心食品,重量≤2kg",116,日本,33,保税监管场所进出境货物,23,黑龙江省,1492,千克,0,?,"258,517"
202001,18063200,"块状或条状含可可的非夹心食品,重量≤2kg",116,日本,33,保税监管场所进出境货物,31,上海市,593,千克,0,?,"25,803"
202001,18063200,"块状或条状含可可的非夹心食品,重量≤2kg",116,日本,33,保税监管场所进出境货物,33,浙江省,814,千克,0,?,"104,412"
202001,18063200,"块状或条状含可可的非夹心食品,重量≤2kg",116,日本,34,海关特殊监管区域物流货物,21,辽宁省,1315,千克,0,?,"129,067"
202001,18063200,"块状或条状含可可的非夹心食品,重量≤2kg",116,日本,34,海关特殊监管区域物流货物,31,上海市,687,千克,0,?,"111,765"
202001,18063200,"块状或条状含可可的非夹心食品,重量≤2kg",122,马来西亚,10,一般贸易,11,北京市,8500,千克,0,?,"276,378"
202001,18063200,"块状或条状含可可的非夹心食品,重量≤2kg",122,马来西亚,10,一般贸易,31,上海市,8376,千克,0,?,"320,491"
202001,18063200,"块状或条状含可可的非夹心食品,重量≤2kg",122,马来西亚,10,一般贸易,32,江苏省,337,千克,0,?,"9,807"
202001,18063200,"块状或条状含可可的非夹心食品,重量≤2kg",122,马来西亚,10,一般贸易,44,广东省,5000,千克,0,?,"69,619"
202001,18063200,"块状或条状含可可的非夹心食品,重量≤2kg",122,马来西亚,31,免税外汇商品,11,北京市,158,千克,0,?,"24,404"
202001,18063200,"块状或条状含可可的非夹心食品,重量≤2kg",122,马来西亚,33,保税监管场所进出境货物,31,上海市,4000,千克,0,?,"82,004"
202001,18063200,"块状或条状含可可的非夹心食品,重量≤2kg",122,马来西亚,41,免税品,46,海南省,37,千克,0,?,"3,556"
202001,18063200,"块状或条状含可可的非夹心食品,重量≤2kg",132,新加坡,10,一般贸易,31,上海市,35016,千克,0,?,"746,084"
202001,18063200,"块状或条状含可可的非夹心食品,重量≤2kg",132,新加坡,33,保税监管场所进出境货物,31,上海市,9135,千克,0,?,"286,974"
202001,18063200,"块状或条状含可可的非夹心食品,重量≤2kg",133,韩国,10,一般贸易,37,山东省,850,千克,0,?,"46,529"
202001,18063200,"块状或条状含可可的非夹心食品,重量≤2kg",133,韩国,31,免税外汇商品,11,北京市,153,千克,0,?,"16,951"
202001,18063200,"块状或条状含可可的非夹心食品,重量≤2kg",136,泰国,10,一般贸易,11,北京市,1,千克,0,?,243
202001,18063200,"块状或条状含可可的非夹心食品,重量≤2kg",137,土耳其,10,一般贸易,21,辽宁省,2,千克,0,?,472
202001,18063200,"块状或条状含可可的非夹心食品,重量≤2kg",137,土耳其,10,一般贸易,31,上海市,14,千克,0,?,"2,487"
202001,18063200,"块状或条状含可可的非夹心食品,重量≤2kg",137,土耳其,10,一般贸易,44,广东省,1479,千克,0,?,"4,990"
202001,18063200,"块状或条状含可可的非夹心食品,重量≤2kg",137,土耳其,10,一般贸易,51,四川省,890,千克,0,?,"21,439"
202001,18063200,"块状或条状含可可的非夹心食品,重量≤2kg",137,土耳其,31,免税外汇商品,11,北京市,221,千克,0,?,"19,382"
202001,18063200,"块状或条状含可可的非夹心食品,重量≤2kg",137,土耳其,41,免税品,46,海南省,459,千克,0,?,"80,857"
202001,18063200,"块状或条状含可可的非夹心食品,重量≤2kg",138,阿联酋,31,免税外汇商品,11,北京市,9,千克,0,?,"1,493"
202001,18063200,"块状或条状含可可的非夹心食品,重量≤2kg",141,越南,19,边境小额贸易,45,广西壮族自治区,24640,千克,0,?,"186,985"
202001,18063200,"块状或条状含可可的非夹心食品,重量≤2kg",143,中国台湾,10,一般贸易,44,广东省,100,千克,0,?,"14,112"
202001,18063200,"块状或条状含可可的非夹心食品,重量≤2kg",145,哈萨克斯坦,19,边境小额贸易,23,黑龙江省,434,千克,0,?,"19,817"
202001,18063200,"块状或条状含可可的非夹心食品,重量≤2kg",244,南非,10,一般贸易,37,山东省,90,千克,0,?,"41,387"
202001,18063200,"块状或条状含可可的非夹心食品,重量≤2kg",301,比利时,10,一般贸易,11,北京市,11,千克,0,?,"5,737"
202001,18063200,"块状或条状含可可的非夹心食品,重量≤2kg",301,比利时,10,一般贸易,21,辽宁省,145,千克,0,?,"24,219"
202001,18063200,"块状或条状含可可的非夹心食品,重量≤2kg",301,比利时,10,一般贸易,31,上海市,128,千克,0,?,"32,705"
202001,18063200,"块状或条状含可可的非夹心食品,重量≤2kg",301,比利时,10,一般贸易,33,浙江省,374,千克,0,?,"37,545"
202001,18063200,"块状或条状含可可的非夹心食品,重量≤2kg",301,比利时,10,一般贸易,44,广东省,12235,千克,0,?,"817,432"
202001,18063200,"块状或条状含可可的非夹心食品,重量≤2kg",301,比利时,19,边境小额贸易,15,内蒙古自治区,10,千克,0,?,218
202001,18063200,"块状或条状含可可的非夹心食品,重量≤2kg",301,比利时,31,免税外汇商品,11,北京市,922,千克,0,?,"133,680"
202001,18063200,"块状或条状含可可的非夹心食品,重量≤2kg",301,比利时,33,保税监管场所进出境货物,31,上海市,3000,千克,0,?,"241,772"
202001,18063200,"块状或条状含可可的非夹心食品,重量≤2kg",301,比利时,34,海关特殊监管区域物流货物,31,上海市,44,千克,0,?,"14,075"
202001,18063200,"块状或条状含可可的非夹心食品,重量≤2kg",301,比利时,41,免税品,11,北京市,77,千克,0,?,"9,330"
202001,18063200,"块状或条状含可可的非夹心食品,重量≤2kg",301,比利时,41,免税品,44,广东省,29,千克,0,?,"29,158"
202001,18063200,"块状或条状含可可的非夹心食品,重量≤2kg",301,比利时,41,免税品,46,海南省,1399,千克,0,?,"175,575"
202001,18063200,"块状或条状含可可的非夹心食品,重量≤2kg",302,丹麦,31,免税外汇商品,11,北京市,67,千克,0,?,"15,993"
202001,18063200,"块状或条状含可可的非夹心食品,重量≤2kg",302,丹麦,41,免税品,46,海南省,246,千克,0,?,"49,194"
202001,18063200,"块状或条状含可可的非夹心食品,重量≤2kg",303,英国,10,一般贸易,11,北京市,410,千克,0,?,"55,131"
202001,18063200,"块状或条状含可可的非夹心食品,重量≤2kg",303,英国,10,一般贸易,31,上海市,175,千克,0,?,"10,204"
202001,18063200,"块状或条状含可可的非夹心食品,重量≤2kg",303,英国,31,免税外汇商品,11,北京市,23,千克,0,?,"4,834"
202001,18063200,"块状或条状含可可的非夹心食品,重量≤2kg",303,英国,33,保税监管场所进出境货物,31,上海市,348,千克,0,?,"9,577"
202001,18063200,"块状或条状含可可的非夹心食品,重量≤2kg",303,英国,34,海关特殊监管区域物流货物,31,上海市,61,千克,0,?,"10,213"
202001,18063200,"块状或条状含可可的非夹心食品,重量≤2kg",303,英国,41,免税品,11,北京市,5,千克,0,?,831
202001,18063200,"块状或条状含可可的非夹心食品,重量≤2kg",303,英国,41,免税品,46,海南省,32,千克,0,?,"5,247"
202001,18063200,"块状或条状含可可的非夹心食品,重量≤2kg",304,德国,10,一般贸易,11,北京市,11285,千克,0,?,"564,401"
202001,18063200,"块状或条状含可可的非夹心食品,重量≤2kg",304,德国,10,一般贸易,21,辽宁省,32,千克,0,?,"5,243"
202001,18063200,"块状或条状含可可的非夹心食品,重量≤2kg",304,德国,10,一般贸易,31,上海市,640,千克,0,?,"59,646"
202001,18063200,"块状或条状含可可的非夹心食品,重量≤2kg",304,德国,10,一般贸易,33,浙江省,5333,千克,0,?,"440,944"
202001,18063200,"块状或条状含可可的非夹心食品,重量≤2kg",304,德国,10,一般贸易,37,山东省,25,千克,0,?,"7,802"
202001,18063200,"块状或条状含可可的非夹心食品,重量≤2kg",304,德国,10,一般贸易,42,湖北省,5,千克,0,?,984
202001,18063200,"块状或条状含可可的非夹心食品,重量≤2kg",304,德国,10,一般贸易,43,湖南省,3,千克,0,?,240
202001,18063200,"块状或条状含可可的非夹心食品,重量≤2kg",304,德国,10,一般贸易,44,广东省,2120,千克,0,?,"99,429"
202001,18063200,"块状或条状含可可的非夹心食品,重量≤2kg",304,德国,31,免税外汇商品,11,北京市,390,千克,0,?,"44,584"
202001,18063200,"块状或条状含可可的非夹心食品,重量≤2kg",304,德国,33,保税监管场所进出境货物,31,上海市,42666,千克,0,?,"2,440,151"
202001,18063200,"块状或条状含可可的非夹心食品,重量≤2kg",304,德国,34,海关特殊监管区域物流货物,21,辽宁省,3222,千克,0,?,"184,361"
202001,18063200,"块状或条状含可可的非夹心食品,重量≤2kg",304,德国,34,海关特殊监管区域物流货物,31,上海市,1075,千克,0,?,"93,123"
202001,18063200,"块状或条状含可可的非夹心食品,重量≤2kg",304,德国,41,免税品,11,北京市,5,千克,0,?,"1,498"
202001,18063200,"块状或条状含可可的非夹心食品,重量≤2kg",304,德国,41,免税品,44,广东省,755,千克,0,?,"97,404"
202001,18063200,"块状或条状含可可的非夹心食品,重量≤2kg",304,德国,41,免税品,46,海南省,3016,千克,0,?,"391,953"
202001,18063200,"块状或条状含可可的非夹心食品,重量≤2kg",305,法国,10,一般贸易,11,北京市,973,千克,0,?,"30,829"
202001,18063200,"块状或条状含可可的非夹心食品,重量≤2kg",305,法国,10,一般贸易,31,上海市,4802,千克,0,?,"675,735"
202001,18063200,"块状或条状含可可的非夹心食品,重量≤2kg",305,法国,10,一般贸易,33,浙江省,153,千克,0,?,"22,467"
202001,18063200,"块状或条状含可可的非夹心食品,重量≤2kg",305,法国,10,一般贸易,42,湖北省,67,千克,0,?,"9,210"
202001,18063200,"块状或条状含可可的非夹心食品,重量≤2kg",305,法国,10,一般贸易,43,湖南省,83,千克,0,?,"6,806"
202001,18063200,"块状或条状含可可的非夹心食品,重量≤2kg",305,法国,10,一般贸易,44,广东省,6000,千克,0,?,"178,207"
202001,18063200,"块状或条状含可可的非夹心食品,重量≤2kg",305,法国,31,免税外汇商品,11,北京市,18,千克,0,?,"1,001"
202001,18063200,"块状或条状含可可的非夹心食品,重量≤2kg",305,法国,33,保税监管场所进出境货物,31,上海市,650,千克,0,?,"51,217"
202001,18063200,"块状或条状含可可的非夹心食品,重量≤2kg",305,法国,34,海关特殊监管区域物流货物,31,上海市,720,千克,0,?,"21,212"
202001,18063200,"块状或条状含可可的非夹心食品,重量≤2kg",305,法国,34,海关特殊监管区域物流货物,44,广东省,462,千克,0,?,"63,012"
202001,18063200,"块状或条状含可可的非夹心食品,重量≤2kg",305,法国,41,免税品,44,广东省,43,千克,0,?,"21,195"
202001,18063200,"块状或条状含可可的非夹心食品,重量≤2kg",305,法国,41,免税品,46,海南省,124,千克,0,?,"42,685"
202001,18063200,"块状或条状含可可的非夹心食品,重量≤2kg",307,意大利,10,一般贸易,11,北京市,4155,千克,0,?,"680,441"
202001,18063200,"块状或条状含可可的非夹心食品,重量≤2kg",307,意大利,10,一般贸易,31,上海市,117,千克,0,?,"46,615"
202001,18063200,"块状或条状含可可的非夹心食品,重量≤2kg",307,意大利,10,一般贸易,33,浙江省,101,千克,0,?,"17,181"
202001,18063200,"块状或条状含可可的非夹心食品,重量≤2kg",307,意大利,10,一般贸易,44,广东省,1232,千克,0,?,"145,592"
202001,18063200,"块状或条状含可可的非夹心食品,重量≤2kg",307,意大利,31,免税外汇商品,11,北京市,123,千克,0,?,"20,027"
202001,18063200,"块状或条状含可可的非夹心食品,重量≤2kg",307,意大利,34,海关特殊监管区域物流货物,31,上海市,2323,千克,0,?,"346,912"
202001,18063200,"块状或条状含可可的非夹心食品,重量≤2kg",307,意大利,41,免税品,11,北京市,9,千克,0,?,"1,734"
202001,18063200,"块状或条状含可可的非夹心食品,重量≤2kg",307,意大利,41,免税品,44,广东省,662,千克,0,?,"85,390"
202001,18063200,"块状或条状含可可的非夹心食品,重量≤2kg",307,意大利,41,免税品,46,海南省,199,千克,0,?,"36,398"
202001,18063200,"块状或条状含可可的非夹心食品,重量≤2kg",308,卢森堡,10,一般贸易,31,上海市,557,千克,0,?,"136,127"
202001,18063200,"块状或条状含可可的非夹心食品,重量≤2kg",309,荷兰,10,一般贸易,44,广东省,2,千克,0,?,68
202001,18063200,"块状或条状含可可的非夹心食品,重量≤2kg",309,荷兰,31,免税外汇商品,11,北京市,152,千克,0,?,"19,776"
202001,18063200,"块状或条状含可可的非夹心食品,重量≤2kg",309,荷兰,33,保税监管场所进出境货物,31,上海市,121,千克,0,?,"11,059"
202001,18063200,"块状或条状含可可的非夹心食品,重量≤2kg",309,荷兰,41,免税品,46,海南省,207,千克,0,?,"22,767"
202001,18063200,"块状或条状含可可的非夹心食品,重量≤2kg",312,西班牙,10,一般贸易,31,上海市,7752,千克,0,?,"357,246"
202001,18063200,"块状或条状含可可的非夹心食品,重量≤2kg",312,西班牙,34,海关特殊监管区域物流货物,31,上海市,46595,千克,0,?,"1,843,386"
202001,18063200,"块状或条状含可可的非夹心食品,重量≤2kg",315,奥地利,31,免税外汇商品,11,北京市,46,千克,0,?,"6,340"
202001,18063200,"块状或条状含可可的非夹心食品,重量≤2kg",315,奥地利,41,免税品,46,海南省,448,千克,0,?,"36,652"
202001,18063200,"块状或条状含可可的非夹心食品,重量≤2kg",316,保加利亚,31,免税外汇商品,11,北京市,149,千克,0,?,"13,633"
202001,18063200,"块状或条状含可可的非夹心食品,重量≤2kg",318,芬兰,10,一般贸易,42,湖北省,1,千克,0,?,161
202001,18063200,"块状或条状含可可的非夹心食品,重量≤2kg",318,芬兰,31,免税外汇商品,11,北京市,54,千克,0,?,"7,500"
202001,18063200,"块状或条状含可可的非夹心食品,重量≤2kg",318,芬兰,41,免税品,46,海南省,193,千克,0,?,"30,357"
202001,18063200,"块状或条状含可可的非夹心食品,重量≤2kg",326,挪威,10,一般贸易,50,重庆市,2184,千克,0,?,"241,800"
202001,18063200,"块状或条状含可可的非夹心食品,重量≤2kg",327,波兰,10,一般贸易,11,北京市,2000,千克,0,?,"63,716"
202001,18063200,"块状或条状含可可的非夹心食品,重量≤2kg",327,波兰,19,边境小额贸易,15,内蒙古自治区,20,千克,0,?,435
202001,18063200,"块状或条状含可可的非夹心食品,重量≤2kg",327,波兰,31,免税外汇商品,11,北京市,9,千克,0,?,"1,967"
202001,18063200,"块状或条状含可可的非夹心食品,重量≤2kg",327,波兰,41,免税品,44,广东省,867,千克,0,?,"123,844"
202001,18063200,"块状或条状含可可的非夹心食品,重量≤2kg",327,波兰,41,免税品,46,海南省,173,千克,0,?,"26,438"
202001,18063200,"块状或条状含可可的非夹心食品,重量≤2kg",330,瑞典,31,免税外汇商品,11,北京市,37,千克,0,?,"4,154"
202001,18063200,"块状或条状含可可的非夹心食品,重量≤2kg",330,瑞典,41,免税品,44,广东省,56,千克,0,?,"6,592"
202001,18063200,"块状或条状含可可的非夹心食品,重量≤2kg",330,瑞典,41,免税品,46,海南省,34,千克,0,?,"3,926"
202001,18063200,"块状或条状含可可的非夹心食品,重量≤2kg",331,瑞士,10,一般贸易,31,上海市,6,千克,0,?,941
202001,18063200,"块状或条状含可可的非夹心食品,重量≤2kg",331,瑞士,10,一般贸易,32,江苏省,624,千克,0,?,"31,408"
202001,18063200,"块状或条状含可可的非夹心食品,重量≤2kg",331,瑞士,10,一般贸易,33,浙江省,102,千克,0,?,"17,454"
202001,18063200,"块状或条状含可可的非夹心食品,重量≤2kg",331,瑞士,10,一般贸易,42,湖北省,4,千克,0,?,640
202001,18063200,"块状或条状含可可的非夹心食品,重量≤2kg",331,瑞士,10,一般贸易,44,广东省,1123,千克,0,?,"69,552"
202001,18063200,"块状或条状含可可的非夹心食品,重量≤2kg",331,瑞士,10,一般贸易,46,海南省,14,千克,0,?,"1,859"
202001,18063200,"块状或条状含可可的非夹心食品,重量≤2kg",331,瑞士,31,免税外汇商品,11,北京市,920,千克,0,?,"149,895"
202001,18063200,"块状或条状含可可的非夹心食品,重量≤2kg",331,瑞士,33,保税监管场所进出境货物,31,上海市,480,千克,0,?,"28,751"
202001,18063200,"块状或条状含可可的非夹心食品,重量≤2kg",331,瑞士,34,海关特殊监管区域物流货物,31,上海市,291,千克,0,?,"62,529"
202001,18063200,"块状或条状含可可的非夹心食品,重量≤2kg",331,瑞士,34,海关特殊监管区域物流货物,37,山东省,468,千克,0,?,"17,246"
202001,18063200,"块状或条状含可可的非夹心食品,重量≤2kg",331,瑞士,41,免税品,11,北京市,5,千克,0,?,987
202001,18063200,"块状或条状含可可的非夹心食品,重量≤2kg",331,瑞士,41,免税品,44,广东省,750,千克,0,?,"196,093"
202001,18063200,"块状或条状含可可的非夹心食品,重量≤2kg",331,瑞士,41,免税品,46,海南省,4379,千克,0,?,"773,485"
202001,18063200,"块状或条状含可可的非夹心食品,重量≤2kg",340,白俄罗斯,10,一般贸易,41,河南省,408,千克,0,?,"16,973"
202001,18063200,"块状或条状含可可的非夹心食品,重量≤2kg",344,俄罗斯,10,一般贸易,31,上海市,2998,千克,0,?,"146,630"
202001,18063200,"块状或条状含可可的非夹心食品,重量≤2kg",344,俄罗斯,19,边境小额贸易,23,黑龙江省,17196,千克,0,?,"331,780"
202001,18063200,"块状或条状含可可的非夹心食品,重量≤2kg",352,捷克,31,免税外汇商品,11,北京市,6,千克,0,?,"1,085"
202001,18063200,"块状或条状含可可的非夹心食品,重量≤2kg",352,捷克,41,免税品,46,海南省,25,千克,0,?,"3,237"
202001,18063200,"块状或条状含可可的非夹心食品,重量≤2kg",353,斯洛伐克,31,免税外汇商品,11,北京市,10,千克,0,?,"1,552"
202001,18063200,"块状或条状含可可的非夹心食品,重量≤2kg",353,斯洛伐克,41,免税品,46,海南省,91,千克,0,?,"22,110"
202001,18063200,"块状或条状含可可的非夹心食品,重量≤2kg",429,墨西哥,31,免税外汇商品,11,北京市,8,千克,0,?,994
202001,18063200,"块状或条状含可可的非夹心食品,重量≤2kg",429,墨西哥,41,免税品,11,北京市,5,千克,0,?,"1,062"
202001,18063200,"块状或条状含可可的非夹心食品,重量≤2kg",429,墨西哥,41,免税品,46,海南省,59,千克,0,?,"9,222"
202001,18063200,"块状或条状含可可的非夹心食品,重量≤2kg",501,加拿大,10,一般贸易,31,上海市,4,千克,0,?,633
202001,18063200,"块状或条状含可可的非夹心食品,重量≤2kg",501,加拿大,31,免税外汇商品,11,北京市,21,千克,0,?,"2,588"
202001,18063200,"块状或条状含可可的非夹心食品,重量≤2kg",501,加拿大,41,免税品,46,海南省,81,千克,0,?,"15,854"
202001,18063200,"块状或条状含可可的非夹心食品,重量≤2kg",502,美国,10,一般贸易,11,北京市,297,千克,0,?,"56,712"
202001,18063200,"块状或条状含可可的非夹心食品,重量≤2kg",502,美国,10,一般贸易,31,上海市,1084,千克,0,?,"233,823"
202001,18063200,"块状或条状含可可的非夹心食品,重量≤2kg",502,美国,10,一般贸易,33,浙江省,1036,千克,0,?,"204,332"
202001,18063200,"块状或条状含可可的非夹心食品,重量≤2kg",502,美国,10,一般贸易,44,广东省,2768,千克,0,?,"165,615"
202001,18063200,"块状或条状含可可的非夹心食品,重量≤2kg",502,美国,10,一般贸易,46,海南省,335,千克,0,?,"72,864"
202001,18063200,"块状或条状含可可的非夹心食品,重量≤2kg",502,美国,10,一般贸易,50,重庆市,149,千克,0,?,"17,173"
202001,18063200,"块状或条状含可可的非夹心食品,重量≤2kg",502,美国,31,免税外汇商品,11,北京市,340,千克,0,?,"55,805"
202001,18063200,"块状或条状含可可的非夹心食品,重量≤2kg",502,美国,34,海关特殊监管区域物流货物,31,上海市,29144,千克,0,?,"2,302,462"
202001,18063200,"块状或条状含可可的非夹心食品,重量≤2kg",502,美国,41,免税品,11,北京市,31,千克,0,?,"5,553"
202001,18063200,"块状或条状含可可的非夹心食品,重量≤2kg",502,美国,41,免税品,44,广东省,1034,千克,0,?,"138,650"
202001,18063200,"块状或条状含可可的非夹心食品,重量≤2kg",502,美国,41,免税品,46,海南省,909,千克,0,?,"179,653"
202001,18063200,"块状或条状含可可的非夹心食品,重量≤2kg",601,澳大利亚,10,一般贸易,31,上海市,3,千克,0,?,599
202001,18063200,"块状或条状含可可的非夹心食品,重量≤2kg",601,澳大利亚,10,一般贸易,33,浙江省,2100,千克,0,?,"486,264"
202001,18063200,"块状或条状含可可的非夹心食品,重量≤2kg",601,澳大利亚,10,一般贸易,46,海南省,2,千克,0,?,"5,578"
202001,18063200,"块状或条状含可可的非夹心食品,重量≤2kg",601,澳大利亚,34,海关特殊监管区域物流货物,31,上海市,5617,千克,0,?,"334,935"
202001,18063200,"块状或条状含可可的非夹心食品,重量≤2kg",609,新西兰,10,一般贸易,11,北京市,1228,千克,0,?,"50,134"
202001,18063200,"块状或条状含可可的非夹心食品,重量≤2kg",609,新西兰,10,一般贸易,31,上海市,198,千克,0,?,"62,575"
202001,18063200,"块状或条状含可可的非夹心食品,重量≤2kg",609,新西兰,33,保税监管场所进出境货物,31,上海市,6588,千克,0,?,"568,268"
202001,18069000,未列名含可可的食品,103,孟加拉国,10,一般贸易,33,浙江省,54,千克,0,?,"4,624"
202001,18069000,未列名含可可的食品,110,中国香港,10,一般贸易,44,广东省,27,千克,0,?,"24,682"
202001,18069000,未列名含可可的食品,111,印度,10,一般贸易,12,天津市,2657,千克,0,?,"445,257"
202001,18069000,未列名含可可的食品,111,印度,10,一般贸易,44,广东省,2303,千克,0,?,"180,438"
202001,18069000,未列名含可可的食品,111,印度,33,保税监管场所进出境货物,44,广东省,3376,千克,0,?,"272,872"
202001,18069000,未列名含可可的食品,112,印度尼西亚,10,一般贸易,31,上海市,2428,千克,0,?,"48,780"
202001,18069000,未列名含可可的食品,112,印度尼西亚,10,一般贸易,44,广东省,696,千克,0,?,"44,467"
202001,18069000,未列名含可可的食品,112,印度尼西亚,33,保税监管场所进出境货物,44,广东省,1047,千克,0,?,"66,883"
202001,18069000,未列名含可可的食品,116,日本,10,一般贸易,11,北京市,304,千克,0,?,"20,829"
202001,18069000,未列名含可可的食品,116,日本,10,一般贸易,21,辽宁省,1676,千克,0,?,"75,562"
202001,18069000,未列名含可可的食品,116,日本,10,一般贸易,31,上海市,383,千克,0,?,"138,163"
202001,18069000,未列名含可可的食品,116,日本,10,一般贸易,32,江苏省,57,千克,0,?,"6,900"
202001,18069000,未列名含可可的食品,116,日本,10,一般贸易,33,浙江省,244,千克,0,?,"17,756"
202001,18069000,未列名含可可的食品,116,日本,10,一般贸易,37,山东省,1487,千克,0,?,"47,003"
202001,18069000,未列名含可可的食品,116,日本,10,一般贸易,44,广东省,3685,千克,0,?,"103,270"
202001,18069000,未列名含可可的食品,116,日本,33,保税监管场所进出境货物,33,浙江省,1539,千克,0,?,"97,549"
202001,18069000,未列名含可可的食品,116,日本,34,海关特殊监管区域物流货物,21,辽宁省,2237,千克,0,?,"231,091"
202001,18069000,未列名含可可的食品,116,日本,34,海关特殊监管区域物流货物,31,上海市,4084,千克,0,?,"998,906"
202001,18069000,未列名含可可的食品,120,黎巴嫩,10,一般贸易,11,北京市,7625,千克,0,?,"1,984,666"
202001,18069000,未列名含可可的食品,120,黎巴嫩,34,海关特殊监管区域物流货物,31,上海市,460,千克,0,?,"108,873"
202001,18069000,未列名含可可的食品,122,马来西亚,10,一般贸易,31,上海市,18501,千克,0,?,"645,093"
202001,18069000,未列名含可可的食品,122,马来西亚,10,一般贸易,33,浙江省,480,千克,0,?,"23,597"
202001,18069000,未列名含可可的食品,122,马来西亚,10,一般贸易,44,广东省,19640,千克,0,?,"508,054"
202001,18069000,未列名含可可的食品,122,马来西亚,31,免税外汇商品,11,北京市,277,千克,0,?,"42,356"
202001,18069000,未列名含可可的食品,122,马来西亚,41,免税品,44,广东省,3138,千克,0,?,"380,450"
202001,18069000,未列名含可可的食品,122,马来西亚,41,免税品,46,海南省,1625,千克,0,?,"207,931"
202001,18069000,未列名含可可的食品,129,菲律宾,10,一般贸易,44,广东省,8705,千克,0,?,"253,598"
202001,18069000,未列名含可可的食品,132,新加坡,10,一般贸易,31,上海市,104,千克,0,?,"25,766"
202001,18069000,未列名含可可的食品,133,韩国,10,一般贸易,31,上海市,8506,千克,0,?,"600,928"
202001,18069000,未列名含可可的食品,133,韩国,10,一般贸易,37,山东省,6771,千克,0,?,"565,994"
202001,18069000,未列名含可可的食品,133,韩国,10,一般贸易,44,广东省,1,千克,0,?,"1,730"
202001,18069000,未列名含可可的食品,133,韩国,33,保税监管场所进出境货物,33,浙江省,49,千克,0,?,"7,000"
202001,18069000,未列名含可可的食品,136,泰国,10,一般贸易,31,上海市,339,千克,0,?,"9,212"
202001,18069000,未列名含可可的食品,136,泰国,10,一般贸易,33,浙江省,9936,千克,0,?,"194,843"
202001,18069000,未列名含可可的食品,136,泰国,34,海关特殊监管区域物流货物,31,上海市,3312,千克,0,?,"67,739"
202001,18069000,未列名含可可的食品,136,泰国,41,免税品,46,海南省,2,千克,0,?,916
202001,18069000,未列名含可可的食品,137,土耳其,10,一般贸易,33,浙江省,106,千克,0,?,"19,724"
202001,18069000,未列名含可可的食品,137,土耳其,10,一般贸易,42,湖北省,14,千克,0,?,"4,788"
202001,18069000,未列名含可可的食品,137,土耳其,10,一般贸易,44,广东省,2604,千克,0,?,"175,451"
202001,18069000,未列名含可可的食品,137,土耳其,31,免税外汇商品,11,北京市,185,千克,0,?,"5,819"
202001,18069000,未列名含可可的食品,137,土耳其,34,海关特殊监管区域物流货物,21,辽宁省,21949,千克,0,?,"311,889"
202001,18069000,未列名含可可的食品,137,土耳其,41,免税品,11,北京市,131,千克,0,?,"21,217"
202001,18069000,未列名含可可的食品,137,土耳其,41,免税品,46,海南省,162,千克,0,?,"33,168"
202001,18069000,未列名含可可的食品,138,阿联酋,10,一般贸易,42,湖北省,1,千克,0,?,128
202001,18069000,未列名含可可的食品,138,阿联酋,31,免税外汇商品,11,北京市,15,千克,0,?,"2,184"
202001,18069000,未列名含可可的食品,138,阿联酋,41,免税品,46,海南省,102,千克,0,?,"14,528"
202001,18069000,未列名含可可的食品,141,越南,10,一般贸易,44,广东省,1727,千克,0,?,"308,628"
202001,18069000,未列名含可可的食品,142,中国,10,一般贸易,31,上海市,1,千克,0,?,13
202001,18069000,未列名含可可的食品,142,中国,10,一般贸易,32,江苏省,2,千克,0,?,661
202001,18069000,未列名含可可的食品,142,中国,10,一般贸易,44,广东省,18,千克,0,?,"1,654"
202001,18069000,未列名含可可的食品,143,中国台湾,10,一般贸易,33,浙江省,54,千克,0,?,218
202001,18069000,未列名含可可的食品,143,中国台湾,10,一般贸易,35,福建省,158,千克,0,?,"7,061"
202001,18069000,未列名含可可的食品,143,中国台湾,10,一般贸易,44,广东省,2,千克,0,?,225
202001,18069000,未列名含可可的食品,143,中国台湾,10,一般贸易,61,陕西省,1418,千克,0,?,"106,059"
202001,18069000,未列名含可可的食品,143,中国台湾,39,其他,35,福建省,2522,千克,0,?,"68,933"
202001,18069000,未列名含可可的食品,301,比利时,10,一般贸易,11,北京市,6515,千克,0,?,"128,112"
202001,18069000,未列名含可可的食品,301,比利时,10,一般贸易,21,辽宁省,55,千克,0,?,"2,516"
202001,18069000,未列名含可可的食品,301,比利时,10,一般贸易,23,黑龙江省,4,千克,0,?,300
202001,18069000,未列名含可可的食品,301,比利时,10,一般贸易,31,上海市,9231,千克,0,?,"421,190"
202001,18069000,未列名含可可的食品,301,比利时,10,一般贸易,32,江苏省,3,千克,0,?,"1,105"
